zip,tickets,state
58503,5213,ND
58601,4187,ND
58501,2266,ND
58504,2264,ND
58554,2250,ND
58801,1840,ND
58104,1691,ND
58078,1410,ND
58701,1342,ND
58103,1016,ND
58703,914,ND
58201,886,ND
58854,874,ND
58102,839,ND
58401,812,ND
59330,713,MT
56560,542,MN
57702,500,SD
59270,482,MT
57783,450,SD
58072,379,ND
58523,374,ND
58545,348,ND
56501,339,MN
58301,337,ND
56308,310,MN
56537,309,MN
59301,305,MT
58075,305,ND
58047,304,ND
58645,299,ND
59102,281,MT
59106,281,MT
57701,259,SD
58623,237,ND
56601,230,MN
58622,228,ND
58621,220,ND
58640,210,ND
59718,207,MT
59105,202,MT
57401,193,SD
57108,193,SD
58051,189,ND
55044,188,MN
58784,165,ND
58421,165,ND
58540,156,ND
58368,155,ND
58563,155,ND
82801,155,WY
58318,154,ND
58474,153,ND
57719,153,SD
58639,153,ND
59715,150,MT
55113,150,MN
56549,149,MN
59101,149,MT
58852,148,ND
58278,148,ND
59601,147,MT
58203,145,ND
58655,138,ND
55124,138,MN
58012,137,ND
58652,136,ND
55082,136,MN
58647,134,ND
77399,134,TX
55311,132,MN
59313,132,MT
56401,130,MN
57717,130,SD
55303,130,MN
59044,130,MT
57703,128,SD
56572,127,MN
55304,126,MN
55372,125,MN
57785,123,SD
56573,121,MN
57730,120,SD
56721,119,MN
58631,118,ND
58704,117,ND
55110,117,MN
58577,114,ND
58054,113,ND
57201,112,SD
55369,112,MN
58533,112,ND
55122,110,MN
58521,109,ND
55112,109,MN
56377,109,MN
58790,108,ND
55347,108,MN
59221,106,MT
55345,106,MN
58646,105,ND
58552,104,ND
58730,103,ND
55330,103,MN
56470,102,MN
58722,101,ND
55125,101,MN
58436,101,ND
58341,101,ND
57103,101,SD
58849,100,ND
58654,99,ND
55391,98,MN
80015,97,CO
55126,96,MN
55123,96,MN
68516,95,NE
55127,95,MN
57105,95,SD
56201,95,MN
56515,94,MN
58257,94,ND
58458,94,ND
55446,93,MN
55901,93,MN
55331,93,MN
80550,92,CO
59714,92,MT
56544,91,MN
58530,90,ND
59201,88,MT
55416,88,MN
58482,88,ND
58237,87,ND
58045,87,ND
56701,87,MN
55014,87,MN
58579,86,ND
57006,86,SD
54016,86,WI
82718,86,WY
58602,85,ND
57638,85,SD
58802,84,ND
56514,84,MN
57104,83,SD
58718,82,ND
56762,82,MN
55038,81,MN
58502,81,ND
58027,80,ND
59404,80,MT
80016,80,CO
54022,80,WI
57747,79,SD
55313,79,MN
55418,79,MN
58558,79,ND
58240,79,ND
57110,78,SD
58835,78,ND
55374,77,MN
57501,77,SD
58630,76,ND
58059,76,ND
58249,76,ND
58495,76,ND
59230,75,MT
55417,74,MN
58270,74,ND
55811,73,MN
55406,73,MN
55318,73,MN
58763,73,ND
59218,71,MT
82009,71,WY
56716,71,MN
55427,71,MN
58348,71,ND
55305,70,MN
59254,70,MT
56334,70,MN
55441,70,MN
58425,70,ND
55447,69,MN
85375,69,AZ
58576,69,ND
85209,68,AZ
58041,68,ND
58638,68,ND
55379,68,MN
58042,68,ND
57106,68,SD
58274,68,ND
80127,68,CO
58052,68,ND
55337,67,MN
55419,67,MN
58843,67,ND
55317,67,MN
55804,67,MN
59602,67,MT
82435,67,WY
58575,66,ND
56301,66,MN
58356,66,ND
57769,66,SD
56586,66,MN
54701,65,WI
56528,65,MN
80504,65,CO
55803,65,MN
54729,64,WI
55902,64,MN
56529,64,MN
85118,63,AZ
58220,63,ND
59457,63,MT
59047,63,MT
55906,62,MN
80538,62,CO
55068,62,MN
57744,62,SD
58785,62,ND
83646,61,ID
56472,61,MN
55129,61,MN
59353,61,MT
55387,61,MN
58759,61,ND
55309,60,MN
55423,60,MN
58636,60,ND
57718,60,SD
56001,59,MN
55744,59,MN
55407,59,MN
58650,59,ND
55442,59,MN
78633,59,TX
85255,59,AZ
82414,58,WY
55449,58,MN
55016,58,MN
56751,58,MN
55118,58,MN
59901,58,MT
32163,58,FL
80134,58,CO
59068,57,MT
57793,57,SD
58005,57,ND
85374,57,AZ
59405,57,MT
80525,57,CO
58653,57,ND
55438,57,MN
58561,57,ND
80401,56,CO
80123,56,CO
58011,55,ND
55436,54,MN
55021,54,MN
56554,54,MN
55116,54,MN
58788,54,ND
55422,54,MN
55042,53,MN
55105,53,MN
55343,53,MN
46077,53,IN
58077,53,ND
57301,53,SD
80528,53,CO
55378,52,MN
58831,52,ND
50131,52,IA
55424,52,MN
58656,52,ND
58433,52,ND
56547,51,MN
82729,51,WY
38017,51,TN
68130,51,NE
55340,51,MN
58429,51,ND
53562,51,WI
55376,51,MN
80524,50,CO
58535,50,ND
55443,50,MN
55024,50,MN
56258,50,MN
56540,50,MN
57745,50,SD
56511,50,MN
85383,49,AZ
82716,49,WY
54115,49,WI
56446,49,MN
72712,49,AR
56510,49,MN
56345,49,MN
56320,49,MN
59327,49,MT
55401,49,MN
58367,49,ND
53590,49,WI
55008,49,MN
68022,48,NE
73102,48,OK
50312,48,IA
56431,48,MN
56567,48,MN
80634,48,CO
58046,48,ND
55437,48,MN
58380,48,ND
58746,48,ND
59262,48,MT
75230,47,TX
58428,47,ND
56468,47,MN
54601,47,WI
80602,47,CO
55448,47,MN
55102,46,MN
55359,46,MN
50266,46,IA
32043,46,FL
58761,46,ND
58741,46,ND
20003,46,DC
58750,46,ND
55439,45,MN
84093,45,UT
94121,45,CA
80503,45,CO
55117,45,MN
56374,45,MN
56378,45,MN
56520,45,MN
68008,44,NE
83616,44,ID
59324,44,MT
32162,44,FL
63017,44,MO
58487,44,ND
75220,44,TX
58282,44,ND
55108,44,MN
80516,44,CO
58420,43,ND
37064,43,TN
55904,43,MN
59803,43,MT
59801,43,MT
57754,43,SD
58254,43,ND
55060,43,MN
58565,43,ND
65203,42,MO
58251,42,ND
58795,42,ND
50023,42,IA
59937,42,MT
56267,42,MN
86305,42,AZ
85016,42,AZ
55405,42,MN
58531,42,ND
50613,42,IA
58740,42,ND
58413,42,ND
54313,41,WI
55025,41,MN
56379,41,MN
56156,41,MN
85260,41,AZ
58402,41,ND
77356,41,TX
55386,41,MN
56367,41,MN
58651,40,ND
58770,40,ND
58529,40,ND
55350,40,MN
58544,40,ND
55066,40,MN
55316,40,MN
55746,40,MN
57078,40,SD
32536,40,FL
56304,40,MN
82834,40,WY
58727,40,ND
58456,39,ND
57601,39,SD
59808,39,MT
57005,39,SD
56571,39,MN
80919,39,CO
63122,39,MO
56728,39,MN
56425,39,MN
50265,39,IA
68114,39,NE
80210,39,CO
98908,39,WA
55431,39,MN
55410,39,MN
80109,39,CO
98382,39,WA
58773,39,ND
56482,38,MN
85396,38,AZ
56288,38,MN
85395,38,AZ
82604,38,WY
83854,38,ID
83706,38,ID
59315,38,MT
85207,38,AZ
58416,38,ND
20002,38,DC
58324,38,ND
56303,37,MN
85248,37,AZ
56621,37,MN
59701,37,MT
52302,37,IA
55033,37,MN
54025,37,WI
57631,37,SD
55325,37,MN
58549,37,ND
80020,37,CO
58467,37,ND
50322,37,IA
56535,37,MN
85614,37,AZ
85206,37,AZ
82001,37,WY
57032,36,SD
85338,36,AZ
56071,36,MN
57732,36,SD
59840,36,MT
57350,36,SD
56542,36,MN
55057,36,MN
52403,36,IA
78006,36,TX
60565,36,IL
58572,36,ND
58573,36,ND
80027,36,CO
80238,36,CO
55371,36,MN
46074,36,IN
58771,36,ND
68506,35,NE
44256,35,OH
58032,35,ND
80537,35,CO
74114,35,OK
48103,35,MI
85212,35,AZ
85249,35,AZ
85262,35,AZ
55426,35,MN
80209,35,CO
19382,35,PA
58275,35,ND
80108,35,CO
63011,35,MO
54915,35,WI
58792,35,ND
58620,35,ND
58571,34,ND
55414,34,MN
58649,34,ND
58463,34,ND
98513,34,WA
58642,34,ND
80112,34,CO
54843,34,WI
58438,34,ND
55306,34,MN
55420,34,MN
58424,34,ND
80439,34,CO
80023,34,CO
58079,34,ND
56443,34,MN
68701,34,NE
68144,34,NE
56003,34,MN
54449,34,WI
58053,34,ND
58060,34,ND
56587,34,MN
55356,33,MN
80908,33,CO
58018,33,ND
85331,33,AZ
86301,33,AZ
56362,33,MN
85298,33,AZ
85382,33,AZ
66061,33,KS
68046,33,NE
59802,33,MT
98290,33,WA
76262,33,TX
46033,33,IN
80513,33,CO
80517,33,CO
55398,33,MN
58351,33,ND
95630,33,CA
55355,33,MN
58259,32,ND
49506,32,MI
99352,32,WA
53593,32,WI
55308,32,MN
55328,32,MN
77479,32,TX
55364,32,MN
58230,32,ND
58344,32,ND
54017,32,WI
98102,32,WA
57107,32,SD
51360,32,IA
56273,32,MN
57022,32,SD
56073,32,MN
56244,32,MN
59912,32,MT
56763,32,MN
83714,32,ID
59923,32,MT
59911,32,MT
58081,32,ND
99223,31,WA
55128,31,MN
58632,31,ND
58418,31,ND
98103,31,WA
55421,31,MN
80021,31,CO
80126,31,CO
58384,31,ND
55104,31,MN
58483,31,ND
57720,31,SD
59870,31,MT
68135,31,NE
59243,31,MT
98052,31,WA
58040,31,ND
59263,31,MT
32034,31,FL
60137,31,IL
51503,30,IA
52411,30,IA
59259,30,MT
99206,30,WA
64068,30,MO
98273,30,WA
78132,30,TX
68601,30,NE
58562,30,ND
50125,30,IA
80128,30,CO
80228,30,CO
68154,30,NE
55432,30,MN
56589,30,MN
55119,30,MN
14032,30,NY
55077,30,MN
85268,30,AZ
60302,30,IL
55409,30,MN
68847,30,NE
56580,30,MN
55362,30,MN
85351,30,AZ
58779,29,ND
49341,29,MI
55063,29,MN
85739,29,AZ
46256,29,IN
53717,29,WI
58794,29,ND
80526,29,CO
56585,29,MN
58227,29,ND
76645,29,TX
54401,29,WI
85086,29,AZ
77005,29,TX
10022,29,NY
57049,29,SD
59213,29,MT
57325,29,SD
59215,29,MT
59501,29,MT
86406,29,AZ
58733,29,ND
58520,29,ND
65804,29,MO
66062,29,KS
68007,29,NE
57442,29,SD
56329,28,MN
56750,28,MN
58374,28,ND
35216,28,AL
85387,28,AZ
85266,28,AZ
43221,28,OH
56479,28,MN
99208,28,WA
59634,28,MT
55346,28,MN
55321,28,MN
55434,28,MN
85140,28,AZ
60010,28,IL
93636,28,CA
56082,28,MN
54650,28,WI
56551,28,MN
55912,28,MN
17601,28,PA
58445,28,ND
57369,28,SD
64064,28,MO
63304,28,MO
97703,28,OR
58845,28,ND
58007,28,ND
56352,28,MN
89034,28,NV
63376,28,MO
73034,28,OK
54751,28,WI
54301,28,WI
57450,27,SD
55352,27,MN
54880,27,WI
50401,27,IA
56373,27,MN
56364,27,MN
60047,27,IL
55115,27,MN
55327,27,MN
85143,27,AZ
52240,27,IA
84790,27,UT
63131,27,MO
98501,27,WA
91320,27,CA
58507,27,ND
98115,27,WA
54913,27,WI
56473,27,MN
99004,27,WA
32725,27,FL
83301,27,ID
54162,27,WI
66208,27,KS
77845,27,TX
57656,27,SD
37027,27,TN
85750,27,AZ
54703,27,WI
21702,27,MD
78704,27,TX
68124,27,NE
58781,27,ND
56007,27,MN
60515,26,IL
77433,26,TX
58490,26,ND
83835,26,ID
06877,26,CT
56484,26,MN
66205,26,KS
33908,26,FL
57751,26,SD
30004,26,GA
80918,26,CO
98274,26,WA
95959,26,CA
56265,26,MN
80234,26,CO
53711,26,WI
80227,26,CO
32309,26,FL
78731,26,TX
58772,26,ND
55435,25,MN
55358,25,MN
77494,25,TX
51250,25,IA
76051,25,TX
50325,25,IA
50010,25,IA
58634,25,ND
53105,25,WI
57451,25,SD
52722,25,IA
57532,25,SD
37934,25,TN
56368,25,MN
55120,25,MN
80121,25,CO
80120,25,CO
77008,25,TX
63119,25,MO
80498,25,CO
58461,25,ND
80302,25,CO
73013,25,OK
46032,25,IN
98801,25,WA
68102,25,NE
72715,25,AR
50111,25,IA
58261,25,ND
59063,25,MT
55987,25,MN
56467,25,MN
66215,24,KS
67401,24,KS
63021,24,MO
80906,24,CO
53066,24,WI
80923,24,CO
80757,24,CO
59711,24,MT
59741,24,MT
56461,24,MN
43220,24,OH
50323,24,IA
82701,24,WY
83815,24,ID
59847,24,MT
59211,24,MT
68116,24,NE
57644,24,SD
64154,24,MO
80004,24,CO
76049,24,TX
10003,24,NY
38401,24,TN
68502,24,NE
68512,24,NE
75093,24,TX
22207,24,VA
55079,24,MN
58466,24,ND
54806,24,WI
46168,24,IN
60005,24,IL
98802,24,WA
68123,24,NE
75225,24,TX
53704,24,WI
52245,24,IA
85138,24,AZ
55415,24,MN
58644,24,ND
68028,24,NE
89511,24,NV
98391,24,WA
20815,24,MD
95648,24,CA
54452,23,WI
85028,23,AZ
58838,23,ND
53151,23,WI
83402,23,ID
56477,23,MN
30306,23,GA
54904,23,WI
80621,23,CO
56576,23,MN
85718,23,AZ
68507,23,NE
92024,23,CA
52402,23,IA
98837,23,WA
35242,23,AL
80005,23,CO
58793,23,ND
55408,23,MN
80220,23,CO
58231,23,ND
50501,23,IA
81623,23,CO
89052,23,NV
69101,23,NE
23112,23,VA
50014,23,IA
55045,23,MN
68137,23,NE
74055,23,OK
99353,23,WA
81301,23,CO
66216,22,KS
53095,22,WI
56310,22,MN
56315,22,MN
54403,22,WI
67212,22,KS
80104,22,CO
84770,22,UT
58277,22,ND
60046,22,IL
56726,22,MN
52101,22,IA
60056,22,IL
54455,22,WI
58847,22,ND
66210,22,KS
27410,22,NC
60004,22,IL
53719,22,WI
60014,22,IL
80132,22,CO
60614,22,IL
58439,22,ND
58442,22,ND
76182,22,TX
59635,22,MT
98532,22,WA
53217,22,WI
94598,22,CA
58494,22,ND
54868,22,WI
56442,22,MN
58021,22,ND
68803,22,NE
58048,22,ND
20007,22,DC
55344,22,MN
80002,22,CO
68131,22,NE
58448,22,ND
55413,22,MN
60611,22,IL
71909,22,AR
57437,22,SD
55779,22,MN
73120,22,OK
78738,22,TX
55041,22,MN
85263,22,AZ
58352,22,ND
24060,22,VA
60510,22,IL
85213,22,AZ
29909,22,SC
65807,22,MO
59336,22,MT
58626,22,ND
89027,22,NV
56316,22,MN
58009,22,ND
83401,22,ID
53532,22,WI
92506,22,CA
58725,22,ND
22015,21,VA
54636,21,WI
54521,21,WI
54481,21,WI
84060,21,UT
46112,21,IN
55076,21,MN
58267,21,ND
60178,21,IL
60174,21,IL
68157,21,NE
98208,21,WA
58346,21,ND
55433,21,MN
80218,21,CO
60423,21,IL
33176,21,FL
80304,21,CO
30642,21,GA
85308,21,AZ
58782,21,ND
75078,21,TX
37066,21,TN
45140,21,OH
58768,21,ND
64506,21,MO
17543,21,PA
85635,21,AZ
85622,21,AZ
84032,21,UT
76063,21,TX
58478,21,ND
58757,21,ND
56534,21,MN
51104,21,IA
58736,21,ND
56464,21,MN
68739,21,NE
83686,21,ID
97068,21,OR
80921,21,CO
83201,21,ID
22903,21,VA
58015,21,ND
81401,21,CO
77340,21,TX
58721,21,ND
89117,21,NV
77351,21,TX
75019,21,TX
45458,21,OH
67601,21,KS
98031,21,WA
30033,20,GA
87122,20,NM
59275,20,MT
50021,20,IA
76712,20,TX
53018,20,WI
20814,20,MD
64086,20,MO
59349,20,MT
53089,20,WI
76248,20,TX
86404,20,AZ
54956,20,WI
58006,20,ND
75028,20,TX
64114,20,MO
68133,20,NE
59716,20,MT
57660,20,SD
95628,20,CA
55084,20,MN
58492,20,ND
60660,20,IL
53572,20,WI
53575,20,WI
81507,20,CO
22932,20,VA
51106,20,IA
54893,20,WI
53521,20,WI
33432,20,FL
56737,20,MN
75703,20,TX
58222,20,ND
60045,20,IL
27540,20,NC
54494,20,WI
32259,20,FL
66207,20,KS
67206,20,KS
56381,20,MN
64151,20,MO
47201,20,IN
85131,20,AZ
85132,20,AZ
53913,20,WI
85142,20,AZ
60189,20,IL
60192,20,IL
80124,20,CO
68048,20,NE
57567,20,SD
53716,20,WI
22314,20,VA
79022,20,TX
56278,20,MN
80917,20,CO
56307,20,MN
58366,20,ND
85704,20,AZ
80924,20,CO
54656,20,WI
56209,20,MN
80305,20,CO
68106,20,NE
51031,20,IA
60618,19,IL
68521,19,NE
92646,19,CA
58760,19,ND
61548,19,IL
30319,19,GA
43147,19,OH
58030,19,ND
83647,19,ID
58444,19,ND
46064,19,IN
30040,19,GA
83204,19,ID
11530,19,NY
30188,19,GA
56327,19,MN
92056,19,CA
56438,19,MN
56347,19,MN
68801,19,NE
53027,19,WI
95765,19,CA
43065,19,OH
21043,19,MD
68136,19,NE
97116,19,OR
56548,19,MN
97045,19,OR
57648,19,SD
55092,19,MN
27707,19,NC
80122,19,CO
68104,19,NE
59212,19,MT
80130,19,CO
56557,19,MN
80007,19,CO
55006,19,MN
55011,19,MN
37128,19,TN
55373,19,MN
85254,19,AZ
85259,19,AZ
29464,19,SC
63301,19,MO
58225,19,ND
32092,19,FL
80204,19,CO
58256,19,ND
75248,19,TX
32137,19,FL
68118,19,NE
64155,19,MO
80241,19,CO
56738,19,MN
50701,19,IA
49424,19,MI
56324,19,MN
66213,19,KS
51501,18,IA
87111,18,NM
56187,18,MN
58067,18,ND
56744,18,MN
73101,18,OK
59860,18,MT
66053,18,KS
60074,18,IL
60115,18,IL
59072,18,MT
37069,18,TN
49686,18,MI
54005,18,WI
80226,18,CO
56221,18,MN
84121,18,UT
80487,18,CO
53188,18,WI
20016,18,DC
49315,18,MI
34481,18,FL
34134,18,FL
54935,18,WI
80013,18,CO
60172,18,IL
56584,18,MN
54817,18,WI
56143,18,MN
56031,18,MN
58479,18,ND
57260,18,SD
98038,18,WA
56521,18,MN
59323,18,MT
85205,18,AZ
65109,18,MO
60118,18,IL
65101,18,MO
06897,18,CT
55302,18,MN
50022,18,IA
49855,18,MI
11758,18,NY
54001,18,WI
85139,18,AZ
80211,18,CO
80138,18,CO
55056,18,MN
60031,18,IL
64089,18,MO
20878,18,MD
56326,18,MN
67502,18,KS
33914,18,FL
34997,18,FL
46062,18,IN
97007,18,OR
60605,18,IL
98072,18,WA
20854,18,MD
55320,18,MN
77429,18,TX
82721,18,WY
82240,18,WY
20817,18,MD
85755,18,AZ
85749,18,AZ
85743,18,AZ
55040,18,MN
74075,18,OK
60558,18,IL
80831,18,CO
56570,18,MN
59730,18,MT
97132,18,OR
41011,18,KY
41091,18,KY
06878,18,CT
60640,18,IL
56531,18,MN
56536,18,MN
83709,18,ID
98144,18,WA
83001,18,WY
58762,18,ND
85373,18,AZ
85340,18,AZ
80907,18,CO
54024,18,WI
98407,18,WA
22202,18,VA
58756,18,ND
58758,18,ND
58472,18,ND
32940,18,FL
59225,18,MT
63385,17,MO
50677,17,IA
54140,17,WI
64112,17,MO
64118,17,MO
62269,17,IL
30064,17,GA
76226,17,TX
20910,17,MD
58063,17,ND
32174,17,FL
64012,17,MO
54021,17,WI
77019,17,TX
54130,17,WI
53072,17,WI
56465,17,MN
52246,17,IA
28803,17,NC
29072,17,SC
59079,17,MT
49120,17,MI
68527,17,NE
57042,17,SD
33950,17,FL
56215,17,MN
10025,17,NY
80129,17,CO
95682,17,CA
72714,17,AR
58017,17,ND
58481,17,ND
60631,17,IL
82836,17,WY
83221,17,ID
55923,17,MN
59339,17,MT
21784,17,MD
86326,17,AZ
56452,17,MN
84098,17,UT
99203,17,WA
30269,17,GA
61704,17,IL
75071,17,TX
55810,17,MN
53597,17,WI
56590,17,MN
30534,17,GA
60526,17,IL
55388,17,MN
54829,17,WI
55381,17,MN
81504,17,CO
35055,17,AL
11795,17,NY
92109,17,CA
98199,17,WA
80113,17,CO
98109,17,WA
32934,17,FL
53589,17,WI
58496,17,ND
34711,17,FL
58752,17,ND
06019,17,CT
97070,17,OR
85234,17,AZ
42103,17,KY
98042,17,WA
99362,17,WA
99645,17,AK
27330,17,NC
76904,17,TX
54476,17,WI
34114,17,FL
20607,17,MD
27516,17,NC
27526,17,NC
68025,17,NE
64079,17,MO
28104,16,NC
32903,16,FL
33913,16,FL
34135,16,FL
56387,16,MN
43551,16,OH
56319,16,MN
53132,16,WI
94526,16,CA
66614,16,KS
29690,16,SC
95608,16,CA
85296,16,AZ
22901,16,VA
85392,16,AZ
55013,16,MN
78734,16,TX
58361,16,ND
79424,16,TX
78746,16,TX
37312,16,TN
37327,16,TN
53551,16,WI
98275,16,WA
98177,16,WA
17011,16,PA
58033,16,ND
58036,16,ND
31069,16,GA
60540,16,IL
60546,16,IL
83704,16,ID
57523,16,SD
56556,16,MN
93561,16,CA
56283,16,MN
60201,16,IL
97229,16,OR
57709,16,SD
83644,16,ID
58016,16,ND
81521,16,CO
81632,16,CO
51246,16,IA
51247,16,IA
28786,16,NC
58332,16,ND
60126,16,IL
60134,16,IL
10011,16,NY
08844,16,NJ
19966,16,DE
20001,16,DC
47905,16,IN
56517,16,MN
61061,16,IL
61114,16,IL
61614,16,IL
01945,16,MA
39216,16,MS
57252,16,SD
57279,16,SD
84010,16,UT
84014,16,UT
55921,16,MN
98110,16,WA
12603,16,NY
83501,16,ID
98020,16,WA
99005,16,WA
48116,16,MI
77459,16,TX
77573,16,TX
98225,16,WA
51041,16,IA
92705,16,CA
55428,16,MN
75209,16,TX
56644,16,MN
57075,16,SD
75218,16,TX
97330,16,OR
68127,16,NE
93065,16,CA
75087,16,TX
55963,16,MN
60068,16,IL
60091,16,IL
98296,16,WA
53213,16,WI
68901,16,NE
54082,16,WI
55121,16,MN
77007,16,TX
58106,16,ND
58208,16,ND
56757,16,MN
57033,16,SD
58580,16,ND
53158,16,WI
80403,16,CO
55043,16,MN
50310,16,IA
67460,16,KS
89135,16,NV
30132,16,GA
30143,16,GA
49770,16,MI
99037,16,WA
37774,16,TN
28443,16,NC
28451,16,NC
66503,16,KS
28461,15,NC
94550,15,CA
65616,15,MO
93455,15,CA
46220,15,IN
93010,15,CA
76240,15,TX
21015,15,MD
21093,15,MD
20832,15,MD
55403,15,MN
68066,15,NE
65201,15,MO
93021,15,CA
55412,15,MN
64082,15,MO
45241,15,OH
92223,15,CA
92203,15,CA
91942,15,CA
77058,15,TX
68164,15,NE
56235,15,MN
90808,15,CA
44067,15,OH
10031,15,NY
63129,15,MO
89509,15,NV
68845,15,NE
68526,15,NE
56332,15,MN
87506,15,NM
56440,15,MN
43235,15,OH
89044,15,NV
30066,15,GA
30062,15,GA
69201,15,NE
30309,15,GA
86403,15,AZ
58497,15,ND
20015,15,DC
34476,15,FL
20010,15,DC
30265,15,GA
61265,15,IL
56519,15,MN
30705,15,GA
85367,15,AZ
56578,15,MN
49058,15,MI
78260,15,TX
53563,15,WI
85284,15,AZ
30677,15,GA
72223,15,AR
72117,15,AR
48170,15,MI
97219,15,OR
48130,15,MI
85208,15,AZ
85194,15,AZ
32159,15,FL
14052,15,NY
56649,15,MN
60012,15,IL
54501,15,WI
33411,15,FL
19380,15,PA
19465,15,PA
23221,15,VA
83814,15,ID
74012,15,OK
59462,15,MT
37876,15,TN
75025,15,TX
54467,15,WI
82520,15,WY
82501,15,WY
82601,15,WY
54220,15,WI
03820,15,NH
98027,15,WA
75205,15,TX
59011,15,MT
58235,15,ND
80125,15,CO
35763,15,AL
98155,15,WA
22205,15,VA
37205,15,TN
80920,15,CO
17202,15,PA
98936,15,WA
98926,15,WA
52241,15,IA
98221,15,WA
58214,15,ND
37076,15,TN
98087,15,WA
48642,15,MI
98226,15,WA
51012,15,IA
67235,15,KS
55307,15,MN
98367,15,WA
66224,15,KS
66221,15,KS
97267,14,OR
60175,14,IL
41017,14,KY
84780,14,UT
78628,14,TX
34957,14,FL
58776,14,ND
76065,14,TX
58486,14,ND
19711,14,DE
34685,14,FL
85224,14,AZ
85737,14,AZ
57640,14,SD
60610,14,IL
85658,14,AZ
85377,14,AZ
58454,14,ND
78133,14,TX
34266,14,FL
56481,14,MN
61701,14,IL
30506,14,GA
30345,14,GA
54901,14,WI
62301,14,IL
61856,14,IL
43015,14,OH
57626,14,SD
57620,14,SD
75238,14,TX
76021,14,TX
21409,14,MD
35173,14,AL
58464,14,ND
57069,14,SD
57004,14,SD
73072,14,OK
97405,14,OR
97321,14,OR
57064,14,SD
97302,14,OR
85120,14,AZ
12989,14,NY
85044,14,AZ
84663,14,UT
56725,14,MN
85023,14,AZ
84117,14,UT
57043,14,SD
57030,14,SD
85295,14,AZ
85282,14,AZ
72207,14,AR
56581,14,MN
84721,14,UT
55920,14,MN
92673,14,CA
92653,14,CA
55783,14,MN
45729,14,OH
29036,14,SC
68132,14,NE
97035,14,OR
55741,14,MN
55736,14,MN
55733,14,MN
55721,14,MN
92591,14,CA
11231,14,NY
58716,14,ND
58702,14,ND
77024,14,TX
77018,14,TX
46037,14,IN
55404,14,MN
50219,14,IA
27613,14,NC
06238,14,CT
99224,14,WA
55384,14,MN
92886,14,CA
52577,14,IA
92373,14,CA
88011,14,NM
87508,14,NM
53546,14,WI
76179,14,TX
34285,14,FL
97006,14,OR
47532,14,IN
63038,14,MO
63026,14,MO
89423,14,NV
89410,14,NV
56336,14,MN
89523,14,NV
55924,14,MN
44012,14,OH
43402,14,OH
92082,14,CA
68434,14,NE
44122,14,OH
56241,14,MN
68510,14,NE
53219,14,WI
98346,14,WA
98335,14,WA
98321,14,WA
49112,14,MI
58566,14,ND
89011,14,NV
98045,14,WA
98036,14,WA
03110,14,NH
03055,14,NH
33040,14,FL
32963,14,FL
22025,14,VA
37046,14,TN
58071,14,ND
58856,14,ND
99501,14,AK
82839,14,WY
80111,14,CO
75035,14,TX
59223,14,MT
80615,14,CO
51442,14,IA
50036,14,IA
51401,14,IA
98021,14,WA
98012,14,WA
37363,14,TN
54311,14,WI
83014,14,WY
80202,14,CO
99324,14,WA
50211,14,IA
66534,14,KS
66538,14,KS
55073,14,MN
46383,14,IN
67156,14,KS
06830,14,CT
55315,14,MN
95762,14,CA
33868,14,FL
98053,14,WA
53121,14,WI
28120,14,NC
76244,14,TX
80534,14,CO
59034,14,MT
36535,14,AL
98107,14,WA
66206,14,KS
66071,14,KS
66007,14,KS
54023,14,WI
98058,14,WA
98383,14,WA
83712,14,ID
54456,14,WI
57370,14,SD
32608,14,FL
97526,14,OR
57319,14,SD
57445,14,SD
59538,14,MT
82633,14,WY
82609,14,WY
97756,14,OR
18076,14,PA
57349,14,SD
34109,13,FL
34145,13,FL
55981,13,MN
34112,13,FL
84062,13,UT
55940,13,MN
36542,13,AL
92260,13,CA
36532,13,AL
92660,13,CA
80501,13,CO
27514,13,NC
64083,13,MO
92064,13,CA
45150,13,OH
55807,13,MN
55806,13,MN
92131,13,CA
84096,13,UT
68410,13,NE
68310,13,NE
63367,13,MO
56136,13,MN
56085,13,MN
10019,13,NY
90402,13,CA
90266,13,CA
67226,13,KS
46845,13,IN
80301,13,CO
63130,13,MO
59752,13,MT
63084,13,MO
32311,13,FL
53207,13,WI
23185,13,VA
48640,13,MI
98312,13,WA
58212,13,ND
49107,13,MI
63141,13,MO
95380,13,CA
58789,13,ND
28327,13,NC
55395,13,MN
33408,13,FL
84047,13,UT
95747,13,CA
95688,13,CA
67530,13,KS
33706,13,FL
98584,13,WA
95492,13,CA
47119,13,IN
95821,13,CA
46158,13,IN
07090,13,NJ
57650,13,SD
46038,13,IN
77055,13,TX
58581,13,ND
77339,13,TX
57651,13,SD
46236,13,IN
92009,13,CA
53081,13,WI
49525,13,MI
80909,13,CO
55051,13,MN
55047,13,MN
92694,13,CA
58061,13,ND
57438,13,SD
64836,13,MO
49426,13,MI
64152,13,MO
78681,13,TX
92627,13,CA
50428,13,IA
79015,13,TX
49251,13,MI
58787,13,ND
77002,13,TX
67205,13,KS
94947,13,CA
53092,13,WI
58415,13,ND
72921,13,AR
60098,13,IL
78259,13,TX
99026,13,WA
53578,13,WI
98264,13,WA
54742,13,WI
54724,13,WI
85215,13,AZ
97128,13,OR
87505,13,NM
50009,13,IA
43016,13,OH
57759,13,SD
60655,13,IL
30606,13,GA
60613,13,IL
70810,13,LA
80911,13,CO
60564,13,IL
80610,13,CO
56579,13,MN
86004,13,AZ
83333,13,ID
83404,13,ID
59401,13,MT
57724,13,SD
40204,13,KY
60555,13,IL
83642,13,ID
72103,13,AR
72058,13,AR
75214,13,TX
48168,13,MI
54235,13,WI
37204,13,TN
97223,13,OR
56736,13,MN
56594,13,MN
56592,13,MN
98004,13,WA
98006,13,WA
34747,13,FL
84401,13,UT
98026,13,WA
33487,13,FL
52001,13,IA
57212,13,SD
54840,13,WI
58068,13,ND
53545,13,WI
33596,13,FL
57249,13,SD
21113,13,MD
38655,13,MS
78209,13,TX
59037,13,MT
97002,13,OR
97702,13,OR
55009,13,MN
44107,13,OH
82720,13,WY
48348,13,MI
75068,13,TX
54529,13,WI
10075,13,NY
48309,13,MI
23229,13,VA
59771,13,MT
73099,13,OK
57274,13,SD
54745,13,WI
75075,13,TX
97701,13,OR
78130,13,TX
77802,13,TX
85122,13,AZ
58524,13,ND
43081,13,OH
22302,13,VA
22308,13,VA
61550,13,IL
75701,13,TX
30523,13,GA
58327,13,ND
97209,13,OR
97206,13,OR
97140,13,OR
43230,13,OH
58329,13,ND
62254,13,IL
62035,13,IL
53705,13,WI
53955,13,WI
98133,13,WA
50327,12,IA
50263,12,IA
50317,12,IA
02025,12,MA
58748,12,ND
85253,12,AZ
40502,12,KY
43055,12,OH
85641,12,AZ
34113,12,FL
58560,12,ND
58570,12,ND
77316,12,TX
33928,12,FL
22003,12,VA
59041,12,MT
20816,12,MD
98372,12,WA
02445,12,MA
56657,12,MN
40223,12,KY
60448,12,IL
60516,12,IL
60657,12,IL
61021,12,IL
11215,12,NY
89002,12,NV
87110,12,NM
66047,12,KS
49094,12,MI
53528,12,WI
53555,12,WI
33042,12,FL
75069,12,TX
34104,12,FL
72703,12,AR
60304,12,IL
84106,12,UT
56338,12,MN
30512,12,GA
61107,12,IL
89460,12,NV
56354,12,MN
32931,12,FL
58559,12,ND
77382,12,TX
77386,12,TX
98270,12,WA
98277,12,WA
53558,12,WI
68005,12,NE
68047,12,NE
70546,12,LA
56239,12,MN
44116,12,OH
10024,12,NY
56281,12,MN
62025,12,IL
34683,12,FL
34698,12,FL
98112,12,WA
98059,12,WA
75034,12,TX
22407,12,VA
78572,12,TX
91024,12,CA
31411,12,GA
14094,12,NY
84065,12,UT
84092,12,UT
84095,12,UT
14424,12,NY
48375,12,MI
65401,12,MO
97760,12,OR
54487,12,WI
75007,12,TX
78654,12,TX
78664,12,TX
57247,12,SD
38558,12,TN
45040,12,OH
55947,12,MN
44857,12,OH
91941,12,CA
92011,12,CA
44720,12,OH
83856,12,ID
32095,12,FL
83864,12,ID
54902,12,WI
32780,12,FL
58369,12,ND
78751,12,TX
48176,12,MI
54739,12,WI
84050,12,UT
38138,12,TN
83702,12,ID
92262,12,CA
55718,12,MN
92234,12,CA
45244,12,OH
59474,12,MT
80116,12,CO
35961,12,AL
58330,12,ND
64119,12,MO
64701,12,MO
68128,12,NE
60013,12,IL
60035,12,IL
37804,12,TN
37830,12,TN
82072,12,WY
57788,12,SD
58001,12,ND
92675,12,CA
92677,12,CA
58241,12,ND
58243,12,ND
64016,12,MO
64060,12,MO
97062,12,OR
74344,12,OK
37405,12,TN
37415,12,TN
73703,12,OK
59875,12,MT
32205,12,FL
58031,12,ND
93420,12,CA
30024,12,GA
30041,12,GA
63401,12,MO
63501,12,MO
63701,12,MO
80230,12,CO
80231,12,CO
32571,12,FL
32583,12,FL
32541,12,FL
63031,12,MO
55357,12,MN
55363,12,MN
63090,12,MO
93620,12,CA
93711,12,CA
93314,12,CA
80927,12,CO
59729,12,MT
59749,12,MT
58218,12,ND
18017,12,PA
63366,12,MO
55109,12,MN
58049,12,ND
58058,12,ND
80549,12,CO
58069,12,ND
80443,12,CO
17402,12,PA
06795,12,CT
80303,12,CO
17602,12,PA
74017,12,OK
98661,12,WA
98682,12,WA
21236,12,MD
33412,12,FL
76034,12,TX
76092,12,TX
58765,12,ND
56569,12,MN
42001,12,KY
98502,12,WA
98579,12,WA
49441,12,MI
59006,12,MT
59019,11,MT
53074,11,WI
53073,11,WI
49503,11,MI
53024,11,WI
98642,11,WA
98524,11,WA
52726,11,IA
66617,11,KS
66502,11,KS
53186,11,WI
53185,11,WI
72113,11,AR
76008,11,TX
33513,11,FL
33478,11,FL
21210,11,MD
76020,11,TX
76114,11,TX
59725,11,MT
46617,11,IN
63123,11,MO
07006,11,NJ
37130,11,TN
80904,11,CO
47250,11,IN
55075,11,MN
94903,11,CA
06511,11,CT
55301,11,MN
94952,11,CA
29615,11,SC
47122,11,IN
17821,11,PA
58216,11,ND
81007,11,CO
46307,11,IN
93657,11,CA
93551,11,CA
63069,11,MO
63050,11,MO
68776,11,NE
93003,11,CA
32526,11,FL
59646,11,Other/Unknown
55101,11,MN
55080,11,MN
63755,11,MO
68361,11,NE
95694,11,CA
95687,11,CA
93422,11,CA
93401,11,CA
37334,11,TN
73012,11,OK
59922,11,MT
81403,11,CO
92807,11,CA
74132,11,OK
80026,11,CO
58316,11,ND
58276,11,ND
55027,11,MN
47630,11,IN
29412,11,SC
64080,11,MO
64062,11,MO
80205,11,CO
92692,11,CA
62704,11,IL
62568,11,IL
30076,11,GA
30075,11,GA
57761,11,SD
60015,11,IL
97202,11,OR
48085,11,MI
68142,11,NE
27519,11,NC
97224,11,OR
35613,11,AL
80018,11,CO
19002,11,PA
18940,11,PA
73065,11,OK
45230,11,OH
92563,11,CA
82930,11,WY
83669,11,ID
73007,11,OK
83716,11,ID
14568,11,NY
84020,11,UT
48118,11,MI
54669,11,WI
54665,11,WI
78703,11,TX
79119,11,TX
78756,11,TX
35244,11,AL
32708,11,FL
32803,11,FL
32765,11,FL
60060,11,IL
56055,11,MN
92101,11,CA
68862,11,NE
57262,11,SD
78620,11,TX
75024,11,TX
58443,11,ND
58441,11,ND
54448,11,WI
28787,11,NC
98022,11,WA
97221,11,OR
97215,11,OR
84102,11,UT
57071,11,SD
72701,11,AR
84108,11,UT
44224,11,OH
56232,11,MN
56220,11,MN
56164,11,MN
91504,11,CA
78412,11,TX
98005,11,WA
54166,11,WI
65622,11,MO
68105,11,NE
98092,11,WA
78253,11,TX
58476,11,ND
34744,11,FL
61761,11,IL
61571,11,IL
56063,11,MN
44077,11,OH
56289,11,MN
44236,11,OH
70124,11,LA
69361,11,NE
89119,11,NV
43973,11,OH
68003,11,NE
22204,11,VA
78003,11,TX
20148,11,VA
34442,11,FL
19958,11,DE
78232,11,TX
56360,11,MN
89138,11,NV
30328,11,GA
56309,11,MN
84107,11,UT
57039,11,SD
60190,11,IL
24018,11,VA
34110,11,FL
22033,11,VA
53403,11,WI
98332,11,WA
98311,11,WA
28205,11,NC
66212,11,KS
98146,11,WA
53703,11,WI
56760,11,MN
84604,11,UT
84532,11,UT
43082,11,OH
87047,11,NM
56466,11,MN
40207,11,KY
28115,11,NC
28105,11,NC
53097,11,WI
21054,11,MD
75206,11,TX
77027,11,TX
56651,11,MN
85623,11,AZ
56552,11,MN
86001,11,AZ
85756,11,AZ
85742,11,AZ
70769,11,LA
25414,11,WV
40503,11,KY
56623,11,MN
85013,11,AZ
85286,11,AZ
51534,11,IA
51301,11,IA
99217,11,WA
99205,11,WA
20906,11,MD
21228,11,MD
S0C 2B0,11,Canada
28203,11,NC
02019,11,MA
99801,10,AK
51108,10,IA
52040,10,IA
98815,10,WA
52248,10,IA
52328,10,IA
76016,10,TX
66441,10,KS
49720,10,MI
53181,10,WI
53172,10,WI
53146,10,WI
53142,10,WI
66214,10,KS
28173,10,NC
49423,10,MI
49417,10,MI
53098,10,WI
33781,10,FL
20852,10,MD
33837,10,FL
77068,10,TX
77066,10,TX
56455,10,MN
11209,10,NY
60661,10,IL
30548,10,GA
43302,10,OH
84403,10,UT
84305,10,UT
40047,10,KY
56732,10,MN
40324,10,KY
40242,10,KY
60477,10,IL
60439,10,IL
31047,10,GA
41001,10,KY
85541,10,AZ
90291,10,CA
44139,10,OH
89113,10,NV
43452,10,OH
56340,10,MN
44023,10,OH
61109,10,IL
39426,10,MS
31029,10,GA
60193,10,IL
72758,10,AR
39759,10,MS
84414,10,UT
43050,10,OH
43035,10,OH
43146,10,OH
45103,10,OH
45069,10,OH
55812,10,MN
57059,10,SD
84124,10,UT
60152,10,IL
56223,10,MN
44240,10,OH
56208,10,MN
90740,10,CA
61822,10,IL
56157,10,MN
10040,10,NY
89503,10,NV
10028,10,NY
10023,10,NY
72916,10,AR
72802,10,AR
72764,10,AR
83713,10,ID
15090,10,PA
57342,10,SD
84045,10,UT
84041,10,UT
14526,10,NY
32082,10,FL
60051,10,IL
60050,10,IL
56062,10,MN
56017,10,MN
91750,10,CA
08551,10,NJ
45255,10,OH
92253,10,CA
92130,10,CA
92106,10,CA
45248,10,OH
55720,10,MN
92603,10,CA
92557,10,CA
92264,10,CA
15401,10,PA
57632,10,SD
15044,10,PA
83607,10,ID
37923,10,TN
83843,10,ID
60048,10,IL
58004,10,ND
55445,10,MN
92629,10,CA
55429,10,MN
07712,10,NJ
93230,10,CA
62629,10,IL
62554,10,IL
62521,10,IL
37660,10,TN
16066,10,PA
57722,10,SD
32128,10,FL
37920,10,TN
37918,10,TN
55792,10,MN
29681,10,SC
55360,10,MN
93004,10,CA
55390,10,MN
46106,10,IN
46075,10,IN
29928,10,SC
29926,10,SC
46060,10,IN
93465,10,CA
93436,10,CA
16801,10,PA
37343,10,TN
73020,10,OK
23188,10,VA
37416,10,TN
94014,10,CA
94010,10,CA
94549,10,CA
06840,10,CT
94517,10,CA
63124,10,MO
27106,10,NC
27408,10,NC
37067,10,TN
58064,10,ND
37209,10,TN
73170,10,OK
32312,10,FL
80922,10,CO
46151,10,IN
29708,10,SC
95215,10,CA
06117,10,CT
95662,10,CA
29609,10,SC
63146,10,MO
95405,10,CA
80219,10,CO
58204,10,ND
37010,10,TN
36830,10,AL
37075,10,TN
17566,10,PA
55353,10,MN
55349,10,MN
94118,10,CA
94043,10,CA
64093,10,MO
29455,10,SC
54952,10,WI
58271,10,ND
80206,10,CO
80203,10,CO
36116,10,AL
80237,10,CO
32605,10,FL
55106,10,MN
95819,10,CA
27284,10,NC
68359,10,NE
68347,10,NE
55322,10,MN
46814,10,IN
58362,10,ND
54937,10,WI
54911,10,WI
48065,10,MI
48105,10,MI
64116,10,MO
54805,10,WI
54801,10,WI
58357,10,ND
58345,10,ND
35806,10,AL
55070,10,MN
06070,10,CT
95826,10,CA
27609,10,NC
64097,10,MO
48386,10,MI
54241,10,WI
97213,10,OR
97212,10,OR
48160,10,MI
54722,10,WI
54661,10,WI
97401,10,OR
97361,10,OR
29209,10,SC
29201,10,SC
78945,10,TX
78748,10,TX
32724,10,FL
32779,10,FL
58365,10,ND
28704,10,NC
65775,10,MO
27615,10,NC
98117,10,WA
54020,10,WI
58451,10,ND
78613,10,TX
75032,10,TX
75001,10,TX
97306,10,OR
97527,10,OR
27612,10,NC
28739,10,NC
65202,10,MO
65066,10,MO
29063,10,SC
75033,10,TX
59247,10,MT
22180,10,VA
75072,10,TX
58541,10,ND
34231,10,FL
78028,10,TX
20037,10,DC
78231,10,TX
78108,10,TX
58480,10,ND
75044,10,TX
98011,10,WA
98043,10,WA
98037,10,WA
66018,10,KS
28562,10,NC
66067,10,KS
54009,10,WI
98166,10,WA
98122,10,WA
53959,10,WI
48912,10,MI
66032,10,KS
66030,10,KS
53561,10,WI
77379,10,TX
34210,10,FL
34202,10,FL
58542,10,ND
77586,10,TX
77450,10,TX
75077,10,TX
59057,10,MT
33919,10,FL
33912,10,FL
77355,10,TX
77304,10,TX
33062,10,FL
22066,10,VA
22043,10,VA
22039,10,VA
20171,10,VA
98258,10,WA
53543,10,WI
53538,10,WI
49090,10,MI
66109,10,KS
33556,10,FL
R0K 1G0,10,Canada
R0A 1X0,10,Canada
33609,10,FL
58744,10,ND
21042,10,MD
33813,10,FL
21014,10,MD
20902,10,MD
33173,10,FL
21701,10,MD
20886,10,MD
76522,10,TX
76513,10,TX
49445,10,MI
52601,10,IA
42303,10,KY
43017,10,OH
42701,10,KY
60630,10,IL
70817,10,LA
86323,10,AZ
56637,10,MN
84737,10,UT
85233,10,AZ
85297,10,AZ
42101,10,KY
60541,10,IL
72212,10,AR
S4Y 0A7,10,Canada
33458,10,FL
21209,10,MD
85119,9,AZ
13027,9,NY
13031,9,NY
98662,9,WA
98922,9,WA
76048,9,TX
76088,9,TX
33511,9,FL
40222,9,KY
84321,9,UT
84405,9,UT
56754,9,MN
40004,9,KY
25304,9,WV
85306,9,AZ
85258,9,AZ
85710,9,AZ
85715,9,AZ
60560,9,IL
23838,9,VA
85745,9,AZ
52317,9,IA
66858,9,KS
33624,9,FL
58755,9,ND
14221,9,NY
31907,9,GA
32068,9,FL
43040,9,OH
11757,9,NY
14075,9,NY
84054,9,UT
56449,9,MN
49712,9,MI
53037,9,WI
21401,9,MD
58830,9,ND
75219,9,TX
75243,9,TX
75252,9,TX
75402,9,TX
53010,9,WI
53012,9,WI
87031,9,NM
60914,9,IL
38857,9,MS
57271,9,SD
57276,9,SD
14701,9,NY
60062,9,IL
87544,9,NM
43549,9,OH
89061,9,NV
89084,9,NV
89123,9,NV
10605,9,NY
43567,9,OH
49505,9,MI
53115,9,WI
58731,9,ND
98563,9,WA
89436,9,NV
57345,9,SD
38351,9,TN
57376,9,SD
57430,9,SD
90265,9,CA
53168,9,WI
58840,9,Other/Unknown
75165,9,TX
20901,9,MD
67735,9,KS
66220,9,KS
98366,9,WA
61081,9,IL
61108,9,IL
30327,9,GA
69337,9,NE
83703,9,ID
89521,9,NV
90245,9,CA
90277,9,CA
70403,9,LA
83537,9,ID
83651,9,ID
90720,9,CA
28468,9,NC
58625,9,ND
33823,9,FL
20837,9,MD
58643,9,ND
49242,9,MI
53153,9,WI
91106,9,CA
56159,9,MN
57706,9,SD
83340,9,ID
83530,9,ID
61738,9,IL
30277,9,GA
49229,9,MI
53211,9,WI
75208,9,TX
33065,9,FL
53202,9,WI
66049,9,KS
66203,9,KS
37803,9,TN
56057,9,MN
56058,9,MN
92020,9,CA
82717,9,WY
92028,9,CA
98230,9,WA
02760,9,MA
02816,9,RI
77070,9,TX
33982,9,FL
48858,9,MI
08540,9,NJ
92104,9,CA
55927,9,MN
45036,9,OH
37641,9,TN
62305,9,IL
55707,9,MN
55731,9,MN
37221,9,TN
30114,9,GA
28079,9,NC
20187,9,VA
75063,9,TX
34108,9,FL
53714,9,WI
53520,9,WI
62249,9,IL
59825,9,MT
32439,9,FL
32456,9,FL
32461,9,FL
73533,9,OK
62293,9,IL
92648,9,CA
55616,9,MN
45373,9,OH
80751,9,CO
80905,9,CO
92683,9,CA
92691,9,CA
92869,9,CA
65810,9,MO
98033,9,WA
03301,9,NH
48823,9,MI
77375,9,TX
20165,9,VA
98116,9,WA
07840,9,NJ
74021,9,OK
17042,9,PA
37215,9,TN
37135,9,TN
80540,9,CO
97603,9,OR
98008,9,WA
22193,9,VA
77469,9,TX
65802,9,MO
46034,9,IN
55411,9,MN
46131,9,IN
80215,9,CO
74014,9,OK
46304,9,IN
46176,9,IN
46184,9,IN
46228,9,IN
74070,9,OK
74105,9,OK
23059,9,VA
58107,9,ND
58210,9,ND
58223,9,ND
54426,9,WI
54568,9,WI
54615,9,WI
34292,9,FL
20009,9,DC
65041,9,MO
97520,9,OR
29687,9,SC
29730,9,SC
32507,9,FL
59722,9,MT
58228,9,ND
58229,9,ND
93619,9,CA
94301,9,CA
46321,9,IN
48306,9,MI
27560,9,NC
27592,9,NC
19709,9,DE
34609,9,FL
78240,9,TX
55334,9,MN
55336,9,MN
94025,9,CA
80212,9,CO
58258,9,ND
27041,9,NC
27203,9,NC
29617,9,SC
54738,9,WI
97231,9,OR
78248,9,TX
32818,9,FL
97475,9,OR
54660,9,WI
48178,9,MI
94558,9,CA
94568,9,CA
94571,9,CA
94595,9,CA
46582,9,IN
94941,9,CA
95060,9,CA
68134,9,NE
48101,9,MI
19446,9,PA
34787,9,FL
35758,9,AL
58321,9,ND
18966,9,PA
18976,9,PA
29577,9,SC
29607,9,SC
95650,9,CA
63640,9,MO
95404,9,CA
58363,9,ND
06281,9,CT
54932,9,WI
54947,9,WI
78602,9,TX
75022,9,TX
59332,9,MT
47620,9,IN
97055,9,OR
95835,9,CA
58377,9,ND
19073,9,PA
29483,9,SC
29492,9,SC
19103,9,PA
67037,9,KS
50158,9,IA
56634,9,MN
56661,9,MN
56678,9,MN
72713,9,AR
01864,9,MA
51240,9,IA
21703,9,MD
21774,9,MD
01469,9,MA
50702,9,IA
50315,9,IA
99516,9,AK
99577,9,AK
31088,8,GA
S0E 1M0,8,Canada
58769,8,ND
33437,8,FL
52310,8,IA
99011,8,WA
99016,8,WA
99022,8,WA
50061,8,IA
51575,8,IA
85018,8,AZ
14428,8,NY
40220,8,KY
14127,8,NY
84318,8,UT
84633,8,UT
85304,8,AZ
85226,8,AZ
80011,8,CO
35223,8,AL
58385,8,ND
64063,8,MO
64081,8,MO
27517,8,NC
54982,8,WI
55003,8,MN
47640,8,IN
55005,8,MN
55007,8,MN
19525,8,PA
19355,8,PA
78737,8,TX
55017,8,MN
04568,8,ME
54914,8,WI
54944,8,WI
34736,8,FL
22963,8,VA
22601,8,VA
22630,8,VA
22740,8,VA
75023,8,TX
97119,8,OR
47531,8,IN
97027,8,OR
97042,8,OR
95926,8,CA
95949,8,CA
19046,8,PA
19064,8,PA
80022,8,CO
35611,8,AL
35634,8,AL
95618,8,CA
29650,8,SC
29579,8,SC
68152,8,NE
27312,8,NC
47150,8,IN
06351,8,CT
59344,8,MT
79604,8,TX
05478,8,VT
47274,8,IN
47967,8,IN
48009,8,MI
64111,8,MO
64157,8,MO
48098,8,MI
32836,8,FL
78641,8,TX
78642,8,TX
34786,8,FL
54849,8,WI
54730,8,WI
95252,8,CA
46750,8,IN
79605,8,TX
36064,8,AL
80012,8,CO
18938,8,PA
18974,8,PA
22305,8,VA
22310,8,VA
64870,8,MO
48187,8,MI
94561,8,CA
94588,8,CA
94705,8,CA
55319,8,MN
32757,8,FL
23116,8,VA
74365,8,OK
59644,8,MT
06118,8,CT
97203,8,OR
54773,8,WI
68138,8,NE
78255,8,TX
58488,8,ND
97838,8,OR
46259,8,IN
80102,8,CO
80107,8,CO
94510,8,CA
63109,8,MO
68504,8,NE
27104,8,NC
29631,8,SC
54757,8,WI
48138,8,MI
97217,8,OR
97294,8,OR
97305,8,OR
65270,8,MO
97504,8,OR
29745,8,SC
29803,8,SC
32577,8,FL
80235,8,CO
94303,8,CA
94339,8,Other/Unknown
55354,8,MN
48304,8,MI
48307,8,MI
27587,8,NC
27607,8,NC
64730,8,MO
64735,8,MO
78254,8,TX
17349,8,PA
58105,8,ND
30028,8,GA
93645,8,CA
46203,8,IN
74037,8,OK
74063,8,OK
36604,8,AL
55368,8,MN
48430,8,MI
54457,8,WI
54548,8,WI
34293,8,FL
34448,8,FL
58513,8,Other/Unknown
48230,8,MI
75074,8,TX
22201,8,VA
59244,8,MT
32904,8,FL
48393,8,MI
65721,8,MO
65742,8,MO
28715,8,NC
68523,8,NE
46118,8,IN
55370,8,MN
46143,8,IN
93277,8,CA
93442,8,CA
30022,8,GA
80424,8,CO
77406,8,TX
20155,8,VA
28202,8,NC
55430,8,MN
45424,8,OH
08054,8,NJ
93111,8,CA
30068,8,GA
30102,8,GA
07762,8,NJ
37129,8,TN
17268,8,PA
30030,8,GA
98023,8,WA
48381,8,MI
34243,8,FL
55604,8,MN
45344,8,OH
37043,8,TN
81211,8,CO
58056,8,ND
58057,8,ND
37179,8,TN
80816,8,CO
17015,8,PA
92708,8,CA
53925,8,WI
48706,8,MI
77657,8,TX
77833,8,TX
77979,8,TX
77384,8,TX
66044,8,KS
53583,8,WI
53588,8,WI
53713,8,WI
33993,8,FL
59108,8,MT
33026,8,FL
5915,8,Other/Unknown
34120,8,FL
62243,8,IL
32413,8,FL
59829,8,MT
23451,8,VA
92614,8,CA
92620,8,CA
92630,8,CA
37398,8,TN
81505,8,CO
92154,8,CA
45152,8,OH
08816,8,NJ
62298,8,IL
92508,8,CA
55734,8,MN
32224,8,FL
32225,8,FL
81601,8,CO
92128,8,CA
92284,8,CA
92308,8,CA
30161,8,GA
68045,8,NE
49022,8,MI
98257,8,WA
98284,8,WA
33966,8,FL
20785,8,MD
77318,8,TX
98362,8,WA
02492,8,MA
02631,8,MA
08742,8,NJ
55944,8,MN
27023,8,NC
68873,8,NE
82443,8,WY
37620,8,TN
37663,8,TN
56044,8,MN
56065,8,MN
56093,8,MN
56096,8,MN
56101,8,MN
56011,8,MN
44811,8,OH
92014,8,CA
37716,8,TN
16063,8,PA
82070,8,WY
82213,8,WY
82426,8,WY
92057,8,CA
92091,8,CA
53527,8,WI
75080,8,TX
75092,8,TX
75098,8,TX
77062,8,TX
77069,8,TX
61801,8,IL
61853,8,IL
61944,8,IL
30240,8,GA
62034,8,IL
73036,8,OK
73112,8,OK
60030,8,IL
37854,8,TN
10036,8,NY
56034,8,MN
76502,8,TX
53147,8,WI
49323,8,MI
91355,8,CA
91367,8,CA
56178,8,MN
83440,8,ID
83452,8,ID
15701,8,PA
82901,8,WY
44622,8,OH
61615,8,IL
49087,8,MI
49091,8,MI
76538,8,TX
33308,8,FL
90049,8,CA
90064,8,CA
10065,8,NY
56248,8,MN
56260,8,MN
90405,8,CA
56236,8,MN
57472,8,SD
57580,8,SD
83654,8,ID
66209,8,KS
28465,8,NC
98292,8,WA
58712,8,ND
33844,8,FL
33859,8,FL
22101,8,VA
58710,8,ND
28210,8,NC
67730,8,KS
66226,8,KS
28412,8,NC
61244,8,IL
83236,8,ID
38132,8,TN
72762,8,AR
72901,8,AR
23452,8,VA
72956,8,AR
73010,8,OK
89130,8,NV
90503,8,CA
21044,8,MD
21046,8,MD
98604,8,WA
56433,8,MN
56435,8,MN
56441,8,MN
89178,8,NV
56361,8,MN
38305,8,TN
57428,8,SD
57434,8,SD
56376,8,MN
30546,8,GA
21230,8,MD
75757,8,TX
75771,8,TX
83860,8,ID
60084,8,IL
60102,8,IL
60123,8,IL
14534,8,NY
89048,8,NV
10803,8,NY
98370,8,WA
98390,8,WA
02360,8,MA
49546,8,MI
53070,8,WI
53086,8,WI
58723,8,ND
76234,8,TX
76258,8,TX
76107,8,TX
76109,8,TX
52632,8,IA
52732,8,IA
53005,8,WI
43140,8,OH
56458,8,MN
87124,8,NM
60637,8,IL
30549,8,GA
60654,8,IL
57227,8,SD
57255,8,SD
57273,8,SD
38478,8,TN
38557,8,TN
60154,8,IL
31419,8,GA
87059,8,NM
56469,8,MN
56474,8,MN
43107,8,OH
43061,8,OH
43068,8,OH
38501,8,TN
84129,8,UT
57058,8,SD
39047,8,MS
86303,8,AZ
87571,8,NM
88012,8,NM
76044,8,TX
58783,8,ND
76131,8,TX
76210,8,TX
33617,8,FL
33572,8,FL
67002,8,KS
52213,8,IA
42240,8,KY
70809,8,LA
71496,8,LA
71720,8,AR
71913,8,AR
24556,8,VA
86325,8,AZ
84103,8,UT
60142,8,IL
41005,8,KY
72205,8,AR
72450,8,AR
24368,8,VA
72751,8,AR
72756,8,AR
57002,8,SD
57029,8,SD
86336,8,AZ
86021,8,AZ
56546,8,MN
98503,8,WA
66605,8,KS
66610,8,KS
28278,8,NC
67001,8,KS
50601,8,IA
60450,8,IL
60451,8,IL
60462,8,IL
60463,8,IL
60521,8,IL
40356,8,KY
40383,8,KY
12866,8,NY
85041,8,AZ
85048,8,AZ
85083,8,AZ
84716,8,UT
52233,8,IA
98686,8,WA
21212,8,MD
54875,8,WI
50129,8,IA
51103,8,IA
50248,8,IA
50124,8,IA
99337,8,WA
99354,8,WA
50309,8,IA
01748,8,MA
56633,8,MN
56636,8,MN
01845,8,MA
01851,8,MA
01778,8,MA
50525,8,IA
50536,8,IA
50647,7,IA
99504,7,AK
99823,7,Other/Unknown
50212,7,IA
T4B 3Y5,7,Canada
56713,7,MN
40475,7,KY
40744,7,KY
56684,7,MN
01810,7,MA
33418,7,FL
33455,7,FL
52002,7,IA
98664,7,WA
98672,7,WA
98826,7,WA
66609,7,KS
28270,7,NC
76207,7,TX
33576,7,FL
76028,7,TX
30809,7,GA
72034,7,AR
40351,7,KY
40241,7,KY
13021,7,NY
13104,7,NY
85020,7,AZ
R0G 0J0,7,Canada
75229,7,TX
53021,7,WI
33598,7,FL
98512,7,WA
53051,7,WI
85361,7,AZ
85365,7,AZ
85390,7,AZ
85250,7,AZ
41042,7,KY
60491,7,IL
53090,7,WI
49348,7,MI
21037,7,MD
58734,7,ND
22102,7,VA
28374,7,NC
49464,7,MI
33810,7,FL
02459,7,MA
98499,7,WA
53122,7,WI
49306,7,MI
77043,7,TX
60187,7,IL
60422,7,IL
57003,7,SD
53402,7,WI
20723,7,MD
33881,7,FL
33921,7,FL
98338,7,WA
02493,7,MA
53226,7,WI
75204,7,TX
59070,7,MT
34105,7,FL
85719,7,AZ
02828,7,RI
53559,7,WI
20769,7,MD
77345,7,TX
77381,7,TX
28037,7,NC
20874,7,MD
75070,7,TX
98125,7,WA
98126,7,WA
98223,7,WA
48624,7,MI
34212,7,FL
34217,7,FL
59226,7,MT
24503,7,VA
72022,7,AR
72023,7,AR
84105,7,UT
60156,7,IL
31626,7,GA
77521,7,TX
27705,7,NC
27858,7,NC
65711,7,MO
98118,7,WA
53916,7,WI
98119,7,WA
54129,7,WI
98019,7,WA
03748,7,NH
34239,7,FL
58532,7,ND
22152,7,VA
39110,7,MS
86315,7,AZ
65240,7,MO
65301,7,MO
28734,7,NC
48423,7,MI
97478,7,OR
97759,7,OR
97914,7,OR
54451,7,WI
48220,7,MI
34275,7,FL
58505,7,ND
78023,7,TX
86442,7,AZ
11225,7,NY
87120,7,NM
60634,7,IL
64843,7,MO
19806,7,DE
32832,7,FL
54772,7,WI
97333,7,OR
48188,7,MI
34652,7,FL
34688,7,FL
22301,7,VA
22303,7,VA
27527,7,NC
14226,7,NY
57223,7,SD
39211,7,MS
68117,7,NE
54814,7,WI
78639,7,TX
78644,7,TX
34748,7,FL
58452,7,ND
58460,7,ND
54963,7,WI
48025,7,MI
48047,7,MI
97089,7,OR
97103,7,OR
32117,7,FL
43566,7,OH
10970,7,NY
43351,7,OH
47906,7,IN
47990,7,IN
54940,7,WI
54942,7,WI
59318,7,MT
74955,7,OK
75006,7,TX
54971,7,WI
54979,7,WI
78626,7,TX
78739,7,TX
34949,7,FL
96826,7,HI
57359,7,SD
97015,7,OR
97034,7,OR
19063,7,PA
79072,7,TX
79602,7,TX
96158,7,CA
96815,7,HI
47362,7,IN
55072,7,MN
95677,7,CA
95776,7,CA
32789,7,FL
32707,7,FL
32746,7,FL
56312,7,MN
61072,7,IL
69301,7,NE
15108,7,PA
89166,7,NV
29671,7,SC
63368,7,MO
68349,7,NE
22947,7,VA
94920,7,CA
95032,7,CA
95119,7,CA
95124,7,CA
35803,7,AL
94591,7,CA
46815,7,IN
10021,7,NY
44089,7,OH
56296,7,MN
89519,7,NV
61554,7,IL
57383,7,SD
80118,7,CO
18104,7,PA
80033,7,CO
07030,7,NJ
63126,7,MO
94024,7,CA
58250,7,ND
80207,7,CO
18064,7,PA
74011,7,OK
46545,7,IN
46240,7,IN
46250,7,IN
46260,7,IN
56277,7,MN
70115,7,LA
73003,7,OK
63049,7,MO
29689,7,SC
93611,7,CA
80222,7,CO
46311,7,IN
46231,7,IN
74061,7,OK
23103,7,VA
59758,7,MT
70130,7,LA
57529,7,SD
38011,7,TN
57633,7,SD
93444,7,CA
80465,7,CO
17562,7,PA
36855,7,AL
30039,7,GA
63028,7,MO
30009,7,GA
92882,7,CA
55375,7,MN
46135,7,IN
30101,7,GA
80645,7,CO
37087,7,TN
17225,7,PA
17321,7,PA
17325,7,PA
91350,7,CA
56173,7,MN
56180,7,MN
80601,7,CO
17013,7,PA
92867,7,CA
92870,7,CA
45431,7,OH
93063,7,CA
32250,7,FL
59873,7,MT
23322,7,VA
92649,7,CA
45371,7,OH
81212,7,CO
37174,7,TN
82007,7,WY
82433,7,WY
61455,7,IL
37303,7,TN
62234,7,IL
30153,7,GA
62236,7,IL
62260,7,IL
59833,7,MT
92503,7,CA
55767,7,MN
23117,7,VA
32233,7,FL
60026,7,IL
56024,7,MN
56028,7,MN
55974,7,MN
92129,7,CA
45202,7,OH
45208,7,OH
45215,7,OH
45236,7,OH
55808,7,MN
08820,7,NJ
26104,7,WV
37421,7,TN
37616,7,TN
37377,7,TN
81303,7,CO
81321,7,CO
44813,7,OH
44904,7,OH
91773,7,CA
91913,7,CA
37721,7,TN
37777,7,TN
82712,7,WY
16142,7,PA
15801,7,PA
92084,7,CA
92103,7,CA
45177,7,OH
55960,7,MN
92040,7,CA
68850,7,NE
99301,7,WA
02128,7,MA
02138,7,MA
21234,7,MD
S0C 0B0,7,Canada
67042,6,KS
50616,6,IA
50524,6,IA
76013,6,TX
75963,6,TX
02124,6,MA
50058,6,IA
50049,6,IA
51338,6,IA
51239,6,IA
85032,6,AZ
13421,6,NY
56647,6,MN
40391,6,KY
40513,6,KY
40515,6,KY
56676,6,MN
33446,6,FL
58778,6,ND
99019,6,WA
99025,6,WA
99141,6,WA
99163,6,WA
01930,6,MA
51430,6,IA
51450,6,IA
91786,6,CA
73747,6,OK
57735,6,SD
82637,6,WY
82710,6,WY
23235,6,VA
55929,6,MN
55934,6,MN
45013,6,OH
45066,6,OH
68949,6,NE
69001,6,NE
69025,6,NE
69162,6,NE
55990,6,MN
67062,6,KS
45233,6,OH
45113,6,OH
92372,6,CA
69166,6,NE
69168,6,NE
25526,6,WV
25801,6,WV
62040,6,IL
62226,6,IL
81055,6,CO
57760,6,SD
37604,6,TN
57790,6,SD
82331,6,WY
55992,6,MN
10002,6,NY
32168,6,FL
37814,6,TN
08753,6,NJ
56048,6,MN
44685,6,OH
44706,6,OH
56131,6,MN
44406,6,OH
55964,6,MN
55968,6,MN
83128,6,WY
62231,6,IL
92211,6,CA
92220,6,CA
08534,6,NJ
45227,6,OH
17036,6,PA
81147,6,CO
92539,6,CA
55726,6,MN
45245,6,OH
45247,6,OH
92117,6,CA
92127,6,CA
81201,6,CO
23120,6,VA
23139,6,VA
23226,6,VA
60007,6,IL
81625,6,CO
81520,6,CO
32129,6,FL
61739,6,IL
30178,6,GA
30189,6,GA
44646,6,OH
37919,6,TN
73025,6,OK
73044,6,OK
73049,6,OK
73069,6,OK
16803,6,PA
81001,6,CO
30115,6,GA
30120,6,GA
30127,6,GA
30157,6,GA
62278,6,IL
93060,6,CA
30087,6,GA
32327,6,FL
73401,6,OK
92625,6,CA
92647,6,CA
92651,6,CA
45601,6,OH
55705,6,MN
16403,6,PA
80808,6,CO
15236,6,PA
15237,6,PA
44286,6,OH
44460,6,OH
61611,6,IL
08889,6,NJ
56183,6,MN
83328,6,ID
83414,6,WY
83442,6,ID
82935,6,WY
83002,6,WY
83025,6,WY
70122,6,LA
92270,6,CA
92832,6,CA
07834,6,NJ
07928,6,NJ
45429,6,OH
08077,6,NJ
93023,6,CA
93306,6,CA
62401,6,IL
62471,6,IL
62674,6,IL
62707,6,IL
62959,6,IL
07751,6,NJ
17053,6,PA
37122,6,TN
37153,6,TN
17201,6,PA
80546,6,CO
91006,6,CA
91105,6,CA
91214,6,CA
91354,6,CA
80435,6,CO
80247,6,CO
17522,6,PA
17552,6,PA
17557,6,PA
17603,6,PA
36832,6,AL
45801,6,OH
30005,6,GA
68640,6,NE
68644,6,NE
68648,6,NE
46123,6,IN
45875,6,OH
93012,6,CA
93274,6,CA
70123,6,LA
70381,6,LA
70529,6,LA
15301,6,PA
38135,6,TN
37922,6,TN
83536,6,ID
15227,6,PA
83617,6,ID
57641,6,SD
37885,6,TN
56251,6,MN
93312,6,CA
93446,6,CA
07422,6,NJ
37062,6,TN
18504,6,PA
80223,6,CO
59645,6,MT
32570,6,FL
93631,6,CA
93705,6,CA
93921,6,CA
07046,6,NJ
46214,6,IN
46217,6,IN
46227,6,IN
36303,6,AL
59728,6,MT
59804,6,MT
36330,6,AL
93309,6,CA
56270,6,MN
56274,6,MN
56218,6,MN
56226,6,MN
44141,6,OH
69357,6,NE
70001,6,LA
70003,6,LA
70118,6,LA
68666,6,NE
68731,6,NE
29732,6,SC
63105,6,MO
46280,6,IN
07458,6,NJ
93536,6,CA
32539,6,FL
32548,6,FL
32550,6,FL
73750,6,OK
94117,6,CA
46550,6,IN
46563,6,IN
46322,6,IN
46341,6,IN
46360,6,IN
46239,6,IN
94531,6,CA
44118,6,OH
44129,6,OH
44134,6,OH
44136,6,OH
27244,6,NC
63110,6,MO
29642,6,SC
94519,6,CA
06850,6,CT
94551,6,CA
46628,6,IN
46701,6,IN
55332,6,MN
55335,6,MN
46507,6,IN
93953,6,CA
94002,6,CA
94087,6,CA
18840,6,PA
18041,6,PA
83836,6,ID
90603,6,CA
90703,6,CA
44072,6,OH
90241,6,CA
10038,6,NY
10128,6,NY
44233,6,OH
56240,6,MN
56249,6,MN
18222,6,PA
18353,6,PA
58262,6,ND
94114,6,CA
46590,6,IN
27217,6,NC
58325,6,ND
94556,6,CA
94707,6,CA
94901,6,CA
06480,6,CT
46818,6,IN
35650,6,AL
18660,6,PA
23114,6,VA
74134,6,OK
74137,6,OK
74301,6,OK
74403,6,OK
74804,6,OK
22902,6,VA
80117,6,CO
63303,6,MO
63341,6,MO
29585,6,SC
95632,6,CA
68368,6,NE
68402,6,NE
63626,6,MO
59523,6,MT
18707,6,PA
46902,6,IN
94928,6,CA
94954,6,CA
95350,6,CA
95366,6,CA
95382,6,CA
35801,6,AL
57452,6,SD
30542,6,GA
61073,6,IL
61354,6,IL
61401,6,IL
56339,6,MN
23454,6,VA
23505,6,VA
23509,6,VA
23518,6,VA
72936,6,AR
94553,6,CA
95624,6,CA
63134,6,MO
63139,6,MO
63144,6,MO
47240,6,IN
95684,6,CA
95746,6,CA
64015,6,MO
95822,6,CA
47130,6,IN
55107,6,MN
19087,6,PA
79423,6,TX
32778,6,FL
32784,6,FL
32792,6,FL
59421,6,MT
59422,6,MT
59425,6,MT
18901,6,PA
95864,6,CA
95938,6,CA
34715,6,FL
19067,6,PA
80003,6,CO
3522 HV,6,Other/Unknown
78759,6,TX
79007,6,TX
19083,6,PA
79508,6,TX
95603,6,CA
96145,6,CA
96740,6,HI
96813,6,HI
55046,6,MN
55069,6,MN
10570,6,NY
89501,6,NV
89502,6,NV
44039,6,OH
56353,6,MN
56357,6,MN
56359,6,MN
38134,6,TN
38583,6,TN
38632,6,MS
38382,6,TN
57366,6,SD
57382,6,SD
38128,6,TN
97005,6,OR
97030,6,OR
34654,6,FL
22738,6,VA
59326,6,MT
78619,6,TX
96067,6,CA
54981,6,WI
64057,6,MO
29349,6,SC
19147,6,PA
35080,6,AL
35126,6,AL
35143,6,AL
19510,6,PA
78702,6,TX
78728,6,TX
10562,6,NY
32080,6,FL
32091,6,FL
60067,6,IL
60090,6,IL
60093,6,IL
60124,6,IL
89012,6,NV
43614,6,OH
89131,6,NV
89144,6,NV
89145,6,NV
60642,6,IL
34996,6,FL
97211,6,OR
47933,6,IN
54922,6,WI
78634,6,TX
19426,6,PA
34762,6,FL
58455,6,ND
54856,6,WI
54859,6,WI
54862,6,WI
54870,6,WI
48026,6,MI
54871,6,WI
54874,6,WI
97080,6,OR
97086,6,OR
97124,6,OR
27518,6,NC
34987,6,FL
30601,6,GA
60647,6,IL
60901,6,IL
61008,6,IL
61032,6,IL
84044,6,UT
14425,6,NY
57226,6,SD
57239,6,SD
38654,6,MS
38663,6,MS
57313,6,SD
64113,6,MO
64117,6,MO
64436,6,MO
54810,6,WI
04086,6,ME
97470,6,OR
97471,6,OR
54720,6,WI
54728,6,WI
54766,6,WI
48150,6,MI
97239,6,OR
97303,6,OR
48167,6,MI
34655,6,FL
34668,6,FL
19970,6,DE
22315,6,VA
75056,6,TX
60645,6,IL
78404,6,TX
78413,6,TX
78526,6,TX
78552,6,TX
78578,6,TX
34491,6,FL
78109,6,TX
75061,6,TX
75062,6,TX
32828,6,FL
65010,6,MO
97338,6,OR
97403,6,OR
04043,6,ME
04049,6,ME
04051,6,ME
87740,6,NM
11021,6,NY
56448,6,MN
11714,6,NY
86426,6,AZ
87008,6,NM
11218,6,NY
11238,6,NY
56444,6,MN
24202,6,VA
27529,6,NC
27606,6,NC
29081,6,SC
64772,6,MO
34233,6,FL
32901,6,FL
68057,6,NE
97801,6,OR
54121,6,WI
64867,6,MO
98003,6,WA
54408,6,WI
54482,6,WI
48331,6,MI
54539,6,WI
77566,6,TX
19904,6,DE
19968,6,DE
20120,6,VA
48236,6,MI
84075,6,UT
84097,6,UT
43123,6,OH
43130,6,OH
43062,6,OH
43064,6,OH
84116,6,UT
84120,6,UT
14063,6,NY
39476,6,MS
57066,6,SD
39073,6,MS
20006,6,DC
20008,6,DC
34221,6,FL
28805,6,NC
29055,6,SC
65079,6,MO
53960,6,WI
54141,6,WI
54169,6,WI
54175,6,WI
54180,6,WI
54212,6,WI
48603,6,MI
54304,6,WI
48380,6,MI
20175,6,VA
22203,6,VA
20004,6,DC
86327,6,AZ
11375,6,NY
43074,6,OH
43085,6,OH
24558,6,VA
60615,6,IL
60626,6,IL
84111,6,UT
60140,6,IL
31522,6,GA
31602,6,GA
72653,6,AR
57015,6,SD
32937,6,FL
59250,6,MT
27896,6,NC
65605,6,MO
98056,6,WA
03253,6,NH
03281,6,NH
34102,6,FL
75119,6,TX
22046,6,VA
32953,6,FL
33019,6,FL
54002,6,WI
48734,6,MI
54013,6,WI
98106,6,WA
03082,6,NH
33957,6,FL
77836,6,TX
77840,6,TX
34209,6,FL
77377,6,TX
70744,6,LA
02871,6,RI
98248,6,WA
98260,6,WA
33983,6,FL
33903,6,FL
77346,6,TX
77354,6,TX
20619,6,MD
33904,6,FL
67801,6,KS
67865,6,KS
28075,6,NC
66021,6,KS
66027,6,KS
66040,6,KS
53598,6,WI
39452,6,MS
60563,6,IL
86351,6,AZ
11561,6,NY
11704,6,NY
43011,6,OH
56527,6,MN
85901,6,AZ
11743,6,NY
11755,6,NY
42134,6,KY
42276,6,KY
86314,6,AZ
85646,6,AZ
53511,6,WI
53536,6,WI
28466,6,NC
28469,6,NC
77077,6,TX
77095,6,TX
33884,6,FL
33935,6,FL
20855,6,MD
98333,6,WA
53221,6,WI
53222,6,WI
49085,6,MI
49093,6,MI
75167,6,TX
33301,6,FL
22209,6,VA
39401,6,MS
72404,6,AR
72632,6,AR
60543,6,IL
30648,6,GA
72730,6,AR
60181,6,IL
60202,6,IL
40023,6,KY
84317,6,UT
77059,6,TX
53190,6,WI
49125,6,MI
49201,6,MI
66048,6,KS
66103,6,KS
28462,6,NC
49630,6,MI
21035,6,MD
33767,6,FL
98325,6,WA
02465,6,MA
53144,6,WI
53150,6,WI
49316,6,MI
49319,6,MI
53154,6,WI
76708,6,TX
75462,6,TX
72039,6,AR
72120,6,AR
72202,6,AR
72401,6,AR
76272,6,TX
21045,6,MD
21050,6,MD
58735,6,ND
58853,6,ND
59029,6,MT
33166,6,FL
75147,6,TX
75161,6,TX
53189,6,WI
28081,6,NC
28110,6,NC
66218,6,KS
28387,6,NC
28422,6,NC
49601,6,MI
56748,6,MN
39565,6,MS
85024,6,AZ
12054,6,NY
85326,6,AZ
12501,6,NY
12564,6,NY
41048,6,KY
42348,6,KY
49428,6,MI
49456,6,MI
49331,6,MI
49418,6,MI
76123,6,TX
33647,6,FL
76227,6,TX
52314,6,IA
98365,6,WA
98506,6,WA
98531,6,WA
98606,6,WA
98607,6,WA
98629,6,WA
49684,6,MI
53022,6,WI
53029,6,WI
53033,6,WI
53035,6,WI
76116,6,TX
21502,6,MD
21601,6,MD
84333,6,UT
85050,6,AZ
84738,6,UT
40031,6,KY
40065,6,KY
33328,6,FL
58803,6,ND
53045,6,WI
49760,6,MI
49776,6,MI
49801,6,MI
52501,6,IA
52654,6,IA
52658,6,IA
52803,6,IA
52807,6,IA
53020,6,WI
49735,6,MI
66547,6,KS
66604,6,KS
66762,6,KS
66839,6,KS
28277,6,NC
76126,6,TX
21114,6,MD
21144,6,MD
33625,6,FL
33542,6,FL
33569,6,FL
60504,6,IL
60514,6,IL
56710,6,MN
85042,6,AZ
51526,6,IA
51542,6,IA
49913,6,MI
49968,6,MI
33594,6,FL
52060,6,IA
52141,6,IA
52227,6,IA
49829,6,MI
49868,6,MI
98848,6,WA
51010,6,IA
76052,6,TX
76073,6,TX
76086,6,TX
21214,6,MD
51234,6,IA
51003,6,IA
98942,6,WA
S0C 0S0,6,Canada
S6J 1N7,6,Canada
50321,6,IA
99507,6,AK
99603,6,AK
51022,6,IA
51040,6,IA
50112,6,IA
33473,6,FL
R0J 1W0,6,Canada
R2V 2W6,6,Canada
R6P 0G4,6,Canada
R7A 5Y3,6,Canada
67068,6,KS
67147,6,KS
67152,6,KS
S4A 2X5,6,Canada
50458,6,IA
50459,6,IA
50220,6,IA
50226,6,IA
50273,6,IA
99336,6,WA
BETHLEHEM,6,Other/Unknown
01590,6,MA
R0A 2K0,6,Canada
R0E 1A0,6,Canada
50629,6,IA
51201,6,IA
S7H 0P1,5,Canada
S4A 0K6,5,Canada
R3Y 2K4,5,Canada
P7E 1T7,5,Canada
NN6 7WH,5,Other/Unknown
01583,5,MA
J0S 1A0,5,Canada
99669,5,AK
99572,5,AK
99515,5,AK
01890,5,MA
99218,5,WA
99204,5,WA
99181,5,WA
99114,5,WA
99021,5,WA
02139,5,MA
02130,5,MA
50461,5,IA
50436,5,IA
50420,5,IA
02122,5,MA
98687,5,WA
98685,5,WA
02143,5,MA
98405,5,WA
98373,5,WA
98368,5,WA
02840,5,RI
98265,5,Other/Unknown
02906,5,RI
02865,5,RI
98229,5,WA
98204,5,WA
98188,5,WA
98136,5,WA
98074,5,WA
98030,5,WA
98029,5,WA
98007,5,WA
03855,5,NH
97828,5,OR
97824,5,OR
97818,5,OR
97502,5,OR
04096,5,ME
97424,5,OR
97396,5,OR
97381,5,OR
97317,5,OR
04353,5,ME
97123,5,OR
97106,5,OR
97031,5,OR
97009,5,OR
06013,5,CT
05495,5,VT
96161,5,CA
96001,5,CA
06078,5,CT
95828,5,CA
95758,5,CA
06249,5,CT
95667,5,CA
95470,5,CA
50149,5,IA
51004,5,IA
95370,5,CA
95355,5,CA
95076,5,CA
94611,5,CA
94601,5,CA
94505,5,CA
07040,5,NJ
06902,5,CT
94402,5,CA
94158,5,CA
94110,5,CA
93907,5,CA
93662,5,CA
07630,5,NJ
50208,5,IA
07726,5,NJ
93108,5,CA
92806,5,CA
92688,5,CA
92657,5,CA
08053,5,NJ
07960,5,NJ
07945,5,NJ
07940,5,NJ
92612,5,CA
92545,5,CA
92354,5,CA
92336,5,CA
08690,5,NJ
92075,5,CA
92067,5,CA
51054,5,IA
50104,5,IA
92026,5,CA
92010,5,CA
91784,5,CA
91775,5,CA
91722,5,CA
91360,5,CA
91321,5,CA
91307,5,CA
91101,5,CA
90803,5,CA
90630,5,CA
90505,5,CA
90272,5,CA
10509,5,NY
51241,5,IA
90027,5,CA
90024,5,CA
89706,5,NV
89703,5,NV
89183,5,NV
89134,5,NV
89129,5,NV
89005,5,NV
11201,5,NY
11050,5,NY
87532,5,NM
87501,5,NM
87114,5,NM
87109,5,NM
87104,5,NM
11377,5,NY
86322,5,AZ
11731,5,NY
85741,5,AZ
12144,5,NY
85355,5,AZ
85257,5,AZ
85225,5,AZ
85144,5,AZ
85034,5,AZ
84713,5,UT
84624,5,UT
84601,5,UT
84319,5,UT
84310,5,UT
51559,5,IA
51537,5,IA
14080,5,NY
84123,5,UT
14589,5,NY
14580,5,NY
84003,5,UT
83822,5,ID
83805,5,ID
83687,5,ID
83660,5,ID
83634,5,ID
83605,5,ID
15208,5,PA
83405,5,ID
15370,5,PA
15315,5,PA
51576,5,IA
50003,5,IA
49925,5,MI
15234,5,PA
15683,5,PA
82225,5,WY
82083,5,WY
82082,5,WY
16345,5,PA
16314,5,PA
82003,5,WY
81506,5,CO
16601,5,PA
16505,5,PA
16875,5,PA
80863,5,CO
17331,5,PA
17406,5,PA
80433,5,CO
17547,5,PA
80232,5,CO
18078,5,PA
80110,5,CO
18810,5,PA
18458,5,PA
80031,5,CO
18902,5,PA
80017,5,CO
79938,5,TX
19012,5,PA
79935,5,TX
49841,5,MI
79510,5,TX
79065,5,TX
78962,5,TX
78758,5,TX
19342,5,PA
78717,5,TX
78666,5,TX
19468,5,PA
19438,5,PA
19803,5,DE
78382,5,TX
19971,5,DE
19810,5,DE
78201,5,TX
20005,5,DC
52349,5,IA
52327,5,IA
78013,5,TX
20121,5,VA
77905,5,TX
77565,5,TX
77532,5,TX
77435,5,TX
20189,5,VA
20685,5,MD
20636,5,MD
20732,5,MD
77301,5,TX
77042,5,TX
76901,5,TX
20912,5,MD
52571,5,IA
49756,5,MI
49747,5,MI
76655,5,TX
76550,5,TX
76548,5,TX
21157,5,MD
21122,5,MD
76108,5,TX
76053,5,TX
21531,5,MD
21403,5,MD
75925,5,TX
21704,5,MD
21654,5,MD
75801,5,TX
75709,5,TX
75652,5,TX
75651,5,TX
75605,5,TX
75482,5,TX
75234,5,TX
75231,5,TX
75228,5,TX
75149,5,TX
22031,5,VA
75082,5,TX
22182,5,VA
22405,5,VA
22304,5,VA
75002,5,TX
74647,5,OK
49646,5,MI
53017,5,WI
53014,5,WI
53011,5,WI
53004,5,WI
74355,5,OK
23005,5,VA
74010,5,OK
74008,5,OK
73772,5,OK
23434,5,VA
23233,5,VA
73071,5,OK
72734,5,AR
72473,5,AR
72143,5,AR
72104,5,AR
72081,5,AR
53040,5,WI
72015,5,AR
71235,5,LA
71118,5,LA
70605,5,LA
70508,5,LA
70462,5,LA
70343,5,LA
70131,5,LA
69345,5,NE
69333,5,NE
25901,5,WV
25529,5,WV
25508,5,WV
53058,5,WI
69153,5,NE
27030,5,NC
27455,5,NC
27539,5,NC
27713,5,NC
27703,5,NC
27614,5,NC
68059,5,NE
67846,5,KS
28144,5,NC
67524,5,KS
67467,5,KS
67452,5,KS
28209,5,NC
28208,5,NC
53118,5,WI
49461,5,MI
49446,5,MI
67045,5,KS
66777,5,KS
28409,5,NC
66202,5,KS
28607,5,NC
66083,5,KS
66046,5,KS
66020,5,KS
66006,5,KS
65737,5,MO
65708,5,MO
65613,5,MO
65583,5,MO
28779,5,NC
65453,5,MO
65355,5,MO
65325,5,MO
29045,5,SC
28906,5,NC
64459,5,MO
64145,5,MO
64138,5,MO
64110,5,MO
29341,5,SC
64109,5,MO
29487,5,SC
29466,5,SC
29445,5,SC
29582,5,SC
29670,5,SC
29646,5,SC
29625,5,SC
30002,5,GA
29902,5,SC
62994,5,IL
62960,5,IL
62902,5,IL
62702,5,IL
62684,5,IL
62615,5,IL
62375,5,IL
62294,5,IL
30205,5,GA
62012,5,IL
61928,5,IL
53225,5,WI
49097,5,MI
30318,5,GA
61483,5,IL
61254,5,IL
30540,5,GA
30533,5,GA
60659,5,IL
30633,5,GA
60586,5,IL
30701,5,GA
60525,5,IL
30909,5,GA
60513,5,IL
60490,5,IL
60487,5,IL
53502,5,WI
53406,5,WI
60445,5,IL
31629,5,GA
31523,5,GA
60103,5,IL
60089,5,IL
32084,5,FL
32081,5,FL
32136,5,FL
60016,5,IL
59930,5,MT
59868,5,MT
59854,5,MT
32408,5,FL
59740,5,MT
53534,5,WI
32533,5,FL
32751,5,FL
59321,5,Other/Unknown
59317,5,MT
32935,5,FL
32907,5,FL
59217,5,MT
33143,5,FL
59036,5,MT
33311,5,FL
33332,5,FL
33435,5,FL
33604,5,FL
33763,5,FL
58627,5,ND
53569,5,WI
49024,5,MI
33953,5,FL
58555,5,Other/Unknown
34677,5,FL
34638,5,FL
35007,5,AL
34990,5,FL
34951,5,FL
34788,5,FL
58440,5,ND
58423,5,ND
58381,5,ND
35749,5,AL
58313,5,ND
58272,5,ND
58266,5,ND
48843,5,MI
36104,5,AL
36619,5,AL
58062,5,ND
58055,5,Other/Unknown
37341,5,TN
58035,5,ND
57802,5,Other/Unknown
37659,5,TN
37771,5,TN
37748,5,TN
37849,5,TN
57533,5,SD
57479,5,SD
38103,5,TN
53901,5,WI
53807,5,WI
57456,5,SD
57448,5,SD
57433,5,SD
38368,5,TN
38281,5,TN
57328,5,SD
57231,5,SD
39116,5,MS
39532,5,MS
57028,5,SD
40205,5,KY
40330,5,KY
56672,5,MN
56655,5,MN
41071,5,KY
41018,5,KY
56588,5,MN
56583,5,MN
56574,5,MN
42301,5,KY
42718,5,KY
56522,5,MN
43026,5,OH
43023,5,OH
43110,5,OH
43214,5,OH
43228,5,OH
43560,5,OH
43623,5,OH
56350,5,MN
44056,5,OH
44040,5,OH
48661,5,MI
48820,5,MI
44024,5,OH
44022,5,OH
44060,5,OH
56264,5,MN
44260,5,OH
56098,5,MN
56083,5,MN
56081,5,MN
55985,5,MN
55957,5,MN
55936,5,MN
55909,5,MN
55782,5,MN
45305,5,OH
55768,5,MN
55763,5,MN
55760,5,MN
45377,5,OH
45459,5,OH
55397,5,MN
46052,5,IN
46157,5,IN
55385,5,MN
46385,5,IN
46356,5,IN
46526,5,IN
46777,5,IN
46982,5,IN
46901,5,IN
47112,5,IN
47037,5,IN
55032,5,MN
47715,5,IN
55001,5,MN
54945,5,WI
48040,5,MI
54865,5,WI
54847,5,WI
54770,5,WI
54767,5,WI
54614,5,WI
54514,5,WI
54495,5,WI
48328,5,MI
54474,5,WI
54470,5,WI
54409,5,WI
48442,5,MI
48439,5,MI
01027,4,MA
62558,4,IL
30019,4,GA
30047,4,GA
62450,4,IL
62467,4,IL
30103,4,GA
30105,4,GA
30116,4,GA
62643,4,IL
62650,4,IL
30052,4,GA
63010,4,MO
62712,4,IL
96720,4,HI
97201,4,OR
54247,4,WI
48382,4,MI
48420,4,MI
05445,4,VT
05486,4,VT
05491,4,VT
05701,4,VT
97013,4,OR
97056,4,OR
97071,4,OR
97078,4,OR
95918,4,CA
95945,4,CA
95973,4,CA
96002,4,CA
54479,4,WI
48324,4,MI
48335,4,MI
48370,4,MI
54498,4,WI
96093,4,CA
96097,4,CA
96130,4,CA
96155,4,CA
95678,4,CA
06029,4,CT
06033,4,CT
06035,4,CT
54545,4,WI
48377,4,MI
54558,4,WI
06040,4,CT
06277,4,CT
95834,4,CA
95842,4,CA
95445,4,CA
95476,4,CA
54603,4,WI
48301,4,MI
48315,4,MI
95616,4,CA
06110,4,CT
06443,4,CT
06457,4,CT
62811,4,IL
30183,4,GA
30184,4,GA
30217,4,GA
62323,4,IL
63043,4,MO
63044,4,MO
62939,4,IL
63052,4,MO
63080,4,MO
63091,4,MO
50138,4,IA
95307,4,CA
95320,4,CA
95338,4,CA
95346,4,CA
06437,4,CT
54626,4,WI
54658,4,WI
48152,4,MI
48165,4,MI
95409,4,CA
95425,4,CA
50801,4,IA
50854,4,IA
95020,4,CA
95030,4,CA
95051,4,CA
95401,4,CA
48189,4,MI
48192,4,MI
54667,4,WI
48084,4,MI
95067,4,CA
95123,4,CA
95126,4,CA
95129,4,CA
49095,4,MI
63114,4,MO
63121,4,MO
63127,4,MO
53149,4,WI
61910,4,IL
62275,4,IL
62285,4,IL
49240,4,MI
49270,4,MI
49301,4,MI
06518,4,CT
54734,4,WI
54749,4,WI
48117,4,MI
T6G 2V8,4,Canada
06612,4,CT
06777,4,CT
06794,4,CT
94965,4,CA
54820,4,WI
54821,4,WI
48038,4,MI
48044,4,MI
48045,4,MI
94706,4,CA
94708,4,CA
94801,4,CA
97218,4,OR
97227,4,OR
06492,4,CT
50466,4,IA
02129,4,MA
02140,4,MA
98940,4,WA
99012,4,WA
99023,4,WA
30224,4,GA
29544,4,SC
29576,4,SC
63390,4,MO
63461,4,MO
63601,4,MO
06804,4,CT
97301,4,OR
97304,4,OR
T3Z 2S8,4,Canada
T4H 1W2,4,Canada
47909,4,IN
47920,4,IN
04210,4,ME
06853,4,CT
06880,4,CT
94563,4,CA
94566,4,CA
48108,4,MI
54864,4,WI
48036,4,MI
54929,4,WI
54941,4,WI
54961,4,WI
94536,4,CA
94539,4,CA
06796,4,CT
63627,4,MO
63944,4,MO
64011,4,MO
64014,4,MO
61821,4,IL
49103,4,MI
49111,4,MI
49203,4,MI
49221,4,MI
62024,4,IL
02108,4,MA
02116,4,MA
50320,4,IA
50424,4,IA
07043,4,NJ
54986,4,WI
54876,4,WI
47802,4,IN
47834,4,IN
94086,4,CA
94105,4,CA
06820,4,CT
07024,4,NJ
07039,4,NJ
93923,4,CA
07059,4,NJ
07078,4,NJ
07081,4,NJ
51038,4,IA
94131,4,CA
47859,4,IN
55012,4,MN
55018,4,MN
55019,4,MN
47553,4,IN
93950,4,CA
94040,4,CA
93614,4,CA
47711,4,IN
47725,4,IN
47407,4,IN
50156,4,IA
50216,4,IA
93908,4,CA
64052,4,MO
64055,4,MO
30307,4,GA
30317,4,GA
61752,4,IL
61802,4,IL
99110,4,WA
64056,4,MO
63751,4,MO
63801,4,MO
29316,4,SC
29322,4,SC
29334,4,SC
07716,4,NJ
07826,4,NJ
07470,4,NJ
51024,4,IA
47421,4,IN
47429,4,IN
47546,4,IN
47172,4,IN
47203,4,IN
51033,4,IA
07869,4,NJ
07901,4,NJ
07920,4,NJ
92883,4,CA
47246,4,IN
47371,4,IN
55088,4,MN
93024,4,CA
93035,4,CA
97351,4,OR
07666,4,NJ
29356,4,SC
29369,4,SC
29461,4,SC
29486,4,SC
29501,4,SC
61568,4,IL
30256,4,GA
64482,4,MO
64075,4,MO
64108,4,MO
08022,4,NJ
08024,4,Other/Unknown
08033,4,NJ
08034,4,NJ
08050,4,NJ
47042,4,IN
46940,4,IN
54171,4,WI
92676,4,CA
92679,4,CA
92835,4,CA
92845,4,CA
92592,4,CA
54210,4,WI
48455,4,MI
48461,4,MI
01259,4,MA
01450,4,MA
08084,4,NJ
08108,4,NJ
92345,4,CA
08203,4,NJ
92618,4,CA
08002,4,NJ
64505,4,MO
64628,4,MO
30350,4,GA
30501,4,GA
61526,4,IL
64673,4,MO
64683,4,MO
64725,4,MO
64158,4,MO
64423,4,MO
92120,4,CA
92399,4,CA
92404,4,CA
46992,4,IN
47012,4,IN
55130,4,MN
46615,4,IN
92509,4,CA
08332,4,NJ
08502,4,NJ
55342,4,MN
46511,4,IN
46516,4,IN
08731,4,NJ
08732,4,NJ
08736,4,NJ
92105,4,CA
92110,4,CA
50643,4,IA
29229,4,SC
64490,4,MO
64832,4,MO
64865,4,MO
65013,4,MO
29102,4,SC
65043,4,MO
28789,4,NC
46774,4,IN
46793,4,IN
46804,4,IN
55314,4,MN
55323,4,MN
46373,4,IN
08831,4,NJ
08840,4,NJ
08848,4,NJ
92078,4,CA
50653,4,IA
50654,4,IA
92019,4,CA
08536,4,NJ
46714,4,IN
46725,4,IN
46730,4,IN
55338,4,MN
55341,4,MN
46124,4,IN
08824,4,NJ
50070,4,IA
50072,4,IA
50076,4,IA
50105,4,IA
28804,4,NC
29075,4,SC
65049,4,MO
65233,4,MO
65251,4,MO
65265,4,MO
99156,4,WA
61264,4,IL
65279,4,MO
65347,4,MO
65350,4,MO
65619,4,MO
46072,4,IN
46122,4,IN
55389,4,MN
91730,4,CA
91740,4,CA
91780,4,CA
50118,4,IA
91801,4,CA
91902,4,CA
92008,4,CA
91706,4,CA
55396,4,MN
45840,4,OH
45846,4,OH
46301,4,IN
46040,4,IN
46140,4,IN
46142,4,IN
46350,4,IN
30513,4,GA
30525,4,GA
61088,4,IL
61103,4,IL
49343,4,MI
49349,4,MI
49412,4,MI
49419,4,MI
28752,4,NC
28753,4,NC
28766,4,NC
65536,4,MO
91030,4,CA
45694,4,OH
45742,4,OH
45807,4,OH
45822,4,OH
55425,4,MN
08936,4,Other/Unknown
09123,4,AE
09630,4,AE
10010,4,NY
10014,4,NY
91604,4,CA
91352,4,CA
45449,4,OH
45502,4,OH
55444,4,MN
46001,4,IN
45246,4,OH
91403,4,CA
91423,4,CA
60646,4,IL
60656,4,IL
01970,4,MA
01983,4,MA
65648,4,MO
65681,4,MO
65682,4,MO
65689,4,MO
65692,4,MO
98902,4,WA
98909,4,WA
65809,4,MO
45335,4,OH
45409,4,OH
55795,4,MN
55709,4,MN
91326,4,CA
10026,4,NY
90717,4,CA
98822,4,WA
98831,4,WA
28602,4,NC
28625,4,NC
30560,4,GA
30622,4,GA
30536,4,GA
28638,4,NC
28645,4,NC
28653,4,NC
55750,4,MN
55751,4,MN
55769,4,MN
54161,4,WI
90815,4,CA
91010,4,CA
97370,4,OR
97378,4,OR
97380,4,OR
97392,4,OR
45323,4,OH
55787,4,MN
S3N 3K2,4,Canada
S4A 2R3,4,Canada
S4H 0B9,4,Canada
10471,4,NY
90249,4,CA
90275,4,CA
97402,4,OR
04008,4,ME
90638,4,CA
66106,4,KS
66204,4,KS
30720,4,GA
30736,4,GA
60601,4,IL
30824,4,GA
60625,4,IL
66064,4,KS
28570,4,NC
28584,4,NC
66219,4,KS
66227,4,KS
90069,4,CA
51055,4,IA
51230,4,IA
51237,4,IA
54112,4,WI
54155,4,WI
55903,4,MN
51350,4,IA
51355,4,IA
90026,4,CA
90713,4,CA
45320,4,OH
S0C 1P0,4,Canada
S0C 1S0,4,Canada
S0H 0N0,4,Canada
S0K 1H0,4,Canada
55932,4,MN
55933,4,MN
55941,4,MN
90039,4,CA
90068,4,CA
66086,4,KS
60527,4,IL
60532,4,IL
60542,4,IL
30680,4,GA
66539,4,KS
66603,4,KS
66611,4,KS
66618,4,KS
45220,4,OH
55946,4,MN
55955,4,MN
10983,4,NY
89139,4,NV
89141,4,NV
89143,4,NV
89507,4,NV
89512,4,NV
89701,4,NV
89815,4,NV
10598,4,NY
10708,4,NY
89406,4,NV
55956,4,MN
45107,4,OH
55926,4,MN
56013,4,MN
44820,4,OH
44824,4,OH
04073,4,ME
97477,4,OR
10536,4,NY
10538,4,NY
45002,4,OH
11105,4,NY
11217,4,NY
89060,4,NV
45030,4,OH
56045,4,MN
89102,4,NV
89120,4,NV
66720,4,KS
30740,4,GA
30752,4,GA
49048,4,MI
30907,4,GA
30917,4,GA
31008,4,GA
31015,4,GA
66736,4,KS
66770,4,KS
87123,4,NM
87191,4,NM
87402,4,NM
87507,4,NM
97707,4,OR
97754,4,OR
97836,4,OR
88220,4,NM
44805,4,OH
11040,4,NY
11101,4,NY
87710,4,NM
88001,4,NM
28304,4,NC
67070,4,KS
67110,4,KS
02346,4,MA
98632,4,WA
49444,4,MI
60505,4,IL
31401,4,GA
60446,4,IL
60447,4,IL
60188,4,IL
51443,4,IA
51445,4,IA
51449,4,IA
87512,4,NM
56087,4,MN
56029,4,MN
11237,4,NY
11378,4,NY
11418,4,NY
98001,4,WA
03833,4,NH
87113,4,NM
11741,4,NY
86401,4,AZ
85713,4,AZ
11572,4,NY
44473,4,OH
44484,4,OH
44676,4,OH
44691,4,OH
11581,4,NY
86409,4,AZ
11718,4,NY
03845,4,NH
03894,4,NH
85379,4,AZ
85388,4,AZ
85547,4,AZ
56172,4,MN
44266,4,OH
44278,4,OH
44319,4,OH
86005,4,AZ
85711,4,AZ
11725,4,NY
60194,4,IL
60402,4,IL
53104,4,WI
53114,4,WI
67230,4,KS
67333,4,KS
28211,4,NC
56211,4,MN
44145,4,OH
44070,4,OH
44202,4,OH
85345,4,AZ
85349,4,AZ
85364,4,AZ
12018,4,NY
85624,4,AZ
85650,4,AZ
03842,4,NH
28227,4,NC
67410,4,KS
60433,4,IL
02043,4,MA
99202,4,WA
99212,4,WA
31324,4,GA
31331,4,GA
67432,4,KS
67444,4,KS
67456,4,KS
67473,4,KS
67209,4,KS
28012,4,NC
85324,4,AZ
12019,4,NY
56262,4,MN
44108,4,OH
R7B 3A1,4,Canada
R7N 2T8,4,Canada
12159,4,NY
12180,4,NY
12198,4,NY
12303,4,NY
03911,4,ME
12834,4,NY
56276,4,MN
56311,4,MN
56318,4,MN
85251,4,AZ
12533,4,NY
12545,4,NY
85264,4,AZ
13601,4,NY
R3T 4A7,4,Canada
R3T 5T3,4,Canada
R3W 0J6,4,Canada
R4A 1B3,4,Canada
48623,4,MI
48653,4,MI
85017,4,AZ
13084,4,NY
13101,4,NY
85203,4,AZ
67661,4,KS
28146,4,NC
01852,4,MA
60173,4,IL
60417,4,IL
68004,4,NE
68023,4,NE
27510,4,NC
60110,4,IL
13152,4,NY
48655,4,MI
44094,4,OH
56358,4,MN
43701,4,OH
43724,4,OH
13210,4,NY
13329,4,NY
13331,4,NY
13367,4,NY
13439,4,NY
31792,4,GA
31822,4,GA
31904,4,GA
99216,4,WA
01833,4,MA
68037,4,NE
68064,4,NE
68357,4,NE
68112,4,NE
68122,4,NE
03782,4,NH
03801,4,NH
98034,4,WA
84627,4,UT
84660,4,UT
14062,4,NY
44026,4,OH
48837,4,MI
48840,4,MI
56389,4,MN
85004,4,AZ
84404,4,UT
84501,4,UT
14068,4,NY
56342,4,MN
43311,4,OH
43318,4,OH
43337,4,OH
14086,4,NY
51521,4,IA
51535,4,IA
51555,4,IA
84335,4,UT
84339,4,UT
84081,4,UT
84094,4,UT
43804,4,OH
43219,4,OH
14224,4,NY
14450,4,NY
14471,4,NY
14514,4,NY
84341,4,UT
27253,4,NC
60073,4,IL
60107,4,IL
32124,4,FL
31763,4,GA
60108,4,IL
68342,4,NE
68452,4,NE
68372,4,NE
68378,4,NE
68404,4,NE
14559,4,NY
84115,4,UT
43224,4,OH
43072,4,OH
43076,4,OH
43537,4,OH
43608,4,OH
43025,4,OH
43054,4,OH
84055,4,UT
84067,4,UT
03303,4,NH
56502,4,MN
56524,4,MN
43164,4,OH
42726,4,KY
84009,4,UT
84017,4,UT
84029,4,UT
68407,4,NE
60022,4,IL
32195,4,FL
32086,4,FL
32087,4,FL
27265,4,NC
27278,4,NC
27403,4,NC
27404,4,NC
27405,4,NC
68441,4,NE
27205,4,NC
83701,4,ID
15010,4,PA
15074,4,PA
56543,4,MN
56545,4,MN
42104,4,KY
56550,4,MN
03254,4,NH
02152,4,MA
02171,4,MA
68620,4,NE
60018,4,IL
32308,4,FL
32127,4,FL
68456,4,NE
68505,4,NE
68763,4,NE
56568,4,MN
41094,4,KY
41129,4,KY
41169,4,KY
42025,4,KY
42048,4,KY
15224,4,PA
83641,4,ID
83850,4,ID
83661,4,ID
68508,4,NE
68520,4,NE
68524,4,NE
68528,4,NE
68616,4,Other/Unknown
68825,4,NE
59925,4,MT
32503,4,FL
59828,4,MT
68713,4,NE
68756,4,NE
27009,4,NC
68874,4,NE
59858,4,MT
4104,4,Other/Unknown
41040,4,KY
56619,4,MN
42261,4,KY
53954,4,WI
83338,4,ID
83341,4,ID
83406,4,ID
83656,4,ID
83544,4,ID
83604,4,ID
15102,4,PA
15220,4,PA
15235,4,PA
53963,4,WI
48739,4,MI
48741,4,MI
48759,4,MI
56630,4,MN
83202,4,ID
15229,4,PA
83313,4,ID
83318,4,ID
56575,4,MN
41035,4,KY
83011,4,WY
15904,4,PA
49931,4,MI
40509,4,KY
40601,4,KY
56650,4,MN
56673,4,MN
56683,4,MN
51601,4,IA
51639,4,IA
15501,4,PA
15551,4,PA
52031,4,IA
40272,4,KY
40361,4,KY
56714,4,MN
56724,4,MN
57020,4,SD
82727,4,WY
82732,4,WY
82833,4,WY
15437,4,PA
82332,4,WY
82941,4,WY
59864,4,MT
59717,4,MT
59759,4,MT
59820,4,MT
68959,4,NE
68791,4,NE
68823,4,NE
69140,4,NE
69151,4,NE
53085,4,WI
98105,4,WA
98108,4,WA
15739,4,PA
40217,4,KY
40219,4,KY
39520,4,MS
39564,4,MS
39601,4,MS
81657,4,CO
16053,4,PA
16046,4,PA
82422,4,WY
81416,4,CO
03101,4,NH
39661,4,MS
39705,4,MS
57001,4,SD
57013,4,SD
57016,4,SD
57035,4,SD
81503,4,CO
98070,4,WA
98077,4,WA
69021,4,NE
69022,4,NE
32409,4,FL
32566,4,FL
53523,4,WI
53531,4,WI
59846,4,MT
69341,4,NE
69348,4,NE
81133,4,CO
57048,4,SD
57051,4,SD
57054,4,SD
39441,4,MS
57235,4,SD
57242,4,SD
81230,4,CO
81233,4,CO
16433,4,PA
16602,4,PA
81650,4,CO
16635,4,PA
81413,4,CO
52172,4,IA
80744,4,CO
16870,4,PA
57055,4,SD
57068,4,SD
38965,4,MS
39120,4,MS
57259,4,SD
39305,4,MS
80939,4,CO
81089,4,CO
52035,4,IA
81432,4,CO
57232,4,SD
R2K 0W1,4,Canada
R2Y 0C2,4,Canada
80701,4,CO
80536,4,CO
17109,4,PA
80910,4,CO
80916,4,CO
16828,4,PA
52093,4,Other/Unknown
70062,4,LA
70065,4,LA
70378,4,Other/Unknown
98527,4,WA
98570,4,WA
01867,4,MA
99338,4,WA
98592,4,WA
70426,4,LA
70438,4,LA
70458,4,LA
70461,4,LA
70517,4,LA
50475,4,IA
17112,4,PA
17301,4,PA
38821,4,MS
38506,4,TN
38544,4,TN
38555,4,TN
17327,4,PA
80542,4,CO
80547,4,CO
80603,4,CO
17055,4,PA
57220,4,SD
80466,4,CO
57353,4,SD
57356,4,SD
38230,4,TN
17516,4,PA
17517,4,PA
80521,4,CO
03104,4,NH
25303,4,WV
99502,4,AK
32615,4,FL
32656,4,FL
53533,4,WI
02468,4,MA
02472,4,MA
98465,4,WA
98466,4,WA
98509,4,WA
98520,4,WA
80214,4,CO
80221,4,CO
17747,4,PA
80470,4,CO
17960,4,PA
38261,4,TN
38343,4,TN
57314,4,SD
57375,4,SD
57380,4,SD
57385,4,SD
80233,4,CO
17572,4,PA
50511,4,IA
18337,4,PA
18343,4,PA
80014,4,CO
18923,4,PA
18411,4,PA
57460,4,SD
57331,4,SD
57348,4,SD
37921,4,TN
18042,4,PA
18045,4,PA
18603,4,PA
98198,4,WA
98201,4,WA
98203,4,WA
19001,4,PA
53806,4,WI
53941,4,WI
38464,4,TN
38104,4,TN
19010,4,PA
19038,4,PA
19041,4,PA
18301,4,PA
57465,4,SD
57468,4,SD
57473,4,SD
37882,4,TN
37924,4,TN
52228,4,IA
49825,4,MI
49854,4,MI
19054,4,PA
70726,4,LA
59520,4,MT
99344,4,WA
99403,4,WA
25073,4,Other/Unknown
71111,4,LA
71112,4,LA
38024,4,TN
38040,4,TN
57552,4,SD
R0K 0E0,4,Canada
79504,4,TX
79606,4,TX
79705,4,TX
02878,4,RI
02885,4,RI
70591,4,LA
24551,4,VA
24605,4,VA
71295,4,LA
71303,4,LA
32669,4,FL
32712,4,FL
59436,4,MT
59468,4,MT
32514,4,FL
59485,4,MT
71740,4,AR
71953,4,AR
70808,4,LA
79838,4,TX
19086,4,PA
57625,4,SD
57645,4,SD
57646,4,SD
57649,4,SD
57657,4,SD
37873,4,TN
19128,4,PA
19130,4,PA
79356,4,TX
49866,4,MI
19421,4,PA
78745,4,TX
57725,4,SD
R0E 0C0,4,Canada
R0G 0A1,4,Canada
78750,4,TX
78757,4,TX
78840,4,TX
78701,4,TX
78934,4,TX
79027,4,TX
79109,4,TX
02420,4,MA
02451,4,MA
32806,4,FL
59412,4,MT
59414,4,MT
59427,4,MT
24402,4,VA
49685,4,MI
49690,4,MI
53038,4,WI
98406,4,WA
98422,4,WA
78727,4,TX
57773,4,SD
57780,4,SD
37917,4,TN
37664,4,TN
57787,4,SD
19312,4,PA
19320,4,PA
19335,4,PA
78657,4,TX
78660,4,TX
19403,4,PA
37742,4,TN
37409,4,TN
37419,4,TN
78629,4,TX
78550,4,TX
78566,4,TX
78665,4,TX
19428,4,PA
78669,4,TX
19610,4,PA
20011,4,DC
78114,4,TX
78229,4,TX
58038,4,ND
37347,4,TN
37167,4,TN
37188,4,TN
19975,4,DE
98443,4,WA
98444,4,WA
72116,4,AR
32967,4,FL
33004,4,FL
33037,4,FL
32790,4,FL
32950,4,FL
99574,4,AK
99611,4,AK
37098,4,TN
37148,4,TN
37036,4,TN
78064,4,TX
52301,4,IA
52333,4,IA
78250,4,TX
19807,4,DE
19934,4,DE
19945,4,DE
52405,4,IA
99615,4,AK
99654,4,AK
32810,4,FL
32819,4,FL
32822,4,FL
32824,4,FL
72501,4,AR
72543,4,AR
72601,4,AR
49519,4,MI
24211,4,VA
20132,4,VA
52404,4,IA
37055,4,TN
36801,4,AL
37015,4,TN
37025,4,TN
98239,4,WA
37211,4,TN
37216,4,TN
77504,4,TX
77505,4,TX
77534,4,TX
77554,4,TX
77571,4,TX
78009,4,TX
37029,4,TN
36526,4,AL
36561,4,AL
77808,4,TX
77868,4,TX
98253,4,WA
98261,4,WA
20024,4,DC
77441,4,TX
77447,4,TX
58224,4,ND
48885,4,MI
77449,4,TX
77466,4,TX
77488,4,TX
77493,4,TX
20688,4,MD
20692,4,MD
77380,4,TX
72903,4,AR
24333,4,VA
24378,4,VA
72704,4,AR
23851,4,VA
33140,4,FL
59086,4,MT
59087,4,MT
24079,4,VA
24121,4,VA
72801,4,AR
77096,4,TX
77302,4,TX
20695,4,MD
01720,4,MA
01776,4,MA
35953,4,AL
77401,4,TX
20170,4,VA
77365,4,TX
72830,4,AR
72855,4,AR
73089,4,OK
72918,4,AR
33064,4,FL
33134,4,FL
23455,4,VA
23602,4,VA
23666,4,VA
23703,4,VA
72923,4,AR
98387,4,WA
35757,4,AL
35802,4,AL
35811,4,AL
20876,4,MD
20877,4,MD
77035,4,TX
77036,4,TX
77056,4,TX
02842,4,RI
98282,4,WA
77009,4,TX
20736,4,MD
20751,4,MD
20871,4,MD
48917,4,MI
58307,4,Other/Unknown
58311,4,ND
35643,4,AL
36274,4,AL
98392,4,WA
98393,4,WA
59018,4,MT
33304,4,FL
32958,4,FL
98402,4,WA
73026,4,OK
73068,4,OK
23320,4,VA
23356,4,VA
20895,4,MD
20905,4,MD
35645,4,AL
58353,4,ND
35967,4,AL
35971,4,AL
35986,4,AL
35661,4,AL
35226,4,AL
35405,4,AL
35406,4,AL
21034,4,MD
21036,4,MD
76931,4,Other/Unknown
76692,4,TX
76710,4,TX
58382,4,ND
35040,4,AL
35121,4,AL
49727,4,MI
49755,4,MI
52549,4,IA
77079,4,TX
02748,4,MA
98375,4,WA
73160,4,OK
33139,4,FL
59014,4,MT
73521,4,OK
73096,4,OK
73116,4,OK
73626,4,OK
73737,4,OK
76446,4,TX
76501,4,TX
35150,4,AL
35179,4,AL
34286,4,FL
76571,4,TX
76634,4,TX
76308,4,TX
76653,4,TX
21140,4,MD
76085,4,TX
76209,4,TX
34756,4,FL
34759,4,FL
58475,4,ND
35043,4,AL
34242,4,FL
34714,4,FL
76266,4,TX
73130,4,OK
33523,4,FL
33449,4,FL
58775,4,ND
74036,4,OK
74056,4,OK
74066,4,OK
23027,4,VA
23056,4,VA
23060,4,VA
76087,4,TX
21217,4,MD
34471,4,FL
34637,4,FL
34281,4,FL
33990,4,FL
33991,4,FL
34288,4,FL
76148,4,TX
21131,4,MD
52738,4,IA
34446,4,FL
34453,4,FL
34241,4,FL
76012,4,TX
75766,4,TX
75773,4,TX
75789,4,TX
21635,4,MD
76036,4,TX
76040,4,TX
21769,4,MD
74133,4,OK
74136,4,OK
23224,4,VA
74427,4,OK
52772,4,IA
52806,4,IA
33578,4,FL
33705,4,FL
33707,4,FL
53015,4,WI
74080,4,OK
74112,4,OK
75752,4,TX
75754,4,TX
75756,4,TX
02536,4,MA
34142,4,FL
01581,4,MA
52766,4,IA
52768,4,IA
75650,4,TX
75672,4,TX
75765,4,TX
52655,4,IA
21797,4,MD
21804,4,MD
75240,4,TX
02655,4,MA
58569,4,ND
33947,4,FL
33952,4,FL
49036,4,MI
75428,4,TX
75440,4,TX
75455,4,TX
75495,4,TX
75104,4,TX
22042,4,VA
75409,4,TX
99835,4,AK
33860,4,FL
75143,4,TX
75144,4,TX
75497,4,TX
75551,4,TX
21794,4,MD
74437,4,OK
74820,4,OK
33597,4,FL
33626,4,FL
33629,4,FL
33543,4,FL
33547,4,FL
74962,4,OK
75013,4,TX
22812,4,VA
22920,4,VA
33762,4,FL
33931,4,FL
49010,4,MI
33803,4,FL
22312,4,VA
22406,4,VA
22192,4,VA
22213,4,VA
75088,4,TX
22153,4,VA
75020,4,TX
58711,4,ND
33820,4,FL
33709,4,FL
33756,4,FL
22551,4,VA
22554,4,VA
22611,4,VA
22701,4,VA
V2A 8R7,4,Canada
54412,4,WI
T0K 1W0,4,Canada
T0L 2A0,4,Canada
04989,4,ME
01077,4,MA
62685,4,IL
30080,4,GA
62321,4,IL
62864,4,IL
62526,4,IL
05089,4,VT
50313,4,IA
S4Y 1H7,4,Canada
05356,4,VT
96797,4,HI
T1S 0E7,4,Canada
62221,3,IL
ST216AX,3,Other/Unknown
01073,3,MA
T0E 0N0,3,Canada
T,3,Other/Unknown
96825,3,HI
06340,3,CT
06371,3,CT
48209,3,MI
48221,3,MI
95660,3,CA
29852,3,Other/Unknown
62414,3,IL
63143,3,MO
29715,3,SC
29801,3,SC
50665,3,IA
97214,3,OR
95018,3,CA
95066,3,CA
48183,3,MI
95132,3,CA
22041,3,VA
75287,3,TX
B3E 1L5,3,Canada
75182,3,TX
75201,3,TX
58737,3,ND
33605,3,FL
33611,3,FL
33774,3,FL
74851,3,OK
74959,3,OK
49651,3,MI
22124,3,VA
33870,3,FL
33896,3,FL
33785,3,FL
34232,3,FL
76010,3,TX
76054,3,TX
23113,3,VA
33563,3,FL
53008,3,WI
53013,3,WI
58538,3,ND
34219,3,FL
J2W 1M2,3,Canada
75657,3,TX
21921,3,MD
75203,3,TX
75254,3,TX
75751,3,TX
22032,3,VA
76302,3,TX
76132,3,TX
21061,3,MD
23450,3,VA
73848,3,OK
33428,3,FL
33433,3,FL
33444,3,FL
33312,3,FL
21773,3,MD
76102,3,TX
21219,3,MD
21224,3,MD
21619,3,MD
21102,3,MD
52727,3,IA
73154,3,OK
33324,3,FL
59001,3,MT
59012,3,MT
73223,3,Other/Unknown
73632,3,OK
21075,3,MD
21084,3,MD
58426,3,ND
35203,3,AL
34986,3,FL
34743,3,FL
76559,3,TX
76225,3,TX
34761,3,FL
58484,3,ND
48867,3,MI
98388,3,WA
59027,3,MT
33160,3,FL
73075,3,OK
23433,3,VA
02719,3,MA
36054,3,AL
76801,3,TX
58386,3,ND
35574,3,AL
35077,3,AL
49726,3,MI
49734,3,MI
52556,3,IA
77065,3,TX
59038,3,MT
59059,3,MT
59061,3,MT
99712,3,AK
20882,3,MD
77040,3,TX
77057,3,TX
98272,3,WA
98310,3,WA
98328,3,WA
77025,3,TX
20850,3,MD
53581,3,WI
35603,3,AL
36280,3,AL
48855,3,MI
36608,3,AL
36081,3,AL
77496,3,TX
20678,3,MD
23803,3,VA
23919,3,VA
33155,3,FL
24017,3,VA
24085,3,VA
20646,3,MD
01701,3,MA
01754,3,MA
35956,3,AL
20659,3,MD
02809,3,RI
20772,3,MD
19979,3,DE
99664,3,AK
72616,3,AR
49508,3,MI
72634,3,AR
24134,3,VA
20036,3,DC
20111,3,VA
52346,3,IA
37048,3,TN
36117,3,AL
03043,3,NH
98233,3,WA
77515,3,TX
20190,3,VA
77422,3,TX
78217,3,TX
78245,3,TX
37354,3,TN
19963,3,DE
78251,3,TX
78256,3,TX
98445,3,WA
72209,3,AR
32827,3,FL
32804,3,FL
32949,3,FL
99567,3,AK
37219,3,TN
37220,3,TN
78076,3,TX
52334,3,IA
02379,3,MA
59248,3,MT
24520,3,VA
98418,3,WA
78586,3,TX
78723,3,TX
37909,3,TN
19363,3,PA
78609,3,TX
78624,3,TX
78539,3,TX
19540,3,PA
19464,3,PA
19473,3,PA
78368,3,TX
78374,3,TX
57553,3,SD
R0M 1Y0,3,Canada
R0M 2C0,3,Canada
79556,3,TX
79707,3,TX
38120,3,TN
32763,3,FL
71854,3,AR
19075,3,PA
57642,3,SD
5770-,3,Other/Unknown
19146,3,PA
37772,3,TN
78753,3,TX
78956,3,TX
79106,3,TX
37931,3,TN
79912,3,TX
49836,3,MI
49837,3,MI
50548,3,IA
98121,3,WA
70648,3,LA
59547,3,MT
59622,3,Other/Unknown
70734,3,LA
70806,3,LA
24966,3,WV
71007,3,LA
71201,3,LA
71263,3,LA
37932,3,TN
25142,3,WV
25311,3,WV
53548,3,WI
70582,3,LA
02466,3,MA
80224,3,CO
17584,3,PA
18851,3,PA
80133,3,CO
80136,3,CO
18612,3,PA
18426,3,PA
57568,3,SD
38117,3,TN
18328,3,PA
57471,3,SD
17111,3,PA
52151,3,IA
70360,3,LA
59821,3,MT
59823,3,MT
57248,3,SD
38549,3,TN
17043,3,PA
80446,3,CO
80461,3,CO
17401,3,PA
3864,3,Other/Unknown
R2G 0B7,3,Canada
57355,3,SD
80512,3,CO
03106,3,NH
53530,3,WI
59834,3,MT
25443,3,WV
70563,3,LA
70570,3,LA
70005,3,LA
70057,3,LA
81226,3,CO
16673,3,PA
80758,3,CO
39350,3,MS
16844,3,PA
R3G 2N3,3,Canada
17070,3,PA
80653,3,CO
80530,3,CO
15668,3,PA
49009,3,MI
68802,3,NE
68822,3,NE
69123,3,NE
69138,3,NE
53063,3,WI
03053,3,NH
56761,3,MN
16059,3,PA
82636,3,WY
39629,3,MS
81612,3,CO
81621,3,CO
16120,3,PA
98101,3,WA
59929,3,MT
68729,3,NE
53950,3,WI
83422,3,ID
83448,3,ID
40385,3,KY
40422,3,KY
15428,3,PA
83211,3,ID
49963,3,MI
40250,3,KY
15601,3,PA
40291,3,KY
40026,3,KY
82222,3,WY
15610,3,PA
83705,3,ID
83707,3,ID
83840,3,ID
98597,3,WA
59932,3,MT
32303,3,FL
32333,3,FL
32131,3,FL
68758,3,NE
68769,3,NE
41102,3,KY
4171,3,Other/Unknown
42003,3,KY
42102,3,KY
83653,3,ID
83676,3,ID
03275,3,NH
43143,3,OH
98065,3,WA
14626,3,NY
14850,3,NY
14860,3,NY
84040,3,UT
60053,3,IL
32073,3,FL
27360,3,NC
27105,3,NC
15061,3,PA
14869,3,NY
15106,3,PA
42122,3,KY
42141,3,KY
43338,3,OH
43772,3,OH
43201,3,OH
14223,3,NY
84109,3,UT
27604,3,NC
60070,3,IL
60099,3,IL
27523,3,NC
68455,3,NE
03216,3,NH
43616,3,OH
43033,3,OH
84071,3,UT
84074,3,UT
03256,3,NH
32054,3,FL
28031,3,NC
28056,3,NC
68030,3,NE
68065,3,NE
68108,3,NE
13658,3,NY
44021,3,OH
84775,3,UT
85006,3,AZ
85007,3,AZ
13827,3,NY
14103,3,NY
84340,3,UT
51561,3,IA
51566,3,IA
56331,3,MN
R3Y 1X6,3,Canada
13066,3,NY
13077,3,NY
27704,3,NC
28147,3,NC
60148,3,IL
31407,3,GA
60411,3,IL
60420,3,IL
28027,3,NC
03442,3,NH
03570,3,NH
03755,3,NH
03766,3,NH
44102,3,OH
28228,3,NC
67501,3,KS
85283,3,AZ
85307,3,AZ
85311,3,AZ
44113,3,OH
12211,3,NY
85204,3,AZ
12804,3,NY
56323,3,MN
85210,3,AZ
12449,3,NY
12534,3,NY
12561,3,NY
12571,3,NY
13440,3,NY
86022,3,AZ
11733,3,NY
60408,3,IL
53094,3,WI
53108,3,WI
67030,3,KS
67047,3,KS
67060,3,KS
67217,3,KS
67218,3,KS
28212,3,NC
44645,3,OH
11949,3,NY
12009,3,NY
85630,3,AZ
03839,3,NH
28358,3,NC
98620,3,WA
53093,3,WI
53227,3,WI
60437,3,IL
50046,3,IA
56142,3,MN
11221,3,NY
11222,3,NY
11746,3,NY
86324,3,AZ
87108,3,NM
87020,3,NM
87048,3,NM
85747,3,AZ
44313,3,OH
89049,3,NV
97501,3,OR
45042,3,OH
45050,3,OH
45056,3,OH
89107,3,NV
10591,3,NY
30817,3,GA
60452,3,IL
66749,3,KS
98683,3,WA
66945,3,KS
28303,3,NC
88052,3,NM
97741,3,OR
55972,3,MN
66085,3,KS
66509,3,KS
66512,3,KS
31024,3,GA
30683,3,GA
66953,3,KS
67010,3,KS
45204,3,OH
45206,3,OH
45211,3,OH
45212,3,OH
10567,3,NY
45162,3,OH
56014,3,MN
89014,3,NV
89015,3,NV
90254,3,CA
60612,3,IL
30904,3,GA
28539,3,NC
28365,3,NC
10580,3,NY
54106,3,WI
54120,3,WI
54143,3,WI
S0K 2A0,3,Canada
55931,3,MN
89822,3,NV
10514,3,NY
10518,3,NY
90045,3,CA
90066,3,CA
98823,3,WA
98833,3,WA
98901,3,WA
30643,3,GA
28694,3,NC
28714,3,NC
90639,3,CA
90650,3,CA
90802,3,CA
55738,3,MN
55752,3,MN
45249,3,OH
45322,3,OH
45326,3,OH
10512,3,NY
90247,3,CA
91426,3,CA
91501,3,CA
91502,3,CA
65565,3,MO
60714,3,IL
60924,3,IL
01944,3,MA
91206,3,CA
91301,3,CA
45402,3,OH
45404,3,OH
55667,3,Other/Unknown
55708,3,MN
91303,3,CA
10034,3,NY
10035,3,NY
46303,3,IN
45662,3,OH
46544,3,IN
61010,3,IL
49404,3,MI
53125,3,WI
65724,3,MO
08879,3,NJ
10009,3,NY
91361,3,CA
90731,3,CA
91364,3,CA
91384,3,CA
91387,3,CA
45640,3,OH
55612,3,MN
46219,3,IN
92116,3,CA
61201,3,IL
99122,3,WA
99153,3,WA
28732,3,NC
46368,3,IN
91724,3,CA
91776,3,CA
50126,3,IA
91791,3,CA
91932,3,CA
08750,3,NJ
91709,3,CA
45839,3,OH
45867,3,OH
08210,3,NJ
08225,3,NJ
50585,3,IA
29212,3,SC
64803,3,MO
64804,3,MO
61367,3,IL
30342,3,GA
64842,3,MO
29108,3,SC
65039,3,MO
51047,3,IA
46808,3,IN
92037,3,CA
92069,3,CA
92025,3,CA
30349,3,GA
30461,3,GA
61523,3,IL
29410,3,SC
64131,3,MO
64137,3,MO
92247,3,CA
46996,3,IN
46737,3,IN
92567,3,CA
92570,3,CA
92590,3,CA
S4W 0T6,3,Canada
46506,3,IN
08723,3,NJ
92108,3,CA
93101,3,CA
97352,3,OR
29485,3,SC
64437,3,MO
61728,3,IL
61740,3,IL
30273,3,GA
64071,3,MO
92656,3,CA
92780,3,CA
07836,3,NJ
07860,3,NJ
92604,3,CA
54208,3,WI
08071,3,NJ
07950,3,NJ
93644,3,CA
50201,3,IA
50213,3,IA
93906,3,CA
30305,3,GA
30312,3,GA
99031,3,WA
93514,3,CA
47521,3,IN
47164,3,IN
93311,3,CA
93427,3,CA
93433,3,CA
07932,3,NJ
47346,3,IN
93022,3,CA
50441,3,IA
64037,3,MO
48071,3,MI
47750,3,IN
47803,3,IN
94107,3,CA
94129,3,CA
94404,3,CA
93940,3,CA
94028,3,CA
94044,3,CA
93532,3,CA
93546,3,CA
47638,3,IN
55031,3,MN
47404,3,IN
97230,3,OR
49096,3,MI
30233,3,GA
62046,3,IL
63351,3,MO
06811,3,CT
97236,3,OR
T4P 3X9,3,Canada
04105,3,ME
94546,3,CA
94602,3,CA
94565,3,CA
94580,3,CA
47960,3,IN
54837,3,WI
94513,3,CA
63108,3,MO
63020,3,MO
63117,3,MO
53224,3,WI
49305,3,MI
06512,3,CT
54733,3,WI
54754,3,WI
94582,3,CA
94589,3,CA
95209,3,CA
94945,3,CA
94610,3,CA
54771,3,WI
48042,3,MI
97225,3,OR
96793,3,HI
63005,3,MO
62711,3,IL
96706,3,HI
97141,3,OR
05672,3,VT
96007,3,CA
48326,3,MI
48602,3,MI
06477,3,CT
95742,3,CA
95816,3,CA
95642,3,CA
06085,3,CT
95437,3,CA
95461,3,CA
75067,3,TX
74429,3,OK
33687,3,FL
33704,3,FL
53576,3,WI
58604,3,Other/Unknown
33712,3,FL
T1G 2E1,3,Canada
48428,3,MI
54406,3,WI
T0J 1X2,3,Canada
S7K 0K3,3,Canada
05047,3,VT
01545,3,MA
48611,3,MI
54229,3,WI
SN35AU,2,Other/Unknown
-,2,Other/Unknown
W3400,2,Other/Unknown
00851,2,VI
01007,2,MA
01020,2,MA
01036,2,MA
01037,2,MA
S9X 1Y7,2,Canada
S7W 0E3,2,Canada
48433,2,MI
54411,2,WI
T0M 0G0,2,Canada
T0M 2A0,2,Canada
06018,2,CT
05342,2,VT
05250,2,VT
05201,2,VT
05156,2,VT
54234,2,WI
48616,2,MI
48614,2,MI
S7T 0E6,2,Canada
S4Y 0A3,2,Canada
01564,2,MA
01550,2,MA
01510,2,MA
01463,2,MA
01462,2,MA
54414,2,WI
62447,2,IL
30049,2,GA
30017,2,GA
30011,2,GA
62627,2,IL
62549,2,IL
62534,2,IL
62476,2,IL
62932,2,IL
62922,2,IL
62920,2,IL
62918,2,IL
62912,2,IL
62907,2,IL
62887,2,IL
62881,2,IL
29906,2,SC
63040,2,MO
63034,2,MO
63025,2,MO
62863,2,IL
62791,2,IL
63016,2,MO
63015,2,MO
30058,2,GA
62668,2,IL
62656,2,IL
62635,2,IL
30104,2,GA
62223,2,IL
62220,2,IL
62449,2,IL
63048,2,MO
30008,2,GA
29940,2,SC
29924,2,SC
29910,2,SC
62347,2,IL
62341,2,IL
62330,2,IL
30223,2,GA
30215,2,GA
30187,2,GA
30175,2,GA
30067,2,GA
30060,2,GA
62320,2,IL
62312,2,IL
29621,2,SC
63128,2,MO
63125,2,MO
63112,2,MO
53191,2,WI
63023,2,MO
29835,2,SC
29829,2,SC
29720,2,SC
29707,2,SC
29696,2,SC
63077,2,MO
29680,2,SC
62952,2,IL
62948,2,IL
62946,2,IL
61873,2,IL
61852,2,IL
62129,2,Other/Unknown
62088,2,IL
62067,2,IL
62063,2,IL
49232,2,MI
63285,2,Other/Unknown
63369,2,MO
63362,2,MO
29678,2,SC
29676,2,SC
29661,2,SC
29644,2,SC
29641,2,SC
29640,2,SC
63703,2,MO
63670,2,MO
63645,2,MO
53184,2,WI
53182,2,WI
53177,2,WI
49321,2,MI
49286,2,MI
49285,2,MI
49277,2,MI
30152,2,GA
30135,2,GA
30126,2,GA
61938,2,IL
61884,2,IL
61880,2,IL
63357,2,MO
29605,2,SC
29588,2,SC
29575,2,SC
29572,2,SC
29566,2,SC
29550,2,SC
63348,2,MO
62056,2,IL
30241,2,GA
99027,2,WA
02131,2,MA
02127,2,MA
50457,2,IA
30170,2,GA
63748,2,MO
61846,2,IL
61834,2,IL
29449,2,SC
6400,2,Other/Unknown
63628,2,MO
63565,2,MO
63536,2,MO
63534,2,MO
63531,2,MO
63530,2,MO
63383,2,MO
50456,2,IA
50451,2,IA
50450,2,IA
50447,2,IA
50446,2,IA
64040,2,MO
64030,2,MO
50440,2,IA
50423,2,IA
02114,2,MA
02081,2,MA
02066,2,MA
29451,2,SC
62016,2,IL
62015,2,IL
62001,2,IL
61951,2,IL
53204,2,WI
49224,2,MI
49128,2,MI
49127,2,MI
63935,2,MO
63857,2,MO
63834,2,MO
63830,2,MO
63825,2,MO
63780,2,MO
63766,2,MO
63764,2,MO
99116,2,WA
99109,2,WA
99034,2,WA
61774,2,IL
61764,2,IL
61747,2,IL
30286,2,GA
30276,2,GA
61729,2,IL
61727,2,IL
61725,2,IL
61705,2,IL
61607,2,IL
64465,2,MO
64448,2,MO
64439,2,MO
64429,2,MO
64029,2,MO
64024,2,MO
64020,2,MO
29526,2,SC
29470,2,SC
29324,2,SC
29323,2,SC
64671,2,MO
64661,2,MO
64644,2,MO
29302,2,SC
29301,2,SC
64106,2,MO
64098,2,MO
64078,2,MO
64061,2,MO
64469,2,MO
30268,2,GA
30263,2,GA
53223,2,WI
53209,2,WI
61736,2,IL
61732,2,IL
29169,2,SC
29160,2,SC
29154,2,SC
64146,2,MO
29388,2,SC
64688,2,MO
61537,2,IL
61530,2,IL
61520,2,IL
61256,2,IL
61479,2,IL
61469,2,IL
61448,2,IL
61441,2,IL
30471,2,GA
30420,2,GA
61364,2,IL
61356,2,IL
61350,2,IL
61345,2,IL
64831,2,MO
64801,2,MO
64498,2,MO
64493,2,MO
64491,2,MO
64489,2,MO
64485,2,MO
64483,2,MO
64746,2,MO
29205,2,SC
29180,2,SC
29170,2,SC
29150,2,SC
29078,2,SC
65020,2,MO
64873,2,MO
64856,2,MO
64834,2,MO
30346,2,GA
30344,2,GA
30341,2,GA
30338,2,GA
61084,2,IL
61071,2,IL
61070,2,IL
61068,2,IL
61410,2,IL
61376,2,IL
99121,2,WA
61240,2,IL
61233,2,IL
61232,2,IL
65258,2,MO
65236,2,MO
64788,2,MO
64778,2,MO
64759,2,MO
65110,2,MO
65063,2,MO
65052,2,MO
65051,2,MO
28904,2,NC
65037,2,MO
65026,2,MO
28751,2,NC
28748,2,NC
28746,2,NC
28730,2,NC
65441,2,MO
65427,2,Other/Unknown
65340,2,MO
65326,2,MO
65281,2,MO
61342,2,IL
61301,2,IL
61285,2,IL
61270,2,IL
99166,2,WA
99159,2,WA
99123,2,WA
53128,2,WI
49421,2,MI
49345,2,MI
61115,2,IL
61102,2,IL
6109,2,Other/Unknown
30526,2,Other/Unknown
30521,2,GA
30511,2,GA
61038,2,IL
61036,2,IL
61019,2,IL
61011,2,IL
02026,2,MA
49333,2,MI
49328,2,MI
28689,2,NC
28684,2,NC
28683,2,NC
28681,2,NC
65612,2,MO
65611,2,MO
65559,2,MO
65552,2,MO
28771,2,NC
28761,2,NC
28759,2,NC
53143,2,WI
53139,2,WI
65714,2,MO
53130,2,WI
53129,2,WI
65712,2,MO
65706,2,MO
65686,2,MO
65679,2,MO
65656,2,MO
65653,2,MO
01969,2,MA
01951,2,MA
60950,2,IL
6095,2,Other/Unknown
60941,2,IL
60803,2,IL
60712,2,IL
60707,2,IL
60651,2,IL
65631,2,MO
65826,2,Other/Unknown
28723,2,NC
28717,2,NC
28678,2,NC
65806,2,MO
65801,2,MO
65791,2,MO
65771,2,MO
65753,2,MO
65748,2,Other/Unknown
65747,2,MO
02054,2,MA
98937,2,WA
98932,2,WA
98930,2,WA
98903,2,WA
30567,2,GA
30559,2,GA
30554,2,GA
30552,2,GA
60639,2,IL
28630,2,NC
28621,2,NC
28601,2,NC
98847,2,WA
98843,2,WA
98816,2,WA
66054,2,KS
66043,2,KS
66014,2,KS
66013,2,KS
66012,2,KS
28467,2,NC
66112,2,KS
66105,2,KS
28713,2,NC
28711,2,NC
28702,2,NC
28701,2,NC
28691,2,NC
28650,2,NC
30625,2,GA
30541,2,GA
30537,2,GA
30528,2,GA
30621,2,GA
30605,2,GA
30582,2,GA
28564,2,NC
66070,2,KS
66063,2,KS
66056,2,KS
28516,2,NC
28512,2,NC
28502,2,NC
61001,2,IL
60968,2,IL
60964,2,IL
60957,2,IL
60616,2,IL
60585,2,IL
60559,2,IL
30739,2,GA
30725,2,GA
60531,2,IL
60517,2,IL
66436,2,KS
66434,2,KS
66414,2,KS
66104,2,KS
28677,2,NC
28449,2,NC
28429,2,NC
28425,2,NC
28411,2,NC
28390,2,NC
28376,2,NC
66409,2,KS
66223,2,KS
28560,2,NC
66725,2,KS
28557,2,NC
66615,2,KS
66606,2,KS
66542,2,KS
66535,2,KS
66531,2,KS
66524,2,KS
30710,2,GA
30707,2,GA
30662,2,GA
60467,2,IL
60466,2,IL
53508,2,WI
30634,2,GA
60548,2,IL
28460,2,NC
66865,2,KS
66846,2,KS
66801,2,KS
66783,2,KS
66771,2,KS
66760,2,KS
66753,2,KS
31021,2,GA
60453,2,IL
30802,2,GA
30750,2,GA
30747,2,GA
60512,2,IL
60506,2,IL
66733,2,KS
67138,2,KS
67135,2,KS
67124,2,KS
67123,2,KS
67119,2,KS
28352,2,NC
28343,2,NC
28339,2,NC
28334,2,NC
28314,2,NC
28273,2,NC
28262,2,NC
98684,2,WA
98671,2,WA
98665,2,WA
98646,2,Other/Unknown
31032,2,GA
31027,2,GA
53504,2,WI
53228,2,WI
49080,2,MI
49079,2,MI
49072,2,MI
49460,2,MI
49454,2,MI
49453,2,MI
98644,2,WA
98631,2,WA
98625,2,WA
02343,2,MA
02332,2,MA
67144,2,KS
53119,2,WI
49071,2,MI
49070,2,MI
49057,2,MI
49055,2,MI
49053,2,MI
60404,2,IL
60305,2,IL
60203,2,IL
31406,2,GA
60503,2,IL
60473,2,IL
60470,2,IL
60468,2,IL
31082,2,GA
31078,2,GA
60435,2,IL
28236,2,NC
28226,2,NC
67204,2,KS
67203,2,KS
67175,2,Other/Unknown
28214,2,NC
28207,2,NC
28204,2,NC
67344,2,KS
67301,2,KS
67215,2,KS
67210,2,KS
67063,2,KS
67039,2,KS
67029,2,KS
67526,2,KS
28016,2,NC
67208,2,KS
67522,2,KS
67481,2,KS
67480,2,KS
67425,2,KS
31216,2,GA
31210,2,GA
312,2,Other/Unknown
99209,2,WA
99207,2,WA
99201,2,WA
99185,2,WA
02053,2,MA
02052,2,MA
60146,2,IL
01854,2,MA
27808,2,NC
27712,2,NC
28215,2,NC
28124,2,NC
28117,2,NC
28092,2,NC
67756,2,KS
67701,2,KS
67658,2,KS
67654,2,KS
67622,2,KS
67578,2,KS
67574,2,KS
67543,2,KS
27959,2,NC
27954,2,NC
27949,2,NC
27944,2,NC
68017,2,NE
67876,2,KS
67860,2,KS
67834,2,KS
28166,2,NC
60431,2,IL
60409,2,IL
31525,2,GA
31410,2,GA
60169,2,IL
60160,2,IL
60151,2,IL
68050,2,NE
68044,2,NE
28078,2,NC
28036,2,NC
01844,2,MA
01826,2,MA
01824,2,MA
32060,2,FL
32033,2,FL
32030,2,FL
32024,2,FL
32011,2,FL
31793,2,GA
28023,2,NC
27511,2,NC
27502,2,NC
27520,2,NC
68430,2,NE
68428,2,NE
68424,2,NE
27597,2,NC
27589,2,NC
27571,2,NC
27559,2,NC
27542,2,NC
27541,2,NC
27938,2,NC
27889,2,NC
27817,2,NC
68358,2,NE
68352,2,NE
68069,2,NE
68331,2,NE
68325,2,NE
68317,2,NE
68305,2,NE
68303,2,NE
68139,2,NE
27525,2,NC
3156,2,Other/Unknown
31558,2,GA
31535,2,GA
60101,2,IL
60097,2,IL
60085,2,IL
60081,2,IL
60069,2,IL
60064,2,IL
02324,2,MA
02191,2,MA
02186,2,MA
02176,2,MA
68421,2,NE
68419,2,NE
68418,2,NE
68401,2,NE
68371,2,NE
68370,2,NE
68366,2,NE
68365,2,NE
68450,2,NE
68446,2,NE
68341,2,NE
68340,2,NE
27040,2,NC
27407,2,NC
27320,2,NC
2727 HS,2,Other/Unknown
27262,2,NC
32114,2,FL
32102,2,FL
60135,2,IL
32193,2,FL
32179,2,FL
60044,2,IL
60042,2,IL
6004,2,Other/Unknown
60025,2,IL
32169,2,FL
02330,2,MA
60002,2,IL
59936,2,MT
68627,2,NE
68626,2,NE
68624,2,NE
68621,2,NE
02169,2,MA
02155,2,MA
02145,2,MA
02141,2,MA
98611,2,WA
98605,2,WA
98596,2,WA
27239,2,NC
27107,2,NC
27043,2,NC
68503,2,NE
68465,2,NE
68463,2,NE
68462,2,NE
68458,2,NE
68652,2,NE
68643,2,NE
68642,2,NE
68638,2,NE
32164,2,FL
32141,2,FL
32140,2,FL
32329,2,FL
32277,2,FL
32258,2,FL
60020,2,IL
32446,2,FL
32433,2,FL
59928,2,MT
59926,2,MT
68872,2,NE
68846,2,NE
68838,2,NE
68826,2,NE
68532,2,NE
68522,2,NE
68788,2,NE
68783,2,NE
68779,2,NE
68771,2,NE
68768,2,NE
68765,2,NE
68757,2,NE
68735,2,NE
68719,2,NE
68715,2,NE
26241,2,WV
26229,2,WV
26206,2,WV
26181,2,WV
32221,2,FL
32218,2,FL
32217,2,FL
32210,2,FL
32207,2,FL
59831,2,MT
32459,2,FL
32448,2,FL
68940,2,NE
68937,2,NE
68878,2,NE
59913,2,MT
59903,2,MT
59871,2,MT
32350,2,FL
32344,2,FL
59807,2,MT
59761,2,MT
59754,2,MT
32257,2,FL
59866,2,MT
27017,2,NC
27006,2,NC
26836,2,WV
49548,2,MI
26764,2,WV
26554,2,WV
26431,2,WV
26404,2,WV
26378,2,WV
25428,2,WV
25425,2,WV
69156,2,NE
69155,2,NE
69145,2,NE
69121,2,NE
69033,2,NE
68818,2,NE
68958,2,NE
68941,2,NE
26105,2,WV
26003,2,WV
25639,2,WV
25560,2,WV
25541,2,WV
68978,2,NE
49437,2,MI
49431,2,MI
53083,2,WI
53078,2,WI
53075,2,WI
53050,2,WI
49622,2,MI
49621,2,MI
49616,2,MI
49612,2,MI
25504,2,WV
69516,2,Other/Unknown
69360,2,NE
69356,2,NE
69343,2,NE
69339,2,NE
69334,2,NE
59845,2,MT
59844,2,MT
59837,2,MT
53517,2,WI
53516,2,WI
53510,2,WI
32563,2,FL
32424,2,FL
32405,2,FL
01863,2,MA
49008,2,MI
49007,2,MI
49006,2,MI
98556,2,WA
98548,2,WA
98528,2,WA
70380,2,LA
70364,2,LA
70092,2,LA
70072,2,LA
70053,2,LA
70047,2,LA
70037,2,LA
70535,2,LA
49534,2,MI
99503,2,AK
25314,2,WV
25245,2,WV
70503,2,LA
70446,2,LA
70433,2,LA
70427,2,LA
98576,2,WA
32359,2,FL
32355,2,FL
59827,2,MT
99323,2,WA
99320,2,WA
99228,2,WA
01886,2,MA
01876,2,MA
70710,2,LA
70663,2,LA
70633,2,LA
02467,2,MA
25411,2,WV
25364,2,WV
49004,2,MI
49002,2,MI
53549,2,WI
32504,2,FL
32653,2,FL
32631,2,FL
32625,2,FL
32607,2,FL
32578,2,FL
32567,2,FL
70791,2,LA
70775,2,LA
70774,2,LA
70739,2,LA
70729,2,LA
99361,2,WA
99349,2,WA
99347,2,WA
59640,2,MT
59633,2,MT
59604,2,MT
59554,2,Other/Unknown
59540,2,MT
59522,2,MT
59503,2,Other/Unknown
59487,2,MT
32736,2,FL
32726,2,FL
32720,2,FL
24701,2,WV
70607,2,LA
70592,2,LA
70583,2,LA
71273,2,LA
71269,2,LA
71227,2,LA
71222,2,LA
71211,2,LA
71203,2,LA
71105,2,LA
25071,2,WV
24963,2,WV
32809,2,FL
02375,2,MA
02347,2,MA
71945,2,AR
71941,2,AR
71852,2,AR
71469,2,LA
71457,2,LA
71429,2,LA
71360,2,LA
32547,2,FL
32534,2,FL
32516,2,FL
59338,2,MT
59337,2,MT
59322,2,MT
24517,2,VA
24504,2,VA
24476,2,VA
72007,2,AR
71968,2,AR
02452,2,MA
59431,2,Other/Unknown
59430,2,MT
59648,2,MT
59647,2,MT
59274,2,MT
59261,2,MT
59260,2,MT
59257,2,MT
59252,2,MT
59347,2,MT
72173,2,AR
72150,2,AR
72126,2,AR
72110,2,AR
72088,2,AR
72086,2,AR
98424,2,WA
98408,2,WA
53046,2,WI
53042,2,WI
53039,2,WI
53036,2,WI
49707,2,MI
24550,2,VA
24541,2,VA
24521,2,VA
32833,2,FL
32829,2,FL
32825,2,FL
72454,2,AR
72437,2,AR
72417,2,AR
72405,2,AR
72394,2,AR
49676,2,MI
49657,2,MI
72046,2,AR
72032,2,AR
72020,2,AR
72012,2,AR
72211,2,AR
72206,2,AR
72067,2,AR
53048,2,WI
72561,2,AR
72560,2,AR
72530,2,AR
32814,2,FL
99672,2,AK
32952,2,FL
32951,2,FL
32798,2,FL
32773,2,FL
32766,2,FL
33036,2,FL
32976,2,FL
32966,2,FL
32837,2,FL
24360,2,VA
72908,2,AR
72874,2,Other/Unknown
72324,2,AR
24266,2,VA
24236,2,VA
24176,2,VA
24175,2,VA
24153,2,VA
24128,2,VA
72668,2,AR
72650,2,AR
72648,2,AR
72638,2,AR
72635,2,AR
72633,2,AR
33156,2,FL
33154,2,FL
33149,2,FL
33145,2,FL
99827,2,AK
23930,2,VA
72949,2,AR
72946,2,AR
72941,2,AR
23831,2,VA
23830,2,VA
23805,2,VA
72740,2,AR
72719,2,AR
72718,2,AR
72687,2,AR
59054,2,MT
59046,2,MT
73083,2,OK
73080,2,OK
73079,2,OK
72847,2,AR
72823,2,AR
24122,2,VA
24104,2,VA
32927,2,FL
32926,2,FL
32923,2,FL
32922,2,FL
32920,2,FL
59077,2,MT
59069,2,MT
59016,2,MT
98384,2,WA
23696,2,VA
23693,2,VA
23608,2,VA
23508,2,VA
23464,2,VA
23456,2,VA
99803,2,AK
99743,2,AK
99737,2,AK
99706,2,AK
33133,2,FL
33129,2,FL
33075,2,FL
59065,2,MT
73064,2,OK
73055,2,OK
73045,2,OK
73008,2,OK
73004,2,OK
98396,2,WA
59030,2,MT
33314,2,FL
59104,2,MT
59088,2,MT
33309,2,FL
33256,2,FL
33186,2,FL
33181,2,FL
33179,2,FL
33162,2,FL
33327,2,FL
33322,2,FL
73165,2,OK
73162,2,OK
73151,2,OK
98380,2,WA
98374,2,WA
98371,2,WA
02743,2,MA
02738,2,MA
23417,2,VA
23321,2,VA
23310,2,VA
23238,2,VA
23231,2,VA
73078,2,OK
73118,2,OK
73114,2,OK
73103,2,OK
73095,2,OK
73093,2,OK
73507,2,OK
73443,2,OK
59003,2,MT
33137,2,FL
59002,2,MT
33415,2,FL
33414,2,FL
33409,2,FL
33404,2,FL
33331,2,FL
33330,2,FL
33525,2,FL
73763,2,OK
73761,2,OK
73760,2,OK
73758,2,OK
73139,2,OK
73131,2,OK
73122,2,OK
23219,2,VA
23177,2,VA
23138,2,VA
73742,2,OK
73728,2,OK
73717,2,OK
73641,2,OK
73614,2,Other/Unknown
73541,2,OK
73530,2,OK
73529,2,OK
73527,2,OK
74048,2,OK
74023,2,OK
74019,2,OK
73860,2,OK
33321,2,FL
33316,2,FL
33462,2,FL
33619,2,FL
33618,2,FL
33442,2,FL
33441,2,FL
33440,2,FL
33470,2,FL
33467,2,FL
33592,2,FL
33570,2,FL
33565,2,FL
74401,2,OK
74352,2,OK
23227,2,VA
23225,2,VA
74158,2,OK
23111,2,VA
23109,2,VA
23102,2,VA
23063,2,VA
23061,2,VA
23009,2,VA
74462,2,OK
74450,2,OK
74432,2,OK
74074,2,OK
49648,2,MI
49643,2,MI
49640,2,MI
49636,2,MI
49635,2,MI
33514,2,FL
33496,2,FL
33484,2,FL
33480,2,FL
33472,2,FL
33708,2,FL
33471,2,FL
22969,2,VA
22967,2,VA
22952,2,VA
22949,2,VA
22922,2,VA
74347,2,OK
74340,2,OK
74331,2,OK
22824,2,VA
22815,2,VA
74745,2,OK
74733,2,OK
74702,2,OK
74525,2,OK
74501,2,OK
74467,2,OK
33634,2,FL
22508,2,VA
22443,2,VA
75021,2,TX
75009,2,TX
74940,2,OK
74884,2,OK
22980,2,VA
22971,2,VA
33544,2,FL
33776,2,FL
33773,2,FL
33615,2,FL
33606,2,FL
33602,2,FL
58739,2,Other/Unknown
33875,2,FL
75052,2,TX
75050,2,TX
75043,2,TX
22044,2,VA
22712,2,VA
22656,2,VA
22610,2,VA
22567,2,VA
22556,2,VA
33760,2,FL
33710,2,FL
58609,2,Other/Unknown
33703,2,FL
33702,2,FL
33694,2,FL
75076,2,TX
75065,2,TX
75058,2,TX
75057,2,TX
22408,2,VA
22307,2,VA
22236,2,Other/Unknown
75053,2,TX
58671,2,Other/Unknown
33811,2,FL
33777,2,FL
49021,2,MI
33920,2,FL
33770,2,FL
33764,2,FL
33761,2,FL
53574,2,WI
53570,2,WI
53565,2,WI
53560,2,WI
75125,2,TX
22151,2,VA
7529,2,Other/Unknown
22030,2,VA
75115,2,TX
75109,2,TX
75103,2,TX
75094,2,TX
75081,2,TX
22206,2,VA
21788,2,MD
21787,2,MD
21783,2,MD
21781,2,MD
75189,2,TX
75160,2,TX
75156,2,TX
75132,2,TX
75126,2,TX
33852,2,FL
33843,2,FL
33830,2,FL
33825,2,FL
G1S 0A8,2,Canada
BS65BL,2,Other/Unknown
BR7 6BF,2,Other/Unknown
BD23 3RT,2,Other/Unknown
99901,2,AK
33954,2,FL
33948,2,FL
33946,2,FL
34119,2,FL
34116,2,FL
02653,2,MA
02575,2,MA
02568,2,MA
02556,2,MA
75235,2,TX
21842,2,MD
21813,2,MD
21811,2,MD
21801,2,MD
75563,2,TX
75503,2,TX
75763,2,TX
75762,2,TX
75494,2,TX
75474,2,TX
75473,2,TX
75468,2,TX
75457,2,TX
75454,2,TX
75423,2,TX
49045,2,MI
49038,2,MI
49033,2,MI
49030,2,MI
33980,2,FL
33967,2,FL
33955,2,FL
34274,2,FL
34269,2,FL
52761,2,IA
52753,2,IA
52751,2,IA
52748,2,IA
52742,2,IA
02553,2,MA
98364,2,WA
98363,2,WA
98361,2,WA
98354,2,WA
98345,2,WA
98344,2,WA
98342,2,WA
98340,2,WA
75846,2,TX
75686,2,TX
75671,2,TX
75670,2,TX
75654,2,TX
75633,2,TX
75569,2,TX
IT,2,Other/Unknown
GU16 6HE,2,Other/Unknown
G1X 2X8,2,Canada
34215,2,FL
34203,2,FL
34201,2,FL
34133,2,FL
3413,2,Other/Unknown
58543,2,Other/Unknown
76005,2,TX
76002,2,TX
76001,2,TX
75964,2,TX
75941,2,TX
52731,2,IA
52659,2,IA
52637,2,IA
52625,2,IA
52623,2,IA
21740,2,MD
21733,2,MD
21679,2,MD
21671,2,MD
21665,2,MD
75859,2,TX
75802,2,TX
75770,2,TX
52769,2,IA
76006,2,TX
34265,2,FL
33909,2,FL
33907,2,FL
33898,2,FL
33981,2,FL
34237,2,FL
34223,2,FL
58514,2,Other/Unknown
34459,2,Other/Unknown
34432,2,FL
34420,2,FL
34289,2,FL
34475,2,FL
34474,2,FL
21215,2,MD
76103,2,TX
75904,2,TX
75901,2,TX
21776,2,MD
21771,2,MD
76060,2,TX
76058,2,TX
76039,2,TX
76031,2,TX
76023,2,TX
21634,2,MD
75844,2,TX
75840,2,TX
21632,2,MD
21620,2,MD
21617,2,MD
21286,2,MD
21239,2,MD
21222,2,MD
21221,2,MD
21218,2,MD
34287,2,FL
34103,2,FL
34614,2,FL
34606,2,FL
34488,2,FL
34482,2,FL
34480,2,FL
34479,2,FL
34771,2,FL
34746,2,FL
76230,2,TX
76208,2,TX
76177,2,TX
76082,2,TX
76070,2,TX
76067,2,TX
21146,2,MD
21128,2,MD
21117,2,MD
21104,2,MD
76161,2,TX
76147,2,TX
76137,2,TX
76135,2,TX
76365,2,TX
76354,2,TX
76133,2,TX
76110,2,TX
21226,2,MD
76273,2,TX
76264,2,TX
76249,2,TX
76247,2,TX
76245,2,TX
34470,2,FL
34251,2,FL
35054,2,AL
34695,2,FL
34684,2,FL
34667,2,FL
58431,2,ND
35160,2,AL
76462,2,TX
76458,2,TX
76455,2,TX
76453,2,TX
21161,2,MD
76433,2,TX
21077,2,MD
21076,2,MD
21074,2,MD
21048,2,MD
76426,2,TX
76424,2,TX
76401,2,TX
76366,2,TX
76671,2,TX
20818,2,MD
76641,2,TX
76624,2,TX
76539,2,TX
76537,2,TX
76531,2,TX
76528,2,TX
76520,2,TX
34739,2,FL
34983,2,FL
35205,2,AL
35178,2,AL
34982,2,FL
34979,2,FL
34952,2,FL
52572,2,IA
52544,2,IA
52531,2,IA
49783,2,MI
49757,2,MI
49738,2,MI
35125,2,AL
35124,2,AL
35079,2,AL
35581,2,AL
35563,2,AL
35555,2,AL
35475,2,AL
58323,2,ND
58317,2,ND
58422,2,ND
58269,2,ND
58265,2,ND
35863,2,Other/Unknown
35824,2,AL
20754,2,MD
76877,2,TX
76841,2,TX
21032,2,MD
21030,2,MD
21001,2,MD
35453,2,AL
35209,2,AL
35747,2,AL
36037,2,AL
36022,2,AL
58355,2,ND
77049,2,TX
35810,2,AL
35756,2,AL
48871,2,MI
48850,2,MI
48849,2,MI
48842,2,MI
53577,2,WI
58244,2,ND
35960,2,AL
35633,2,AL
35622,2,AL
35585,2,AL
35903,2,AL
58281,2,ND
58273,2,ND
01588,2,MA
48910,2,MI
20657,2,MD
20613,2,MD
20603,2,MD
77373,2,TX
20721,2,MD
20716,2,MD
20711,2,MD
20707,2,MD
77098,2,TX
77089,2,TX
98327,2,WA
98295,2,WA
77064,2,TX
77063,2,TX
02822,2,RI
02818,2,RI
02817,2,RI
02813,2,RI
02806,2,RI
02779,2,MA
20676,2,MD
2067,2,Other/Unknown
35957,2,AL
35951,2,AL
35906,2,AL
01775,2,MA
01756,2,MA
01749,2,MA
01747,2,MA
01604,2,MA
36582,2,AL
77445,2,TX
20194,2,VA
77353,2,TX
77331,2,TX
20770,2,MD
20181,2,VA
20178,2,VA
20169,2,VA
20158,2,VA
77414,2,TX
77396,2,TX
77389,2,TX
77388,2,TX
77385,2,TX
02830,2,RI
77551,2,TX
77546,2,TX
77535,2,TX
77477,2,TX
77476,2,TX
48893,2,MI
48879,2,MI
48876,2,MI
48875,2,MI
36092,2,AL
36089,2,AL
36080,2,AL
36078,2,AL
36067,2,AL
58238,2,ND
36587,2,AL
36425,2,AL
36323,2,AL
37035,2,TN
37034,2,TN
37032,2,TN
37031,2,TN
77651,2,TX
78052,2,TX
78027,2,TX
78015,2,TX
20191,2,VA
77632,2,TX
77583,2,TX
77581,2,TX
77568,2,TX
77563,2,TX
20019,2,DC
77984,2,TX
77904,2,TX
77856,2,TX
77831,2,TX
77713,2,TX
77706,2,TX
77665,2,TX
77662,2,TX
MK18 2FT,2,Other/Unknown
M6S 4Z1,2,Canada
M4Y 1R8,2,Canada
LE5 6AD,2,Other/Unknown
L0L 1L0,2,Canada
36543,2,AL
36502,2,AL
37072,2,TN
37068,2,TN
37060,2,TN
52401,2,IA
52358,2,IA
52356,2,IA
77995,2,TX
20152,2,VA
20147,2,VA
20141,2,VA
20136,2,VA
20112,2,VA
20105,2,VA
02771,2,MA
02766,2,MA
98250,2,WA
78154,2,TX
98249,2,WA
98247,2,WA
98236,2,WA
03042,2,NH
03031,2,NH
02904,2,RI
02896,2,RI
02891,2,RI
36262,2,AL
36109,2,AL
36093,2,AL
37357,2,TN
37014,2,TN
36862,2,AL
37073,2,TN
52306,2,IA
52255,2,IA
78070,2,TX
37166,2,TN
37144,2,TN
37138,2,TN
37408,2,TN
37388,2,TN
37110,2,TN
37090,2,TN
37080,2,TN
37218,2,TN
78216,2,TX
78215,2,TX
78212,2,TX
78155,2,TX
78223,2,TX
78218,2,TX
78377,2,TX
78370,2,TX
78332,2,TX
78152,2,TX
78147,2,TX
78121,2,TX
20012,2,DC
2000,2,Other/Unknown
78102,2,TX
78101,2,TX
19951,2,DE
52338,2,IA
52330,2,IA
52329,2,IA
37323,2,TN
37322,2,TN
37318,2,TN
37310,2,TN
37309,2,TN
19605,2,PA
19560,2,PA
19555,2,PA
19551,2,PA
19541,2,PA
78249,2,TX
78244,2,TX
78239,2,TX
78237,2,TX
78234,2,TX
78230,2,TX
78611,2,TX
78606,2,TX
78605,2,TX
78266,2,TX
78258,2,TX
78257,2,TX
19973,2,DE
19962,2,DE
19952,2,DE
19608,2,PA
37206,2,TN
37191,2,TN
58043,2,ND
37640,2,TN
37615,2,TN
37353,2,TN
78501,2,TX
78428,2,Other/Unknown
78636,2,TX
58029,2,ND
58013,2,ND
37411,2,TN
37738,2,TN
37725,2,TN
37723,2,TN
37722,2,TN
37687,2,TN
37381,2,TN
37373,2,TN
37367,2,TN
58008,2,ND
58002,2,ND
57756,2,SD
19311,2,PA
78726,2,TX
78725,2,TX
78596,2,TX
19702,2,DE
19701,2,DE
19533,2,PA
19526,2,PA
19522,2,PA
19508,2,PA
19507,2,PA
19460,2,PA
78570,2,TX
78516,2,TX
78503,2,TX
78732,2,TX
19425,2,PA
78663,2,TX
78645,2,TX
19352,2,PA
19350,2,PA
19341,2,PA
37683,2,TN
37681,2,TN
37642,2,TN
37813,2,TN
37811,2,TN
37807,2,TN
37801,2,TN
37912,2,TN
57766,2,SD
78833,2,TX
78767,2,TX
78755,2,TX
78749,2,TX
57752,2,SD
37769,2,TN
37754,2,TN
37745,2,TN
R0H 0R0,2,Canada
R0G 1V0,2,Canada
R0G 0B0,2,Canada
P9N 1K5,2,Canada
P9N 0C5,2,Canada
OX3 0PB,2,Other/Unknown
N6C 2N6,2,Canada
57741,2,SD
57576,2,SD
79311,2,TX
79852,2,TX
19373,2,PA
79226,2,TX
79201,2,TX
79118,2,TX
79110,2,TX
79104,2,TX
79070,2,TX
79056,2,TX
79036,2,TX
79029,2,TX
78933,2,TX
78722,2,TX
78676,2,TX
49892,2,MI
49876,2,MI
79343,2,TX
79336,2,TX
79331,2,TX
19301,2,PA
19129,2,PA
19115,2,PA
19106,2,PA
37860,2,TN
37857,2,TN
37853,2,TN
37848,2,TN
37841,2,TN
37869,2,TN
37865,2,TN
79761,2,TX
79720,2,TX
79567,2,TX
79549,2,TX
79501,2,TX
79407,2,TX
R1N 3A4,2,Canada
R1A 2S6,2,Canada
57548,2,SD
57543,2,SD
38028,2,TN
38023,2,TN
38019,2,TN
37938,2,TN
79358,2,TX
52247,2,IA
49849,2,MI
49839,2,MI
49833,2,MI
49802,2,MI
79924,2,TX
37886,2,TN
37874,2,TN
57540,2,SD
57528,2,SD
57476,2,SD
57474,2,SD
57461,2,SD
38119,2,TN
02888,2,RI
02886,2,RI
02879,2,RI
53932,2,WI
53818,2,WI
53813,2,WI
18428,2,PA
80101,2,CO
19006,2,PA
02860,2,RI
98178,2,WA
50561,2,IA
50556,2,IA
50542,2,IA
8,2,Other/Unknown
79936,2,TX
19072,2,PA
19060,2,PA
19047,2,PA
18708,2,PA
19040,2,PA
19026,2,PA
19020,2,PA
19014,2,PA
79932,2,TX
52254,2,IA
18435,2,PA
18431,2,PA
38111,2,TN
53947,2,WI
57368,2,SD
57362,2,SD
38468,2,TN
53935,2,WI
53934,2,WI
38058,2,TN
38057,2,TN
57454,2,SD
57432,2,SD
57420,2,SD
57386,2,SD
18036,2,PA
80163,2,CO
18969,2,PA
18944,2,PA
80010,2,CO
18326,2,PA
18302,2,PA
18218,2,PA
18202,2,PA
18092,2,PA
18088,2,PA
80320,2,Other/Unknown
80307,2,CO
18634,2,PA
18466,2,PA
18071,2,PA
18055,2,PA
18053,2,PA
18049,2,PA
18037,2,PA
53718,2,WI
53666,2,Other/Unknown
53594,2,WI
38060,2,TN
57334,2,SD
57315,2,SD
38463,2,TN
38358,2,TN
38337,2,TN
38251,2,TN
80477,2,CO
80471,2,CO
80467,2,CO
18360,2,PA
18346,2,PA
17859,2,PA
17846,2,PA
17844,2,PA
17837,2,PA
17836,2,PA
17830,2,PA
80229,2,CO
50230,2,IA
50225,2,IA
17581,2,PA
17545,2,PA
17538,2,PA
80260,2,CO
80246,2,CO
18015,2,PA
18011,2,PA
17961,2,PA
57384,2,SD
57371,2,SD
57312,2,SD
57303,2,Other/Unknown
57283,2,Other/Unknown
57269,2,SD
38572,2,TN
38556,2,TN
17512,2,PA
17407,2,PA
17404,2,PA
17403,2,PA
80454,2,CO
80440,2,CO
80437,2,CO
80421,2,CO
80420,2,CO
50539,2,IA
50311,2,IA
50258,2,IA
50244,2,IA
50234,2,IA
R3N 0B2,2,Canada
17320,2,PA
17233,2,PA
17222,2,PA
50221,2,Other/Unknown
50480,2,IA
98113,2,WA
03215,2,NH
38237,2,TN
R2G 3S2,2,Canada
R2G 2L1,2,Canada
R2E 1E1,2,Canada
R1N 3G4,2,Canada
R1N 3C3,2,Canada
38610,2,MS
38585,2,TN
17372,2,PA
17361,2,PA
17360,2,PA
17356,2,PA
17353,2,PA
80620,2,CO
80545,2,CO
38473,2,TN
38852,2,MS
38730,2,MS
38725,2,MS
38673,2,MS
38672,2,MS
38671,2,MS
57257,2,SD
R3P 0A8,2,Canada
80650,2,CO
17067,2,PA
R2V 3K7,2,Canada
R2M 2N1,2,Canada
57234,2,SD
57233,2,SD
57224,2,SD
57221,2,SD
57219,2,SD
57218,2,SD
57216,2,SD
57137,2,Other/Unknown
57109,2,SD
17050,2,PA
17046,2,PA
17037,2,PA
52068,2,IA
17025,2,PA
17022,2,PA
17019,2,PA
80642,2,CO
8062P,2,Other/Unknown
16832,2,PA
16740,2,PA
16738,2,PA
16686,2,PA
16678,2,PA
80864,2,CO
80827,2,CO
80817,2,CO
17090,2,PA
80720,2,CO
57063,2,SD
39555,2,MS
16936,2,PA
16932,2,PA
16923,2,PA
52223,2,IA
80759,2,CO
52218,2,IA
52211,2,IA
52208,2,IA
52205,2,IA
52202,2,IA
52175,2,IA
52146,2,IA
52078,2,IA
52073,2,IA
81132,2,CO
81501,2,CO
81082,2,CO
81054,2,CO
81050,2,CO
81023,2,CO
81008,2,CO
81006,2,CO
81003,2,CO
38860,2,MS
38858,2,MS
39202,2,MS
39039,2,MS
38863,2,MS
38862,2,MS
57073,2,SD
16404,2,PA
81302,2,CO
81242,2,CO
81240,2,CO
81236,2,CO
39553,2,MS
39540,2,MS
57241,2,SD
39507,2,MS
39475,2,MS
39440,2,MS
39437,2,MS
39429,2,MS
39402,2,MS
57053,2,SD
81154,2,CO
03087,2,NH
03079,2,NH
03077,2,NH
03064,2,NH
81419,2,CO
81410,2,CO
81402,2,CO
81326,2,CO
16669,2,PA
16662,2,PA
16648,2,PA
16630,2,PA
16617,2,PA
81648,2,CO
81647,2,CO
16506,2,PA
81641,2,CO
81631,2,CO
81620,2,CO
81616,2,Other/Unknown
81615,2,CO
8157,2,Other/Unknown
81527,2,CO
57038,2,SD
57036,2,SD
57021,2,SD
39218,2,MS
57017,2,SD
56764,2,Other/Unknown
40008,2,KY
39842,2,GA
39834,2,GA
40206,2,KY
40150,2,KY
15767,2,PA
15736,2,PA
15728,2,PA
15717,2,PA
03062,2,NH
03057,2,NH
03049,2,NH
16322,2,PA
16254,2,PA
16235,2,PA
16141,2,PA
16137,2,PA
16127,2,PA
81643,2,CO
16117,2,PA
16115,2,PA
8200,2,Other/Unknown
81656,2,CO
81654,2,CO
15868,2,PA
15857,2,PA
15856,2,PA
39577,2,MS
39574,2,MS
39560,2,MS
56759,2,MN
56758,2,MN
56756,2,MN
56755,2,MN
56742,2,MN
82325,2,WY
82214,2,WY
82212,2,WY
82190,2,WY
82714,2,WY
40069,2,KY
40059,2,KY
40056,2,KY
56727,2,MN
56723,2,MN
56722,2,MN
56711,2,MN
40353,2,KY
40342,2,KY
82644,2,WY
82420,2,WY
40831,2,KY
40505,2,KY
49950,2,MI
49945,2,MI
49920,2,MI
16037,2,PA
16033,2,PA
15963,2,PA
15940,2,PA
82923,2,WY
15666,2,PA
15663,2,PA
15650,2,PA
15642,2,PA
15636,2,PA
15632,2,PA
15238,2,PA
52033,2,IA
15545,2,PA
15533,2,PA
52003,2,IA
51632,2,IA
50020,2,IA
50006,2,IA
40258,2,KY
40245,2,KY
56691,2,Other/Unknown
39562,2,MS
56667,2,MN
56662,2,MN
56654,2,MN
41003,2,KY
83118,2,WY
83250,2,ID
83241,2,ID
15367,2,PA
15362,2,PA
15360,2,PA
48766,2,MI
56731,2,MN
48763,2,MI
48761,2,MI
48755,2,MI
48749,2,MI
48746,2,MI
53965,2,WI
53956,2,WI
15330,2,PA
83361,2,Other/Unknown
83350,2,ID
83332,2,ID
83330,2,ID
53949,2,WI
53948,2,WI
56628,2,MN
56620,2,Other/Unknown
41076,2,KY
41075,2,KY
41043,2,KY
41039,2,KY
83327,2,ID
83274,2,ID
83251,2,ID
83127,2,WY
15084,2,PA
15217,2,PA
15216,2,PA
15214,2,PA
15211,2,PA
15209,2,PA
15207,2,PA
15206,2,PA
15143,2,PA
15136,2,PA
15133,2,PA
83535,2,ID
83467,2,ID
83445,2,ID
83429,2,ID
83420,2,ID
83648,2,ID
83637,2,ID
83629,2,ID
83628,2,ID
83624,2,ID
83619,2,ID
83612,2,ID
15221,2,PA
42071,2,KY
42544,2,KY
41837,2,KY
41701,2,KY
41256,2,KY
56566,2,MN
15218,2,PA
15101,2,PA
43078,2,OH
42220,2,KY
42211,2,KY
56538,2,MN
83872,2,ID
83871,2,ID
14871,2,NY
15057,2,PA
15042,2,PA
15005,2,PA
15001,2,PA
14883,2,NY
83672,2,ID
14618,2,NY
83861,2,ID
83858,2,ID
43056,2,OH
03260,2,NH
83849,2,ID
83848,2,ID
83833,2,ID
83821,2,ID
83816,2,ID
83813,2,ID
83804,2,ID
83801,2,ID
42420,2,KY
42352,2,KY
42320,2,KY
42302,2,KY
43113,2,OH
43112,2,OH
14843,2,NY
14840,2,NY
14806,2,NY
14731,2,NY
14727,2,NY
14710,2,NY
43021,2,OH
43004,2,OH
42765,2,KY
42754,2,KY
56453,2,MN
42519,2,KY
42503,2,KY
42456,2,KY
56523,2,MN
56518,2,MN
56475,2,MN
84049,2,UT
84048,2,UT
14617,2,NY
14612,2,NY
03249,2,NH
03226,2,NH
98040,2,WA
98039,2,WA
14606,2,NY
14604,2,NY
14564,2,NY
14527,2,NY
84033,2,UT
84025,2,UT
14845,2,NY
43420,2,OH
43416,2,OH
14216,2,NY
84101,2,UT
83873,2,ID
84087,2,UT
84084,2,UT
84078,2,UT
84068,2,UT
84058,2,UT
43031,2,OH
43119,2,OH
43606,2,OH
43542,2,OH
43071,2,OH
43070,2,OH
43502,2,OH
14085,2,NY
14480,2,NY
14420,2,NY
14304,2,NY
14222,2,NY
14217,2,NY
43212,2,OH
43209,2,OH
43202,2,OH
43951,2,OH
43950,2,OH
43844,2,OH
56434,2,MN
43443,2,OH
43431,2,OH
51549,2,IA
51543,2,IA
51532,2,IA
51525,2,IA
51523,2,IA
43316,2,OH
43314,2,OH
56349,2,MN
56343,2,MN
44050,2,OH
44048,2,OH
48730,2,MI
48723,2,MI
48708,2,MI
43528,2,OH
43522,2,OH
98032,2,WA
03825,2,NH
03781,2,NH
84302,2,UT
14209,2,NY
14202,2,NY
14174,2,NY
14172,2,NY
14150,2,NY
14138,2,NY
14126,2,NY
49919,2,MI
13830,2,NY
13760,2,NY
51560,2,IA
51556,2,IA
48809,2,MI
44028,2,OH
44017,2,OH
44011,2,OH
43756,2,OH
84757,2,UT
84745,2,UT
84741,2,UT
84720,2,UT
13732,2,NY
13652,2,NY
84653,2,UT
84648,2,UT
84637,2,UT
84629,2,UT
84606,2,UT
44090,2,OH
44087,2,OH
44084,2,OH
13159,2,NY
13114,2,NY
85029,2,AZ
85022,2,AZ
03743,2,NH
03466,2,NH
84784,2,UT
43449,2,OH
56382,2,MN
56363,2,MN
440 30,2,Other/Unknown
48838,2,MI
48817,2,MI
85053,2,AZ
85045,2,AZ
14043,2,NY
14040,2,NY
14006,2,NY
13862,2,NY
13841,2,NY
13224,2,NY
13215,2,NY
43725,2,OH
43713,2,OH
56297,2,MN
56294,2,MN
56292,2,MN
56291,2,MN
44106,2,OH
13037,2,NY
13035,2,NY
13029,2,NY
12962,2,NY
12953,2,NY
85117,2,AZ
85098,2,AZ
85082,2,AZ
48650,2,MI
48634,2,MI
48629,2,MI
R6W 4B2,2,Canada
R5G 2P3,2,Canada
R3T 6K4,2,Canada
R3R 3Y8,2,Canada
R3R 3V4,2,Canada
44126,2,OH
12936,2,NY
12901,2,NY
12874,2,NY
12870,2,NY
12865,2,NY
13416,2,NY
12845,2,NY
12843,2,NY
12831,2,NY
12828,2,NY
12590,2,NY
12589,2,NY
13090,2,NY
85014,2,AZ
85009,2,AZ
12525,2,NY
12517,2,NY
12460,2,NY
12455,2,NY
12942,2,NY
56330,2,MN
56302,2,MN
44057,2,OH
56285,2,MN
56282,2,MN
56280,2,MN
56279,2,MN
56266,2,MN
44140,2,OH
44138,2,OH
44131,2,OH
44216,2,OH
44212,2,OH
44203,2,OH
12148,2,NY
85325,2,AZ
12060,2,NY
12037,2,NY
85321,2,AZ
85305,2,AZ
85303,2,AZ
85301,2,AZ
85269,2,AZ
12586,2,NY
12567,2,NY
12546,2,NY
13041,2,NY
03909,2,ME
03904,2,ME
12406,2,NY
12404,2,NY
12401,2,NY
12309,2,NY
12197,2,NY
12182,2,NY
S0C 0R0,2,Canada
S0A 4T0,2,Canada
R7B 4C6,2,Canada
56252,2,MN
56243,2,MN
44226,2,Other/Unknown
44223,2,OH
44221,2,OH
85356,2,AZ
85339,2,AZ
12446,2,NY
44201,2,OH
44074,2,OH
44062,2,OH
44146,2,OH
56237,2,MN
56230,2,MN
56229,2,MN
56224,2,MN
56222,2,MN
56216,2,MN
44333,2,OH
98028,2,WA
98024,2,WA
11804,2,NY
11803,2,NY
11793,2,NY
11789,2,NY
11788,2,NY
03868,2,NH
03867,2,NH
03854,2,NH
03849,2,NH
03848,2,NH
03846,2,NH
85643,2,AZ
85637,2,AZ
85615,2,AZ
11944,2,NY
85362,2,AZ
44255,2,OH
44251,2,OH
56186,2,MN
56176,2,MN
85925,2,AZ
85746,2,AZ
85738,2,AZ
85736,2,AZ
85602,2,AZ
85552,2,AZ
12110,2,NY
12093,2,NY
12084,2,NY
12065,2,NY
12061,2,NY
11848,2,Other/Unknown
11721,2,NY
11787,2,NY
11783,2,NY
11782,2,NY
11777,2,NY
11767,2,NY
86046,2,AZ
85935,2,AZ
85933,2,AZ
44312,2,OH
44281,2,OH
44124,2,OH
56121,2,MN
56120,2,MN
44280,2,OH
44273,2,OH
44481,2,OH
44440,2,OH
44437,2,OH
44410,2,OH
11563,2,NY
11559,2,NY
51455,2,IA
51453,2,IA
85730,2,AZ
85716,2,AZ
85712,2,AZ
11932,2,NY
11542,2,NY
86334,2,AZ
11764,2,NY
11756,2,NY
87013,2,NM
87005,2,NM
86429,2,AZ
86405,2,AZ
11705,2,NY
11703,2,NY
11702,2,NY
11577,2,NY
56171,2,MN
56166,2,MN
56160,2,MN
44656,2,OH
44654,2,OH
44681,2,OH
44626,2,OH
44601,2,OH
56117,2,MN
56110,2,MN
56097,2,MN
51458,2,IA
87574,2,NM
87539,2,NM
87535,2,NM
50069,2,IA
50063,2,IA
50062,2,IA
50056,2,IA
50054,2,IA
50047,2,IA
50035,2,IA
87043,2,NM
87106,2,NM
11385,2,NY
11366,2,NY
11363,2,NY
11226,2,NY
51463,2,IA
51462,2,IA
56150,2,MN
56137,2,MN
56128,2,MN
56122,2,MN
56026,2,MN
44907,2,OH
44903,2,OH
44889,2,OH
44851,2,OH
44842,2,OH
97627,2,OR
88081,2,NM
88065,2,NM
88062,2,NM
88053,2,NM
88030,2,NM
8802,2,Other/Unknown
87410,2,NM
87401,2,NM
87301,2,NM
87144,2,NM
87121,2,NM
98002,2,WA
97918,2,OR
97885,2,OR
97850,2,OR
55983,2,MN
55979,2,MN
55976,2,MN
55975,2,MN
55971,2,MN
44672,2,OH
44667,2,OH
44666,2,OH
88340,2,NM
88312,2,NM
88310,2,NM
88260,2,NM
97827,2,OR
97814,2,OR
97753,2,OR
97682,2,Other/Unknown
11104,2,NY
10956,2,NY
10954,2,NY
88008,2,NM
88007,2,NM
87935,2,NM
11030,2,NY
10992,2,NY
10990,2,NY
88352,2,NM
56069,2,MN
56060,2,MN
44718,2,OH
44705,2,OH
56009,2,MN
55991,2,MN
45044,2,OH
45039,2,OH
45011,2,OH
44839,2,OH
44830,2,OH
97601,2,OR
97537,2,OR
97534,2,OR
97532,2,OR
88211,2,NM
88201,2,NM
89074,2,NV
89053,2,NV
89021,2,NV
89006,2,NV
11213,2,NY
55965,2,MN
89413,2,NV
89411,2,NV
89408,2,NV
89201,2,Other/Unknown
10710,2,NY
10607,2,NY
10597,2,NY
89121,2,NV
89101,2,NV
44663,2,OH
56054,2,MN
56052,2,MN
56046,2,MN
45067,2,OH
45061,2,OH
97479,2,OR
04102,2,ME
04101,2,ME
04092,2,ME
04079,2,ME
04038,2,ME
04021,2,ME
04011,2,ME
89429,2,NV
44814,2,OH
45174,2,OH
45157,2,OH
45154,2,OH
45148,2,OH
45133,2,OH
45122,2,OH
89133,2,NV
89128,2,NV
89124,2,NV
10977,2,NY
10960,2,NY
55954,2,MN
55953,2,MN
45068,2,OH
55805,2,MN
55802,2,MN
55801,2,MN
54170,2,WI
45005,2,OH
10566,2,NY
10547,2,NY
10541,2,NY
10522,2,NY
89444,2,NV
89442,2,NV
89434,2,NV
89431,2,NV
90004,2,CA
89820,2,NV
55935,2,MN
S0H 4C0,2,Canada
S0H 0Z0,2,Canada
S0G 4G0,2,Canada
S0C 2L0,2,Canada
45102,2,OH
55918,2,MN
89506,2,NV
89147,2,NV
54006,2,WI
55797,2,MN
S4H 2K7,2,Canada
51243,2,IA
90242,2,CA
89451,2,NV
89448,2,NV
10583,2,NY
10576,2,NY
90209,2,CA
90048,2,CA
90046,2,CA
90042,2,CA
90041,2,CA
90036,2,CA
10533,2,NY
10016,2,NY
90020,2,CA
51354,2,IA
51351,2,IA
51347,2,IA
51346,2,IA
51345,2,IA
51334,2,IA
51249,2,IA
55917,2,MN
55910,2,MN
45242,2,OH
45226,2,OH
54114,2,WI
54014,2,WI
54011,2,WI
90240,2,CA
90274,2,CA
10502,2,NY
10463,2,NY
10307,2,NY
S4A 2A4,2,Canada
S4A 1G7,2,Canada
55790,2,MN
55771,2,MN
45331,2,OH
45327,2,OH
45318,2,OH
45314,2,OH
10306,2,NY
10301,2,NY
50026,2,IA
55723,2,MN
90807,2,CA
90806,2,CA
90804,2,CA
90732,2,CA
90706,2,CA
90623,2,CA
90620,2,CA
90501,2,CA
90500,2,Other/Unknown
90293,2,CA
04005,2,ME
97456,2,OR
97444,2,OR
97417,2,OR
97394,2,OR
91236,2,Other/Unknown
91108,2,CA
91107,2,CA
97391,2,OR
97365,2,OR
97362,2,OR
50660,2,IA
91001,2,CA
45251,2,OH
54157,2,WI
54156,2,WI
55757,2,MN
55753,2,MN
55749,2,MN
55735,2,MN
55724,2,MN
45503,2,OH
45455,2,Other/Unknown
91390,2,CA
91362,2,CA
10030,2,NY
91335,2,CA
91325,2,CA
91306,2,CA
55703,2,MN
45405,2,OH
45385,2,OH
45380,2,OH
45369,2,OH
45365,2,OH
45347,2,OH
45342,2,OH
08904,2,NJ
08902,2,NJ
91602,2,CA
91601,2,CA
91040,2,CA
91021,2,CA
91011,2,CA
91406,2,CA
91402,2,CA
55614,2,MN
55609,2,MN
55501,2,Other/Unknown
45895,2,OH
45657,2,OH
45652,2,OH
45504,2,OH
55402,2,MN
91711,2,CA
08758,2,NJ
91344,2,CA
91343,2,CA
45430,2,OH
45810,2,OH
46055,2,IN
46164,2,IN
46163,2,IN
45806,2,OH
45761,2,OH
45750,2,OH
45744,2,OH
45732,2,OH
45701,2,OH
91741,2,CA
91739,2,CA
46121,2,IN
46068,2,IN
46580,2,IN
46574,2,IN
46552,2,IN
46160,2,IN
46147,2,IN
46145,2,Other/Unknown
45663,2,OH
46044,2,IN
46012,2,IN
46201,2,IN
46173,2,IN
45853,2,OH
46235,2,IN
08817,2,NJ
08807,2,NJ
08550,2,NJ
08535,2,NJ
92029,2,CA
92027,2,CA
92022,2,CA
92021,2,CA
92007,2,CA
91977,2,CA
50130,2,IA
91506,2,CA
91789,2,CA
91765,2,CA
91754,2,CA
92115,2,CA
92114,2,CA
50109,2,IA
50074,2,IA
50071,2,IA
51046,2,IA
51039,2,IA
08822,2,NJ
46128,2,IN
55382,2,MN
46226,2,IN
55329,2,MN
46723,2,IN
46706,2,IN
46278,2,IN
46268,2,IN
50644,2,IA
92088,2,CA
08865,2,NJ
08854,2,NJ
08852,2,NJ
51050,2,IA
46394,2,IN
46392,2,IN
46391,2,IN
46371,2,IN
55310,2,MN
46794,2,IN
46765,2,IN
46530,2,IN
46517,2,IN
92118,2,CA
08691,2,NJ
08619,2,NJ
08610,2,NJ
46514,2,IN
01201,2,MA
S4V 1M6,2,Canada
S4V 0Z8,2,Canada
S4V 0N2,2,Canada
S4T 2R6,2,Canada
S4S 3V6,2,Canada
S4M 0A3,2,Canada
S4H 3M5,2,Canada
46703,2,IN
46637,2,IN
50659,2,IA
50651,2,IA
08514,2,NJ
08512,2,NJ
08505,2,NJ
50636,2,IA
50635,2,IA
50622,2,IA
50619,2,IA
50583,2,IA
50575,2,IA
50565,2,IA
50563,2,IA
97360,2,OR
08302,2,NJ
08270,2,NJ
08244,2,NJ
08735,2,NJ
46975,2,IN
46970,2,IN
92392,2,CA
92376,2,CA
92371,2,CA
92236,2,CA
92232,2,CA
92201,2,CA
92124,2,CA
92122,2,CA
92119,2,CA
92307,2,CA
92285,2,CA
92274,2,CA
92261,2,CA
08525,2,NJ
92589,2,CA
92587,2,CA
08330,2,NJ
08310,2,NJ
92586,2,CA
92507,2,CA
92504,2,CA
92501,2,CA
46635,2,IN
46614,2,IN
46583,2,Other/Unknown
55324,2,MN
46733,2,IN
47001,2,IN
46987,2,IN
46979,2,IN
92317,2,CA
08202,2,NJ
08201,2,NJ
08088,2,NJ
08079,2,NJ
08067,2,NJ
01344,2,MA
01301,2,MA
01267,2,MA
48458,2,MI
48453,2,MI
54217,2,WI
54209,2,WI
54204,2,WI
54202,2,WI
54201,2,WI
47136,2,IN
47124,2,IN
47117,2,IN
47060,2,IN
08036,2,NJ
92880,2,CA
08026,2,NJ
08019,2,NJ
08007,2,NJ
07933,2,NJ
92626,2,CA
92624,2,CA
92606,2,CA
08205,2,NJ
08204,2,NJ
92320,2,CA
93244,2,CA
92831,2,CA
92804,2,CA
92782,2,CA
92674,2,CA
92672,2,CA
92661,2,CA
54174,2,WI
46953,2,IN
46755,2,IN
46741,2,IN
55055,2,MN
55054,2,MN
46825,2,IN
46819,2,IN
47143,2,IN
47342,2,IN
47334,2,IN
47325,2,IN
93293,2,Other/Unknown
93292,2,CA
93265,2,CA
93256,2,CA
92878,2,CA
07931,2,NJ
07921,2,NJ
07876,2,NJ
07866,2,NJ
07853,2,NJ
07850,2,NJ
07830,2,NJ
07662,2,NJ
93210,2,CA
93117,2,CA
93110,2,CA
93109,2,CA
93105,2,CA
93015,2,CA
93013,2,CA
47040,2,IN
47024,2,IN
55089,2,MN
48473,2,MI
47374,2,IN
47368,2,IN
55087,2,MN
47356,2,IN
47353,2,IN
07436,2,NJ
07424,2,NJ
93463,2,CA
93458,2,CA
93451,2,CA
93247,2,CA
07753,2,NJ
07739,2,NJ
07735,2,NJ
07731,2,NJ
07724,2,NJ
07719,2,NJ
07675,2,NJ
97355,2,OR
97344,2,OR
97325,2,OR
47448,2,IN
47443,2,IN
47424,2,IN
51027,2,IA
51026,2,IA
51025,2,IA
51023,2,IA
04537,2,ME
04429,2,ME
04412,2,ME
04350,2,ME
04287,2,ME
04284,2,ME
04270,2,ME
04265,2,ME
04240,2,ME
47601,2,IN
93612,2,CA
93555,2,CA
93406,2,CA
93405,2,CA
93402,2,CA
93390,2,CA
93308,2,CA
51036,2,IA
51028,2,IA
47177,2,IN
55071,2,MN
47523,2,IN
55020,2,MN
55053,2,MN
47459,2,IN
93704,2,CA
51013,2,Other/Unknown
50161,2,IA
07481,2,NJ
07480,2,NJ
93646,2,CA
93637,2,CA
47408,2,IN
47403,2,IN
47401,2,IN
47712,2,IN
47660,2,IN
55049,2,MN
55037,2,MN
47631,2,IN
47615,2,IN
48003,2,MI
47978,2,IN
47970,2,IN
47885,2,IN
93924,2,CA
07416,2,NJ
07401,2,NJ
07302,2,NJ
07640,2,NJ
07631,2,NJ
07512,2,NJ
07086,2,NJ
07082,2,NJ
07079,2,NJ
07076,2,NJ
93730,2,CA
94065,2,CA
94062,2,CA
07042,2,NJ
93675,2,CA
93667,2,CA
93654,2,CA
94030,2,CA
94019,2,CA
94018,2,CA
47586,2,IN
47579,2,IN
47557,2,IN
47550,2,IN
54925,2,Other/Unknown
48006,2,MI
48005,2,MI
94122,2,CA
94116,2,CA
94115,2,CA
94109,2,CA
94102,2,CA
94080,2,CA
47805,2,IN
54891,2,WI
54888,2,WI
54873,2,WI
54872,2,WI
48070,2,MI
47639,2,IN
54968,2,WI
54965,2,WI
94070,2,CA
48114,2,MI
47968,2,IN
94502,2,CA
07035,2,NJ
07021,2,NJ
07014,2,NJ
07004,2,NJ
06901,2,CT
06896,2,CT
06890,2,CT
94501,2,CA
94403,2,CA
94132,2,CA
06825,2,CT
06824,2,CT
94123,2,CA
01460,2,MA
48060,2,MI
48054,2,MI
97298,2,OR
97292,2,OR
94521,2,CA
94520,2,CA
94518,2,CA
94515,2,CA
94503,2,CA
54964,2,WI
54943,2,WI
54861,2,WI
54853,2,WI
54838,2,WI
54835,2,WI
94608,2,CA
94606,2,CA
94559,2,CA
94552,2,CA
94544,2,CA
06855,2,CT
04239,2,ME
04217,2,ME
47918,2,IN
54909,2,WI
54895,2,WI
T5N 2N4,2,Canada
T4E 2L9,2,Canada
T3H 3A2,2,Canada
T2X 4N9,2,Canada
T2T 0H6,2,Canada
06483,2,CT
94902,2,Other/Unknown
97232,2,OR
97220,2,OR
94710,2,CA
94703,2,CA
48049,2,MI
48080,2,MI
48076,2,MI
54827,2,WI
54826,2,WI
54822,2,WI
54819,2,WI
48169,2,MI
T8A 3V6,2,Canada
94612,2,CA
94596,2,CA
94583,2,CA
06793,2,CT
06786,2,CT
06759,2,CT
06752,2,CT
T7Y 1B8,2,Canada
T6R 1E3,2,Canada
T6G 0R7,2,Canada
T5Y 3A4,2,Canada
48134,2,MI
48131,2,MI
54769,2,WI
54758,2,WI
54750,2,WI
54736,2,WI
48197,2,MI
48186,2,MI
48185,2,MI
48182,2,MI
95368,2,CA
95361,2,CA
95354,2,CA
95031,2,CA
95024,2,CA
95010,2,CA
95008,2,CA
95006,2,CA
95003,2,CA
94953,2,CA
95207,2,CA
95148,2,CA
50135,2,IA
50134,2,IA
51002,2,IA
95133,2,CA
95125,2,CA
95120,2,CA
95110,2,CA
95073,2,CA
95070,2,CA
54727,2,WI
48106,2,MI
48093,2,MI
48092,2,MI
48207,2,MI
48202,2,MI
48198,2,MI
54627,2,WI
54624,2,WI
48320,2,MI
48317,2,MI
95403,2,CA
06426,2,CT
06424,2,CT
06416,2,CT
95348,2,CA
95340,2,CA
95316,2,CA
95247,2,CA
95246,2,CA
95242,2,CA
95233,2,CA
95219,2,CA
04949,2,ME
04915,2,ME
50833,2,IA
50830,2,IA
50715,2,Other/Unknown
50707,2,IA
5068,2,Other/Unknown
50672,2,IA
48179,2,MI
48164,2,MI
48158,2,MI
54664,2,WI
54646,2,WI
54642,2,WI
54629,2,WI
54628,2,WI
54619,2,WI
54612,2,WI
54564,2,WI
54560,2,WI
95547,2,CA
95534,2,CA
95521,2,CA
95497,2,CA
06377,2,CT
06335,2,CT
95457,2,CA
95448,2,CA
95446,2,CA
50140,2,IA
04967,2,ME
04963,2,ME
04861,2,ME
04849,2,ME
04843,2,ME
04786,2,ME
04769,2,ME
04757,2,ME
04685,2,ME
04634,2,ME
95613,2,CA
48313,2,MI
48302,2,MI
54725,2,WI
54702,2,WI
48357,2,MI
54623,2,WI
54622,2,WI
95670,2,CA
95669,2,CA
06333,2,CT
06282,2,CT
06473,2,CT
06442,2,CT
06441,2,CT
06268,2,CT
06250,2,CT
06248,2,CT
06241,2,CT
95666,2,CA
95664,2,CA
95661,2,CA
95658,2,CA
04864,2,ME
54540,2,WI
54524,2,WI
54512,2,WI
54511,2,WI
5450,2,Other/Unknown
54499,2,WI
06032,2,CT
95832,2,CA
95631,2,CA
95627,2,CA
95621,2,CA
95814,2,CA
95757,2,CA
95692,2,CA
95691,2,CA
95683,2,CA
06105,2,CT
06279,2,CT
06278,2,CT
06089,2,CT
06088,2,CT
06084,2,CT
06073,2,CT
06069,2,CT
06037,2,CT
54559,2,WI
54554,2,WI
54546,2,WI
48173,2,MI
54436,2,WI
54303,2,WI
54302,2,WI
54433,2,WI
54423,2,WI
48336,2,MI
96052,2,CA
96032,2,CA
05855,2,VT
05851,2,VT
95825,2,CA
95823,2,CA
95993,2,CA
95965,2,CA
95963,2,CA
95955,2,CA
95946,2,CA
95932,2,CA
06109,2,CT
54246,2,WI
54242,2,Other/Unknown
04565,2,ME
97205,2,OR
97143,2,OR
96218,2,AP
96151,2,CA
96137,2,CA
96087,2,CA
96080,2,CA
48374,2,MI
48363,2,MI
48360,2,MI
48601,2,MI
48519,2,MI
48507,2,MI
05452,2,VT
96768,2,HI
96756,2,HI
96743,2,HI
96734,2,HI
54473,2,WI
54471,2,WI
54460,2,WI
54442,2,WI
54440,2,WI
48416,2,MI
48383,2,MI
V9G 1N9,2,Canada
V5T 1J4,2,Canada
V3R 5Y2,2,Canada
V2Z 0A9,2,Canada
05091,2,VT
05070,2,VT
05059,2,VT
97136,2,OR
97115,2,OR
97064,2,OR
97058,2,OR
05443,2,VT
97038,2,OR
97026,2,OR
97022,2,OR
97019,2,OR
97017,2,OR
97008,2,OR
97003,2,OR
05462,2,VT
T1A 8P9,2,Canada
SG138BJ,2,Other/Unknown
V2C 1G2,2,Canada
S6H 7B2,2,Canada
V1T 2C5,2,Canada
V0J 1E2,2,Canada
T8R 0S3,2,Canada
T2K 1Y3,2,Canada
T1V 1P7,2,Canada
Y,2,Other/Unknown
T1K 6A2,2,Canada
T0J 0M0,2,Canada
T0H 0C0,2,Canada
S7T 0V9,2,Canada
96821,2,HI
96817,2,HI
62865,2,IL
30096,2,GA
30084,2,GA
30082,2,GA
30078,2,GA
62705,2,IL
62703,2,IL
62693,2,IL
62677,2,IL
T1H 6G4,2,Canada
01095,2,MA
01075,2,MA
04970,2,ME
97053,2,OR
97048,2,OR
01062,2,MA
00802,1,VI
01081,1,MA
01085,1,MA
SY11 1FB,1,Other/Unknown
T0L 0Z0,1,Canada
05048,1,VT
05341,1,VT
06001,1,CT
96816,1,HI
05396,1,Other/Unknown
97138,1,OR
97207,1,OR
96744,1,HI
54721,1,WI
48104,1,MI
48072,1,MI
T3M 1B2,1,Canada
54896,1,WI
48066,1,MI
54949,1,WI
47872,1,IN
47720,1,IN
47514,1,IN
47304,1,IN
47138,1,IN
47104,1,IN
55090,1,MN
48462,1,MI
46761,1,IN
94538,1,CA
94578,1,CA
94574,1,CA
94555,1,CA
94545,1,CA
06870,1,CT
97222,1,OR
94619,1,CA
94605,1,CA
06790,1,CT
06776,1,CT
06604,1,CT
94805,1,CA
95037,1,CA
94964,1,CA
94925,1,CA
93034,1,CA
07825,1,NJ
04530,1,ME
04357,1,ME
07438,1,NJ
07648,1,NJ
07642,1,NJ
07632,1,NJ
07605,1,NJ
93727,1,CA
07410,1,NJ
07310,1,NJ
07307,1,NJ
07304,1,NJ
94112,1,CA
94133,1,CA
92054,1,CA
08648,1,NJ
08234,1,NJ
92252,1,CA
92210,1,CA
92305,1,CA
92276,1,CA
92263,1,CA
08528,1,NJ
92551,1,CA
08106,1,NJ
08080,1,NJ
08075,1,NJ
92860,1,CA
92865,1,CA
93066,1,CA
90710,1,CA
90604,1,CA
90601,1,CA
90422,1,Other/Unknown
97404,1,OR
10029,1,NY
10018,1,NY
91311,1,CA
91202,1,CA
10007,1,NY
08876,1,NJ
08867,1,NJ
91762,1,CA
91737,1,CA
91605,1,CA
91915,1,CA
10804,1,NY
89105,1,NV
04103,1,ME
10520,1,NY
89435,1,NV
90012,1,CA
89570,1,NV
89445,1,NV
90067,1,CA
90032,1,CA
90019,1,CA
10156,1,NY
10314,1,NY
10305,1,NY
50025,1,IA
90712,1,CA
87056,1,NM
87153,1,NM
87125,1,NM
97730,1,OR
88044,1,NM
88042,1,NM
87823,1,NM
87714,1,NM
10998,1,NY
88345,1,NM
88325,1,NM
89029,1,NV
11216,1,NY
10950,1,NY
12027,1,NY
12015,1,NY
03872,1,NH
11798,1,NY
11778,1,NY
11772,1,NY
85653,1,AZ
86045,1,AZ
11554,1,NY
11735,1,NY
11729,1,NY
11701,1,NY
11598,1,NY
11566,1,NY
87105,1,NM
13820,1,NY
13811,1,NY
84651,1,UT
03584,1,NH
03455,1,NH
03440,1,NH
03431,1,NH
84711,1,UT
13126,1,NY
85012,1,AZ
85040,1,AZ
13617,1,NY
12518,1,NY
12306,1,NY
12205,1,NY
12203,1,NY
15017,1,PA
14625,1,NY
14624,1,NY
03287,1,NH
03285,1,NH
03257,1,NH
03229,1,NH
03220,1,NH
14609,1,NY
14560,1,NY
14532,1,NY
84036,1,UT
14616,1,NY
84128,1,UT
51564,1,IA
81624,1,CO
81611,1,CO
03051,1,NH
98104,1,WA
82021,1,Other/Unknown
82401,1,WY
82301,1,WY
16001,1,PA
8316 CJ,1,Other/Unknown
83024,1,Other/Unknown
83237,1,ID
83227,1,ID
15241,1,PA
83562,1,Other/Unknown
83632,1,ID
83611,1,ID
80482,1,CO
80442,1,CO
80422,1,CO
80339,1,Other/Unknown
50486,1,Other/Unknown
8051,1,Other/Unknown
17350,1,PA
80802,1,CO
80734,1,CO
52157,1,IA
16901,1,PA
16866,1,PA
16508,1,PA
16365,1,PA
81435,1,CO
79756,1,TX
49803,1,Other/Unknown
02882,1,RI
79934,1,TX
80038,1,CO
19008,1,PA
18947,1,PA
18229,1,PA
18436,1,PA
18072,1,PA
18051,1,PA
17754,1,PA
17701,1,PA
80216,1,CO
18080,1,PA
17519,1,PA
77806,1,TX
78010,1,TX
78418,1,TX
78521,1,TX
78621,1,TX
78577,1,TX
19713,1,DE
19707,1,DE
78653,1,TX
78705,1,TX
78765,1,TX
78736,1,TX
78861,1,TX
19127,1,PA
19114,1,PA
79762,1,TX
20768,1,MD
77110,1,Other/Unknown
77094,1,TX
77082,1,TX
02790,1,MA
20602,1,MD
20198,1,VA
77358,1,TX
20186,1,VA
77478,1,TX
20197,1,VA
77598,1,TX
77590,1,TX
20018,1,DC
77879,1,TX
77835,1,TX
21817,1,MD
75417,1,TX
02481,1,MA
75707,1,TX
21758,1,MD
75961,1,TX
75949,1,TX
21220,1,MD
21206,1,MD
21202,1,MD
21201,1,MD
21155,1,MD
76541,1,TX
49749,1,MI
77004,1,TX
77048,1,TX
73057,1,OK
73051,1,OK
02663,1,MA
23314,1,VA
73142,1,OK
23435,1,VA
23222,1,VA
23223,1,VA
74464,1,OK
74834,1,OK
75041,1,TX
75038,1,TX
22181,1,VA
75181,1,TX
24572,1,VA
24426,1,VA
71973,1,AR
02453,1,MA
02351,1,MA
53044,1,WI
49659,1,MI
72076,1,AR
72619,1,AR
72579,1,AR
72364,1,AR
24137,1,VA
72736,1,AR
24401,1,VA
24363,1,VA
70575,1,LA
70501,1,LA
70452,1,LA
70437,1,LA
98555,1,WA
25420,1,WV
25241,1,WV
24986,1,WV
70578,1,LA
71119,1,LA
70816,1,LA
71730,1,AR
714,1,Other/Unknown
71341,1,LA
71280,1,LA
27513,1,NC
27332,1,NC
27215,1,NC
27103,1,NC
27101,1,NC
2635 GJ,1,Other/Unknown
26301,1,WV
69211,1,NE
68970,1,NE
69346,1,NE
26161,1,WV
49442,1,MI
70390,1,LA
70301,1,LA
70112,1,LA
28311,1,NC
28306,1,NC
98704,1,Other/Unknown
98674,1,WA
98623,1,WA
67114,1,KS
67067,1,KS
53110,1,WI
49451,1,MI
67202,1,KS
53120,1,WI
28216,1,NC
28139,1,NC
67546,1,KS
65646,1,MO
65795,1,Other/Unknown
65738,1,MO
98856,1,WA
65899,1,MO
28530,1,NC
28501,1,NC
28655,1,NC
28401,1,NC
66211,1,KS
28551,1,NC
66940,1,KS
66862,1,KS
66833,1,KS
67003,1,KS
29608,1,SC
63552,1,MO
50421,1,IA
29505,1,SC
29403,1,SC
29401,1,SC
64734,1,MO
29206,1,SC
28806,1,NC
28792,1,NC
28791,1,NC
28782,1,NC
65672,1,MO
55220,1,Other/Unknown
48503,1,MI
01364,1,MA
S4R 6M5,1,Canada
46501,1,IN
46347,1,IN
46342,1,IN
46205,1,IN
46202,1,IN
46167,1,IN
45805,1,OH
55497,1,Other/Unknown
45432,1,OH
45387,1,OH
55781,1,MN
53214,1,WI
53208,1,WI
99003,1,WA
61943,1,IL
61919,1,IL
61874,1,IL
62351,1,IL
62889,1,IL
30034,1,GA
3000,1,Other/Unknown
29841,1,SC
63104,1,MO
63101,1,MO
63072,1,MO
63379,1,MO
60622,1,IL
61053,1,IL
61048,1,IL
02038,1,MA
01938,1,MA
01915,1,MA
61230,1,IL
61101,1,IL
61085,1,IL
61415,1,IL
61341,1,IL
61282,1,IL
61421,1,IL
61755,1,IL
61748,1,IL
53215,1,WI
60119,1,IL
31778,1,GA
31768,1,GA
60136,1,IL
6042,1,Other/Unknown
60401,1,IL
60440,1,IL
31076,1,GA
53507,1,WI
60465,1,IL
60538,1,IL
60607,1,IL
30577,1,GA
60643,1,IL
60638,1,IL
60623,1,IL
59489,1,MT
32561,1,FL
32626,1,FL
32580,1,FL
99508,1,AK
32407,1,FL
32301,1,FL
32246,1,FL
32223,1,FL
3207,1,Other/Unknown
32134,1,FL
32118,1,FL
32097,1,FL
32040,1,FL
32003,1,FL
32960,1,FL
59103,1,MT
59082,1,MT
99821,1,AK
99725,1,AK
99517,1,AK
32962,1,FL
59403,1,MT
32801,1,FL
59320,1,Other/Unknown
59483,1,MT
32759,1,FL
32732,1,FL
32703,1,FL
59435,1,MT
59508,1,Other/Unknown
34205,1,FL
33971,1,FL
01566,1,MA
K4K 1H7,1,Canada
K2P 1N7,1,Canada
J3Y 8J3,1,Canada
53566,1,WI
49019,1,MI
33922,1,FL
58681,1,Other/Unknown
33573,1,FL
33436,1,FL
33477,1,FL
58884,1,Other/Unknown
59008,1,MT
33136,1,FL
58108,1,ND
36207,1,AL
01746,1,MA
35950,1,AL
35750,1,AL
35614,1,AL
35031,1,AL
35023,1,AL
35253,1,AL
34981,1,FL
34953,1,FL
34639,1,FL
34760,1,FL
34610,1,FL
34228,1,FL
37863,1,TN
57579,1,SD
P0W 1C0,1,Canada
N2A 1L9,1,Canada
37846,1,TN
37914,1,TN
57750,1,SD
37379,1,TN
37686,1,TN
37645,1,TN
37203,1,TN
37115,1,TN
36527,1,AL
36360,1,AL
58205,1,ND
38855,1,MS
38680,1,MS
57243,1,SD
R3M 1E6,1,Canada
R3L 0C6,1,Canada
R2J 3E6,1,Canada
57270,1,SD
57317,1,SD
53929,1,WI
53726,1,WI
53715,1,WI
38080,1,TN
57551,1,SD
38053,1,TN
44130,1,OH
44128,1,OH
R6W 1E1,1,Canada
44053,1,OH
44047,1,OH
43952,1,OH
43920,1,OH
43845,1,OH
43215,1,OH
56533,1,MN
43019,1,OH
41031,1,KY
40516,1,KY
39168,1,MS
57101,1,SD
54092,1,Other/Unknown
54007,1,WI
48733,1,MI
S0G 4E0,1,Canada
44833,1,OH
44890,1,OH
56115,1,MN
44735,1,OH
44730,1,OH
44708,1,OH
44514,1,OH
44264,1,OH
44142,1,OH
56256,1,MN
56253,1,MN
96790,1,HI
01040,1,MA
01535,1,MA
V6J 2N9,1,Canada
V3Z 0P9,1,Canada
48612,1,MI
54427,1,WI
48350,1,MI
54484,1,WI
48371,1,MI
48367,1,MI
48362,1,MI
48239,1,MI
54547,1,WI
54630,1,WI
54723,1,WI
95122,1,CA
06415,1,CT
97216,1,OR
04901,1,ME
95604,1,CA
95585,1,CA
95472,1,CA
06226,1,CT
95640,1,CA
95695,1,CA
95818,1,CA
95992,1,CA
95927,1,CA
96150,1,CA
96096,1,CA
05843,1,VT
44143,0,OH
43138,0,OH
38068,0,TN
38804,0,MS
37383,0,TN
58470,0,Other/Unknown
32176,0,FL
63089,0,MO
55793,0,MN
49337,0,MI
65016,0,MO
64741,0,MO
65761,0,MO
27958,0,NC
67749,0,KS
02190,0,MA
71104,0,LA
72142,0,AR
73077,0,OK
23601,0,VA
17885,0,PA
84043,0,UT
11747,0,NY
88888,0,DC
89081,0,NV
