date,aqi,category,main_pollutant,pm25,source
2015-01-01,35,Good,Ozone,,aqs
2015-01-02,34,Good,Ozone,,aqs
2015-01-03,33,Good,Ozone,,aqs
2015-01-04,32,Good,Ozone,,aqs
2015-01-05,30,Good,Ozone,,aqs
2015-01-06,31,Good,Ozone,,aqs
2015-01-07,33,Good,Ozone,,aqs
2015-01-08,33,Good,Ozone,,aqs
2015-01-09,33,Good,Ozone,,aqs
2015-01-10,32,Good,Ozone,,aqs
2015-01-11,34,Good,Ozone,,aqs
2015-01-12,32,Good,Ozone,,aqs
2015-01-13,35,Good,Ozone,,aqs
2015-01-14,36,Good,Ozone,,aqs
2015-01-15,39,Good,Ozone,,aqs
2015-01-16,39,Good,Ozone,,aqs
2015-01-17,35,Good,Ozone,,aqs
2015-01-18,38,Good,Ozone,,aqs
2015-01-19,38,Good,Ozone,,aqs
2015-01-20,32,Good,Ozone,,aqs
2015-01-21,31,Good,Ozone,,aqs
2015-01-22,33,Good,Ozone,,aqs
2015-01-23,32,Good,Ozone,,aqs
2015-01-24,30,Good,Ozone,,aqs
2015-01-25,30,Good,Ozone,,aqs
2015-01-26,27,Good,Ozone,,aqs
2015-01-27,29,Good,Ozone,,aqs
2015-01-28,26,Good,Ozone,,aqs
2015-01-29,33,Good,PM2.5,,aqs
2015-01-30,33,Good,PM2.5,,aqs
2015-01-31,36,Good,PM2.5,,aqs
2015-02-01,33,Good,Ozone,,aqs
2015-02-02,31,Good,Ozone,,aqs
2015-02-03,42,Good,PM2.5,,aqs
2015-02-04,34,Good,Ozone,,aqs
2015-02-05,30,Good,Ozone,,aqs
2015-02-06,23,Good,Ozone,,aqs
2015-02-07,29,Good,Ozone,,aqs
2015-02-08,31,Good,Ozone,,aqs
2015-02-09,17,Good,Ozone,,aqs
2015-02-10,36,Good,PM2.5,,aqs
2015-02-11,36,Good,PM2.5,,aqs
2015-02-12,38,Good,PM2.5,,aqs
2015-02-13,33,Good,PM2.5,,aqs
2015-02-14,36,Good,PM2.5,,aqs
2015-02-15,30,Good,Ozone,,aqs
2015-02-16,34,Good,Ozone,,aqs
2015-02-17,37,Good,Ozone,,aqs
2015-02-18,35,Good,Ozone,,aqs
2015-02-19,30,Good,Ozone,,aqs
2015-02-20,33,Good,Ozone,,aqs
2015-02-21,37,Good,Ozone,,aqs
2015-02-22,34,Good,Ozone,,aqs
2015-02-23,36,Good,Ozone,,aqs
2015-02-24,31,Good,Ozone,,aqs
2015-02-25,37,Good,Ozone,,aqs
2015-02-26,36,Good,Ozone,,aqs
2015-02-27,36,Good,Ozone,,aqs
2015-02-28,35,Good,Ozone,,aqs
2015-03-01,38,Good,PM2.5,,aqs
2015-03-02,38,Good,Ozone,,aqs
2015-03-03,37,Good,Ozone,,aqs
2015-03-04,36,Good,Ozone,,aqs
2015-03-05,43,Good,Ozone,,aqs
2015-03-06,40,Good,Ozone,,aqs
2015-03-07,40,Good,Ozone,,aqs
2015-03-08,41,Good,Ozone,,aqs
2015-03-09,40,Good,Ozone,,aqs
2015-03-10,43,Good,Ozone,,aqs
2015-03-11,38,Good,Ozone,,aqs
2015-03-12,41,Good,Ozone,,aqs
2015-03-13,44,Good,Ozone,,aqs
2015-03-14,42,Good,Ozone,,aqs
2015-03-15,35,Good,Ozone,,aqs
2015-03-16,41,Good,Ozone,,aqs
2015-03-17,39,Good,Ozone,,aqs
2015-03-18,31,Good,Ozone,,aqs
2015-03-19,38,Good,Ozone,,aqs
2015-03-20,39,Good,Ozone,,aqs
2015-03-21,31,Good,Ozone,,aqs
2015-03-22,38,Good,Ozone,,aqs
2015-03-23,39,Good,PM2.5,,aqs
2015-03-24,32,Good,PM2.5,,aqs
2015-03-25,35,Good,Ozone,,aqs
2015-03-26,34,Good,Ozone,,aqs
2015-03-27,35,Good,Ozone,,aqs
2015-03-28,38,Good,Ozone,,aqs
2015-03-29,42,Good,Ozone,,aqs
2015-03-30,42,Good,Ozone,,aqs
2015-03-31,46,Good,Ozone,,aqs
2015-04-01,43,Good,Ozone,,aqs
2015-04-02,35,Good,Ozone,,aqs
2015-04-03,40,Good,Ozone,,aqs
2015-04-04,44,Good,Ozone,,aqs
2015-04-05,39,Good,PM2.5,,aqs
2015-04-06,47,Good,PM2.5,,aqs
2015-04-07,38,Good,Ozone,,aqs
2015-04-08,34,Good,Ozone,,aqs
2015-04-09,46,Good,Ozone,,aqs
2015-04-10,49,Good,Ozone,,aqs
2015-04-11,49,Good,Ozone,,aqs
2015-04-12,44,Good,Ozone,,aqs
2015-04-13,43,Good,Ozone,,aqs
2015-04-14,44,Good,Ozone,,aqs
2015-04-15,40,Good,Ozone,,aqs
2015-04-16,47,Good,Ozone,,aqs
2015-04-17,49,Good,Ozone,,aqs
2015-04-18,46,Good,Ozone,,aqs
2015-04-19,39,Good,Ozone,,aqs
2015-04-20,41,Good,Ozone,,aqs
2015-04-21,44,Good,Ozone,,aqs
2015-04-22,46,Good,Ozone,,aqs
2015-04-23,43,Good,Ozone,,aqs
2015-04-24,51,Moderate,Ozone,,aqs
2015-04-25,53,Moderate,PM2.5,,aqs
2015-04-26,30,Good,PM2.5,,aqs
2015-04-27,34,Good,Ozone,,aqs
2015-04-28,49,Good,Ozone,,aqs
2015-04-29,51,Moderate,Ozone,,aqs
2015-04-30,48,Good,Ozone,,aqs
2015-05-01,54,Moderate,Ozone,,aqs
2015-05-02,74,Moderate,Ozone,,aqs
2015-05-03,61,Moderate,Ozone,,aqs
2015-05-04,58,Moderate,Ozone,,aqs
2015-05-05,61,Moderate,Ozone,,aqs
2015-05-06,35,Good,Ozone,,aqs
2015-05-07,37,Good,Ozone,,aqs
2015-05-08,46,Good,Ozone,,aqs
2015-05-09,44,Good,Ozone,,aqs
2015-05-10,47,Good,Ozone,,aqs
2015-05-11,61,Moderate,Ozone,,aqs
2015-05-12,45,Good,Ozone,,aqs
2015-05-13,55,Moderate,PM2.5,,aqs
2015-05-14,54,Moderate,PM2.5,,aqs
2015-05-15,52,Moderate,PM2.5,,aqs
2015-05-16,33,Good,Ozone,,aqs
2015-05-17,35,Good,Ozone,,aqs
2015-05-18,50,Good,Ozone,,aqs
2015-05-19,67,Moderate,Ozone,,aqs
2015-05-20,67,Moderate,Ozone,,aqs
2015-05-21,87,Moderate,Ozone,,aqs
2015-05-22,67,Moderate,Ozone,,aqs
2015-05-23,44,Good,Ozone,,aqs
2015-05-24,43,Good,Ozone,,aqs
2015-05-25,51,Moderate,Ozone,,aqs
2015-05-26,84,Moderate,Ozone,,aqs
2015-05-27,44,Good,Ozone,,aqs
2015-05-28,49,Good,Ozone,,aqs
2015-05-29,54,Moderate,PM2.5,,aqs
2015-05-30,44,Good,PM2.5,,aqs
2015-05-31,39,Good,PM2.5,,aqs
2015-06-01,46,Good,PM2.5,,aqs
2015-06-02,42,Good,Ozone,,aqs
2015-06-03,51,Moderate,Ozone,,aqs
2015-06-04,27,Good,Ozone,,aqs
2015-06-05,44,Good,Ozone,,aqs
2015-06-06,54,Moderate,Ozone,,aqs
2015-06-07,84,Moderate,Ozone,,aqs
2015-06-08,47,Good,Ozone,,aqs
2015-06-09,80,Moderate,Ozone,,aqs
2015-06-10,54,Moderate,PM2.5,,aqs
2015-06-11,55,Moderate,PM2.5,,aqs
2015-06-12,44,Good,Ozone,,aqs
2015-06-13,67,Moderate,Ozone,,aqs
2015-06-14,58,Moderate,Ozone,,aqs
2015-06-15,38,Good,Ozone,,aqs
2015-06-16,31,Good,Ozone,,aqs
2015-06-17,44,Good,Ozone,,aqs
2015-06-18,27,Good,Ozone,,aqs
2015-06-19,44,Good,Ozone,,aqs
2015-06-20,41,Good,Ozone,,aqs
2015-06-21,41,Good,Ozone,,aqs
2015-06-22,42,Good,Ozone,,aqs
2015-06-23,42,Good,Ozone,,aqs
2015-06-24,49,Good,Ozone,,aqs
2015-06-25,41,Good,Ozone,,aqs
2015-06-26,44,Good,Ozone,,aqs
2015-06-27,61,Moderate,Ozone,,aqs
2015-06-28,54,Moderate,Ozone,,aqs
2015-06-29,53,Moderate,PM2.5,,aqs
2015-06-30,79,Moderate,PM2.5,,aqs
2015-07-01,82,Moderate,PM2.5,,aqs
2015-07-02,89,Moderate,PM2.5,,aqs
2015-07-03,121,Unhealthy for Sensitive Groups,PM2.5,,aqs
2015-07-04,85,Moderate,PM2.5,,aqs
2015-07-05,96,Moderate,PM2.5,,aqs
2015-07-06,89,Moderate,PM2.5,,aqs
2015-07-07,96,Moderate,PM2.5,,aqs
2015-07-08,76,Moderate,PM2.5,,aqs
2015-07-09,63,Moderate,PM2.5,,aqs
2015-07-10,55,Moderate,PM2.5,,aqs
2015-07-11,44,Good,Ozone,,aqs
2015-07-12,47,Good,PM2.5,,aqs
2015-07-13,55,Moderate,PM2.5,,aqs
2015-07-14,58,Moderate,PM2.5,,aqs
2015-07-15,51,Moderate,PM2.5,,aqs
2015-07-16,48,Good,Ozone,,aqs
2015-07-17,34,Good,Ozone,,aqs
2015-07-18,39,Good,Ozone,,aqs
2015-07-19,35,Good,Ozone,,aqs
2015-07-20,35,Good,Ozone,,aqs
2015-07-21,37,Good,Ozone,,aqs
2015-07-22,42,Good,Ozone,,aqs
2015-07-23,45,Good,Ozone,,aqs
2015-07-24,44,Good,Ozone,,aqs
2015-07-25,49,Good,Ozone,,aqs
2015-07-26,49,Good,Ozone,,aqs
2015-07-27,44,Good,Ozone,,aqs
2015-07-28,31,Good,Ozone,,aqs
2015-07-29,32,Good,Ozone,,aqs
2015-07-30,37,Good,Ozone,,aqs
2015-07-31,42,Good,Ozone,,aqs
2015-08-01,43,Good,PM2.5,,aqs
2015-08-02,41,Good,PM2.5,,aqs
2015-08-03,51,Moderate,PM2.5,,aqs
2015-08-04,52,Moderate,PM2.5,,aqs
2015-08-05,52,Moderate,PM2.5,,aqs
2015-08-06,43,Good,PM2.5,,aqs
2015-08-07,32,Good,Ozone,,aqs
2015-08-08,31,Good,Ozone,,aqs
2015-08-09,39,Good,PM2.5,,aqs
2015-08-10,40,Good,Ozone,,aqs
2015-08-11,43,Good,Ozone,,aqs
2015-08-12,45,Good,Ozone,,aqs
2015-08-13,48,Good,Ozone,,aqs
2015-08-14,48,Good,Ozone,,aqs
2015-08-15,61,Moderate,PM2.5,,aqs
2015-08-16,24,Good,Ozone,,aqs
2015-08-17,32,Good,PM2.5,,aqs
2015-08-18,37,Good,PM2.5,,aqs
2015-08-19,36,Good,Ozone,,aqs
2015-08-20,47,Good,PM2.5,,aqs
2015-08-21,127,Unhealthy for Sensitive Groups,PM2.5,,aqs
2015-08-22,68,Moderate,PM2.5,,aqs
2015-08-23,33,Good,Ozone,,aqs
2015-08-24,34,Good,Ozone,,aqs
2015-08-25,36,Good,Ozone,,aqs
2015-08-26,34,Good,Ozone,,aqs
2015-08-27,44,Good,Ozone,,aqs
2015-08-28,104,Unhealthy for Sensitive Groups,PM2.5,,aqs
2015-08-29,154,Unhealthy,PM2.5,,aqs
2015-08-30,87,Moderate,PM2.5,,aqs
2015-08-31,63,Moderate,PM2.5,,aqs
2015-09-01,58,Moderate,PM2.5,,aqs
2015-09-02,46,Good,PM2.5,,aqs
2015-09-03,55,Moderate,PM2.5,,aqs
2015-09-04,57,Moderate,PM2.5,,aqs
2015-09-05,29,Good,Ozone,,aqs
2015-09-06,31,Good,Ozone,,aqs
2015-09-07,30,Good,Ozone,,aqs
2015-09-08,31,Good,Ozone,,aqs
2015-09-09,31,Good,Ozone,,aqs
2015-09-10,55,Moderate,PM2.5,,aqs
2015-09-11,33,Good,Ozone,,aqs
2015-09-12,34,Good,Ozone,,aqs
2015-09-13,40,Good,Ozone,,aqs
2015-09-14,38,Good,PM2.5,,aqs
2015-09-15,40,Good,PM2.5,,aqs
2015-09-16,38,Good,Ozone,,aqs
2015-09-17,35,Good,Ozone,,aqs
2015-09-18,34,Good,Ozone,,aqs
2015-09-19,38,Good,Ozone,,aqs
2015-09-20,31,Good,Ozone,,aqs
2015-09-21,31,Good,Ozone,,aqs
2015-09-22,38,Good,Ozone,,aqs
2015-09-23,28,Good,Ozone,,aqs
2015-09-24,32,Good,Ozone,,aqs
2015-09-25,38,Good,Ozone,,aqs
2015-09-26,38,Good,Ozone,,aqs
2015-09-27,39,Good,PM2.5,,aqs
2015-09-28,35,Good,Ozone,,aqs
2015-09-29,31,Good,Ozone,,aqs
2015-09-30,40,Good,Ozone,,aqs
2015-10-01,35,Good,PM2.5,,aqs
2015-10-02,33,Good,PM2.5,,aqs
2015-10-03,24,Good,Ozone,,aqs
2015-10-04,19,Good,PM2.5,,aqs
2015-10-05,13,Good,Ozone,,aqs
2015-10-06,23,Good,Ozone,,aqs
2015-10-07,31,Good,Ozone,,aqs
2015-10-08,35,Good,Ozone,,aqs
2015-10-09,28,Good,Ozone,,aqs
2015-10-10,31,Good,Ozone,,aqs
2015-10-11,40,Good,Ozone,,aqs
2015-10-12,33,Good,Ozone,,aqs
2015-10-13,35,Good,Ozone,,aqs
2015-10-14,40,Good,Ozone,,aqs
2015-10-15,32,Good,Ozone,,aqs
2015-10-16,33,Good,Ozone,,aqs
2015-10-17,39,Good,PM2.5,,aqs
2015-10-18,46,Good,PM2.5,,aqs
2015-10-19,55,Moderate,PM2.5,,aqs
2015-10-20,53,Moderate,PM2.5,,aqs
2015-10-21,34,Good,Ozone,,aqs
2015-10-22,31,Good,Ozone,,aqs
2015-10-23,32,Good,Ozone,,aqs
2015-10-24,32,Good,Ozone,,aqs
2015-10-25,34,Good,Ozone,,aqs
2015-10-26,40,Good,PM2.5,,aqs
2015-10-27,35,Good,PM2.5,,aqs
2015-10-28,27,Good,Ozone,,aqs
2015-10-29,25,Good,Ozone,,aqs
2015-10-30,31,Good,Ozone,,aqs
2015-10-31,33,Good,Ozone,,aqs
2015-11-01,35,Good,Ozone,,aqs
2015-11-02,32,Good,Ozone,,aqs
2015-11-03,53,Moderate,PM2.5,,aqs
2015-11-04,18,Good,PM2.5,,aqs
2015-11-05,26,Good,Ozone,,aqs
2015-11-06,31,Good,PM2.5,,aqs
2015-11-07,31,Good,Ozone,,aqs
2015-11-08,32,Good,Ozone,,aqs
2015-11-09,31,Good,Ozone,,aqs
2015-11-10,19,Good,PM2.5,,aqs
2015-11-11,26,Good,Ozone,,aqs
2015-11-12,30,Good,Ozone,,aqs
2015-11-13,30,Good,Ozone,,aqs
2015-11-14,33,Good,Ozone,,aqs
2015-11-15,31,Good,Ozone,,aqs
2015-11-16,22,Good,Ozone,,aqs
2015-11-17,30,Good,Ozone,,aqs
2015-11-18,31,Good,Ozone,,aqs
2015-11-19,32,Good,Ozone,,aqs
2015-11-20,30,Good,Ozone,,aqs
2015-11-21,29,Good,Ozone,,aqs
2015-11-22,35,Good,Ozone,,aqs
2015-11-23,29,Good,Ozone,,aqs
2015-11-24,23,Good,Ozone,,aqs
2015-11-25,24,Good,Ozone,,aqs
2015-11-26,26,Good,Ozone,,aqs
2015-11-27,31,Good,Ozone,,aqs
2015-11-28,29,Good,Ozone,,aqs
2015-11-29,25,Good,Ozone,,aqs
2015-11-30,22,Good,Ozone,,aqs
2015-12-01,29,Good,Ozone,,aqs
2015-12-02,32,Good,Ozone,,aqs
2015-12-03,31,Good,Ozone,,aqs
2015-12-04,28,Good,Ozone,,aqs
2015-12-05,27,Good,Ozone,,aqs
2015-12-06,29,Good,Ozone,,aqs
2015-12-07,31,Good,Ozone,,aqs
2015-12-08,30,Good,Ozone,,aqs
2015-12-09,32,Good,Ozone,,aqs
2015-12-10,32,Good,Ozone,,aqs
2015-12-11,22,Good,PM2.5,,aqs
2015-12-12,22,Good,Ozone,,aqs
2015-12-13,19,Good,Ozone,,aqs
2015-12-14,25,Good,PM2.5,,aqs
2015-12-15,29,Good,PM2.5,,aqs
2015-12-16,31,Good,Ozone,,aqs
2015-12-17,31,Good,Ozone,,aqs
2015-12-18,28,Good,Ozone,,aqs
2015-12-19,29,Good,Ozone,,aqs
2015-12-20,27,Good,Ozone,,aqs
2015-12-21,31,Good,Ozone,,aqs
2015-12-22,25,Good,Ozone,,aqs
2015-12-23,33,Good,PM2.5,,aqs
2015-12-24,30,Good,Ozone,,aqs
2015-12-25,27,Good,Ozone,,aqs
2015-12-26,25,Good,PM2.5,,aqs
2015-12-27,30,Good,Ozone,,aqs
2015-12-28,30,Good,Ozone,,aqs
2015-12-29,29,Good,PM2.5,,aqs
2015-12-30,53,Moderate,PM2.5,,aqs
2015-12-31,31,Good,Ozone,,aqs
2016-01-01,33,Good,Ozone,,aqs
2016-01-02,34,Good,Ozone,,aqs
2016-01-03,34,Good,Ozone,,aqs
2016-01-04,33,Good,Ozone,,aqs
2016-01-05,30,Good,PM2.5,,aqs
2016-01-06,65,Moderate,PM2.5,,aqs
2016-01-07,43,Good,PM2.5,,aqs
2016-01-08,37,Good,PM2.5,,aqs
2016-01-09,29,Good,Ozone,,aqs
2016-01-10,32,Good,Ozone,,aqs
2016-01-11,33,Good,Ozone,,aqs
2016-01-12,32,Good,Ozone,,aqs
2016-01-13,33,Good,Ozone,,aqs
2016-01-14,40,Good,PM2.5,,aqs
2016-01-15,53,Moderate,PM2.5,,aqs
2016-01-16,29,Good,Ozone,,aqs
2016-01-17,31,Good,Ozone,,aqs
2016-01-18,30,Good,Ozone,,aqs
2016-01-19,31,Good,Ozone,,aqs
2016-01-20,30,Good,Ozone,,aqs
2016-01-21,33,Good,PM2.5,,aqs
2016-01-22,31,Good,Ozone,,aqs
2016-01-23,34,Good,Ozone,,aqs
2016-01-24,41,Good,PM2.5,,aqs
2016-01-25,32,Good,PM2.5,,aqs
2016-01-26,31,Good,Ozone,,aqs
2016-01-27,33,Good,Ozone,,aqs
2016-01-28,26,Good,Ozone,,aqs
2016-01-29,32,Good,Ozone,,aqs
2016-01-30,27,Good,Ozone,,aqs
2016-01-31,31,Good,Ozone,,aqs
2016-02-01,28,Good,Ozone,,aqs
2016-02-02,46,Good,PM2.5,,aqs
2016-02-03,29,Good,PM2.5,,aqs
2016-02-04,31,Good,Ozone,,aqs
2016-02-05,31,Good,Ozone,,aqs
2016-02-06,36,Good,Ozone,,aqs
2016-02-07,35,Good,Ozone,,aqs
2016-02-08,33,Good,Ozone,,aqs
2016-02-09,31,Good,Ozone,,aqs
2016-02-10,26,Good,Ozone,,aqs
2016-02-11,55,Moderate,PM2.5,,aqs
2016-02-12,33,Good,Ozone,,aqs
2016-02-13,32,Good,PM2.5,,aqs
2016-02-14,31,Good,Ozone,,aqs
2016-02-15,31,Good,Ozone,,aqs
2016-02-16,27,Good,Ozone,,aqs
2016-02-17,24,Good,Ozone,,aqs
2016-02-18,34,Good,Ozone,,aqs
2016-02-19,37,Good,Ozone,,aqs
2016-02-20,31,Good,Ozone,,aqs
2016-02-21,31,Good,PM2.5,,aqs
2016-02-22,32,Good,Ozone,,aqs
2016-02-23,36,Good,Ozone,,aqs
2016-02-24,32,Good,Ozone,,aqs
2016-02-25,35,Good,Ozone,,aqs
2016-02-26,41,Good,Ozone,,aqs
2016-02-27,37,Good,Ozone,,aqs
2016-02-28,35,Good,Ozone,,aqs
2016-02-29,31,Good,Ozone,,aqs
2016-03-01,30,Good,Ozone,,aqs
2016-03-02,27,Good,Ozone,,aqs
2016-03-03,36,Good,PM2.5,,aqs
2016-03-04,35,Good,Ozone,,aqs
2016-03-05,37,Good,Ozone,,aqs
2016-03-06,38,Good,Ozone,,aqs
2016-03-07,30,Good,Ozone,,aqs
2016-03-08,31,Good,Ozone,,aqs
2016-03-09,37,Good,Ozone,,aqs
2016-03-10,38,Good,Ozone,,aqs
2016-03-11,40,Good,Ozone,,aqs
2016-03-12,40,Good,Ozone,,aqs
2016-03-13,40,Good,Ozone,,aqs
2016-03-14,35,Good,Ozone,,aqs
2016-03-15,38,Good,Ozone,,aqs
2016-03-16,36,Good,Ozone,,aqs
2016-03-17,31,Good,Ozone,,aqs
2016-03-18,29,Good,Ozone,,aqs
2016-03-19,31,Good,Ozone,,aqs
2016-03-20,38,Good,Ozone,,aqs
2016-03-21,34,Good,Ozone,,aqs
2016-03-22,31,Good,Ozone,,aqs
2016-03-23,41,Good,PM2.5,,aqs
2016-03-24,39,Good,Ozone,,aqs
2016-03-25,35,Good,Ozone,,aqs
2016-03-26,36,Good,Ozone,,aqs
2016-03-27,38,Good,Ozone,,aqs
2016-03-28,38,Good,Ozone,,aqs
2016-03-29,39,Good,Ozone,,aqs
2016-03-30,43,Good,Ozone,,aqs
2016-03-31,37,Good,Ozone,,aqs
2016-04-01,38,Good,Ozone,,aqs
2016-04-02,40,Good,Ozone,,aqs
2016-04-03,41,Good,Ozone,,aqs
2016-04-04,40,Good,Ozone,,aqs
2016-04-05,37,Good,Ozone,,aqs
2016-04-06,35,Good,Ozone,,aqs
2016-04-07,39,Good,Ozone,,aqs
2016-04-08,38,Good,Ozone,,aqs
2016-04-09,42,Good,Ozone,,aqs
2016-04-10,36,Good,Ozone,,aqs
2016-04-11,42,Good,Ozone,,aqs
2016-04-12,41,Good,Ozone,,aqs
2016-04-13,41,Good,Ozone,,aqs
2016-04-14,45,Good,Ozone,,aqs
2016-04-15,36,Good,Ozone,,aqs
2016-04-16,36,Good,Ozone,,aqs
2016-04-17,36,Good,Ozone,,aqs
2016-04-18,24,Good,Ozone,,aqs
2016-04-19,26,Good,Ozone,,aqs
2016-04-20,42,Good,Ozone,,aqs
2016-04-21,39,Good,Ozone,,aqs
2016-04-22,40,Good,Ozone,,aqs
2016-04-23,39,Good,PM2.5,,aqs
2016-04-24,30,Good,Ozone,,aqs
2016-04-25,28,Good,Ozone,,aqs
2016-04-26,25,Good,Ozone,,aqs
2016-04-27,36,Good,Ozone,,aqs
2016-04-28,34,Good,Ozone,,aqs
2016-04-29,44,Good,Ozone,,aqs
2016-04-30,39,Good,Ozone,,aqs
2016-05-01,47,Good,Ozone,,aqs
2016-05-02,54,Moderate,Ozone,,aqs
2016-05-03,44,Good,Ozone,,aqs
2016-05-04,40,Good,Ozone,,aqs
2016-05-05,46,Good,Ozone,,aqs
2016-05-06,68,Moderate,PM2.5,,aqs
2016-05-07,92,Moderate,PM2.5,,aqs
2016-05-08,69,Moderate,PM2.5,,aqs
2016-05-09,54,Moderate,PM2.5,,aqs
2016-05-10,30,Good,Ozone,,aqs
2016-05-11,28,Good,Ozone,,aqs
2016-05-12,36,Good,Ozone,,aqs
2016-05-13,38,Good,Ozone,,aqs
2016-05-14,40,Good,Ozone,,aqs
2016-05-15,44,Good,Ozone,,aqs
2016-05-16,47,Good,Ozone,,aqs
2016-05-17,48,Good,Ozone,,aqs
2016-05-18,51,Moderate,Ozone,,aqs
2016-05-19,49,Good,Ozone,,aqs
2016-05-20,42,Good,Ozone,,aqs
2016-05-21,33,Good,Ozone,,aqs
2016-05-22,64,Moderate,Ozone,,aqs
2016-05-23,5,Good,PM2.5,,aqs
2016-05-24,38,Good,Ozone,,aqs
2016-05-25,35,Good,Ozone,,aqs
2016-05-26,38,Good,Ozone,,aqs
2016-05-27,43,Good,Ozone,,aqs
2016-05-28,41,Good,Ozone,,aqs
2016-05-29,44,Good,Ozone,,aqs
2016-05-30,37,Good,Ozone,,aqs
2016-05-31,38,Good,Ozone,,aqs
2016-06-01,38,Good,Ozone,,aqs
2016-06-02,42,Good,Ozone,,aqs
2016-06-03,46,Good,Ozone,,aqs
2016-06-04,48,Good,Ozone,,aqs
2016-06-05,50,Good,Ozone,,aqs
2016-06-06,39,Good,Ozone,,aqs
2016-06-07,43,Good,Ozone,,aqs
2016-06-08,48,Good,Ozone,,aqs
2016-06-09,45,Good,Ozone,,aqs
2016-06-10,47,Good,Ozone,,aqs
2016-06-11,45,Good,Ozone,,aqs
2016-06-12,42,Good,Ozone,,aqs
2016-06-13,42,Good,Ozone,,aqs
2016-06-14,42,Good,Ozone,,aqs
2016-06-15,48,Good,Ozone,,aqs
2016-06-16,43,Good,Ozone,,aqs
2016-06-17,45,Good,Ozone,,aqs
2016-06-18,51,Moderate,Ozone,,aqs
2016-06-19,41,Good,Ozone,,aqs
2016-06-20,44,Good,Ozone,,aqs
2016-06-21,47,Good,Ozone,,aqs
2016-06-22,45,Good,Ozone,,aqs
2016-06-23,43,Good,Ozone,,aqs
2016-06-24,45,Good,Ozone,,aqs
2016-06-25,34,Good,Ozone,,aqs
2016-06-26,40,Good,Ozone,,aqs
2016-06-27,42,Good,Ozone,,aqs
2016-06-28,43,Good,Ozone,,aqs
2016-06-29,49,Good,Ozone,,aqs
2016-06-30,50,Good,PM2.5,,aqs
2016-07-01,41,Good,Ozone,,aqs
2016-07-02,41,Good,Ozone,,aqs
2016-07-03,44,Good,Ozone,,aqs
2016-07-04,41,Good,Ozone,,aqs
2016-07-05,40,Good,Ozone,,aqs
2016-07-06,40,Good,Ozone,,aqs
2016-07-07,36,Good,Ozone,,aqs
2016-07-08,44,Good,Ozone,,aqs
2016-07-09,44,Good,Ozone,,aqs
2016-07-10,42,Good,Ozone,,aqs
2016-07-11,35,Good,Ozone,,aqs
2016-07-12,32,Good,Ozone,,aqs
2016-07-13,32,Good,Ozone,,aqs
2016-07-14,30,Good,Ozone,,aqs
2016-07-15,40,Good,Ozone,,aqs
2016-07-16,44,Good,Ozone,,aqs
2016-07-17,40,Good,Ozone,,aqs
2016-07-18,47,Good,Ozone,,aqs
2016-07-19,46,Good,Ozone,,aqs
2016-07-20,49,Good,Ozone,,aqs
2016-07-21,44,Good,Ozone,,aqs
2016-07-22,40,Good,Ozone,,aqs
2016-07-23,44,Good,Ozone,,aqs
2016-07-24,40,Good,Ozone,,aqs
2016-07-25,44,Good,Ozone,,aqs
2016-07-26,36,Good,Ozone,,aqs
2016-07-27,31,Good,Ozone,,aqs
2016-07-28,20,Good,Ozone,,aqs
2016-07-29,38,Good,Ozone,,aqs
2016-07-30,42,Good,Ozone,,aqs
2016-07-31,50,Good,Ozone,,aqs
2016-08-01,44,Good,Ozone,,aqs
2016-08-02,45,Good,Ozone,,aqs
2016-08-03,44,Good,Ozone,,aqs
2016-08-04,33,Good,Ozone,,aqs
2016-08-05,40,Good,Ozone,,aqs
2016-08-06,44,Good,Ozone,,aqs
2016-08-07,38,Good,Ozone,,aqs
2016-08-08,51,Moderate,Ozone,,aqs
2016-08-09,46,Good,Ozone,,aqs
2016-08-10,44,Good,Ozone,,aqs
2016-08-11,39,Good,Ozone,,aqs
2016-08-12,31,Good,Ozone,,aqs
2016-08-13,32,Good,Ozone,,aqs
2016-08-14,38,Good,Ozone,,aqs
2016-08-15,40,Good,Ozone,,aqs
2016-08-16,40,Good,Ozone,,aqs
2016-08-17,44,Good,Ozone,,aqs
2016-08-18,35,Good,Ozone,,aqs
2016-08-19,23,Good,Ozone,,aqs
2016-08-20,29,Good,Ozone,,aqs
2016-08-21,36,Good,Ozone,,aqs
2016-08-22,51,Moderate,Ozone,,aqs
2016-08-23,41,Good,PM2.5,,aqs
2016-08-24,27,Good,Ozone,,aqs
2016-08-25,27,Good,Ozone,,aqs
2016-08-26,36,Good,Ozone,,aqs
2016-08-27,40,Good,Ozone,,aqs
2016-08-28,37,Good,Ozone,,aqs
2016-08-29,33,Good,Ozone,,aqs
2016-08-30,35,Good,Ozone,,aqs
2016-08-31,37,Good,Ozone,,aqs
2016-09-01,37,Good,Ozone,,aqs
2016-09-02,36,Good,Ozone,,aqs
2016-09-03,38,Good,Ozone,,aqs
2016-09-04,28,Good,Ozone,,aqs
2016-09-05,26,Good,PM2.5,,aqs
2016-09-06,25,Good,Ozone,,aqs
2016-09-07,27,Good,Ozone,,aqs
2016-09-08,31,Good,Ozone,,aqs
2016-09-09,24,Good,Ozone,,aqs
2016-09-10,30,Good,Ozone,,aqs
2016-09-11,30,Good,Ozone,,aqs
2016-09-12,23,Good,PM2.5,,aqs
2016-09-13,24,Good,Ozone,,aqs
2016-09-14,26,Good,Ozone,,aqs
2016-09-15,33,Good,PM2.5,,aqs
2016-09-16,37,Good,PM2.5,,aqs
2016-09-17,32,Good,PM2.5,,aqs
2016-09-18,36,Good,Ozone,,aqs
2016-09-19,36,Good,Ozone,,aqs
2016-09-20,36,Good,Ozone,,aqs
2016-09-21,32,Good,Ozone,,aqs
2016-09-22,23,Good,Ozone,,aqs
2016-09-23,19,Good,Ozone,,aqs
2016-09-24,22,Good,Ozone,,aqs
2016-09-25,33,Good,Ozone,,aqs
2016-09-26,35,Good,Ozone,,aqs
2016-09-27,27,Good,Ozone,,aqs
2016-09-28,31,Good,Ozone,,aqs
2016-09-29,29,Good,Ozone,,aqs
2016-09-30,25,Good,Ozone,,aqs
2016-10-01,35,Good,Ozone,,aqs
2016-10-02,42,Good,Ozone,,aqs
2016-10-03,42,Good,PM2.5,,aqs
2016-10-04,23,Good,Ozone,,aqs
2016-10-05,22,Good,Ozone,,aqs
2016-10-06,27,Good,Ozone,,aqs
2016-10-07,25,Good,Ozone,,aqs
2016-10-08,25,Good,Ozone,,aqs
2016-10-09,31,Good,Ozone,,aqs
2016-10-10,19,Good,Ozone,,aqs
2016-10-11,21,Good,Ozone,,aqs
2016-10-12,26,Good,Ozone,,aqs
2016-10-13,34,Good,Ozone,,aqs
2016-10-14,36,Good,Ozone,,aqs
2016-10-15,37,Good,Ozone,,aqs
2016-10-16,33,Good,Ozone,,aqs
2016-10-17,27,Good,Ozone,,aqs
2016-10-18,26,Good,Ozone,,aqs
2016-10-19,25,Good,PM2.5,,aqs
2016-10-20,28,Good,Ozone,,aqs
2016-10-21,36,Good,Ozone,,aqs
2016-10-22,32,Good,Ozone,,aqs
2016-10-23,31,Good,Ozone,,aqs
2016-10-24,23,Good,Ozone,,aqs
2016-10-25,32,Good,PM2.5,,aqs
2016-10-26,26,Good,Ozone,,aqs
2016-10-27,23,Good,Ozone,,aqs
2016-10-28,27,Good,Ozone,,aqs
2016-10-29,17,Good,Ozone,,aqs
2016-10-30,15,Good,Ozone,,aqs
2016-10-31,31,Good,Ozone,,aqs
2016-11-01,32,Good,Ozone,,aqs
2016-11-02,31,Good,Ozone,,aqs
2016-11-03,31,Good,Ozone,,aqs
2016-11-04,34,Good,Ozone,,aqs
2016-11-05,31,Good,Ozone,,aqs
2016-11-06,31,Good,Ozone,,aqs
2016-11-07,31,Good,Ozone,,aqs
2016-11-08,29,Good,Ozone,,aqs
2016-11-09,29,Good,Ozone,,aqs
2016-11-10,31,Good,Ozone,,aqs
2016-11-11,30,Good,Ozone,,aqs
2016-11-12,27,Good,Ozone,,aqs
2016-11-13,33,Good,Ozone,,aqs
2016-11-14,32,Good,Ozone,,aqs
2016-11-15,29,Good,Ozone,,aqs
2016-11-16,32,Good,Ozone,,aqs
2016-11-17,30,Good,Ozone,,aqs
2016-11-18,26,Good,Ozone,,aqs
2016-11-19,27,Good,Ozone,,aqs
2016-11-20,23,Good,Ozone,,aqs
2016-11-21,21,Good,Ozone,,aqs
2016-11-22,22,Good,Ozone,,aqs
2016-11-23,20,Good,Ozone,,aqs
2016-11-24,28,Good,Ozone,,aqs
2016-11-25,27,Good,Ozone,,aqs
2016-11-26,31,Good,Ozone,,aqs
2016-11-27,26,Good,Ozone,,aqs
2016-11-28,44,Good,PM2.5,,aqs
2016-11-29,22,Good,Ozone,,aqs
2016-11-30,26,Good,PM2.5,,aqs
2016-12-01,31,Good,Ozone,,aqs
2016-12-02,27,Good,Ozone,,aqs
2016-12-03,28,Good,Ozone,,aqs
2016-12-04,28,Good,Ozone,,aqs
2016-12-05,25,Good,Ozone,,aqs
2016-12-06,25,Good,Ozone,,aqs
2016-12-07,25,Good,Ozone,,aqs
2016-12-08,27,Good,Ozone,,aqs
2016-12-09,25,Good,Ozone,,aqs
2016-12-10,27,Good,Ozone,,aqs
2016-12-11,26,Good,Ozone,,aqs
2016-12-12,41,Good,PM2.5,,aqs
2016-12-13,35,Good,Ozone,,aqs
2016-12-14,31,Good,Ozone,,aqs
2016-12-15,33,Good,Ozone,,aqs
2016-12-16,34,Good,PM2.5,,aqs
2016-12-17,31,Good,Ozone,,aqs
2016-12-18,39,Good,Ozone,,aqs
2016-12-19,40,Good,Ozone,,aqs
2016-12-20,38,Good,Ozone,,aqs
2016-12-21,34,Good,Ozone,,aqs
2016-12-22,35,Good,Ozone,,aqs
2016-12-23,33,Good,Ozone,,aqs
2016-12-24,30,Good,Ozone,,aqs
2016-12-25,25,Good,Ozone,,aqs
2016-12-26,31,Good,Ozone,,aqs
2016-12-27,39,Good,Ozone,,aqs
2016-12-28,37,Good,Ozone,,aqs
2016-12-29,35,Good,Ozone,,aqs
2016-12-30,35,Good,Ozone,,aqs
2016-12-31,33,Good,Ozone,,aqs
2017-01-01,32,Good,Ozone,,aqs
2017-01-02,31,Good,Ozone,,aqs
2017-01-03,31,Good,Ozone,,aqs
2017-01-04,31,Good,Ozone,,aqs
2017-01-05,33,Good,Ozone,,aqs
2017-01-06,34,Good,Ozone,,aqs
2017-01-07,35,Good,Ozone,,aqs
2017-01-08,32,Good,Ozone,,aqs
2017-01-09,32,Good,Ozone,,aqs
2017-01-10,25,Good,Ozone,,aqs
2017-01-11,36,Good,Ozone,,aqs
2017-01-12,39,Good,Ozone,,aqs
2017-01-13,38,Good,Ozone,,aqs
2017-01-14,39,Good,Ozone,,aqs
2017-01-15,40,Good,Ozone,,aqs
2017-01-16,41,Good,Ozone,,aqs
2017-01-17,43,Good,Ozone,,aqs
2017-01-18,42,Good,Ozone,,aqs
2017-01-19,42,Good,Ozone,,aqs
2017-01-20,34,Good,Ozone,,aqs
2017-01-21,37,Good,Ozone,,aqs
2017-01-22,30,Good,Ozone,,aqs
2017-01-23,29,Good,Ozone,,aqs
2017-01-24,14,Good,PM2.5,,aqs
2017-01-25,28,Good,Ozone,,aqs
2017-01-26,35,Good,Ozone,,aqs
2017-01-27,36,Good,Ozone,,aqs
2017-01-28,37,Good,Ozone,,aqs
2017-01-29,38,Good,Ozone,,aqs
2017-01-30,39,Good,Ozone,,aqs
2017-01-31,35,Good,Ozone,,aqs
2017-02-01,33,Good,Ozone,,aqs
2017-02-02,34,Good,Ozone,,aqs
2017-02-03,36,Good,Ozone,,aqs
2017-02-04,33,Good,Ozone,,aqs
2017-02-05,33,Good,Ozone,,aqs
2017-02-06,41,Good,PM2.5,,aqs
2017-02-07,34,Good,Ozone,,aqs
2017-02-08,35,Good,Ozone,,aqs
2017-02-09,37,Good,Ozone,,aqs
2017-02-10,34,Good,Ozone,,aqs
2017-02-11,38,Good,Ozone,,aqs
2017-02-12,38,Good,Ozone,,aqs
2017-02-13,39,Good,Ozone,,aqs
2017-02-14,40,Good,Ozone,,aqs
2017-02-15,35,Good,Ozone,,aqs
2017-02-16,37,Good,Ozone,,aqs
2017-02-17,39,Good,Ozone,,aqs
2017-02-18,31,Good,Ozone,,aqs
2017-02-19,21,Good,Ozone,,aqs
2017-02-20,39,Good,Ozone,,aqs
2017-02-21,39,Good,Ozone,,aqs
2017-02-22,30,Good,Ozone,,aqs
2017-02-23,48,Good,PM2.5,,aqs
2017-02-24,37,Good,Ozone,,aqs
2017-02-25,34,Good,Ozone,,aqs
2017-02-26,35,Good,Ozone,,aqs
2017-02-27,52,Moderate,PM2.5,,aqs
2017-02-28,43,Good,PM2.5,,aqs
2017-03-01,39,Good,PM2.5,,aqs
2017-03-02,35,Good,Ozone,,aqs
2017-03-03,42,Good,Ozone,,aqs
2017-03-04,40,Good,Ozone,,aqs
2017-03-05,44,Good,Ozone,,aqs
2017-03-06,34,Good,PM2.5,,aqs
2017-03-07,37,Good,Ozone,,aqs
2017-03-08,37,Good,Ozone,,aqs
2017-03-09,36,Good,Ozone,,aqs
2017-03-10,33,Good,Ozone,,aqs
2017-03-11,31,Good,Ozone,,aqs
2017-03-12,32,Good,Ozone,,aqs
2017-03-13,35,Good,Ozone,,aqs
2017-03-14,34,Good,Ozone,,aqs
2017-03-15,25,Good,PM2.5,,aqs
2017-03-16,34,Good,Ozone,,aqs
2017-03-17,38,Good,Ozone,,aqs
2017-03-18,32,Good,Ozone,,aqs
2017-03-19,44,Good,Ozone,,aqs
2017-03-20,41,Good,Ozone,,aqs
2017-03-21,32,Good,Ozone,,aqs
2017-03-22,28,Good,Ozone,,aqs
2017-03-23,37,Good,Ozone,,aqs
2017-03-24,37,Good,Ozone,,aqs
2017-03-25,40,Good,Ozone,,aqs
2017-03-26,43,Good,Ozone,,aqs
2017-03-27,43,Good,Ozone,,aqs
2017-03-28,36,Good,Ozone,,aqs
2017-03-29,40,Good,Ozone,,aqs
2017-03-30,32,Good,Ozone,,aqs
2017-03-31,34,Good,Ozone,,aqs
2017-04-01,43,Good,Ozone,,aqs
2017-04-02,42,Good,Ozone,,aqs
2017-04-03,40,Good,Ozone,,aqs
2017-04-04,37,Good,Ozone,,aqs
2017-04-05,43,Good,Ozone,,aqs
2017-04-06,39,Good,Ozone,,aqs
2017-04-07,42,Good,Ozone,,aqs
2017-04-08,47,Good,Ozone,,aqs
2017-04-09,26,Good,Ozone,,aqs
2017-04-10,40,Good,Ozone,,aqs
2017-04-11,45,Good,Ozone,,aqs
2017-04-12,47,Good,Ozone,,aqs
2017-04-13,45,Good,Ozone,,aqs
2017-04-14,42,Good,Ozone,,aqs
2017-04-15,41,Good,Ozone,,aqs
2017-04-16,36,Good,Ozone,,aqs
2017-04-17,31,Good,Ozone,,aqs
2017-04-18,31,Good,Ozone,,aqs
2017-04-19,32,Good,Ozone,,aqs
2017-04-20,37,Good,Ozone,,aqs
2017-04-21,40,Good,Ozone,,aqs
2017-04-22,33,Good,Ozone,,aqs
2017-04-23,28,Good,PM2.5,,aqs
2017-04-24,24,Good,Ozone,,aqs
2017-04-25,32,Good,Ozone,,aqs
2017-04-26,42,Good,Ozone,,aqs
2017-04-27,44,Good,Ozone,,aqs
2017-04-28,58,Moderate,Ozone,,aqs
2017-04-29,45,Good,Ozone,,aqs
2017-04-30,47,Good,Ozone,,aqs
2017-05-01,38,Good,Ozone,,aqs
2017-05-02,41,Good,Ozone,,aqs
2017-05-03,38,Good,Ozone,,aqs
2017-05-04,44,Good,Ozone,,aqs
2017-05-05,44,Good,Ozone,,aqs
2017-05-06,50,Good,Ozone,,aqs
2017-05-07,48,Good,Ozone,,aqs
2017-05-08,42,Good,Ozone,,aqs
2017-05-09,41,Good,Ozone,,aqs
2017-05-10,44,Good,Ozone,,aqs
2017-05-11,44,Good,Ozone,,aqs
2017-05-12,50,Good,Ozone,,aqs
2017-05-13,42,Good,Ozone,,aqs
2017-05-14,41,Good,Ozone,,aqs
2017-05-15,46,Good,Ozone,,aqs
2017-05-16,42,Good,Ozone,,aqs
2017-05-17,42,Good,PM2.5,,aqs
2017-05-18,47,Good,Ozone,,aqs
2017-05-19,46,Good,Ozone,,aqs
2017-05-20,49,Good,Ozone,,aqs
2017-05-21,47,Good,Ozone,,aqs
2017-05-22,44,Good,Ozone,,aqs
2017-05-23,46,Good,Ozone,,aqs
2017-05-24,43,Good,Ozone,,aqs
2017-05-25,37,Good,Ozone,,aqs
2017-05-26,33,Good,Ozone,,aqs
2017-05-27,39,Good,Ozone,,aqs
2017-05-28,42,Good,Ozone,,aqs
2017-05-29,38,Good,Ozone,,aqs
2017-05-30,43,Good,Ozone,,aqs
2017-05-31,46,Good,Ozone,,aqs
2017-06-01,58,Moderate,Ozone,,aqs
2017-06-02,44,Good,Ozone,,aqs
2017-06-03,51,Moderate,Ozone,,aqs
2017-06-04,71,Moderate,Ozone,,aqs
2017-06-05,58,Moderate,Ozone,,aqs
2017-06-06,48,Good,Ozone,,aqs
2017-06-07,50,Good,Ozone,,aqs
2017-06-08,51,Moderate,Ozone,,aqs
2017-06-09,51,Moderate,Ozone,,aqs
2017-06-10,44,Good,Ozone,,aqs
2017-06-11,41,Good,Ozone,,aqs
2017-06-12,46,Good,Ozone,,aqs
2017-06-13,44,Good,Ozone,,aqs
2017-06-14,41,Good,Ozone,,aqs
2017-06-15,44,Good,Ozone,,aqs
2017-06-16,29,Good,Ozone,,aqs
2017-06-17,32,Good,Ozone,,aqs
2017-06-18,40,Good,Ozone,,aqs
2017-06-19,44,Good,Ozone,,aqs
2017-06-20,43,Good,Ozone,,aqs
2017-06-21,47,Good,Ozone,,aqs
2017-06-22,41,Good,Ozone,,aqs
2017-06-23,33,Good,Ozone,,aqs
2017-06-24,31,Good,Ozone,,aqs
2017-06-25,41,Good,Ozone,,aqs
2017-06-26,44,Good,Ozone,,aqs
2017-06-27,43,Good,Ozone,,aqs
2017-06-28,41,Good,Ozone,,aqs
2017-06-29,44,Good,Ozone,,aqs
2017-06-30,36,Good,Ozone,,aqs
2017-07-01,43,Good,Ozone,,aqs
2017-07-02,44,Good,Ozone,,aqs
2017-07-03,54,Moderate,Ozone,,aqs
2017-07-04,67,Moderate,Ozone,,aqs
2017-07-05,71,Moderate,Ozone,,aqs
2017-07-06,47,Good,Ozone,,aqs
2017-07-07,64,Moderate,Ozone,,aqs
2017-07-08,51,Moderate,Ozone,,aqs
2017-07-09,61,Moderate,Ozone,,aqs
2017-07-10,50,Good,Ozone,,aqs
2017-07-11,50,Good,Ozone,,aqs
2017-07-12,35,Good,Ozone,,aqs
2017-07-13,40,Good,Ozone,,aqs
2017-07-14,51,Moderate,Ozone,,aqs
2017-07-15,74,Moderate,Ozone,,aqs
2017-07-16,51,Moderate,Ozone,,aqs
2017-07-17,58,Moderate,Ozone,,aqs
2017-07-18,60,Moderate,PM2.5,,aqs
2017-07-19,54,Moderate,Ozone,,aqs
2017-07-20,58,Moderate,Ozone,,aqs
2017-07-21,58,Moderate,Ozone,,aqs
2017-07-22,47,Good,Ozone,,aqs
2017-07-23,49,Good,Ozone,,aqs
2017-07-24,74,Moderate,Ozone,,aqs
2017-07-25,40,Good,Ozone,,aqs
2017-07-26,51,Moderate,Ozone,,aqs
2017-07-27,42,Good,Ozone,,aqs
2017-07-28,51,Moderate,Ozone,,aqs
2017-07-29,45,Good,Ozone,,aqs
2017-07-30,61,Moderate,Ozone,,aqs
2017-07-31,61,Moderate,Ozone,,aqs
2017-08-01,74,Moderate,PM2.5,,aqs
2017-08-02,31,Good,Ozone,,aqs
2017-08-03,34,Good,Ozone,,aqs
2017-08-04,40,Good,Ozone,,aqs
2017-08-05,30,Good,Ozone,,aqs
2017-08-06,34,Good,Ozone,,aqs
2017-08-07,42,Good,Ozone,,aqs
2017-08-08,44,Good,Ozone,,aqs
2017-08-09,36,Good,Ozone,,aqs
2017-08-10,37,Good,Ozone,,aqs
2017-08-11,44,Good,Ozone,,aqs
2017-08-12,39,Good,Ozone,,aqs
2017-08-13,44,Good,Ozone,,aqs
2017-08-14,41,Good,Ozone,,aqs
2017-08-15,27,Good,Ozone,,aqs
2017-08-16,44,Good,Ozone,,aqs
2017-08-17,57,Moderate,PM2.5,,aqs
2017-08-18,59,Moderate,PM2.5,,aqs
2017-08-19,56,Moderate,PM2.5,,aqs
2017-08-20,31,Good,Ozone,,aqs
2017-08-21,38,Good,Ozone,,aqs
2017-08-22,30,Good,PM2.5,,aqs
2017-08-23,37,Good,Ozone,,aqs
2017-08-24,40,Good,Ozone,,aqs
2017-08-25,34,Good,Ozone,,aqs
2017-08-26,42,Good,Ozone,,aqs
2017-08-27,47,Good,Ozone,,aqs
2017-08-28,67,Moderate,Ozone,,aqs
2017-08-29,49,Good,Ozone,,aqs
2017-08-30,44,Good,PM2.5,,aqs
2017-08-31,43,Good,Ozone,,aqs
2017-09-01,63,Moderate,PM2.5,,aqs
2017-09-02,69,Moderate,PM2.5,,aqs
2017-09-03,91,Moderate,PM2.5,,aqs
2017-09-04,34,Good,Ozone,,aqs
2017-09-05,30,Good,Ozone,,aqs
2017-09-06,39,Good,Ozone,,aqs
2017-09-07,46,Good,Ozone,,aqs
2017-09-08,49,Good,PM2.5,,aqs
2017-09-09,54,Moderate,Ozone,,aqs
2017-09-10,71,Moderate,PM2.5,,aqs
2017-09-11,65,Moderate,PM2.5,,aqs
2017-09-12,116,Unhealthy for Sensitive Groups,PM2.5,,aqs
2017-09-13,156,Unhealthy,PM2.5,,aqs
2017-09-14,86,Moderate,PM2.5,,aqs
2017-09-15,32,Good,PM2.5,,aqs
2017-09-16,20,Good,Ozone,,aqs
2017-09-17,24,Good,Ozone,,aqs
2017-09-18,35,Good,Ozone,,aqs
2017-09-19,32,Good,Ozone,,aqs
2017-09-20,34,Good,Ozone,,aqs
2017-09-21,33,Good,Ozone,,aqs
2017-09-22,20,Good,Ozone,,aqs
2017-09-23,18,Good,Ozone,,aqs
2017-09-24,13,Good,Ozone,,aqs
2017-09-25,18,Good,Ozone,,aqs
2017-09-26,22,Good,Ozone,,aqs
2017-09-27,31,Good,Ozone,,aqs
2017-09-28,35,Good,Ozone,,aqs
2017-09-29,31,Good,Ozone,,aqs
2017-09-30,36,Good,Ozone,,aqs
2017-10-01,28,Good,Ozone,,aqs
2017-10-02,19,Good,Ozone,,aqs
2017-10-03,18,Good,Ozone,,aqs
2017-10-04,26,Good,Ozone,,aqs
2017-10-05,29,Good,Ozone,,aqs
2017-10-06,35,Good,Ozone,,aqs
2017-10-07,39,Good,Ozone,,aqs
2017-10-08,31,Good,Ozone,,aqs
2017-10-09,31,Good,Ozone,,aqs
2017-10-10,32,Good,Ozone,,aqs
2017-10-11,34,Good,Ozone,,aqs
2017-10-12,26,Good,Ozone,,aqs
2017-10-13,35,Good,Ozone,,aqs
2017-10-14,39,Good,PM2.5,,aqs
2017-10-15,29,Good,Ozone,,aqs
2017-10-16,34,Good,Ozone,,aqs
2017-10-17,38,Good,Ozone,,aqs
2017-10-18,39,Good,PM2.5,,aqs
2017-10-19,37,Good,Ozone,,aqs
2017-10-20,37,Good,Ozone,,aqs
2017-10-21,33,Good,Ozone,,aqs
2017-10-22,35,Good,Ozone,,aqs
2017-10-23,33,Good,Ozone,,aqs
2017-10-24,32,Good,Ozone,,aqs
2017-10-25,39,Good,Ozone,,aqs
2017-10-26,29,Good,Ozone,,aqs
2017-10-27,32,Good,Ozone,,aqs
2017-10-28,30,Good,Ozone,,aqs
2017-10-29,31,Good,Ozone,,aqs
2017-10-30,27,Good,Ozone,,aqs
2017-10-31,8,Good,PM2.5,,aqs
2017-11-01,23,Good,Ozone,,aqs
2017-11-02,37,Good,PM2.5,,aqs
2017-11-03,33,Good,PM2.5,,aqs
2017-11-04,24,Good,Ozone,,aqs
2017-11-05,41,Good,PM2.5,,aqs
2017-11-06,42,Good,PM2.5,,aqs
2017-11-07,44,Good,PM2.5,,aqs
2017-11-08,46,Good,PM2.5,,aqs
2017-11-09,54,Moderate,PM2.5,,aqs
2017-11-10,28,Good,Ozone,,aqs
2017-11-11,31,Good,Ozone,,aqs
2017-11-12,30,Good,Ozone,,aqs
2017-11-13,33,Good,Ozone,,aqs
2017-11-14,33,Good,Ozone,,aqs
2017-11-15,42,Good,PM2.5,,aqs
2017-11-16,30,Good,Ozone,,aqs
2017-11-17,29,Good,Ozone,,aqs
2017-11-18,36,Good,PM2.5,,aqs
2017-11-19,28,Good,Ozone,,aqs
2017-11-20,35,Good,Ozone,,aqs
2017-11-21,29,Good,PM2.5,,aqs
2017-11-22,25,Good,Ozone,,aqs
2017-11-23,24,Good,Ozone,,aqs
2017-11-24,31,Good,Ozone,,aqs
2017-11-25,30,Good,Ozone,,aqs
2017-11-26,31,Good,Ozone,,aqs
2017-11-27,32,Good,Ozone,,aqs
2017-11-28,29,Good,Ozone,,aqs
2017-11-29,29,Good,Ozone,,aqs
2017-11-30,5,Good,PM2.5,,aqs
2017-12-01,32,Good,Ozone,,aqs
2017-12-02,33,Good,Ozone,,aqs
2017-12-03,30,Good,Ozone,,aqs
2017-12-04,31,Good,Ozone,,aqs
2017-12-05,31,Good,Ozone,,aqs
2017-12-06,31,Good,Ozone,,aqs
2017-12-07,29,Good,Ozone,,aqs
2017-12-08,30,Good,Ozone,,aqs
2017-12-09,31,Good,Ozone,,aqs
2017-12-10,31,Good,Ozone,,aqs
2017-12-11,31,Good,Ozone,,aqs
2017-12-12,31,Good,Ozone,,aqs
2017-12-13,29,Good,Ozone,,aqs
2017-12-14,29,Good,Ozone,,aqs
2017-12-15,30,Good,Ozone,,aqs
2017-12-16,25,Good,Ozone,,aqs
2017-12-17,29,Good,Ozone,,aqs
2017-12-18,31,Good,Ozone,,aqs
2017-12-19,29,Good,Ozone,,aqs
2017-12-20,26,Good,Ozone,,aqs
2017-12-21,30,Good,PM2.5,,aqs
2017-12-22,33,Good,Ozone,,aqs
2017-12-23,32,Good,Ozone,,aqs
2017-12-24,32,Good,Ozone,,aqs
2017-12-25,33,Good,Ozone,,aqs
2017-12-26,32,Good,Ozone,,aqs
2017-12-27,30,Good,Ozone,,aqs
2017-12-28,27,Good,Ozone,,aqs
2017-12-29,30,Good,Ozone,,aqs
2017-12-30,29,Good,Ozone,,aqs
2018-01-01,33,Good,Ozone,,aqs
2018-01-02,37,Good,Ozone,,aqs
2018-01-03,38,Good,Ozone,,aqs
2018-01-04,14,Good,PM2.5,,aqs
2018-01-05,56,Moderate,PM2.5,,aqs
2018-01-06,38,Good,PM2.5,,aqs
2018-01-07,18,Good,PM2.5,,aqs
2018-01-08,7,Good,PM2.5,,aqs
2018-01-09,0,Good,PM2.5,,aqs
2018-01-10,9,Good,PM2.5,,aqs
2018-01-11,17,Good,PM2.5,,aqs
2018-01-12,52,Moderate,PM2.5,,aqs
2018-01-13,34,Good,PM2.5,,aqs
2018-01-14,11,Good,PM2.5,,aqs
2018-01-15,23,Good,PM2.5,,aqs
2018-01-16,38,Good,Ozone,,aqs
2018-01-17,24,Good,PM2.5,,aqs
2018-01-18,9,Good,PM2.5,,aqs
2018-01-19,5,Good,PM2.5,,aqs
2018-01-20,6,Good,PM2.5,,aqs
2018-01-21,8,Good,PM2.5,,aqs
2018-01-22,6,Good,PM2.5,,aqs
2018-01-23,32,Good,Ozone,,aqs
2018-01-24,6,Good,PM2.5,,aqs
2018-01-25,31,Good,Ozone,,aqs
2018-01-26,32,Good,Ozone,,aqs
2018-01-27,35,Good,PM2.5,,aqs
2018-01-28,44,Good,PM2.5,,aqs
2018-01-29,28,Good,PM2.5,,aqs
2018-01-30,38,Good,Ozone,,aqs
2018-02-01,29,Good,Ozone,,aqs
2018-02-02,23,Good,Ozone,,aqs
2018-02-03,33,Good,Ozone,,aqs
2018-02-04,35,Good,Ozone,,aqs
2018-02-05,34,Good,Ozone,,aqs
2018-02-06,35,Good,Ozone,,aqs
2018-02-07,44,Good,PM2.5,,aqs
2018-02-08,48,Good,PM2.5,,aqs
2018-02-09,35,Good,Ozone,,aqs
2018-02-10,39,Good,Ozone,,aqs
2018-02-11,39,Good,Ozone,,aqs
2018-02-12,34,Good,Ozone,,aqs
2018-02-13,44,Good,Ozone,,aqs
2018-02-14,40,Good,Ozone,,aqs
2018-02-15,35,Good,Ozone,,aqs
2018-02-16,39,Good,Ozone,,aqs
2018-02-17,38,Good,Ozone,,aqs
2018-02-18,37,Good,Ozone,,aqs
2018-02-19,36,Good,Ozone,,aqs
2018-02-20,40,Good,Ozone,,aqs
2018-02-21,44,Good,Ozone,,aqs
2018-02-22,44,Good,Ozone,,aqs
2018-02-23,47,Good,Ozone,,aqs
2018-02-24,47,Good,Ozone,,aqs
2018-02-25,41,Good,Ozone,,aqs
2018-02-26,41,Good,Ozone,,aqs
2018-02-27,43,Good,Ozone,,aqs
2018-02-28,6,Good,PM2.5,,aqs
2018-03-01,42,Good,Ozone,,aqs
2018-03-02,39,Good,Ozone,,aqs
2018-03-03,52,Moderate,PM2.5,,aqs
2018-03-04,49,Good,PM2.5,,aqs
2018-03-05,33,Good,Ozone,,aqs
2018-03-06,42,Good,Ozone,,aqs
2018-03-07,41,Good,Ozone,,aqs
2018-03-08,45,Good,Ozone,,aqs
2018-03-09,53,Moderate,PM2.5,,aqs
2018-03-10,47,Good,Ozone,,aqs
2018-03-11,52,Moderate,PM2.5,,aqs
2018-03-12,51,Moderate,Ozone,,aqs
2018-03-13,46,Good,PM2.5,,aqs
2018-03-14,46,Good,Ozone,,aqs
2018-03-15,43,Good,Ozone,,aqs
2018-03-16,38,Good,Ozone,,aqs
2018-03-17,37,Good,Ozone,,aqs
2018-03-18,52,Moderate,PM2.5,,aqs
2018-03-19,45,Good,PM2.5,,aqs
2018-03-20,40,Good,Ozone,,aqs
2018-03-21,38,Good,Ozone,,aqs
2018-03-22,36,Good,PM2.5,,aqs
2018-03-23,34,Good,PM2.5,,aqs
2018-03-24,23,Good,PM2.5,,aqs
2018-03-25,11,Good,PM2.5,,aqs
2018-03-26,43,Good,PM2.5,,aqs
2018-03-27,40,Good,Ozone,,aqs
2018-03-28,37,Good,Ozone,,aqs
2018-03-29,38,Good,Ozone,,aqs
2018-03-30,44,Good,PM2.5,,aqs
2018-04-01,43,Good,Ozone,,aqs
2018-04-02,42,Good,PM2.5,,aqs
2018-04-03,44,Good,Ozone,,aqs
2018-04-04,44,Good,Ozone,,aqs
2018-04-05,47,Good,Ozone,,aqs
2018-04-06,31,Good,Ozone,,aqs
2018-04-07,38,Good,Ozone,,aqs
2018-04-08,42,Good,Ozone,,aqs
2018-04-09,41,Good,PM2.5,,aqs
2018-04-10,39,Good,Ozone,,aqs
2018-04-11,44,Good,Ozone,,aqs
2018-04-12,52,Moderate,PM2.5,,aqs
2018-04-13,48,Good,Ozone,,aqs
2018-04-14,46,Good,Ozone,,aqs
2018-04-15,44,Good,Ozone,,aqs
2018-04-16,50,Good,Ozone,,aqs
2018-04-17,46,Good,Ozone,,aqs
2018-04-18,38,Good,Ozone,,aqs
2018-04-19,44,Good,Ozone,,aqs
2018-04-20,45,Good,Ozone,,aqs
2018-04-21,44,Good,Ozone,,aqs
2018-04-22,51,Moderate,Ozone,,aqs
2018-04-23,40,Good,Ozone,,aqs
2018-04-24,44,Good,Ozone,,aqs
2018-04-25,48,Good,Ozone,,aqs
2018-04-26,58,Moderate,Ozone,,aqs
2018-04-27,58,Moderate,Ozone,,aqs
2018-04-28,43,Good,Ozone,,aqs
2018-04-29,46,Good,Ozone,,aqs
2018-05-01,32,Good,Ozone,,aqs
2018-05-02,49,Good,Ozone,,aqs
2018-05-03,54,Moderate,Ozone,,aqs
2018-05-04,46,Good,Ozone,,aqs
2018-05-05,48,Good,Ozone,,aqs
2018-05-06,50,Good,Ozone,,aqs
2018-05-07,44,Good,Ozone,,aqs
2018-05-08,48,Good,Ozone,,aqs
2018-05-09,42,Good,Ozone,,aqs
2018-05-10,36,Good,Ozone,,aqs
2018-05-11,38,Good,Ozone,,aqs
2018-05-12,39,Good,Ozone,,aqs
2018-05-13,37,Good,Ozone,,aqs
2018-05-14,49,Good,Ozone,,aqs
2018-05-15,54,Moderate,Ozone,,aqs
2018-05-16,61,Moderate,Ozone,,aqs
2018-05-17,39,Good,Ozone,,aqs
2018-05-18,30,Good,Ozone,,aqs
2018-05-19,44,Good,Ozone,,aqs
2018-05-20,48,Good,Ozone,,aqs
2018-05-21,50,Good,Ozone,,aqs
2018-05-22,50,Good,Ozone,,aqs
2018-05-23,48,Good,Ozone,,aqs
2018-05-24,47,Good,Ozone,,aqs
2018-05-25,49,Good,Ozone,,aqs
2018-05-26,71,Moderate,Ozone,,aqs
2018-05-27,84,Moderate,Ozone,,aqs
2018-05-28,48,Good,Ozone,,aqs
2018-05-29,45,Good,Ozone,,aqs
2018-05-30,64,Moderate,Ozone,,aqs
2018-06-01,44,Good,Ozone,,aqs
2018-06-02,40,Good,Ozone,,aqs
2018-06-03,48,Good,Ozone,,aqs
2018-06-04,58,Moderate,Ozone,,aqs
2018-06-05,48,Good,Ozone,,aqs
2018-06-06,64,Moderate,Ozone,,aqs
2018-06-07,58,Moderate,Ozone,,aqs
2018-06-08,61,Moderate,Ozone,,aqs
2018-06-09,90,Moderate,Ozone,,aqs
2018-06-10,45,Good,Ozone,,aqs
2018-06-11,40,Good,Ozone,,aqs
2018-06-12,38,Good,Ozone,,aqs
2018-06-13,47,Good,Ozone,,aqs
2018-06-14,47,Good,Ozone,,aqs
2018-06-15,41,Good,Ozone,,aqs
2018-06-16,39,Good,Ozone,,aqs
2018-06-17,36,Good,Ozone,,aqs
2018-06-18,31,Good,Ozone,,aqs
2018-06-19,38,Good,Ozone,,aqs
2018-06-20,47,Good,Ozone,,aqs
2018-06-21,64,Moderate,Ozone,,aqs
2018-06-22,40,Good,Ozone,,aqs
2018-06-23,37,Good,Ozone,,aqs
2018-06-24,41,Good,Ozone,,aqs
2018-06-25,40,Good,Ozone,,aqs
2018-06-26,40,Good,Ozone,,aqs
2018-06-27,45,Good,Ozone,,aqs
2018-06-28,41,Good,Ozone,,aqs
2018-06-29,44,Good,Ozone,,aqs
2018-06-30,38,Good,Ozone,,aqs
2018-07-01,34,Good,Ozone,,aqs
2018-07-02,39,Good,Ozone,,aqs
2018-07-03,41,Good,Ozone,,aqs
2018-07-04,39,Good,Ozone,,aqs
2018-07-05,38,Good,Ozone,,aqs
2018-07-06,38,Good,Ozone,,aqs
2018-07-07,45,Good,Ozone,,aqs
2018-07-08,44,Good,Ozone,,aqs
2018-07-09,42,Good,Ozone,,aqs
2018-07-10,37,Good,Ozone,,aqs
2018-07-11,40,Good,Ozone,,aqs
2018-07-12,40,Good,Ozone,,aqs
2018-07-13,45,Good,Ozone,,aqs
2018-07-14,44,Good,Ozone,,aqs
2018-07-15,31,Good,Ozone,,aqs
2018-07-16,41,Good,Ozone,,aqs
2018-07-17,43,Good,Ozone,,aqs
2018-07-18,49,Good,Ozone,,aqs
2018-07-19,54,Moderate,Ozone,,aqs
2018-07-20,35,Good,Ozone,,aqs
2018-07-21,38,Good,Ozone,,aqs
2018-07-22,43,Good,Ozone,,aqs
2018-07-23,31,Good,Ozone,,aqs
2018-07-24,44,Good,Ozone,,aqs
2018-07-25,36,Good,Ozone,,aqs
2018-07-26,33,Good,Ozone,,aqs
2018-07-27,44,Good,Ozone,,aqs
2018-07-28,40,Good,Ozone,,aqs
2018-07-29,45,Good,Ozone,,aqs
2018-07-30,61,Moderate,Ozone,,aqs
2018-07-31,49,Good,Ozone,,aqs
2018-08-01,26,Good,Ozone,,aqs
2018-08-02,54,Moderate,Ozone,,aqs
2018-08-03,61,Moderate,Ozone,,aqs
2018-08-04,54,Moderate,PM2.5,,aqs
2018-08-05,44,Good,PM2.5,,aqs
2018-08-06,40,Good,Ozone,,aqs
2018-08-07,42,Good,Ozone,,aqs
2018-08-08,69,Moderate,PM2.5,,aqs
2018-08-09,86,Moderate,PM2.5,,aqs
2018-08-10,74,Moderate,PM2.5,,aqs
2018-08-11,68,Moderate,PM2.5,,aqs
2018-08-12,62,Moderate,PM2.5,,aqs
2018-08-13,66,Moderate,PM2.5,,aqs
2018-08-14,49,Good,PM2.5,,aqs
2018-08-15,64,Moderate,Ozone,,aqs
2018-08-16,64,Moderate,Ozone,,aqs
2018-08-17,62,Moderate,PM2.5,,aqs
2018-08-18,76,Moderate,PM2.5,,aqs
2018-08-19,85,Moderate,PM2.5,,aqs
2018-08-20,44,Good,PM2.5,,aqs
2018-08-21,59,Moderate,PM2.5,,aqs
2018-08-22,61,Moderate,PM2.5,,aqs
2018-08-23,57,Moderate,PM2.5,,aqs
2018-08-24,75,Moderate,PM2.5,,aqs
2018-08-25,90,Moderate,PM2.5,,aqs
2018-08-26,68,Moderate,PM2.5,,aqs
2018-08-27,65,Moderate,PM2.5,,aqs
2018-08-28,24,Good,PM2.5,,aqs
2018-08-29,35,Good,Ozone,,aqs
2018-08-30,44,Good,Ozone,,aqs
2018-08-31,41,Good,Ozone,,aqs
2018-09-01,43,Good,Ozone,,aqs
2018-09-02,70,Moderate,PM2.5,,aqs
2018-09-03,43,Good,Ozone,,aqs
2018-09-04,28,Good,Ozone,,aqs
2018-09-05,35,Good,PM2.5,,aqs
2018-09-06,38,Good,Ozone,,aqs
2018-09-07,34,Good,Ozone,,aqs
2018-09-08,36,Good,Ozone,,aqs
2018-09-09,33,Good,Ozone,,aqs
2018-09-10,42,Good,Ozone,,aqs
2018-09-11,34,Good,Ozone,,aqs
2018-09-12,19,Good,Ozone,,aqs
2018-09-13,35,Good,Ozone,,aqs
2018-09-14,30,Good,Ozone,,aqs
2018-09-15,15,Good,Ozone,,aqs
2018-09-16,24,Good,Ozone,,aqs
2018-09-17,47,Good,PM2.5,,aqs
2018-09-18,31,Good,Ozone,,aqs
2018-09-19,29,Good,Ozone,,aqs
2018-09-20,20,Good,Ozone,,aqs
2018-09-21,29,Good,Ozone,,aqs
2018-09-22,38,Good,Ozone,,aqs
2018-09-23,12,Good,Ozone,,aqs
2018-09-24,20,Good,Ozone,,aqs
2018-09-25,27,Good,Ozone,,aqs
2018-09-26,32,Good,Ozone,,aqs
2018-09-27,28,Good,Ozone,,aqs
2018-09-28,27,Good,Ozone,,aqs
2018-09-29,26,Good,Ozone,,aqs
2018-09-30,23,Good,Ozone,,aqs
2018-10-01,19,Good,Ozone,,aqs
2018-10-02,24,Good,Ozone,,aqs
2018-10-03,28,Good,Ozone,,aqs
2018-10-04,23,Good,Ozone,,aqs
2018-10-05,23,Good,Ozone,,aqs
2018-10-06,28,Good,Ozone,,aqs
2018-10-07,16,Good,Ozone,,aqs
2018-10-08,31,Good,Ozone,,aqs
2018-10-09,31,Good,PM2.5,,aqs
2018-10-10,28,Good,Ozone,,aqs
2018-10-11,30,Good,Ozone,,aqs
2018-10-12,31,Good,Ozone,,aqs
2018-10-13,27,Good,Ozone,,aqs
2018-10-14,31,Good,Ozone,,aqs
2018-10-15,31,Good,Ozone,,aqs
2018-10-16,28,Good,Ozone,,aqs
2018-10-17,38,Good,Ozone,,aqs
2018-10-18,36,Good,Ozone,,aqs
2018-10-19,34,Good,Ozone,,aqs
2018-10-20,33,Good,Ozone,,aqs
2018-10-21,37,Good,Ozone,,aqs
2018-10-22,33,Good,Ozone,,aqs
2018-10-23,33,Good,Ozone,,aqs
2018-10-24,35,Good,Ozone,,aqs
2018-10-25,38,Good,Ozone,,aqs
2018-10-26,35,Good,Ozone,,aqs
2018-10-27,34,Good,Ozone,,aqs
2018-10-28,34,Good,Ozone,,aqs
2018-10-29,26,Good,Ozone,,aqs
2018-10-30,29,Good,Ozone,,aqs
2018-10-31,31,Good,Ozone,,aqs
2018-11-01,26,Good,Ozone,,aqs
2018-11-02,27,Good,PM2.5,,aqs
2018-11-03,11,Good,Ozone,,aqs
2018-11-04,18,Good,Ozone,,aqs
2018-11-05,24,Good,Ozone,,aqs
2018-11-06,27,Good,Ozone,,aqs
2018-11-07,27,Good,Ozone,,aqs
2018-11-08,40,Good,PM2.5,,aqs
2018-11-09,30,Good,Ozone,,aqs
2018-11-10,31,Good,Ozone,,aqs
2018-11-11,46,Good,PM2.5,,aqs
2018-11-12,31,Good,Ozone,,aqs
2018-11-13,28,Good,Ozone,,aqs
2018-11-14,32,Good,Ozone,,aqs
2018-11-15,31,Good,Ozone,,aqs
2018-11-16,27,Good,Ozone,,aqs
2018-11-17,26,Good,Ozone,,aqs
2018-11-18,22,Good,Ozone,,aqs
2018-11-19,55,Moderate,PM2.5,,aqs
2018-11-20,27,Good,Ozone,,aqs
2018-11-21,26,Good,Ozone,,aqs
2018-11-22,27,Good,Ozone,,aqs
2018-11-23,30,Good,Ozone,,aqs
2018-11-24,32,Good,PM2.5,,aqs
2018-11-25,35,Good,PM2.5,,aqs
2018-11-26,36,Good,PM2.5,,aqs
2018-11-27,25,Good,PM2.5,,aqs
2018-11-28,29,Good,Ozone,,aqs
2018-11-29,29,Good,Ozone,,aqs
2018-11-30,25,Good,Ozone,,aqs
2018-12-01,19,Good,Ozone,,aqs
2018-12-02,51,Moderate,PM2.5,,aqs
2018-12-03,43,Good,PM2.5,,aqs
2018-12-04,37,Good,PM2.5,,aqs
2018-12-05,31,Good,Ozone,,aqs
2018-12-06,31,Good,Ozone,,aqs
2018-12-07,31,Good,Ozone,,aqs
2018-12-08,32,Good,Ozone,,aqs
2018-12-09,33,Good,Ozone,,aqs
2018-12-10,30,Good,Ozone,,aqs
2018-12-11,29,Good,Ozone,,aqs
2018-12-12,30,Good,Ozone,,aqs
2018-12-13,31,Good,Ozone,,aqs
2018-12-14,31,Good,Ozone,,aqs
2018-12-15,36,Good,Ozone,,aqs
2018-12-16,27,Good,Ozone,,aqs
2018-12-17,27,Good,Ozone,,aqs
2018-12-18,31,Good,Ozone,,aqs
2018-12-19,31,Good,Ozone,,aqs
2018-12-20,28,Good,Ozone,,aqs
2018-12-21,31,Good,Ozone,,aqs
2018-12-22,31,Good,Ozone,,aqs
2018-12-23,29,Good,Ozone,,aqs
2018-12-24,28,Good,Ozone,,aqs
2018-12-25,63,Moderate,PM2.5,,aqs
2018-12-26,25,Good,PM2.5,,aqs
2018-12-27,29,Good,Ozone,,aqs
2018-12-28,29,Good,Ozone,,aqs
2018-12-29,32,Good,Ozone,,aqs
2018-12-30,31,Good,Ozone,,aqs
2018-12-31,33,Good,Ozone,,aqs
2019-01-01,31,Good,Ozone,,aqs
2019-01-02,34,Good,Ozone,,aqs
2019-01-03,34,Good,Ozone,,aqs
2019-01-04,34,Good,Ozone,,aqs
2019-01-05,32,Good,Ozone,,aqs
2019-01-06,31,Good,Ozone,,aqs
2019-01-07,32,Good,Ozone,,aqs
2019-01-08,30,Good,Ozone,,aqs
2019-01-09,29,Good,Ozone,,aqs
2019-01-10,27,Good,Ozone,,aqs
2019-01-11,37,Good,PM2.5,,aqs
2019-01-12,54,Moderate,PM2.5,,aqs
2019-01-13,21,Good,Ozone,,aqs
2019-01-14,54,Moderate,PM2.5,,aqs
2019-01-15,28,Good,Ozone,,aqs
2019-01-16,55,Moderate,PM2.5,,aqs
2019-01-17,46,Good,PM2.5,,aqs
2019-01-18,31,Good,Ozone,,aqs
2019-01-19,31,Good,Ozone,,aqs
2019-01-20,32,Good,Ozone,,aqs
2019-01-21,36,Good,PM2.5,,aqs
2019-01-22,33,Good,Ozone,,aqs
2019-01-23,33,Good,Ozone,,aqs
2019-01-24,32,Good,Ozone,,aqs
2019-01-25,37,Good,Ozone,,aqs
2019-01-26,37,Good,Ozone,,aqs
2019-01-27,34,Good,Ozone,,aqs
2019-01-28,38,Good,Ozone,,aqs
2019-01-29,36,Good,Ozone,,aqs
2019-01-30,35,Good,Ozone,,aqs
2019-01-31,32,Good,Ozone,,aqs
2019-02-01,32,Good,Ozone,,aqs
2019-02-02,31,Good,Ozone,,aqs
2019-02-03,33,Good,Ozone,,aqs
2019-02-04,35,Good,Ozone,,aqs
2019-02-05,35,Good,Ozone,,aqs
2019-02-06,31,Good,Ozone,,aqs
2019-02-07,34,Good,Ozone,,aqs
2019-02-08,35,Good,Ozone,,aqs
2019-02-09,34,Good,Ozone,,aqs
2019-02-10,38,Good,Ozone,,aqs
2019-02-11,51,Moderate,PM2.5,,aqs
2019-02-12,46,Good,PM2.5,,aqs
2019-02-13,55,Moderate,PM2.5,,aqs
2019-02-14,36,Good,Ozone,,aqs
2019-02-15,36,Good,Ozone,,aqs
2019-02-16,35,Good,Ozone,,aqs
2019-02-17,35,Good,Ozone,,aqs
2019-02-18,38,Good,Ozone,,aqs
2019-02-19,41,Good,Ozone,,aqs
2019-02-20,46,Good,PM2.5,,aqs
2019-02-21,44,Good,Ozone,,aqs
2019-02-22,46,Good,Ozone,,aqs
2019-02-23,44,Good,Ozone,,aqs
2019-02-24,34,Good,Ozone,,aqs
2019-02-25,34,Good,Ozone,,aqs
2019-02-26,36,Good,Ozone,,aqs
2019-02-27,40,Good,Ozone,,aqs
2019-02-28,45,Good,Ozone,,aqs
2019-03-01,46,Good,Ozone,,aqs
2019-03-02,31,Good,Ozone,,aqs
2019-03-03,38,Good,Ozone,,aqs
2019-03-04,44,Good,Ozone,,aqs
2019-03-05,46,Good,Ozone,,aqs
2019-03-06,44,Good,Ozone,,aqs
2019-03-07,49,Good,Ozone,,aqs
2019-03-08,54,Moderate,Ozone,,aqs
2019-03-09,48,Good,Ozone,,aqs
2019-03-10,50,Good,Ozone,,aqs
2019-03-11,61,Moderate,Ozone,,aqs
2019-03-12,49,Good,Ozone,,aqs
2019-03-13,47,Good,Ozone,,aqs
2019-03-14,47,Good,Ozone,,aqs
2019-03-15,46,Good,Ozone,,aqs
2019-03-16,51,Moderate,Ozone,,aqs
2019-03-17,47,Good,Ozone,,aqs
2019-03-18,44,Good,Ozone,,aqs
2019-03-19,46,Good,Ozone,,aqs
2019-03-20,13,Good,PM2.5,,aqs
2019-03-21,33,Good,PM2.5,,aqs
2019-03-22,51,Moderate,PM2.5,,aqs
2019-03-23,32,Good,PM2.5,,aqs
2019-03-24,43,Good,PM2.5,,aqs
2019-03-25,31,Good,PM2.5,,aqs
2019-03-26,10,Good,PM2.5,,aqs
2019-03-27,33,Good,Ozone,,aqs
2019-03-28,31,Good,Ozone,,aqs
2019-03-29,38,Good,Ozone,,aqs
2019-03-30,40,Good,Ozone,,aqs
2019-03-31,36,Good,Ozone,,aqs
2019-04-01,39,Good,Ozone,,aqs
2019-04-02,43,Good,Ozone,,aqs
2019-04-03,38,Good,Ozone,,aqs
2019-04-04,34,Good,Ozone,,aqs
2019-04-05,31,Good,Ozone,,aqs
2019-04-06,30,Good,Ozone,,aqs
2019-04-07,44,Good,Ozone,,aqs
2019-04-08,43,Good,Ozone,,aqs
2019-04-09,34,Good,Ozone,,aqs
2019-04-10,27,Good,Ozone,,aqs
2019-04-11,39,Good,Ozone,,aqs
2019-04-12,43,Good,Ozone,,aqs
2019-04-13,45,Good,Ozone,,aqs
2019-04-14,42,Good,Ozone,,aqs
2019-04-15,43,Good,Ozone,,aqs
2019-04-16,42,Good,Ozone,,aqs
2019-04-17,42,Good,Ozone,,aqs
2019-04-18,41,Good,Ozone,,aqs
2019-04-19,32,Good,Ozone,,aqs
2019-04-20,40,Good,Ozone,,aqs
2019-04-21,41,Good,Ozone,,aqs
2019-04-22,49,Good,Ozone,,aqs
2019-04-23,14,Good,PM2.5,,aqs
2019-04-24,47,Good,Ozone,,aqs
2019-04-25,45,Good,Ozone,,aqs
2019-04-26,44,Good,Ozone,,aqs
2019-04-27,34,Good,Ozone,,aqs
2019-04-28,31,Good,Ozone,,aqs
2019-04-29,35,Good,Ozone,,aqs
2019-04-30,33,Good,Ozone,,aqs
2019-05-01,36,Good,Ozone,,aqs
2019-05-02,41,Good,Ozone,,aqs
2019-05-03,44,Good,Ozone,,aqs
2019-05-04,38,Good,Ozone,,aqs
2019-05-05,33,Good,Ozone,,aqs
2019-05-06,37,Good,Ozone,,aqs
2019-05-07,26,Good,Ozone,,aqs
2019-05-08,37,Good,Ozone,,aqs
2019-05-09,41,Good,Ozone,,aqs
2019-05-10,41,Good,Ozone,,aqs
2019-05-11,28,Good,Ozone,,aqs
2019-05-12,43,Good,Ozone,,aqs
2019-05-13,51,Moderate,Ozone,,aqs
2019-05-14,54,Moderate,Ozone,,aqs
2019-05-15,44,Good,Ozone,,aqs
2019-05-16,37,Good,PM2.5,,aqs
2019-05-17,31,Good,Ozone,,aqs
2019-05-18,30,Good,Ozone,,aqs
2019-05-19,34,Good,Ozone,,aqs
2019-05-20,33,Good,Ozone,,aqs
2019-05-21,36,Good,Ozone,,aqs
2019-05-22,38,Good,Ozone,,aqs
2019-05-23,40,Good,Ozone,,aqs
2019-05-24,31,Good,Ozone,,aqs
2019-05-25,46,Good,Ozone,,aqs
2019-05-26,36,Good,Ozone,,aqs
2019-05-27,46,Good,PM2.5,,aqs
2019-05-28,84,Moderate,Ozone,,aqs
2019-05-29,61,Moderate,Ozone,,aqs
2019-05-30,61,Moderate,Ozone,,aqs
2019-05-31,37,Good,PM2.5,,aqs
2019-06-01,48,Good,PM2.5,,aqs
2019-06-02,51,Moderate,PM2.5,,aqs
2019-06-03,49,Good,Ozone,,aqs
2019-06-04,58,Moderate,Ozone,,aqs
2019-06-05,47,Good,Ozone,,aqs
2019-06-06,50,Good,Ozone,,aqs
2019-06-07,39,Good,Ozone,,aqs
2019-06-08,31,Good,Ozone,,aqs
2019-06-09,31,Good,Ozone,,aqs
2019-06-10,33,Good,Ozone,,aqs
2019-06-11,39,Good,Ozone,,aqs
2019-06-12,35,Good,Ozone,,aqs
2019-06-13,38,Good,Ozone,,aqs
2019-06-14,45,Good,Ozone,,aqs
2019-06-15,43,Good,Ozone,,aqs
2019-06-16,37,Good,Ozone,,aqs
2019-06-17,41,Good,Ozone,,aqs
2019-06-18,40,Good,Ozone,,aqs
2019-06-19,37,Good,Ozone,,aqs
2019-06-20,44,Good,Ozone,,aqs
2019-06-21,43,Good,Ozone,,aqs
2019-06-22,34,Good,Ozone,,aqs
2019-06-23,40,Good,Ozone,,aqs
2019-06-24,37,Good,Ozone,,aqs
2019-06-25,38,Good,Ozone,,aqs
2019-06-26,47,Good,Ozone,,aqs
2019-06-27,74,Moderate,Ozone,,aqs
2019-06-28,45,Good,Ozone,,aqs
2019-06-29,44,Good,PM2.5,,aqs
2019-06-30,45,Good,Ozone,,aqs
2019-07-01,43,Good,Ozone,,aqs
2019-07-02,34,Good,Ozone,,aqs
2019-07-03,30,Good,Ozone,,aqs
2019-07-04,39,Good,Ozone,,aqs
2019-07-05,33,Good,Ozone,,aqs
2019-07-06,37,Good,Ozone,,aqs
2019-07-07,42,Good,Ozone,,aqs
2019-07-08,46,Good,Ozone,,aqs
2019-07-09,38,Good,Ozone,,aqs
2019-07-10,29,Good,Ozone,,aqs
2019-07-11,37,Good,Ozone,,aqs
2019-07-12,36,Good,Ozone,,aqs
2019-07-13,36,Good,Ozone,,aqs
2019-07-14,40,Good,Ozone,,aqs
2019-07-15,43,Good,Ozone,,aqs
2019-07-16,35,Good,Ozone,,aqs
2019-07-17,38,Good,Ozone,,aqs
2019-07-18,31,Good,Ozone,,aqs
2019-07-19,33,Good,Ozone,,aqs
2019-07-20,32,Good,Ozone,,aqs
2019-07-21,37,Good,Ozone,,aqs
2019-07-22,28,Good,PM2.5,,aqs
2019-07-23,28,Good,PM2.5,,aqs
2019-07-24,28,Good,PM2.5,,aqs
2019-07-25,21,Good,PM2.5,,aqs
2019-07-26,17,Good,PM2.5,,aqs
2019-07-27,18,Good,PM2.5,,aqs
2019-07-28,13,Good,PM2.5,,aqs
2019-07-29,32,Good,Ozone,,aqs
2019-07-30,34,Good,Ozone,,aqs
2019-07-31,42,Good,Ozone,,aqs
2019-08-01,44,Good,Ozone,,aqs
2019-08-02,42,Good,Ozone,,aqs
2019-08-03,39,Good,Ozone,,aqs
2019-08-04,46,Good,Ozone,,aqs
2019-08-05,43,Good,Ozone,,aqs
2019-08-06,43,Good,Ozone,,aqs
2019-08-07,28,Good,Ozone,,aqs
2019-08-08,34,Good,Ozone,,aqs
2019-08-09,37,Good,Ozone,,aqs
2019-08-10,36,Good,Ozone,,aqs
2019-08-11,43,Good,Ozone,,aqs
2019-08-12,43,Good,Ozone,,aqs
2019-08-13,25,Good,Ozone,,aqs
2019-08-14,32,Good,Ozone,,aqs
2019-08-15,37,Good,Ozone,,aqs
2019-08-16,42,Good,Ozone,,aqs
2019-08-17,21,Good,Ozone,,aqs
2019-08-18,31,Good,Ozone,,aqs
2019-08-19,18,Good,PM2.5,,aqs
2019-08-20,34,Good,Ozone,,aqs
2019-08-21,36,Good,Ozone,,aqs
2019-08-22,41,Good,Ozone,,aqs
2019-08-23,32,Good,Ozone,,aqs
2019-08-24,51,Moderate,Ozone,,aqs
2019-08-25,39,Good,Ozone,,aqs
2019-08-26,29,Good,Ozone,,aqs
2019-08-27,25,Good,Ozone,,aqs
2019-08-28,37,Good,Ozone,,aqs
2019-08-29,31,Good,Ozone,,aqs
2019-08-30,29,Good,Ozone,,aqs
2019-08-31,26,Good,Ozone,,aqs
2019-09-01,26,Good,Ozone,,aqs
2019-09-02,27,Good,Ozone,,aqs
2019-09-03,32,Good,Ozone,,aqs
2019-09-04,33,Good,Ozone,,aqs
2019-09-05,41,Good,Ozone,,aqs
2019-09-06,40,Good,Ozone,,aqs
2019-09-07,24,Good,Ozone,,aqs
2019-09-08,17,Good,Ozone,,aqs
2019-09-09,12,Good,Ozone,,aqs
2019-09-10,22,Good,Ozone,,aqs
2019-09-11,13,Good,Ozone,,aqs
2019-09-12,13,Good,Ozone,,aqs
2019-09-13,22,Good,PM2.5,,aqs
2019-09-14,11,Good,PM2.5,,aqs
2019-09-15,21,Good,PM2.5,,aqs
2019-09-16,23,Good,PM2.5,,aqs
2019-09-17,17,Good,PM2.5,,aqs
2019-09-18,14,Good,PM2.5,,aqs
2019-09-19,22,Good,PM2.5,,aqs
2019-09-20,24,Good,Ozone,,aqs
2019-09-21,22,Good,Ozone,,aqs
2019-09-22,30,Good,Ozone,,aqs
2019-09-23,28,Good,Ozone,,aqs
2019-09-24,31,Good,Ozone,,aqs
2019-09-25,32,Good,Ozone,,aqs
2019-09-26,29,Good,Ozone,,aqs
2019-09-27,27,Good,Ozone,,aqs
2019-09-28,23,Good,Ozone,,aqs
2019-09-29,17,Good,Ozone,,aqs
2019-09-30,18,Good,Ozone,,aqs
2019-10-01,19,Good,Ozone,,aqs
2019-10-02,18,Good,PM2.5,,aqs
2019-10-03,19,Good,Ozone,,aqs
2019-10-04,19,Good,PM2.5,,aqs
2019-10-05,30,Good,Ozone,,aqs
2019-10-06,31,Good,Ozone,,aqs
2019-10-07,36,Good,Ozone,,aqs
2019-10-08,38,Good,Ozone,,aqs
2019-10-09,22,Good,Ozone,,aqs
2019-10-10,28,Good,Ozone,,aqs
2019-10-11,31,Good,Ozone,,aqs
2019-10-12,31,Good,Ozone,,aqs
2019-10-13,36,Good,Ozone,,aqs
2019-10-14,30,Good,Ozone,,aqs
2019-10-15,27,Good,Ozone,,aqs
2019-10-16,32,Good,Ozone,,aqs
2019-10-17,30,Good,Ozone,,aqs
2019-10-18,30,Good,Ozone,,aqs
2019-10-19,31,Good,Ozone,,aqs
2019-10-20,30,Good,Ozone,,aqs
2019-10-21,29,Good,Ozone,,aqs
2019-10-22,31,Good,Ozone,,aqs
2019-10-23,25,Good,Ozone,,aqs
2019-10-24,27,Good,Ozone,,aqs
2019-10-25,29,Good,Ozone,,aqs
2019-10-26,26,Good,Ozone,,aqs
2019-10-27,30,Good,Ozone,,aqs
2019-10-28,28,Good,Ozone,,aqs
2019-10-29,27,Good,Ozone,,aqs
2019-10-30,28,Good,Ozone,,aqs
2019-10-31,29,Good,Ozone,,aqs
2019-11-01,27,Good,Ozone,,aqs
2019-11-02,26,Good,Ozone,,aqs
2019-11-03,24,Good,Ozone,,aqs
2019-11-04,25,Good,Ozone,,aqs
2019-11-05,27,Good,Ozone,,aqs
2019-11-06,28,Good,Ozone,,aqs
2019-11-07,30,Good,Ozone,,aqs
2019-11-08,29,Good,Ozone,,aqs
2019-11-09,24,Good,Ozone,,aqs
2019-11-10,28,Good,Ozone,,aqs
2019-11-11,28,Good,Ozone,,aqs
2019-11-12,33,Good,Ozone,,aqs
2019-11-13,31,Good,Ozone,,aqs
2019-11-14,26,Good,Ozone,,aqs
2019-11-15,26,Good,Ozone,,aqs
2019-11-16,27,Good,Ozone,,aqs
2019-11-17,24,Good,Ozone,,aqs
2019-11-18,33,Good,Ozone,,aqs
2019-11-19,25,Good,Ozone,,aqs
2019-11-20,39,Good,PM2.5,,aqs
2019-11-21,33,Good,PM2.5,,aqs
2019-11-22,30,Good,Ozone,,aqs
2019-11-23,34,Good,Ozone,,aqs
2019-11-24,34,Good,Ozone,,aqs
2019-11-25,30,Good,Ozone,,aqs
2019-11-26,24,Good,Ozone,,aqs
2019-11-27,34,Good,PM2.5,,aqs
2019-11-28,22,Good,Ozone,,aqs
2019-11-29,19,Good,Ozone,,aqs
2019-11-30,18,Good,Ozone,,aqs
2019-12-01,29,Good,Ozone,,aqs
2019-12-02,35,Good,Ozone,,aqs
2019-12-03,31,Good,Ozone,,aqs
2019-12-04,30,Good,Ozone,,aqs
2019-12-05,27,Good,Ozone,,aqs
2019-12-06,34,Good,PM2.5,,aqs
2019-12-07,29,Good,Ozone,,aqs
2019-12-08,29,Good,Ozone,,aqs
2019-12-09,36,Good,PM2.5,,aqs
2019-12-10,38,Good,PM2.5,,aqs
2019-12-11,48,Good,PM2.5,,aqs
2019-12-12,43,Good,PM2.5,,aqs
2019-12-13,39,Good,PM2.5,,aqs
2019-12-14,51,Moderate,PM2.5,,aqs
2019-12-15,26,Good,Ozone,,aqs
2019-12-16,31,Good,Ozone,,aqs
2019-12-17,31,Good,Ozone,,aqs
2019-12-18,33,Good,Ozone,,aqs
2019-12-19,30,Good,Ozone,,aqs
2019-12-20,32,Good,Ozone,,aqs
2019-12-21,30,Good,Ozone,,aqs
2019-12-22,28,Good,Ozone,,aqs
2019-12-23,37,Good,PM2.5,,aqs
2019-12-24,23,Good,PM2.5,,aqs
2019-12-25,23,Good,Ozone,,aqs
2019-12-26,28,Good,PM2.5,,aqs
2019-12-27,29,Good,Ozone,,aqs
2019-12-28,25,Good,Ozone,,aqs
2019-12-29,45,Good,PM2.5,,aqs
2019-12-30,30,Good,Ozone,,aqs
2019-12-31,33,Good,Ozone,,aqs
2020-01-01,31,Good,Ozone,,aqs
2020-01-02,32,Good,Ozone,,aqs
2020-01-03,33,Good,Ozone,,aqs
2020-01-04,34,Good,Ozone,,aqs
2020-01-05,33,Good,Ozone,,aqs
2020-01-06,32,Good,Ozone,,aqs
2020-01-07,33,Good,Ozone,,aqs
2020-01-08,31,Good,Ozone,,aqs
2020-01-09,27,Good,Ozone,,aqs
2020-01-10,29,Good,PM2.5,,aqs
2020-01-11,25,Good,Ozone,,aqs
2020-01-12,23,Good,Ozone,,aqs
2020-01-13,46,Good,PM2.5,,aqs
2020-01-14,31,Good,PM2.5,,aqs
2020-01-15,30,Good,Ozone,,aqs
2020-01-16,32,Good,PM2.5,,aqs
2020-01-17,37,Good,PM2.5,,aqs
2020-01-18,44,Good,PM2.5,,aqs
2020-01-19,29,Good,PM2.5,,aqs
2020-01-20,34,Good,PM2.5,,aqs
2020-01-21,33,Good,Ozone,,aqs
2020-01-22,29,Good,Ozone,,aqs
2020-01-23,31,Good,Ozone,,aqs
2020-01-24,27,Good,Ozone,,aqs
2020-01-25,31,Good,Ozone,,aqs
2020-01-26,28,Good,Ozone,,aqs
2020-01-27,27,Good,Ozone,,aqs
2020-01-28,31,Good,Ozone,,aqs
2020-01-29,27,Good,Ozone,,aqs
2020-01-30,33,Good,Ozone,,aqs
2020-01-31,31,Good,Ozone,,aqs
2020-02-01,37,Good,Ozone,,aqs
2020-02-02,35,Good,Ozone,,aqs
2020-02-03,33,Good,Ozone,,aqs
2020-02-04,32,Good,Ozone,,aqs
2020-02-05,30,Good,Ozone,,aqs
2020-02-06,27,Good,PM2.5,,aqs
2020-02-07,41,Good,PM2.5,,aqs
2020-02-08,30,Good,Ozone,,aqs
2020-02-09,32,Good,Ozone,,aqs
2020-02-10,33,Good,Ozone,,aqs
2020-02-11,36,Good,Ozone,,aqs
2020-02-12,30,Good,Ozone,,aqs
2020-02-13,31,Good,Ozone,,aqs
2020-02-14,35,Good,Ozone,,aqs
2020-02-15,31,Good,Ozone,,aqs
2020-02-16,33,Good,Ozone,,aqs
2020-02-17,34,Good,Ozone,,aqs
2020-02-18,33,Good,Ozone,,aqs
2020-02-19,31,Good,Ozone,,aqs
2020-02-20,37,Good,Ozone,,aqs
2020-02-21,39,Good,Ozone,,aqs
2020-02-22,38,Good,Ozone,,aqs
2020-02-23,37,Good,Ozone,,aqs
2020-02-24,35,Good,Ozone,,aqs
2020-02-25,36,Good,Ozone,,aqs
2020-02-26,34,Good,Ozone,,aqs
2020-02-27,34,Good,Ozone,,aqs
2020-02-28,33,Good,Ozone,,aqs
2020-02-29,36,Good,Ozone,,aqs
2020-03-01,33,Good,Ozone,,aqs
2020-03-02,36,Good,Ozone,,aqs
2020-03-03,33,Good,Ozone,,aqs
2020-03-04,12,Good,PM2.5,,aqs
2020-03-05,37,Good,Ozone,,aqs
2020-03-06,35,Good,Ozone,,aqs
2020-03-07,41,Good,Ozone,,aqs
2020-03-08,23,Good,Ozone,,aqs
2020-03-09,31,Good,Ozone,,aqs
2020-03-10,35,Good,Ozone,,aqs
2020-03-11,34,Good,Ozone,,aqs
2020-03-12,35,Good,Ozone,,aqs
2020-03-13,35,Good,Ozone,,aqs
2020-03-14,32,Good,PM2.5,,aqs
2020-03-15,29,Good,Ozone,,aqs
2020-03-16,44,Good,PM2.5,,aqs
2020-03-17,35,Good,PM2.5,,aqs
2020-03-18,38,Good,PM2.5,,aqs
2020-03-19,37,Good,PM2.5,,aqs
2020-03-20,41,Good,PM2.5,,aqs
2020-03-21,36,Good,Ozone,,aqs
2020-03-22,44,Good,Ozone,,aqs
2020-03-23,44,Good,Ozone,,aqs
2020-03-24,41,Good,Ozone,,aqs
2020-03-25,38,Good,PM2.5,,aqs
2020-03-26,34,Good,Ozone,,aqs
2020-03-27,41,Good,Ozone,,aqs
2020-03-28,40,Good,Ozone,,aqs
2020-03-29,40,Good,Ozone,,aqs
2020-03-30,40,Good,Ozone,,aqs
2020-03-31,33,Good,Ozone,,aqs
2020-04-01,26,Good,Ozone,,aqs
2020-04-02,33,Good,PM2.5,,aqs
2020-04-03,34,Good,Ozone,,aqs
2020-04-04,36,Good,Ozone,,aqs
2020-04-05,33,Good,Ozone,,aqs
2020-04-06,53,Moderate,PM2.5,,aqs
2020-04-07,41,Good,Ozone,,aqs
2020-04-08,42,Good,Ozone,,aqs
2020-04-09,34,Good,Ozone,,aqs
2020-04-10,41,Good,Ozone,,aqs
2020-04-11,36,Good,Ozone,,aqs
2020-04-12,38,Good,Ozone,,aqs
2020-04-13,35,Good,Ozone,,aqs
2020-04-14,41,Good,Ozone,,aqs
2020-04-15,44,Good,Ozone,,aqs
2020-04-16,42,Good,Ozone,,aqs
2020-04-17,45,Good,Ozone,,aqs
2020-04-18,39,Good,Ozone,,aqs
2020-04-19,39,Good,Ozone,,aqs
2020-04-20,39,Good,Ozone,,aqs
2020-04-21,42,Good,Ozone,,aqs
2020-04-22,43,Good,Ozone,,aqs
2020-04-23,43,Good,Ozone,,aqs
2020-04-24,41,Good,Ozone,,aqs
2020-04-25,43,Good,Ozone,,aqs
2020-04-26,44,Good,Ozone,,aqs
2020-04-27,48,Good,Ozone,,aqs
2020-04-28,41,Good,Ozone,,aqs
2020-04-29,44,Good,Ozone,,aqs
2020-04-30,44,Good,Ozone,,aqs
2020-05-01,41,Good,Ozone,,aqs
2020-05-02,47,Good,Ozone,,aqs
2020-05-03,36,Good,Ozone,,aqs
2020-05-04,41,Good,Ozone,,aqs
2020-05-05,41,Good,Ozone,,aqs
2020-05-06,45,Good,Ozone,,aqs
2020-05-07,40,Good,Ozone,,aqs
2020-05-08,43,Good,Ozone,,aqs
2020-05-09,34,Good,Ozone,,aqs
2020-05-10,38,Good,Ozone,,aqs
2020-05-11,40,Good,Ozone,,aqs
2020-05-12,31,Good,Ozone,,aqs
2020-05-13,28,Good,Ozone,,aqs
2020-05-14,44,Good,Ozone,,aqs
2020-05-15,37,Good,Ozone,,aqs
2020-05-16,45,Good,Ozone,,aqs
2020-05-17,44,Good,Ozone,,aqs
2020-05-18,40,Good,Ozone,,aqs
2020-05-19,44,Good,Ozone,,aqs
2020-05-20,38,Good,Ozone,,aqs
2020-05-21,41,Good,Ozone,,aqs
2020-05-22,43,Good,Ozone,,aqs
2020-05-23,33,Good,Ozone,,aqs
2020-05-24,24,Good,Ozone,,aqs
2020-05-25,32,Good,Ozone,,aqs
2020-05-26,32,Good,Ozone,,aqs
2020-05-27,43,Good,Ozone,,aqs
2020-05-28,36,Good,Ozone,,aqs
2020-05-29,44,Good,Ozone,,aqs
2020-05-30,41,Good,Ozone,,aqs
2020-05-31,42,Good,Ozone,,aqs
2020-06-01,43,Good,Ozone,,aqs
2020-06-02,46,Good,Ozone,,aqs
2020-06-03,44,Good,Ozone,,aqs
2020-06-04,46,Good,Ozone,,aqs
2020-06-05,47,Good,Ozone,,aqs
2020-06-06,43,Good,Ozone,,aqs
2020-06-07,43,Good,Ozone,,aqs
2020-06-08,39,Good,Ozone,,aqs
2020-06-09,29,Good,Ozone,,aqs
2020-06-10,37,Good,Ozone,,aqs
2020-06-11,40,Good,Ozone,,aqs
2020-06-12,46,Good,Ozone,,aqs
2020-06-13,50,Good,Ozone,,aqs
2020-06-14,46,Good,Ozone,,aqs
2020-06-15,37,Good,Ozone,,aqs
2020-06-16,44,Good,Ozone,,aqs
2020-06-17,33,Good,Ozone,,aqs
2020-06-18,20,Good,Ozone,,aqs
2020-06-19,37,Good,Ozone,,aqs
2020-06-20,41,Good,Ozone,,aqs
2020-06-21,32,Good,Ozone,,aqs
2020-06-22,40,Good,Ozone,,aqs
2020-06-23,42,Good,Ozone,,aqs
2020-06-24,32,Good,Ozone,,aqs
2020-06-25,39,Good,Ozone,,aqs
2020-06-26,44,Good,Ozone,,aqs
2020-06-27,47,Good,Ozone,,aqs
2020-06-28,43,Good,Ozone,,aqs
2020-06-29,48,Good,Ozone,,aqs
2020-06-30,31,Good,Ozone,,aqs
2020-07-01,40,Good,Ozone,,aqs
2020-07-02,54,Moderate,Ozone,,aqs
2020-07-03,49,Good,Ozone,,aqs
2020-07-04,47,Good,Ozone,,aqs
2020-07-05,41,Good,Ozone,,aqs
2020-07-06,45,Good,Ozone,,aqs
2020-07-07,44,Good,Ozone,,aqs
2020-07-08,39,Good,Ozone,,aqs
2020-07-09,33,Good,Ozone,,aqs
2020-07-10,40,Good,Ozone,,aqs
2020-07-11,37,Good,Ozone,,aqs
2020-07-12,43,Good,Ozone,,aqs
2020-07-13,39,Good,Ozone,,aqs
2020-07-14,35,Good,Ozone,,aqs
2020-07-15,35,Good,Ozone,,aqs
2020-07-16,31,Good,Ozone,,aqs
2020-07-17,39,Good,Ozone,,aqs
2020-07-18,35,Good,Ozone,,aqs
2020-07-19,27,Good,Ozone,,aqs
2020-07-20,31,Good,Ozone,,aqs
2020-07-21,29,Good,Ozone,,aqs
2020-07-22,41,Good,Ozone,,aqs
2020-07-23,39,Good,Ozone,,aqs
2020-07-24,39,Good,Ozone,,aqs
2020-07-25,41,Good,Ozone,,aqs
2020-07-26,31,Good,Ozone,,aqs
2020-07-27,37,Good,Ozone,,aqs
2020-07-28,39,Good,Ozone,,aqs
2020-07-29,44,Good,Ozone,,aqs
2020-07-30,43,Good,Ozone,,aqs
2020-07-31,36,Good,Ozone,,aqs
2020-08-01,32,Good,Ozone,,aqs
2020-08-02,32,Good,Ozone,,aqs
2020-08-03,31,Good,Ozone,,aqs
2020-08-04,37,Good,Ozone,,aqs
2020-08-05,42,Good,Ozone,,aqs
2020-08-06,44,Good,Ozone,,aqs
2020-08-07,48,Good,Ozone,,aqs
2020-08-08,44,Good,Ozone,,aqs
2020-08-09,33,Good,Ozone,,aqs
2020-08-10,37,Good,Ozone,,aqs
2020-08-11,36,Good,Ozone,,aqs
2020-08-12,48,Good,Ozone,,aqs
2020-08-13,41,Good,Ozone,,aqs
2020-08-14,37,Good,Ozone,,aqs
2020-08-15,38,Good,Ozone,,aqs
2020-08-16,31,Good,Ozone,,aqs
2020-08-17,37,Good,Ozone,,aqs
2020-08-18,42,Good,Ozone,,aqs
2020-08-19,44,Good,Ozone,,aqs
2020-08-20,43,Good,Ozone,,aqs
2020-08-21,57,Moderate,PM2.5,,aqs
2020-08-22,50,Good,PM2.5,,aqs
2020-08-23,37,Good,Ozone,,aqs
2020-08-24,49,Good,Ozone,,aqs
2020-08-25,65,Moderate,PM2.5,,aqs
2020-08-26,57,Moderate,PM2.5,,aqs
2020-08-27,54,Moderate,PM2.5,,aqs
2020-08-28,33,Good,Ozone,,aqs
2020-08-29,44,Good,Ozone,,aqs
2020-08-30,32,Good,Ozone,,aqs
2020-08-31,33,Good,Ozone,,aqs
2020-09-01,32,Good,Ozone,,aqs
2020-09-02,32,Good,Ozone,,aqs
2020-09-03,30,Good,Ozone,,aqs
2020-09-04,35,Good,Ozone,,aqs
2020-09-05,36,Good,PM2.5,,aqs
2020-09-06,26,Good,Ozone,,aqs
2020-09-07,24,Good,Ozone,,aqs
2020-09-08,34,Good,PM2.5,,aqs
2020-09-09,36,Good,Ozone,,aqs
2020-09-10,40,Good,Ozone,,aqs
2020-09-11,41,Good,PM2.5,,aqs
2020-09-12,40,Good,Ozone,,aqs
2020-09-13,24,Good,Ozone,,aqs
2020-09-14,34,Good,PM2.5,,aqs
2020-09-15,58,Moderate,PM2.5,,aqs
2020-09-16,52,Moderate,PM2.5,,aqs
2020-09-17,56,Moderate,PM2.5,,aqs
2020-09-18,56,Moderate,PM2.5,,aqs
2020-09-19,43,Good,PM2.5,,aqs
2020-09-20,58,Moderate,PM2.5,,aqs
2020-09-21,52,Moderate,PM2.5,,aqs
2020-09-22,55,Moderate,PM2.5,,aqs
2020-09-23,58,Moderate,PM2.5,,aqs
2020-09-24,53,Moderate,PM2.5,,aqs
2020-09-25,35,Good,Ozone,,aqs
2020-09-26,34,Good,Ozone,,aqs
2020-09-27,29,Good,Ozone,,aqs
2020-09-28,29,Good,Ozone,,aqs
2020-09-29,31,Good,Ozone,,aqs
2020-09-30,12,Good,PM2.5,,aqs
2020-10-01,20,Good,Ozone,,aqs
2020-10-02,30,Good,Ozone,,aqs
2020-10-03,31,Good,Ozone,,aqs
2020-10-04,43,Good,PM2.5,,aqs
2020-10-05,51,Moderate,PM2.5,,aqs
2020-10-06,36,Good,Ozone,,aqs
2020-10-07,38,Good,Ozone,,aqs
2020-10-08,43,Good,PM2.5,,aqs
2020-10-09,41,Good,PM2.5,,aqs
2020-10-10,53,Moderate,PM2.5,,aqs
2020-10-11,36,Good,Ozone,,aqs
2020-10-12,32,Good,Ozone,,aqs
2020-10-13,31,Good,Ozone,,aqs
2020-10-14,28,Good,Ozone,,aqs
2020-10-15,25,Good,Ozone,,aqs
2020-10-16,26,Good,Ozone,,aqs
2020-10-17,28,Good,Ozone,,aqs
2020-10-18,23,Good,Ozone,,aqs
2020-10-19,21,Good,PM2.5,,aqs
2020-10-20,24,Good,Ozone,,aqs
2020-10-21,35,Good,PM2.5,,aqs
2020-10-22,52,Moderate,PM2.5,,aqs
2020-10-23,30,Good,PM2.5,,aqs
2020-10-24,36,Good,PM2.5,,aqs
2020-10-25,30,Good,Ozone,,aqs
2020-10-26,33,Good,Ozone,,aqs
2020-10-27,35,Good,Ozone,,aqs
2020-10-28,23,Good,Ozone,,aqs
2020-10-29,18,Good,Ozone,,aqs
2020-10-30,29,Good,Ozone,,aqs
2020-10-31,27,Good,Ozone,,aqs
2020-11-01,31,Good,Ozone,,aqs
2020-11-02,28,Good,Ozone,,aqs
2020-11-03,31,Good,Ozone,,aqs
2020-11-04,31,Good,Ozone,,aqs
2020-11-05,30,Good,Ozone,,aqs
2020-11-06,38,Good,PM2.5,,aqs
2020-11-07,55,Moderate,PM2.5,,aqs
2020-11-08,25,Good,Ozone,,aqs
2020-11-09,29,Good,Ozone,,aqs
2020-11-10,27,Good,Ozone,,aqs
2020-11-11,25,Good,Ozone,,aqs
2020-11-12,27,Good,PM2.5,,aqs
2020-11-13,31,Good,Ozone,,aqs
2020-11-14,31,Good,Ozone,,aqs
2020-11-15,31,Good,Ozone,,aqs
2020-11-16,31,Good,Ozone,,aqs
2020-11-17,25,Good,Ozone,,aqs
2020-11-18,27,Good,Ozone,,aqs
2020-11-19,26,Good,Ozone,,aqs
2020-11-20,36,Good,PM2.5,,aqs
2020-11-21,28,Good,Ozone,,aqs
2020-11-22,30,Good,Ozone,,aqs
2020-11-23,22,Good,Ozone,,aqs
2020-11-24,26,Good,Ozone,,aqs
2020-11-25,28,Good,Ozone,,aqs
2020-11-26,29,Good,Ozone,,aqs
2020-11-27,27,Good,Ozone,,aqs
2020-11-28,33,Good,Ozone,,aqs
2020-11-29,30,Good,Ozone,,aqs
2020-11-30,30,Good,Ozone,,aqs
2020-12-01,27,Good,Ozone,,aqs
2020-12-02,28,Good,Ozone,,aqs
2020-12-03,29,Good,Ozone,,aqs
2020-12-04,31,Good,Ozone,,aqs
2020-12-05,31,Good,Ozone,,aqs
2020-12-06,26,Good,Ozone,,aqs
2020-12-07,31,Good,Ozone,,aqs
2020-12-08,31,Good,Ozone,,aqs
2020-12-09,27,Good,Ozone,,aqs
2020-12-10,26,Good,Ozone,,aqs
2020-12-11,33,Good,PM2.5,,aqs
2020-12-12,51,Moderate,PM2.5,,aqs
2020-12-13,26,Good,PM2.5,,aqs
2020-12-14,42,Good,PM2.5,,aqs
2020-12-15,26,Good,Ozone,,aqs
2020-12-16,27,Good,Ozone,,aqs
2020-12-17,26,Good,Ozone,,aqs
2020-12-18,41,Good,PM2.5,,aqs
2020-12-19,31,Good,Ozone,,aqs
2020-12-20,31,Good,Ozone,,aqs
2020-12-21,30,Good,Ozone,,aqs
2020-12-22,24,Good,Ozone,,aqs
2020-12-23,29,Good,Ozone,,aqs
2020-12-24,30,Good,Ozone,,aqs
2020-12-25,30,Good,Ozone,,aqs
2020-12-26,22,Good,Ozone,,aqs
2020-12-27,27,Good,Ozone,,aqs
2020-12-28,31,Good,Ozone,,aqs
2020-12-29,29,Good,Ozone,,aqs
2020-12-30,28,Good,Ozone,,aqs
2020-12-31,30,Good,Ozone,,aqs
2021-01-01,27,Good,Ozone,,aqs
2021-01-02,27,Good,Ozone,,aqs
2021-01-03,29,Good,Ozone,,aqs
2021-01-04,33,Good,Ozone,,aqs
2021-01-05,27,Good,Ozone,,aqs
2021-01-06,30,Good,Ozone,,aqs
2021-01-07,22,Good,Ozone,,aqs
2021-01-08,59,Moderate,PM2.5,,aqs
2021-01-09,61,Moderate,PM2.5,,aqs
2021-01-10,30,Good,Ozone,,aqs
2021-01-11,31,Good,Ozone,,aqs
2021-01-12,31,Good,Ozone,,aqs
2021-01-13,35,Good,Ozone,,aqs
2021-01-14,34,Good,Ozone,,aqs
2021-01-15,32,Good,Ozone,,aqs
2021-01-16,33,Good,Ozone,,aqs
2021-01-17,30,Good,Ozone,,aqs
2021-01-18,31,Good,Ozone,,aqs
2021-01-19,31,Good,Ozone,,aqs
2021-01-20,35,Good,Ozone,,aqs
2021-01-21,31,Good,Ozone,,aqs
2021-01-22,32,Good,Ozone,,aqs
2021-01-23,28,Good,Ozone,,aqs
2021-01-24,24,Good,Ozone,,aqs
2021-01-25,29,Good,PM2.5,,aqs
2021-01-26,24,Good,Ozone,,aqs
2021-01-27,30,Good,Ozone,,aqs
2021-01-28,42,Good,PM2.5,,aqs
2021-01-29,57,Moderate,PM2.5,,aqs
2021-01-30,63,Moderate,PM2.5,,aqs
2021-01-31,31,Good,Ozone,,aqs
2021-02-01,31,Good,Ozone,,aqs
2021-02-02,29,Good,Ozone,,aqs
2021-02-03,36,Good,PM2.5,,aqs
2021-02-04,26,Good,Ozone,,aqs
2021-02-05,30,Good,Ozone,,aqs
2021-02-06,33,Good,Ozone,,aqs
2021-02-07,32,Good,Ozone,,aqs
2021-02-08,31,Good,Ozone,,aqs
2021-02-09,34,Good,Ozone,,aqs
2021-02-10,32,Good,Ozone,,aqs
2021-02-11,27,Good,PM2.5,,aqs
2021-02-12,29,Good,Ozone,,aqs
2021-02-13,24,Good,Ozone,,aqs
2021-02-14,29,Good,Ozone,,aqs
2021-02-15,33,Good,Ozone,,aqs
2021-02-16,27,Good,Ozone,,aqs
2021-02-17,33,Good,Ozone,,aqs
2021-02-18,47,Good,PM2.5,,aqs
2021-02-19,37,Good,Ozone,,aqs
2021-02-20,37,Good,Ozone,,aqs
2021-02-21,35,Good,Ozone,,aqs
2021-02-22,39,Good,Ozone,,aqs
2021-02-23,34,Good,Ozone,,aqs
2021-02-24,32,Good,Ozone,,aqs
2021-02-25,38,Good,Ozone,,aqs
2021-02-26,37,Good,Ozone,,aqs
2021-02-27,26,Good,Ozone,,aqs
2021-02-28,36,Good,Ozone,,aqs
2021-03-01,23,Good,PM2.5,,aqs
2021-03-02,10,Good,PM2.5,,aqs
2021-03-03,13,Good,PM2.5,,aqs
2021-03-04,3,Good,PM2.5,,aqs
2021-03-05,26,Good,PM2.5,,aqs
2021-03-06,52,Moderate,PM2.5,,aqs
2021-03-07,11,Good,PM2.5,,aqs
2021-03-08,12,Good,PM2.5,,aqs
2021-03-09,16,Good,PM2.5,,aqs
2021-03-10,37,Good,Ozone,,aqs
2021-03-11,31,Good,Ozone,,aqs
2021-03-12,41,Good,Ozone,,aqs
2021-03-13,41,Good,Ozone,,aqs
2021-03-14,37,Good,Ozone,,aqs
2021-03-15,31,Good,Ozone,,aqs
2021-03-16,27,Good,Ozone,,aqs
2021-03-17,38,Good,Ozone,,aqs
2021-03-18,32,Good,Ozone,,aqs
2021-03-19,42,Good,Ozone,,aqs
2021-03-20,43,Good,Ozone,,aqs
2021-03-21,40,Good,Ozone,,aqs
2021-03-22,41,Good,Ozone,,aqs
2021-03-23,34,Good,Ozone,,aqs
2021-03-24,36,Good,Ozone,,aqs
2021-03-25,38,Good,Ozone,,aqs
2021-03-26,31,Good,Ozone,,aqs
2021-03-27,36,Good,Ozone,,aqs
2021-03-28,39,Good,Ozone,,aqs
2021-03-29,40,Good,Ozone,,aqs
2021-03-30,37,Good,Ozone,,aqs
2021-04-01,44,Good,Ozone,,aqs
2021-04-02,45,Good,Ozone,,aqs
2021-04-03,46,Good,Ozone,,aqs
2021-04-04,44,Good,Ozone,,aqs
2021-04-05,44,Good,Ozone,,aqs
2021-04-06,43,Good,Ozone,,aqs
2021-04-07,45,Good,Ozone,,aqs
2021-04-08,44,Good,Ozone,,aqs
2021-04-09,40,Good,Ozone,,aqs
2021-04-10,44,Good,Ozone,,aqs
2021-04-11,38,Good,Ozone,,aqs
2021-04-12,35,Good,Ozone,,aqs
2021-04-13,36,Good,Ozone,,aqs
2021-04-14,33,Good,Ozone,,aqs
2021-04-15,41,Good,PM2.5,,aqs
2021-04-16,41,Good,PM2.5,,aqs
2021-04-17,43,Good,Ozone,,aqs
2021-04-18,34,Good,Ozone,,aqs
2021-04-19,39,Good,Ozone,,aqs
2021-04-20,37,Good,Ozone,,aqs
2021-04-21,48,Good,Ozone,,aqs
2021-04-22,47,Good,Ozone,,aqs
2021-04-23,36,Good,Ozone,,aqs
2021-04-24,37,Good,Ozone,,aqs
2021-04-25,33,Good,PM2.5,,aqs
2021-04-26,32,Good,PM2.5,,aqs
2021-04-27,38,Good,Ozone,,aqs
2021-04-28,40,Good,Ozone,,aqs
2021-04-29,44,Good,Ozone,,aqs
2021-04-30,42,Good,Ozone,,aqs
2021-05-01,44,Good,Ozone,,aqs
2021-05-02,37,Good,Ozone,,aqs
2021-05-03,42,Good,Ozone,,aqs
2021-05-04,37,Good,Ozone,,aqs
2021-05-05,42,Good,Ozone,,aqs
2021-05-06,43,Good,Ozone,,aqs
2021-05-07,40,Good,Ozone,,aqs
2021-05-08,36,Good,Ozone,,aqs
2021-05-09,41,Good,Ozone,,aqs
2021-05-10,47,Good,Ozone,,aqs
2021-05-11,47,Good,Ozone,,aqs
2021-05-12,38,Good,Ozone,,aqs
2021-05-13,45,Good,Ozone,,aqs
2021-05-14,46,Good,Ozone,,aqs
2021-05-15,46,Good,Ozone,,aqs
2021-05-16,47,Good,Ozone,,aqs
2021-05-17,46,Good,Ozone,,aqs
2021-05-18,44,Good,Ozone,,aqs
2021-05-19,48,Good,Ozone,,aqs
2021-05-20,54,Moderate,Ozone,,aqs
2021-05-21,56,Moderate,PM2.5,,aqs
2021-05-22,30,Good,PM2.5,,aqs
2021-05-23,31,Good,Ozone,,aqs
2021-05-24,41,Good,Ozone,,aqs
2021-05-25,30,Good,Ozone,,aqs
2021-05-26,31,Good,Ozone,,aqs
2021-05-27,39,Good,Ozone,,aqs
2021-05-28,33,Good,Ozone,,aqs
2021-05-29,37,Good,Ozone,,aqs
2021-05-30,42,Good,Ozone,,aqs
2021-05-31,44,Good,Ozone,,aqs
2021-06-01,45,Good,Ozone,,aqs
2021-06-02,45,Good,Ozone,,aqs
2021-06-03,45,Good,Ozone,,aqs
2021-06-04,43,Good,Ozone,,aqs
2021-06-05,48,Good,Ozone,,aqs
2021-06-06,50,Good,Ozone,,aqs
2021-06-07,64,Moderate,Ozone,,aqs
2021-06-08,49,Good,Ozone,,aqs
2021-06-09,67,Moderate,Ozone,,aqs
2021-06-10,51,Moderate,Ozone,,aqs
2021-06-11,39,Good,Ozone,,aqs
2021-06-12,47,Good,Ozone,,aqs
2021-06-13,71,Moderate,Ozone,,aqs
2021-06-14,84,Moderate,Ozone,,aqs
2021-06-15,28,Good,PM2.5,,aqs
2021-06-16,26,Good,PM2.5,,aqs
2021-06-17,22,Good,PM2.5,,aqs
2021-06-18,13,Good,PM2.5,,aqs
2021-06-19,28,Good,PM2.5,,aqs
2021-06-20,14,Good,PM2.5,,aqs
2021-06-21,38,Good,Ozone,,aqs
2021-06-22,44,Good,Ozone,,aqs
2021-06-23,44,Good,Ozone,,aqs
2021-06-24,44,Good,Ozone,,aqs
2021-06-25,36,Good,Ozone,,aqs
2021-06-26,37,Good,Ozone,,aqs
2021-06-27,39,Good,Ozone,,aqs
2021-06-28,40,Good,Ozone,,aqs
2021-06-29,47,Good,Ozone,,aqs
2021-06-30,49,Good,Ozone,,aqs
2021-07-01,58,Moderate,Ozone,,aqs
2021-07-02,54,Moderate,Ozone,,aqs
2021-07-03,80,Moderate,Ozone,,aqs
2021-07-04,58,Moderate,Ozone,,aqs
2021-07-05,67,Moderate,Ozone,,aqs
2021-07-06,51,Moderate,PM2.5,,aqs
2021-07-07,56,Moderate,PM2.5,,aqs
2021-07-08,47,Good,Ozone,,aqs
2021-07-09,54,Moderate,Ozone,,aqs
2021-07-10,77,Moderate,Ozone,,aqs
2021-07-11,80,Moderate,Ozone,,aqs
2021-07-12,51,Moderate,PM2.5,,aqs
2021-07-13,55,Moderate,PM2.5,,aqs
2021-07-14,55,Moderate,PM2.5,,aqs
2021-07-15,77,Moderate,Ozone,,aqs
2021-07-16,84,Moderate,Ozone,,aqs
2021-07-17,74,Moderate,Ozone,,aqs
2021-07-18,84,Moderate,Ozone,,aqs
2021-07-19,101,Unhealthy for Sensitive Groups,Ozone,,aqs
2021-07-20,84,Moderate,Ozone,,aqs
2021-07-21,67,Moderate,Ozone,,aqs
2021-07-22,71,Moderate,Ozone,,aqs
2021-07-23,71,Moderate,Ozone,,aqs
2021-07-24,85,Moderate,PM2.5,,aqs
2021-07-25,100,Moderate,Ozone,,aqs
2021-07-26,97,Moderate,Ozone,,aqs
2021-07-27,80,Moderate,Ozone,,aqs
2021-07-28,69,Moderate,PM2.5,,aqs
2021-07-29,57,Moderate,PM2.5,,aqs
2021-07-30,161,Unhealthy,PM2.5,,aqs
2021-07-31,67,Moderate,PM2.5,,aqs
2021-08-01,67,Moderate,PM2.5,,aqs
2021-08-02,99,Moderate,PM2.5,,aqs
2021-08-03,73,Moderate,PM2.5,,aqs
2021-08-04,77,Moderate,PM2.5,,aqs
2021-08-05,78,Moderate,PM2.5,,aqs
2021-08-06,83,Moderate,PM2.5,,aqs
2021-08-07,61,Moderate,Ozone,,aqs
2021-08-08,73,Moderate,PM2.5,,aqs
2021-08-09,45,Good,Ozone,,aqs
2021-08-10,41,Good,PM2.5,,aqs
2021-08-11,32,Good,Ozone,,aqs
2021-08-12,32,Good,Ozone,,aqs
2021-08-13,38,Good,Ozone,,aqs
2021-08-14,38,Good,Ozone,,aqs
2021-08-15,85,Moderate,PM2.5,,aqs
2021-08-16,155,Unhealthy,PM2.5,,aqs
2021-08-17,115,Unhealthy for Sensitive Groups,PM2.5,,aqs
2021-08-18,60,Moderate,PM2.5,,aqs
2021-08-19,64,Moderate,PM2.5,,aqs
2021-08-20,28,Good,Ozone,,aqs
2021-08-21,43,Good,Ozone,,aqs
2021-08-22,40,Good,Ozone,,aqs
2021-08-23,97,Moderate,Ozone,,aqs
2021-08-24,40,Good,Ozone,,aqs
2021-08-25,36,Good,Ozone,,aqs
2021-08-26,33,Good,Ozone,,aqs
2021-08-27,49,Good,Ozone,,aqs
2021-08-28,46,Good,PM2.5,,aqs
2021-08-29,47,Good,Ozone,,aqs
2021-08-30,49,Good,Ozone,,aqs
2021-08-31,44,Good,Ozone,,aqs
2021-09-01,47,Good,PM2.5,,aqs
2021-09-02,44,Good,Ozone,,aqs
2021-09-03,26,Good,Ozone,,aqs
2021-09-04,44,Good,Ozone,,aqs
2021-09-05,52,Moderate,PM2.5,,aqs
2021-09-06,70,Moderate,PM2.5,,aqs
2021-09-07,44,Good,Ozone,,aqs
2021-09-08,38,Good,Ozone,,aqs
2021-09-09,55,Moderate,PM2.5,,aqs
2021-09-10,90,Moderate,PM2.5,,aqs
2021-09-11,27,Good,Ozone,,aqs
2021-09-12,37,Good,Ozone,,aqs
2021-09-13,36,Good,Ozone,,aqs
2021-09-14,40,Good,Ozone,,aqs
2021-09-15,40,Good,Ozone,,aqs
2021-09-16,36,Good,Ozone,,aqs
2021-09-17,34,Good,Ozone,,aqs
2021-09-18,56,Moderate,PM2.5,,aqs
2021-09-19,52,Moderate,PM2.5,,aqs
2021-09-20,37,Good,Ozone,,aqs
2021-09-21,36,Good,Ozone,,aqs
2021-09-22,34,Good,Ozone,,aqs
2021-09-23,33,Good,Ozone,,aqs
2021-09-24,38,Good,Ozone,,aqs
2021-09-25,37,Good,Ozone,,aqs
2021-09-26,33,Good,Ozone,,aqs
2021-09-27,43,Good,Ozone,,aqs
2021-09-28,45,Good,Ozone,,aqs
2021-09-29,31,Good,Ozone,,aqs
2021-09-30,43,Good,Ozone,,aqs
2021-10-01,45,Good,Ozone,,aqs
2021-10-02,42,Good,Ozone,,aqs
2021-10-03,43,Good,Ozone,,aqs
2021-10-04,43,Good,Ozone,,aqs
2021-10-05,45,Good,Ozone,,aqs
2021-10-06,41,Good,Ozone,,aqs
2021-10-07,62,Moderate,PM2.5,,aqs
2021-10-08,105,Unhealthy for Sensitive Groups,PM2.5,,aqs
2021-10-09,36,Good,PM2.5,,aqs
2021-10-10,49,Good,PM2.5,,aqs
2021-10-11,31,Good,Ozone,,aqs
2021-10-12,26,Good,Ozone,,aqs
2021-10-13,22,Good,Ozone,,aqs
2021-10-14,25,Good,Ozone,,aqs
2021-10-15,53,Moderate,PM2.5,,aqs
2021-10-16,33,Good,Ozone,,aqs
2021-10-17,36,Good,Ozone,,aqs
2021-10-18,31,Good,Ozone,,aqs
2021-10-19,26,Good,Ozone,,aqs
2021-10-20,28,Good,Ozone,,aqs
2021-10-21,21,Good,PM2.5,,aqs
2021-10-22,23,Good,Ozone,,aqs
2021-10-23,30,Good,Ozone,,aqs
2021-10-24,19,Good,Ozone,,aqs
2021-10-25,22,Good,Ozone,,aqs
2021-10-26,28,Good,Ozone,,aqs
2021-10-27,32,Good,Ozone,,aqs
2021-10-28,29,Good,Ozone,,aqs
2021-10-29,28,Good,Ozone,,aqs
2021-10-30,31,Good,Ozone,,aqs
2021-10-31,29,Good,Ozone,,aqs
2021-11-01,29,Good,Ozone,,aqs
2021-11-02,30,Good,Ozone,,aqs
2021-11-03,28,Good,Ozone,,aqs
2021-11-04,27,Good,Ozone,,aqs
2021-11-05,30,Good,Ozone,,aqs
2021-11-06,31,Good,Ozone,,aqs
2021-11-07,33,Good,Ozone,,aqs
2021-11-08,32,Good,Ozone,,aqs
2021-11-09,28,Good,Ozone,,aqs
2021-11-10,31,Good,Ozone,,aqs
2021-11-11,25,Good,Ozone,,aqs
2021-11-12,25,Good,Ozone,,aqs
2021-11-13,30,Good,Ozone,,aqs
2021-11-14,31,Good,Ozone,,aqs
2021-11-15,24,Good,Ozone,,aqs
2021-11-16,36,Good,Ozone,,aqs
2021-11-17,30,Good,Ozone,,aqs
2021-11-18,31,Good,Ozone,,aqs
2021-11-19,31,Good,Ozone,,aqs
2021-11-20,31,Good,Ozone,,aqs
2021-11-21,31,Good,PM2.5,,aqs
2021-11-22,30,Good,Ozone,,aqs
2021-11-23,26,Good,Ozone,,aqs
2021-11-24,24,Good,PM2.5,,aqs
2021-11-25,27,Good,Ozone,,aqs
2021-11-26,32,Good,Ozone,,aqs
2021-11-27,31,Good,Ozone,,aqs
2021-11-28,26,Good,Ozone,,aqs
2021-11-29,26,Good,Ozone,,aqs
2021-11-30,28,Good,Ozone,,aqs
2021-12-01,31,Good,Ozone,,aqs
2021-12-02,28,Good,Ozone,,aqs
2021-12-03,30,Good,Ozone,,aqs
2021-12-04,32,Good,Ozone,,aqs
2021-12-05,31,Good,Ozone,,aqs
2021-12-06,37,Good,PM2.5,,aqs
2021-12-07,31,Good,Ozone,,aqs
2021-12-08,32,Good,Ozone,,aqs
2021-12-09,31,Good,Ozone,,aqs
2021-12-10,28,Good,Ozone,,aqs
2021-12-11,32,Good,Ozone,,aqs
2021-12-12,32,Good,Ozone,,aqs
2021-12-13,29,Good,Ozone,,aqs
2021-12-14,25,Good,Ozone,,aqs
2021-12-15,24,Good,Ozone,,aqs
2021-12-16,28,Good,Ozone,,aqs
2021-12-17,37,Good,PM2.5,,aqs
2021-12-18,31,Good,Ozone,,aqs
2021-12-19,32,Good,Ozone,,aqs
2021-12-20,33,Good,Ozone,,aqs
2021-12-21,31,Good,Ozone,,aqs
2021-12-22,34,Good,Ozone,,aqs
2021-12-23,33,Good,Ozone,,aqs
2021-12-24,29,Good,Ozone,,aqs
2021-12-25,23,Good,Ozone,,aqs
2021-12-26,34,Good,PM2.5,,aqs
2021-12-27,28,Good,Ozone,,aqs
2021-12-28,27,Good,Ozone,,aqs
2021-12-29,29,Good,Ozone,,aqs
2021-12-30,31,Good,Ozone,,aqs
2021-12-31,31,Good,PM2.5,,aqs
2022-01-01,31,Good,Ozone,,aqs
2022-01-02,38,Good,Ozone,,aqs
2022-01-03,33,Good,Ozone,,aqs
2022-01-04,30,Good,Ozone,,aqs
2022-01-05,29,Good,Ozone,,aqs
2022-01-06,31,Good,Ozone,,aqs
2022-01-07,31,Good,Ozone,,aqs
2022-01-08,31,Good,Ozone,,aqs
2022-01-09,45,Good,PM2.5,,aqs
2022-01-10,39,Good,Ozone,,aqs
2022-01-11,39,Good,Ozone,,aqs
2022-01-12,34,Good,Ozone,,aqs
2022-01-13,24,Good,Ozone,,aqs
2022-01-14,31,Good,PM2.5,,aqs
2022-01-15,34,Good,PM2.5,,aqs
2022-01-16,36,Good,Ozone,,aqs
2022-01-17,33,Good,Ozone,,aqs
2022-01-18,31,Good,Ozone,,aqs
2022-01-19,32,Good,Ozone,,aqs
2022-01-20,29,Good,Ozone,,aqs
2022-01-21,34,Good,Ozone,,aqs
2022-01-22,31,Good,Ozone,,aqs
2022-01-23,33,Good,Ozone,,aqs
2022-01-24,31,Good,Ozone,,aqs
2022-01-25,34,Good,Ozone,,aqs
2022-01-26,35,Good,Ozone,,aqs
2022-01-27,33,Good,Ozone,,aqs
2022-01-28,31,Good,Ozone,,aqs
2022-01-29,27,Good,Ozone,,aqs
2022-01-30,35,Good,Ozone,,aqs
2022-01-31,31,Good,Ozone,,aqs
2022-02-01,32,Good,Ozone,,aqs
2022-02-02,32,Good,PM2.5,,aqs
2022-02-03,29,Good,Ozone,,aqs
2022-02-04,35,Good,Ozone,,aqs
2022-02-05,36,Good,Ozone,,aqs
2022-02-06,33,Good,Ozone,,aqs
2022-02-07,36,Good,Ozone,,aqs
2022-02-08,36,Good,Ozone,,aqs
2022-02-09,33,Good,Ozone,,aqs
2022-02-10,38,Good,Ozone,,aqs
2022-02-11,30,Good,Ozone,,aqs
2022-02-12,30,Good,Ozone,,aqs
2022-02-13,31,Good,Ozone,,aqs
2022-02-14,34,Good,PM2.5,,aqs
2022-02-15,38,Good,PM2.5,,aqs
2022-02-16,34,Good,Ozone,,aqs
2022-02-17,33,Good,Ozone,,aqs
2022-02-18,33,Good,Ozone,,aqs
2022-02-19,33,Good,Ozone,,aqs
2022-02-20,32,Good,Ozone,,aqs
2022-02-21,36,Good,PM2.5,,aqs
2022-02-22,49,Good,PM2.5,,aqs
2022-02-23,43,Good,PM2.5,,aqs
2022-02-24,47,Good,PM2.5,,aqs
2022-02-25,42,Good,Ozone,,aqs
2022-02-26,41,Good,Ozone,,aqs
2022-02-27,39,Good,Ozone,,aqs
2022-02-28,35,Good,Ozone,,aqs
2022-03-01,25,Good,Ozone,,aqs
2022-03-02,36,Good,PM2.5,,aqs
2022-03-03,32,Good,Ozone,,aqs
2022-03-04,39,Good,PM2.5,,aqs
2022-03-05,41,Good,Ozone,,aqs
2022-03-06,40,Good,Ozone,,aqs
2022-03-07,38,Good,Ozone,,aqs
2022-03-08,37,Good,Ozone,,aqs
2022-03-09,35,Good,Ozone,,aqs
2022-03-10,40,Good,Ozone,,aqs
2022-03-11,37,Good,Ozone,,aqs
2022-03-12,39,Good,Ozone,,aqs
2022-03-13,37,Good,Ozone,,aqs
2022-03-14,35,Good,Ozone,,aqs
2022-03-15,34,Good,Ozone,,aqs
2022-03-16,40,Good,Ozone,,aqs
2022-03-17,37,Good,Ozone,,aqs
2022-03-18,39,Good,Ozone,,aqs
2022-03-19,44,Good,Ozone,,aqs
2022-03-20,39,Good,Ozone,,aqs
2022-03-21,42,Good,Ozone,,aqs
2022-03-22,43,Good,Ozone,,aqs
2022-03-23,43,Good,Ozone,,aqs
2022-03-24,38,Good,Ozone,,aqs
2022-03-25,38,Good,Ozone,,aqs
2022-03-26,36,Good,Ozone,,aqs
2022-03-27,31,Good,Ozone,,aqs
2022-03-28,38,Good,Ozone,,aqs
2022-03-29,44,Good,PM2.5,,aqs
2022-03-30,35,Good,Ozone,,aqs
2022-03-31,39,Good,Ozone,,aqs
2022-04-01,38,Good,Ozone,,aqs
2022-04-02,40,Good,Ozone,,aqs
2022-04-03,30,Good,Ozone,,aqs
2022-04-04,44,Good,Ozone,,aqs
2022-04-05,38,Good,Ozone,,aqs
2022-04-06,35,Good,Ozone,,aqs
2022-04-07,39,Good,Ozone,,aqs
2022-04-08,42,Good,Ozone,,aqs
2022-04-09,44,Good,Ozone,,aqs
2022-04-10,40,Good,Ozone,,aqs
2022-04-11,39,Good,Ozone,,aqs
2022-04-12,31,Good,Ozone,,aqs
2022-04-13,52,Moderate,PM2.5,,aqs
2022-04-14,38,Good,Ozone,,aqs
2022-04-15,42,Good,Ozone,,aqs
2022-04-16,42,Good,Ozone,,aqs
2022-04-17,45,Good,Ozone,,aqs
2022-04-18,44,Good,Ozone,,aqs
2022-04-19,38,Good,PM2.5,,aqs
2022-04-20,41,Good,Ozone,,aqs
2022-04-21,35,Good,Ozone,,aqs
2022-04-22,37,Good,PM2.5,,aqs
2022-04-23,2,Good,PM2.5,,aqs
2022-04-24,43,Good,Ozone,,aqs
2022-04-25,44,Good,Ozone,,aqs
2022-04-26,36,Good,Ozone,,aqs
2022-04-27,34,Good,Ozone,,aqs
2022-04-28,40,Good,PM2.5,,aqs
2022-04-29,55,Moderate,PM2.5,,aqs
2022-04-30,45,Good,Ozone,,aqs
2022-05-01,41,Good,Ozone,,aqs
2022-05-02,42,Good,Ozone,,aqs
2022-05-03,36,Good,Ozone,,aqs
2022-05-04,40,Good,Ozone,,aqs
2022-05-05,47,Good,Ozone,,aqs
2022-05-06,40,Good,Ozone,,aqs
2022-05-07,40,Good,Ozone,,aqs
2022-05-08,42,Good,Ozone,,aqs
2022-05-09,35,Good,Ozone,,aqs
2022-05-10,44,Good,Ozone,,aqs
2022-05-11,40,Good,Ozone,,aqs
2022-05-12,35,Good,Ozone,,aqs
2022-05-13,41,Good,Ozone,,aqs
2022-05-14,43,Good,Ozone,,aqs
2022-05-15,45,Good,Ozone,,aqs
2022-05-16,44,Good,Ozone,,aqs
2022-05-17,42,Good,Ozone,,aqs
2022-05-18,43,Good,Ozone,,aqs
2022-05-19,41,Good,Ozone,,aqs
2022-05-20,36,Good,Ozone,,aqs
2022-05-21,36,Good,Ozone,,aqs
2022-05-22,42,Good,Ozone,,aqs
2022-05-23,41,Good,Ozone,,aqs
2022-05-24,46,Good,Ozone,,aqs
2022-05-25,43,Good,Ozone,,aqs
2022-05-26,49,Good,Ozone,,aqs
2022-05-27,38,Good,Ozone,,aqs
2022-05-28,32,Good,Ozone,,aqs
2022-05-29,41,Good,Ozone,,aqs
2022-05-30,28,Good,Ozone,,aqs
2022-05-31,39,Good,Ozone,,aqs
2022-06-01,43,Good,Ozone,,aqs
2022-06-02,42,Good,Ozone,,aqs
2022-06-03,47,Good,Ozone,,aqs
2022-06-04,47,Good,Ozone,,aqs
2022-06-05,42,Good,Ozone,,aqs
2022-06-06,27,Good,Ozone,,aqs
2022-06-07,33,Good,Ozone,,aqs
2022-06-08,44,Good,Ozone,,aqs
2022-06-09,36,Good,Ozone,,aqs
2022-06-10,36,Good,Ozone,,aqs
2022-06-11,44,Good,Ozone,,aqs
2022-06-12,31,Good,Ozone,,aqs
2022-06-13,37,Good,Ozone,,aqs
2022-06-14,30,Good,Ozone,,aqs
2022-06-15,31,Good,Ozone,,aqs
2022-06-16,40,Good,Ozone,,aqs
2022-06-17,44,Good,Ozone,,aqs
2022-06-18,37,Good,Ozone,,aqs
2022-06-19,45,Good,PM2.5,,aqs
2022-06-20,40,Good,Ozone,,aqs
2022-06-21,39,Good,Ozone,,aqs
2022-06-22,41,Good,Ozone,,aqs
2022-06-23,43,Good,Ozone,,aqs
2022-06-24,37,Good,Ozone,,aqs
2022-06-25,38,Good,Ozone,,aqs
2022-06-26,54,Moderate,PM2.5,,aqs
2022-06-27,48,Good,PM2.5,,aqs
2022-06-28,51,Moderate,Ozone,,aqs
2022-06-29,45,Good,PM2.5,,aqs
2022-06-30,43,Good,Ozone,,aqs
2022-07-01,40,Good,Ozone,,aqs
2022-07-02,44,Good,Ozone,,aqs
2022-07-03,54,Moderate,Ozone,,aqs
2022-07-04,42,Good,Ozone,,aqs
2022-07-05,41,Good,Ozone,,aqs
2022-07-06,44,Good,Ozone,,aqs
2022-07-07,43,Good,Ozone,,aqs
2022-07-08,37,Good,Ozone,,aqs
2022-07-09,43,Good,Ozone,,aqs
2022-07-10,41,Good,Ozone,,aqs
2022-07-11,36,Good,Ozone,,aqs
2022-07-12,35,Good,Ozone,,aqs
2022-07-13,35,Good,Ozone,,aqs
2022-07-14,42,Good,Ozone,,aqs
2022-07-15,40,Good,Ozone,,aqs
2022-07-16,46,Good,Ozone,,aqs
2022-07-17,39,Good,Ozone,,aqs
2022-07-18,39,Good,Ozone,,aqs
2022-07-19,42,Good,Ozone,,aqs
2022-07-20,38,Good,Ozone,,aqs
2022-07-21,40,Good,Ozone,,aqs
2022-07-22,45,Good,Ozone,,aqs
2022-07-23,42,Good,PM2.5,,aqs
2022-07-24,39,Good,PM2.5,,aqs
2022-07-25,46,Good,Ozone,,aqs
2022-07-26,31,Good,Ozone,,aqs
2022-07-27,34,Good,Ozone,,aqs
2022-07-28,36,Good,Ozone,,aqs
2022-07-29,42,Good,Ozone,,aqs
2022-07-30,40,Good,Ozone,,aqs
2022-07-31,56,Moderate,PM2.5,,aqs
2022-08-01,44,Good,Ozone,,aqs
2022-08-02,52,Moderate,PM2.5,,aqs
2022-08-03,46,Good,PM2.5,,aqs
2022-08-05,44,Good,Ozone,,aqs
2022-08-06,28,Good,PM2.5,,aqs
2022-08-07,34,Good,PM2.5,,aqs
2022-08-08,44,Good,Ozone,,aqs
2022-08-09,44,Good,PM2.5,,aqs
2022-08-10,38,Good,PM2.5,,aqs
2022-08-11,43,Good,PM2.5,,aqs
2022-08-12,48,Good,Ozone,,aqs
2022-08-13,52,Moderate,PM2.5,,aqs
2022-08-14,44,Good,Ozone,,aqs
2022-08-15,47,Good,Ozone,,aqs
2022-08-16,52,Moderate,PM2.5,,aqs
2022-08-17,49,Good,Ozone,,aqs
2022-08-18,43,Good,PM2.5,,aqs
2022-08-19,48,Good,PM2.5,,aqs
2022-08-20,49,Good,PM2.5,,aqs
2022-08-21,49,Good,Ozone,,aqs
2022-08-22,44,Good,Ozone,,aqs
2022-08-23,49,Good,PM2.5,,aqs
2022-08-24,47,Good,PM2.5,,aqs
2022-08-25,49,Good,PM2.5,,aqs
2022-08-26,49,Good,Ozone,,aqs
2022-08-27,44,Good,Ozone,,aqs
2022-08-28,33,Good,Ozone,,aqs
2022-08-29,35,Good,PM2.5,,aqs
2022-08-30,37,Good,Ozone,,aqs
2022-08-31,51,Moderate,PM2.5,,aqs
2022-09-01,43,Good,Ozone,,aqs
2022-09-02,46,Good,PM2.5,,aqs
2022-09-03,55,Moderate,PM2.5,,aqs
2022-09-04,55,Moderate,PM2.5,,aqs
2022-09-05,72,Moderate,PM2.5,,aqs
2022-09-06,79,Moderate,PM2.5,,aqs
2022-09-07,76,Moderate,PM2.5,,aqs
2022-09-08,58,Moderate,PM2.5,,aqs
2022-09-09,44,Good,PM2.5,,aqs
2022-09-10,36,Good,PM2.5,,aqs
2022-09-11,45,Good,Ozone,,aqs
2022-09-12,74,Moderate,PM2.5,,aqs
2022-09-13,58,Moderate,PM2.5,,aqs
2022-09-14,53,Moderate,PM2.5,,aqs
2022-09-15,27,Good,PM2.5,,aqs
2022-09-16,24,Good,PM2.5,,aqs
2022-09-17,52,Moderate,PM2.5,,aqs
2022-09-18,52,Moderate,PM2.5,,aqs
2022-09-19,44,Good,Ozone,,aqs
2022-09-20,31,Good,Ozone,,aqs
2022-09-21,39,Good,PM2.5,,aqs
2022-09-22,38,Good,PM2.5,,aqs
2022-09-23,30,Good,Ozone,,aqs
2022-09-24,38,Good,Ozone,,aqs
2022-09-25,39,Good,Ozone,,aqs
2022-09-26,42,Good,Ozone,,aqs
2022-09-27,48,Good,PM2.5,,aqs
2022-09-28,55,Moderate,PM2.5,,aqs
2022-09-29,54,Moderate,PM2.5,,aqs
2022-09-30,62,Moderate,PM2.5,,aqs
2022-10-01,55,Moderate,PM2.5,,aqs
2022-10-02,55,Moderate,PM2.5,,aqs
2022-10-03,31,Good,Ozone,,aqs
2022-10-04,47,Good,PM2.5,,aqs
2022-10-05,52,Moderate,PM2.5,,aqs
2022-10-06,51,Moderate,PM2.5,,aqs
2022-10-07,34,Good,PM2.5,,aqs
2022-10-08,48,Good,PM2.5,,aqs
2022-10-09,52,Moderate,PM2.5,,aqs
2022-10-10,44,Good,PM2.5,,aqs
2022-10-11,38,Good,PM2.5,,aqs
2022-10-12,47,Good,PM2.5,,aqs
2022-10-13,41,Good,PM2.5,,aqs
2022-10-14,44,Good,PM2.5,,aqs
2022-10-15,50,Good,PM2.5,,aqs
2022-10-16,42,Good,PM2.5,,aqs
2022-10-17,51,Moderate,PM2.5,,aqs
2022-10-18,48,Good,PM2.5,,aqs
2022-10-19,55,Moderate,PM2.5,,aqs
2022-10-20,67,Moderate,PM2.5,,aqs
2022-10-21,55,Moderate,PM2.5,,aqs
2022-10-22,60,Moderate,PM2.5,,aqs
2022-10-23,57,Moderate,PM2.5,,aqs
2022-10-24,31,Good,Ozone,,aqs
2022-10-25,31,Good,PM2.5,,aqs
2022-10-26,28,Good,Ozone,,aqs
2022-10-27,32,Good,Ozone,,aqs
2022-10-28,39,Good,PM2.5,,aqs
2022-10-29,36,Good,Ozone,,aqs
2022-10-30,34,Good,Ozone,,aqs
2022-10-31,44,Good,PM2.5,,aqs
2022-11-01,36,Good,PM2.5,,aqs
2022-11-02,31,Good,Ozone,,aqs
2022-11-03,36,Good,PM2.5,,aqs
2022-11-04,48,Good,PM2.5,,aqs
2022-11-05,39,Good,PM2.5,,aqs
2022-11-06,24,Good,Ozone,,aqs
2022-11-07,42,Good,PM2.5,,aqs
2022-11-08,49,Good,PM2.5,,aqs
2022-11-09,54,Moderate,PM2.5,,aqs
2022-11-10,37,Good,PM2.5,,aqs
2022-11-11,42,Good,PM2.5,,aqs
2022-11-12,47,Good,PM2.5,,aqs
2022-11-13,44,Good,PM2.5,,aqs
2022-11-14,58,Moderate,PM2.5,,aqs
2022-11-15,58,Moderate,PM2.5,,aqs
2022-11-16,50,Good,PM2.5,,aqs
2022-11-17,34,Good,PM2.5,,aqs
2022-11-18,39,Good,PM2.5,,aqs
2022-11-19,44,Good,PM2.5,,aqs
2022-11-20,41,Good,Ozone,,aqs
2022-11-21,37,Good,Ozone,,aqs
2022-11-22,37,Good,Ozone,,aqs
2022-11-23,34,Good,Ozone,,aqs
2022-11-24,33,Good,PM2.5,,aqs
2022-11-25,33,Good,Ozone,,aqs
2022-11-26,29,Good,Ozone,,aqs
2022-11-27,29,Good,Ozone,,aqs
2022-11-28,29,Good,Ozone,,aqs
2022-11-29,28,Good,Ozone,,aqs
2022-11-30,34,Good,PM2.5,,aqs
2022-12-01,35,Good,PM2.5,,aqs
2022-12-02,29,Good,PM2.5,,aqs
2022-12-03,39,Good,PM2.5,,aqs
2022-12-04,35,Good,Ozone,,aqs
2022-12-05,31,Good,Ozone,,aqs
2022-12-06,31,Good,Ozone,,aqs
2022-12-07,38,Good,PM2.5,,aqs
2022-12-08,33,Good,PM2.5,,aqs
2022-12-09,31,Good,Ozone,,aqs
2022-12-10,31,Good,Ozone,,aqs
2022-12-11,28,Good,Ozone,,aqs
2022-12-12,54,Moderate,PM2.5,,aqs
2022-12-13,46,Good,PM2.5,,aqs
2022-12-14,29,Good,PM2.5,,aqs
2022-12-16,33,Good,Ozone,,aqs
2022-12-17,33,Good,PM2.5,,aqs
2022-12-18,37,Good,PM2.5,,aqs
2022-12-19,36,Good,PM2.5,,aqs
2022-12-20,33,Good,PM2.5,,aqs
2022-12-21,42,Good,PM2.5,,aqs
2022-12-22,51,Moderate,PM2.5,,aqs
2022-12-23,32,Good,PM2.5,,aqs
2022-12-24,35,Good,Ozone,,aqs
2022-12-25,34,Good,Ozone,,aqs
2022-12-26,35,Good,PM2.5,,aqs
2022-12-27,18,Good,PM2.5,,aqs
2022-12-28,19,Good,PM2.5,,aqs
2022-12-29,34,Good,PM2.5,,aqs
2022-12-30,23,Good,PM2.5,,aqs
2022-12-31,18,Good,PM2.5,,aqs
2023-01-01,16,Good,PM2.5,,aqs
2023-01-02,8,Good,PM2.5,,aqs
2023-01-03,7,Good,PM2.5,,aqs
2023-01-04,27,Good,Ozone,,aqs
2023-01-05,31,Good,Ozone,,aqs
2023-01-06,31,Good,Ozone,,aqs
2023-01-07,30,Good,Ozone,,aqs
2023-01-08,33,Good,Ozone,,aqs
2023-01-09,33,Good,Ozone,,aqs
2023-01-10,33,Good,Ozone,,aqs
2023-01-11,31,Good,Ozone,,aqs
2023-01-12,30,Good,Ozone,,aqs
2023-01-13,31,Good,Ozone,,aqs
2023-01-14,29,Good,Ozone,,aqs
2023-01-15,27,Good,PM2.5,,aqs
2023-01-16,37,Good,PM2.5,,aqs
2023-01-17,53,Moderate,PM2.5,,aqs
2023-01-18,52,Moderate,PM2.5,,aqs
2023-01-19,25,Good,Ozone,,aqs
2023-01-20,39,Good,PM2.5,,aqs
2023-01-21,31,Good,Ozone,,aqs
2023-01-22,31,Good,Ozone,,aqs
2023-01-23,32,Good,Ozone,,aqs
2023-01-24,31,Good,Ozone,,aqs
2023-01-25,32,Good,Ozone,,aqs
2023-01-26,34,Good,Ozone,,aqs
2023-01-27,33,Good,Ozone,,aqs
2023-01-28,33,Good,Ozone,,aqs
2023-01-29,33,Good,Ozone,,aqs
2023-01-30,32,Good,Ozone,,aqs
2023-01-31,36,Good,Ozone,,aqs
2023-02-01,36,Good,Ozone,,aqs
2023-02-02,35,Good,Ozone,,aqs
2023-02-03,38,Good,PM2.5,,aqs
2023-02-04,38,Good,Ozone,,aqs
2023-02-05,31,Good,Ozone,,aqs
2023-02-06,37,Good,Ozone,,aqs
2023-02-07,33,Good,Ozone,,aqs
2023-02-08,37,Good,Ozone,,aqs
2023-02-09,36,Good,Ozone,,aqs
2023-02-10,34,Good,Ozone,,aqs
2023-02-11,36,Good,Ozone,,aqs
2023-02-12,32,Good,Ozone,,aqs
2023-02-13,37,Good,Ozone,,aqs
2023-02-14,36,Good,Ozone,,aqs
2023-02-15,38,Good,Ozone,,aqs
2023-02-16,35,Good,Ozone,,aqs
2023-02-17,36,Good,Ozone,,aqs
2023-02-18,37,Good,Ozone,,aqs
2023-02-19,35,Good,Ozone,,aqs
2023-02-20,34,Good,Ozone,,aqs
2023-02-21,33,Good,Ozone,,aqs
2023-02-22,39,Good,PM2.5,,aqs
2023-02-23,34,Good,PM2.5,,aqs
2023-02-24,43,Good,PM2.5,,aqs
2023-02-25,45,Good,Ozone,,aqs
2023-02-26,45,Good,Ozone,,aqs
2023-02-27,38,Good,Ozone,,aqs
2023-02-28,40,Good,Ozone,,aqs
2023-03-01,40,Good,Ozone,,aqs
2023-03-02,41,Good,Ozone,,aqs
2023-03-03,43,Good,Ozone,,aqs
2023-03-04,40,Good,Ozone,,aqs
2023-03-05,42,Good,Ozone,,aqs
2023-03-06,42,Good,PM2.5,,aqs
2023-03-07,35,Good,PM2.5,,aqs
2023-03-08,39,Good,PM2.5,,aqs
2023-03-09,48,Good,PM2.5,,aqs
2023-03-10,43,Good,Ozone,,aqs
2023-03-11,42,Good,Ozone,,aqs
2023-03-12,42,Good,Ozone,,aqs
2023-03-13,42,Good,Ozone,,aqs
2023-03-14,42,Good,Ozone,,aqs
2023-03-15,51,Moderate,PM2.5,,aqs
2023-03-16,47,Good,Ozone,,aqs
2023-03-17,44,Good,Ozone,,aqs
2023-03-18,43,Good,Ozone,,aqs
2023-03-19,64,Moderate,Ozone,,aqs
2023-03-20,51,Moderate,Ozone,,aqs
2023-03-21,54,Moderate,PM2.5,,aqs
2023-03-22,55,Moderate,PM2.5,,aqs
2023-03-23,49,Good,PM2.5,,aqs
2023-03-24,47,Good,Ozone,,aqs
2023-03-25,74,Moderate,Ozone,,aqs
2023-03-26,55,Moderate,PM2.5,,aqs
2023-03-27,55,Moderate,PM2.5,,aqs
2023-03-28,48,Good,PM2.5,,aqs
2023-03-29,48,Good,PM2.5,,aqs
2023-03-30,51,Moderate,PM2.5,,aqs
2023-03-31,61,Moderate,Ozone,,aqs
2023-04-01,43,Good,Ozone,,aqs
2023-04-02,44,Good,Ozone,,aqs
2023-04-03,43,Good,Ozone,,aqs
2023-04-04,37,Good,Ozone,,aqs
2023-04-05,19,Good,PM2.5,,aqs
2023-04-06,26,Good,PM2.5,,aqs
2023-04-07,40,Good,PM2.5,,aqs
2023-04-08,47,Good,PM2.5,,aqs
2023-04-09,29,Good,PM2.5,,aqs
2023-04-10,39,Good,Ozone,,aqs
2023-04-11,49,Good,Ozone,,aqs
2023-04-12,44,Good,Ozone,,aqs
2023-04-13,41,Good,Ozone,,aqs
2023-04-14,40,Good,Ozone,,aqs
2023-04-15,43,Good,Ozone,,aqs
2023-04-16,46,Good,Ozone,,aqs
2023-04-17,44,Good,Ozone,,aqs
2023-04-18,41,Good,Ozone,,aqs
2023-04-19,40,Good,Ozone,,aqs
2023-04-20,38,Good,Ozone,,aqs
2023-04-21,43,Good,Ozone,,aqs
2023-04-22,43,Good,Ozone,,aqs
2023-04-23,45,Good,Ozone,,aqs
2023-04-24,44,Good,Ozone,,aqs
2023-04-25,43,Good,Ozone,,aqs
2023-04-26,49,Good,PM2.5,,aqs
2023-04-27,39,Good,Ozone,,aqs
2023-04-28,39,Good,Ozone,,aqs
2023-04-29,45,Good,Ozone,,aqs
2023-04-30,42,Good,Ozone,,aqs
2023-05-01,45,Good,Ozone,,aqs
2023-05-02,43,Good,Ozone,,aqs
2023-05-03,49,Good,Ozone,,aqs
2023-05-04,58,Moderate,Ozone,,aqs
2023-05-05,47,Good,Ozone,,aqs
2023-05-06,54,Moderate,PM2.5,,aqs
2023-05-07,51,Moderate,PM2.5,,aqs
2023-05-08,44,Good,Ozone,,aqs
2023-05-09,44,Good,Ozone,,aqs
2023-05-10,61,Moderate,Ozone,,aqs
2023-05-11,41,Good,Ozone,,aqs
2023-05-12,31,Good,Ozone,,aqs
2023-05-13,38,Good,PM2.5,,aqs
2023-05-14,53,Moderate,PM2.5,,aqs
2023-05-15,49,Good,Ozone,,aqs
2023-05-16,54,Moderate,Ozone,,aqs
2023-05-17,226,Very Unhealthy,PM2.5,,aqs
2023-05-18,128,Unhealthy for Sensitive Groups,PM2.5,,aqs
2023-05-19,65,Moderate,PM2.5,,aqs
2023-05-20,67,Moderate,Ozone,,aqs
2023-05-21,95,Moderate,PM2.5,,aqs
2023-05-22,100,Moderate,Ozone,,aqs
2023-05-23,140,Unhealthy for Sensitive Groups,Ozone,,aqs
2023-05-24,68,Moderate,PM2.5,,aqs
2023-05-25,59,Moderate,PM2.5,,aqs
2023-05-26,49,Good,Ozone,,aqs
2023-05-27,48,Good,Ozone,,aqs
2023-05-28,43,Good,Ozone,,aqs
2023-05-29,46,Good,Ozone,,aqs
2023-05-30,80,Moderate,Ozone,,aqs
2023-05-31,67,Moderate,Ozone,,aqs
2023-06-01,61,Moderate,Ozone,,aqs
2023-06-02,50,Good,Ozone,,aqs
2023-06-03,64,Moderate,Ozone,,aqs
2023-06-04,67,Moderate,Ozone,,aqs
2023-06-05,112,Unhealthy for Sensitive Groups,Ozone,,aqs
2023-06-06,105,Unhealthy for Sensitive Groups,Ozone,,aqs
2023-06-07,90,Moderate,Ozone,,aqs
2023-06-08,87,Moderate,Ozone,,aqs
2023-06-09,77,Moderate,Ozone,,aqs
2023-06-10,68,Moderate,PM2.5,,aqs
2023-06-11,58,Moderate,Ozone,,aqs
2023-06-12,74,Moderate,Ozone,,aqs
2023-06-13,87,Moderate,Ozone,,aqs
2023-06-14,93,Moderate,Ozone,,aqs
2023-06-15,39,Good,Ozone,,aqs
2023-06-16,71,Moderate,PM2.5,,aqs
2023-06-17,61,Moderate,PM2.5,,aqs
2023-06-18,45,Good,PM2.5,,aqs
2023-06-19,48,Good,Ozone,,aqs
2023-06-20,46,Good,Ozone,,aqs
2023-06-21,29,Good,Ozone,,aqs
2023-06-22,26,Good,PM2.5,,aqs
2023-06-23,22,Good,PM2.5,,aqs
2023-06-24,28,Good,PM2.5,,aqs
2023-06-25,31,Good,PM2.5,,aqs
2023-06-26,27,Good,PM2.5,,aqs
2023-06-27,19,Good,Ozone,,aqs
2023-06-28,26,Good,PM2.5,,aqs
2023-06-29,56,Moderate,PM2.5,,aqs
2023-06-30,54,Moderate,PM2.5,,aqs
2023-07-01,41,Good,PM2.5,,aqs
2023-07-02,31,Good,PM2.5,,aqs
2023-07-03,30,Good,PM2.5,,aqs
2023-07-04,33,Good,PM2.5,,aqs
2023-07-05,31,Good,PM2.5,,aqs
2023-07-06,37,Good,Ozone,,aqs
2023-07-07,44,Good,Ozone,,aqs
2023-07-08,52,Moderate,PM2.5,,aqs
2023-07-09,51,Moderate,Ozone,,aqs
2023-07-10,64,Moderate,Ozone,,aqs
2023-07-11,27,Good,Ozone,,aqs
2023-07-12,54,Moderate,Ozone,,aqs
2023-07-13,67,Moderate,Ozone,,aqs
2023-07-14,144,Unhealthy for Sensitive Groups,PM2.5,,aqs
2023-07-15,161,Unhealthy,PM2.5,,aqs
2023-07-16,129,Unhealthy for Sensitive Groups,PM2.5,,aqs
2023-07-17,41,Good,PM2.5,,aqs
2023-07-18,48,Good,Ozone,,aqs
2023-07-19,38,Good,Ozone,,aqs
2023-07-20,53,Moderate,PM2.5,,aqs
2023-07-21,54,Moderate,PM2.5,,aqs
2023-07-22,48,Good,Ozone,,aqs
2023-07-23,48,Good,Ozone,,aqs
2023-07-24,44,Good,Ozone,,aqs
2023-07-25,44,Good,Ozone,,aqs
2023-07-26,41,Good,Ozone,,aqs
2023-07-27,43,Good,Ozone,,aqs
2023-07-28,43,Good,Ozone,,aqs
2023-07-29,39,Good,Ozone,,aqs
2023-07-30,43,Good,Ozone,,aqs
2023-07-31,42,Good,Ozone,,aqs
2023-08-01,49,Good,Ozone,,aqs
2023-08-02,44,Good,Ozone,,aqs
2023-08-03,46,Good,Ozone,,aqs
2023-08-04,45,Good,Ozone,,aqs
2023-08-05,44,Good,Ozone,,aqs
2023-08-06,54,Moderate,PM2.5,,aqs
2023-08-07,53,Moderate,PM2.5,,aqs
2023-08-08,50,Good,Ozone,,aqs
2023-08-09,53,Moderate,PM2.5,,aqs
2023-08-10,43,Good,Ozone,,aqs
2023-08-11,37,Good,Ozone,,aqs
2023-08-12,38,Good,Ozone,,aqs
2023-08-13,33,Good,Ozone,,aqs
2023-08-14,39,Good,Ozone,,aqs
2023-08-15,43,Good,Ozone,,aqs
2023-08-16,40,Good,Ozone,,aqs
2023-08-17,51,Moderate,PM2.5,,aqs
2023-08-18,65,Moderate,PM2.5,,aqs
2023-08-19,59,Moderate,PM2.5,,aqs
2023-08-20,53,Moderate,PM2.5,,aqs
2023-08-21,46,Good,PM2.5,,aqs
2023-08-22,38,Good,PM2.5,,aqs
2023-08-23,44,Good,Ozone,,aqs
2023-08-24,45,Good,Ozone,,aqs
2023-08-25,49,Good,PM2.5,,aqs
2023-08-26,44,Good,Ozone,,aqs
2023-08-27,54,Moderate,Ozone,,aqs
2023-08-28,71,Moderate,PM2.5,,aqs
2023-08-29,96,Moderate,PM2.5,,aqs
2023-08-30,96,Moderate,PM2.5,,aqs
2023-08-31,42,Good,PM2.5,,aqs
2023-09-01,62,Moderate,PM2.5,,aqs
2023-09-02,46,Good,PM2.5,,aqs
2023-09-03,85,Moderate,PM2.5,,aqs
2023-09-04,99,Moderate,PM2.5,,aqs
2023-09-05,168,Unhealthy,PM2.5,,aqs
2023-09-06,142,Unhealthy for Sensitive Groups,PM2.5,,aqs
2023-09-07,98,Moderate,PM2.5,,aqs
2023-09-08,60,Moderate,PM2.5,,aqs
2023-09-09,49,Good,PM2.5,,aqs
2023-09-10,58,Moderate,PM2.5,,aqs
2023-09-11,42,Good,PM2.5,,aqs
2023-09-12,41,Good,PM2.5,,aqs
2023-09-13,39,Good,Ozone,,aqs
2023-09-14,59,Moderate,PM2.5,,aqs
2023-09-15,54,Moderate,PM2.5,,aqs
2023-09-16,54,Moderate,PM2.5,,aqs
2023-09-17,53,Moderate,PM2.5,,aqs
2023-09-18,45,Good,Ozone,,aqs
2023-09-19,52,Moderate,PM2.5,,aqs
2023-09-20,69,Moderate,PM2.5,,aqs
2023-09-21,59,Moderate,PM2.5,,aqs
2023-09-22,31,Good,Ozone,,aqs
2023-09-23,37,Good,Ozone,,aqs
2023-09-24,30,Good,Ozone,,aqs
2023-09-25,40,Good,Ozone,,aqs
2023-09-26,34,Good,Ozone,,aqs
2023-09-27,31,Good,Ozone,,aqs
2023-09-28,35,Good,Ozone,,aqs
2023-09-29,39,Good,Ozone,,aqs
2023-09-30,38,Good,Ozone,,aqs
2023-10-01,19,Good,Ozone,,aqs
2023-10-02,9,Good,Ozone,,aqs
2023-10-03,27,Good,Ozone,,aqs
2023-10-04,29,Good,Ozone,,aqs
2023-10-05,30,Good,Ozone,,aqs
2023-10-06,20,Good,Ozone,,aqs
2023-10-07,31,Good,Ozone,,aqs
2023-10-08,33,Good,Ozone,,aqs
2023-10-09,31,Good,Ozone,,aqs
2023-10-10,30,Good,Ozone,,aqs
2023-10-11,37,Good,Ozone,,aqs
2023-10-12,22,Good,Ozone,,aqs
2023-10-13,22,Good,PM2.5,,aqs
2023-10-14,26,Good,PM2.5,,aqs
2023-10-15,25,Good,Ozone,,aqs
2023-10-16,34,Good,Ozone,,aqs
2023-10-17,35,Good,Ozone,,aqs
2023-10-18,28,Good,Ozone,,aqs
2023-10-19,30,Good,Ozone,,aqs
2023-10-20,35,Good,Ozone,,aqs
2023-10-21,31,Good,Ozone,,aqs
2023-10-22,29,Good,Ozone,,aqs
2023-10-23,14,Good,Ozone,,aqs
2023-10-24,14,Good,Ozone,,aqs
2023-10-25,26,Good,Ozone,,aqs
2023-10-26,43,Good,PM2.5,,aqs
2023-10-27,51,Moderate,PM2.5,,aqs
2023-10-28,44,Good,PM2.5,,aqs
2023-10-29,32,Good,Ozone,,aqs
2023-10-30,33,Good,Ozone,,aqs
2023-10-31,31,Good,Ozone,,aqs
2023-11-01,46,Good,PM2.5,,aqs
2023-11-02,29,Good,Ozone,,aqs
2023-11-03,23,Good,Ozone,,aqs
2023-11-04,29,Good,Ozone,,aqs
2023-11-05,29,Good,Ozone,,aqs
2023-11-06,30,Good,Ozone,,aqs
2023-11-07,34,Good,Ozone,,aqs
2023-11-08,33,Good,Ozone,,aqs
2023-11-09,29,Good,Ozone,,aqs
2023-11-10,28,Good,Ozone,,aqs
2023-11-11,32,Good,Ozone,,aqs
2023-11-12,36,Good,Ozone,,aqs
2023-11-13,28,Good,Ozone,,aqs
2023-11-14,34,Good,Ozone,,aqs
2023-11-15,38,Good,Ozone,,aqs
2023-11-16,33,Good,Ozone,,aqs
2023-11-17,30,Good,Ozone,,aqs
2023-11-18,33,Good,Ozone,,aqs
2023-11-19,27,Good,Ozone,,aqs
2023-11-20,32,Good,Ozone,,aqs
2023-11-21,30,Good,Ozone,,aqs
2023-11-22,30,Good,Ozone,,aqs
2023-11-23,30,Good,Ozone,,aqs
2023-11-24,31,Good,Ozone,,aqs
2023-11-25,31,Good,Ozone,,aqs
2023-11-26,32,Good,Ozone,,aqs
2023-11-27,32,Good,Ozone,,aqs
2023-11-28,31,Good,Ozone,,aqs
2023-11-29,30,Good,Ozone,,aqs
2023-11-30,30,Good,Ozone,,aqs
2023-12-01,26,Good,Ozone,,aqs
2023-12-02,32,Good,Ozone,,aqs
2023-12-03,31,Good,Ozone,,aqs
2023-12-04,31,Good,Ozone,,aqs
2023-12-05,27,Good,Ozone,,aqs
2023-12-06,26,Good,Ozone,,aqs
2023-12-07,25,Good,Ozone,,aqs
2023-12-08,28,Good,Ozone,,aqs
2023-12-09,29,Good,Ozone,,aqs
2023-12-10,29,Good,Ozone,,aqs
2023-12-11,31,Good,Ozone,,aqs
2023-12-12,26,Good,Ozone,,aqs
2023-12-13,24,Good,Ozone,,aqs
2023-12-14,38,Good,PM2.5,,aqs
2023-12-15,26,Good,PM2.5,,aqs
2023-12-16,26,Good,Ozone,,aqs
2023-12-17,31,Good,Ozone,,aqs
2023-12-18,28,Good,Ozone,,aqs
2023-12-19,19,Good,Ozone,,aqs
2023-12-20,27,Good,PM2.5,,aqs
2023-12-21,24,Good,Ozone,,aqs
2023-12-22,27,Good,Ozone,,aqs
2023-12-23,27,Good,Ozone,,aqs
2023-12-24,31,Good,Ozone,,aqs
2023-12-25,28,Good,Ozone,,aqs
2023-12-26,26,Good,Ozone,,aqs
2023-12-27,26,Good,Ozone,,aqs
2023-12-28,29,Good,Ozone,,aqs
2023-12-29,28,Good,Ozone,,aqs
2023-12-30,28,Good,Ozone,,aqs
2023-12-31,28,Good,Ozone,,aqs
2024-01-01,29,Good,Ozone,,aqs
2024-01-02,28,Good,Ozone,,aqs
2024-01-03,46,Good,PM2.5,,aqs
2024-01-04,22,Good,Ozone,,aqs
2024-01-05,24,Good,PM2.5,,aqs
2024-01-06,25,Good,Ozone,,aqs
2024-01-07,27,Good,PM2.5,,aqs
2024-01-08,34,Good,PM2.5,,aqs
2024-01-09,30,Good,Ozone,,aqs
2024-01-10,29,Good,Ozone,,aqs
2024-01-11,31,Good,Ozone,,aqs
2024-01-12,28,Good,Ozone,,aqs
2024-01-13,31,Good,Ozone,,aqs
2024-01-14,31,Good,Ozone,,aqs
2024-01-15,35,Good,Ozone,,aqs
2024-01-16,36,Good,Ozone,,aqs
2024-01-17,36,Good,Ozone,,aqs
2024-01-18,31,Good,Ozone,,aqs
2024-01-19,31,Good,Ozone,,aqs
2024-01-20,33,Good,Ozone,,aqs
2024-01-21,32,Good,Ozone,,aqs
2024-01-22,58,Moderate,PM2.5,,aqs
2024-01-23,38,Good,PM2.5,,aqs
2024-01-24,31,Good,Ozone,,aqs
2024-01-25,29,Good,Ozone,,aqs
2024-01-26,33,Good,Ozone,,aqs
2024-01-27,32,Good,Ozone,,aqs
2024-01-28,30,Good,Ozone,,aqs
2024-01-29,24,Good,Ozone,,aqs
2024-01-30,27,Good,Ozone,,aqs
2024-01-31,23,Good,Ozone,,aqs
2024-02-01,25,Good,Ozone,,aqs
2024-02-02,41,Good,PM2.5,,aqs
2024-02-03,38,Good,PM2.5,,aqs
2024-02-04,26,Good,PM2.5,,aqs
2024-02-05,29,Good,Ozone,,aqs
2024-02-06,28,Good,PM2.5,,aqs
2024-02-07,13,Good,Ozone,,aqs
2024-02-08,23,Good,Ozone,,aqs
2024-02-09,26,Good,Ozone,,aqs
2024-02-10,33,Good,Ozone,,aqs
2024-02-11,35,Good,Ozone,,aqs
2024-02-12,33,Good,Ozone,,aqs
2024-02-13,35,Good,Ozone,,aqs
2024-02-14,36,Good,Ozone,,aqs
2024-02-15,36,Good,Ozone,,aqs
2024-02-16,38,Good,Ozone,,aqs
2024-02-17,38,Good,Ozone,,aqs
2024-02-18,35,Good,Ozone,,aqs
2024-02-19,41,Good,Ozone,,aqs
2024-02-20,35,Good,Ozone,,aqs
2024-02-21,35,Good,Ozone,,aqs
2024-02-22,35,Good,Ozone,,aqs
2024-02-23,33,Good,Ozone,,aqs
2024-02-24,37,Good,Ozone,,aqs
2024-02-25,34,Good,Ozone,,aqs
2024-02-26,37,Good,Ozone,,aqs
2024-02-27,34,Good,Ozone,,aqs
2024-02-28,34,Good,Ozone,,aqs
2024-02-29,37,Good,Ozone,,aqs
2024-03-01,37,Good,Ozone,,aqs
2024-03-02,31,Good,Ozone,,aqs
2024-03-03,33,Good,Ozone,,aqs
2024-03-04,34,Good,Ozone,,aqs
2024-03-05,39,Good,PM2.5,,aqs
2024-03-06,51,Moderate,PM2.5,,aqs
2024-03-07,40,Good,Ozone,,aqs
2024-03-08,38,Good,Ozone,,aqs
2024-03-09,38,Good,Ozone,,aqs
2024-03-10,44,Good,Ozone,,aqs
2024-03-11,40,Good,Ozone,,aqs
2024-03-12,38,Good,Ozone,,aqs
2024-03-13,39,Good,Ozone,,aqs
2024-03-14,33,Good,Ozone,,aqs
2024-03-15,38,Good,Ozone,,aqs
2024-03-16,37,Good,Ozone,,aqs
2024-03-17,38,Good,Ozone,,aqs
2024-03-18,35,Good,Ozone,,aqs
2024-03-19,34,Good,Ozone,,aqs
2024-03-20,32,Good,Ozone,,aqs
2024-03-21,33,Good,Ozone,,aqs
2024-03-22,38,Good,PM2.5,,aqs
2024-03-23,36,Good,Ozone,,aqs
2024-03-24,36,Good,Ozone,,aqs
2024-03-25,43,Good,Ozone,,aqs
2024-03-26,42,Good,Ozone,,aqs
2024-03-27,44,Good,Ozone,,aqs
2024-03-28,36,Good,Ozone,,aqs
2024-03-29,35,Good,Ozone,,aqs
2024-03-30,33,Good,Ozone,,aqs
2024-03-31,52,Moderate,PM2.5,,aqs
2024-04-01,34,Good,Ozone,,aqs
2024-04-02,44,Good,Ozone,,aqs
2024-04-03,43,Good,Ozone,,aqs
2024-04-04,39,Good,Ozone,,aqs
2024-04-05,43,Good,Ozone,,aqs
2024-04-06,42,Good,PM2.5,,aqs
2024-04-07,39,Good,PM2.5,,aqs
2024-04-08,37,Good,Ozone,,aqs
2024-04-09,39,Good,Ozone,,aqs
2024-04-10,38,Good,Ozone,,aqs
2024-04-11,44,Good,Ozone,,aqs
2024-04-12,44,Good,Ozone,,aqs
2024-04-13,41,Good,Ozone,,aqs
2024-04-14,46,Good,Ozone,,aqs
2024-04-15,48,Good,Ozone,,aqs
2024-04-16,41,Good,Ozone,,aqs
2024-04-17,33,Good,Ozone,,aqs
2024-04-18,38,Good,Ozone,,aqs
2024-04-19,39,Good,Ozone,,aqs
2024-04-20,47,Good,Ozone,,aqs
2024-04-21,46,Good,Ozone,,aqs
2024-04-22,43,Good,Ozone,,aqs
2024-04-23,46,Good,Ozone,,aqs
2024-04-24,47,Good,Ozone,,aqs
2024-04-25,49,Good,Ozone,,aqs
2024-04-26,41,Good,Ozone,,aqs
2024-04-27,38,Good,Ozone,,aqs
2024-04-28,35,Good,Ozone,,aqs
2024-04-29,42,Good,Ozone,,aqs
2024-04-30,40,Good,Ozone,,aqs
2024-05-01,40,Good,Ozone,,aqs
2024-05-02,33,Good,Ozone,,aqs
2024-05-03,27,Good,Ozone,,aqs
2024-05-04,36,Good,Ozone,,aqs
2024-05-05,41,Good,Ozone,,aqs
2024-05-06,31,Good,Ozone,,aqs
2024-05-07,30,Good,Ozone,,aqs
2024-05-08,31,Good,Ozone,,aqs
2024-05-09,41,Good,Ozone,,aqs
2024-05-10,50,Good,Ozone,,aqs
2024-05-11,44,Good,Ozone,,aqs
2024-05-12,106,Unhealthy for Sensitive Groups,PM2.5,,aqs
2024-05-13,74,Moderate,PM2.5,,aqs
2024-05-14,54,Moderate,PM2.5,,aqs
2024-05-15,60,Moderate,PM2.5,,aqs
2024-05-16,40,Good,Ozone,,aqs
2024-05-17,46,Good,Ozone,,aqs
2024-05-18,39,Good,Ozone,,aqs
2024-05-19,43,Good,Ozone,,aqs
2024-05-20,39,Good,Ozone,,aqs
2024-05-21,37,Good,PM2.5,,aqs
2024-05-22,36,Good,Ozone,,aqs
2024-05-23,38,Good,PM2.5,,aqs
2024-05-24,32,Good,Ozone,,aqs
2024-05-25,40,Good,Ozone,,aqs
2024-05-26,44,Good,Ozone,,aqs
2024-05-27,47,Good,Ozone,,aqs
2024-05-28,50,Good,Ozone,,aqs
2024-05-29,50,Good,Ozone,,aqs
2024-05-30,41,Good,Ozone,,aqs
2024-05-31,40,Good,Ozone,,aqs
2024-06-01,44,Good,Ozone,,aqs
2024-06-02,40,Good,Ozone,,aqs
2024-06-03,39,Good,Ozone,,aqs
2024-06-04,43,Good,Ozone,,aqs
2024-06-05,43,Good,Ozone,,aqs
2024-06-06,44,Good,Ozone,,aqs
2024-06-07,49,Good,Ozone,,aqs
2024-06-08,47,Good,Ozone,,aqs
2024-06-09,54,Moderate,Ozone,,aqs
2024-06-10,44,Good,Ozone,,aqs
2024-06-11,47,Good,Ozone,,aqs
2024-06-12,61,Moderate,Ozone,,aqs
2024-06-13,44,Good,Ozone,,aqs
2024-06-14,54,Moderate,Ozone,,aqs
2024-06-15,71,Moderate,Ozone,,aqs
2024-06-16,41,Good,Ozone,,aqs
2024-06-17,36,Good,Ozone,,aqs
2024-06-18,36,Good,Ozone,,aqs
2024-06-19,39,Good,Ozone,,aqs
2024-06-20,36,Good,Ozone,,aqs
2024-06-21,29,Good,Ozone,,aqs
2024-06-22,44,Good,Ozone,,aqs
2024-06-23,49,Good,Ozone,,aqs
2024-06-24,64,Moderate,Ozone,,aqs
2024-06-25,54,Moderate,Ozone,,aqs
2024-06-26,40,Good,Ozone,,aqs
2024-06-27,40,Good,Ozone,,aqs
2024-06-28,36,Good,Ozone,,aqs
2024-06-29,31,Good,Ozone,,aqs
2024-06-30,34,Good,Ozone,,aqs
2024-07-01,33,Good,Ozone,,aqs
2024-07-02,36,Good,Ozone,,aqs
2024-07-03,44,Good,Ozone,,aqs
2024-07-04,41,Good,Ozone,,aqs
2024-07-05,46,Good,PM2.5,,aqs
2024-07-06,45,Good,Ozone,,aqs
2024-07-07,43,Good,Ozone,,aqs
2024-07-08,58,Moderate,PM2.5,,aqs
2024-07-09,58,Moderate,PM2.5,,aqs
2024-07-10,61,Moderate,PM2.5,,aqs
2024-07-11,64,Moderate,PM2.5,,aqs
2024-07-12,61,Moderate,Ozone,,aqs
2024-07-13,77,Moderate,Ozone,,aqs
2024-07-14,84,Moderate,Ozone,,aqs
2024-07-15,44,Good,Ozone,,aqs
2024-07-16,48,Good,Ozone,,aqs
2024-07-17,55,Moderate,PM2.5,,aqs
2024-07-18,53,Moderate,PM2.5,,aqs
2024-07-19,71,Moderate,Ozone,,aqs
2024-07-20,74,Moderate,PM2.5,,aqs
2024-07-21,97,Moderate,PM2.5,,aqs
2024-07-22,134,Unhealthy for Sensitive Groups,PM2.5,,aqs
2024-07-23,116,Unhealthy for Sensitive Groups,PM2.5,,aqs
2024-07-24,102,Unhealthy for Sensitive Groups,PM2.5,,aqs
2024-07-25,80,Moderate,Ozone,,aqs
2024-07-26,74,Moderate,PM2.5,,aqs
2024-07-27,78,Moderate,PM2.5,,aqs
2024-07-28,71,Moderate,PM2.5,,aqs
2024-07-29,84,Moderate,Ozone,,aqs
2024-07-30,93,Moderate,Ozone,,aqs
2024-07-31,61,Moderate,PM2.5,,aqs
2024-08-01,45,Good,Ozone,,aqs
2024-08-02,48,Good,Ozone,,aqs
2024-08-03,49,Good,PM2.5,,aqs
2024-08-04,59,Moderate,PM2.5,,aqs
2024-08-05,51,Moderate,PM2.5,,aqs
2024-08-06,47,Good,PM2.5,,aqs
2024-08-07,65,Moderate,PM2.5,,aqs
2024-08-08,53,Moderate,PM2.5,,aqs
2024-08-09,40,Good,PM2.5,,aqs
2024-08-10,53,Moderate,PM2.5,,aqs
2024-08-11,51,Moderate,PM2.5,,aqs
2024-08-12,43,Good,Ozone,,aqs
2024-08-13,33,Good,PM2.5,,aqs
2024-08-14,49,Good,PM2.5,,aqs
2024-08-15,106,Unhealthy for Sensitive Groups,PM2.5,,aqs
2024-08-16,118,Unhealthy for Sensitive Groups,PM2.5,,aqs
2024-08-17,87,Moderate,PM2.5,,aqs
2024-08-18,67,Moderate,PM2.5,,aqs
2024-08-19,44,Good,Ozone,,aqs
2024-08-20,57,Moderate,PM2.5,,aqs
2024-08-21,59,Moderate,PM2.5,,aqs
2024-08-22,58,Moderate,Ozone,,aqs
2024-08-23,52,Moderate,PM2.5,,aqs
2024-08-24,61,Moderate,PM2.5,,aqs
2024-08-25,54,Moderate,Ozone,,aqs
2024-08-26,32,Good,Ozone,,aqs
2024-08-27,42,Good,Ozone,,aqs
2024-08-28,46,Good,Ozone,,aqs
2024-08-29,44,Good,Ozone,,aqs
2024-08-30,41,Good,Ozone,,aqs
2024-08-31,37,Good,Ozone,,aqs
2024-09-01,36,Good,Ozone,,aqs
2024-09-02,47,Good,Ozone,,aqs
2024-09-03,58,Moderate,PM2.5,,aqs
2024-09-04,149,Unhealthy for Sensitive Groups,PM2.5,,aqs
2024-09-05,38,Good,Ozone,,aqs
2024-09-06,48,Good,Ozone,,aqs
2024-09-07,44,Good,Ozone,,aqs
2024-09-08,41,Good,PM2.5,,aqs
2024-09-09,133,Unhealthy for Sensitive Groups,PM2.5,,aqs
2024-09-10,172,Unhealthy,PM2.5,,aqs
2024-09-11,139,Unhealthy for Sensitive Groups,PM2.5,,aqs
2024-09-12,57,Moderate,PM2.5,,aqs
2024-09-13,32,Good,Ozone,,aqs
2024-09-14,47,Good,Ozone,,aqs
2024-09-15,44,Good,Ozone,,aqs
2024-09-16,44,Good,Ozone,,aqs
2024-09-17,47,Good,PM2.5,,aqs
2024-09-18,37,Good,Ozone,,aqs
2024-09-19,36,Good,Ozone,,aqs
2024-09-20,35,Good,Ozone,,aqs
2024-09-21,32,Good,Ozone,,aqs
2024-09-22,40,Good,Ozone,,aqs
2024-09-23,30,Good,Ozone,,aqs
2024-09-24,32,Good,Ozone,,aqs
2024-09-25,31,Good,Ozone,,aqs
2024-09-26,41,Good,Ozone,,aqs
2024-09-27,47,Good,Ozone,,aqs
2024-09-28,44,Good,Ozone,,aqs
2024-09-29,47,Good,Ozone,,aqs
2024-09-30,37,Good,Ozone,,aqs
2024-10-01,48,Good,PM2.5,,aqs
2024-10-02,41,Good,Ozone,,aqs
2024-10-03,34,Good,Ozone,,aqs
2024-10-04,43,Good,Ozone,,aqs
2024-10-05,42,Good,Ozone,,aqs
2024-10-06,36,Good,Ozone,,aqs
2024-10-07,38,Good,Ozone,,aqs
2024-10-08,73,Moderate,PM2.5,,aqs
2024-10-09,77,Moderate,PM2.5,,aqs
2024-10-10,58,Moderate,PM2.5,,aqs
2024-10-11,38,Good,Ozone,,aqs
2024-10-12,40,Good,Ozone,,aqs
2024-10-13,35,Good,Ozone,,aqs
2024-10-14,35,Good,Ozone,,aqs
2024-10-15,32,Good,Ozone,,aqs
2024-10-16,53,Moderate,PM2.5,,aqs
2024-10-17,41,Good,Ozone,,aqs
2024-10-18,34,Good,Ozone,,aqs
2024-10-19,30,Good,Ozone,,aqs
2024-10-20,32,Good,Ozone,,aqs
2024-10-21,34,Good,Ozone,,aqs
2024-10-22,18,Good,Ozone,,aqs
2024-10-23,39,Good,Ozone,,aqs
2024-10-24,38,Good,Ozone,,aqs
2024-10-25,38,Good,Ozone,,aqs
2024-10-26,36,Good,Ozone,,aqs
2024-10-27,41,Good,Ozone,,aqs
2024-10-28,38,Good,Ozone,,aqs
2024-10-29,37,Good,Ozone,,aqs
2024-10-30,43,Good,PM2.5,,aqs
2024-10-31,52,Moderate,PM2.5,,aqs
2024-11-01,34,Good,PM2.5,,aqs
2024-11-02,32,Good,Ozone,,aqs
2024-11-03,29,Good,Ozone,,aqs
2024-11-04,30,Good,Ozone,,aqs
2024-11-05,25,Good,Ozone,,aqs
2024-11-06,27,Good,PM2.5,,aqs
2024-11-07,30,Good,Ozone,,aqs
2024-11-08,31,Good,Ozone,,aqs
2024-11-09,36,Good,Ozone,,aqs
2024-11-10,27,Good,Ozone,,aqs
2024-11-11,24,Good,Ozone,,aqs
2024-11-12,27,Good,Ozone,,aqs
2024-11-13,31,Good,Ozone,,aqs
2024-11-14,33,Good,Ozone,,aqs
2024-11-15,29,Good,Ozone,,aqs
2024-11-16,33,Good,PM2.5,,aqs
2024-11-17,31,Good,Ozone,,aqs
2024-11-18,26,Good,Ozone,,aqs
2024-11-19,28,Good,Ozone,,aqs
2024-11-20,27,Good,Ozone,,aqs
2024-11-21,19,Good,Ozone,,aqs
2024-11-22,31,Good,PM2.5,,aqs
2024-11-23,38,Good,PM2.5,,aqs
2024-11-24,29,Good,PM2.5,,aqs
2024-11-25,26,Good,Ozone,,aqs
2024-11-26,21,Good,Ozone,,aqs
2024-11-27,32,Good,PM2.5,,aqs
2024-11-28,34,Good,PM2.5,,aqs
2024-11-29,28,Good,Ozone,,aqs
2024-11-30,78,Moderate,PM2.5,,aqs
2024-12-01,48,Good,PM2.5,,aqs
2024-12-02,29,Good,Ozone,,aqs
2024-12-03,34,Good,Ozone,,aqs
2024-12-04,30,Good,Ozone,,aqs
2024-12-05,25,Good,Ozone,,aqs
2024-12-06,29,Good,Ozone,,aqs
2024-12-07,29,Good,Ozone,,aqs
2024-12-08,35,Good,Ozone,,aqs
2024-12-09,31,Good,Ozone,,aqs
2024-12-10,32,Good,Ozone,,aqs
2024-12-11,30,Good,Ozone,,aqs
2024-12-12,27,Good,PM2.5,,aqs
2024-12-13,30,Good,PM2.5,,aqs
2024-12-14,43,Good,PM2.5,,aqs
2024-12-15,36,Good,PM2.5,,aqs
2024-12-16,47,Good,PM2.5,,aqs
2024-12-17,44,Good,PM2.5,,aqs
2024-12-18,47,Good,PM2.5,,aqs
2024-12-19,30,Good,Ozone,,aqs
2024-12-20,27,Good,Ozone,,aqs
2024-12-21,26,Good,Ozone,,aqs
2024-12-22,32,Good,Ozone,,aqs
2024-12-23,29,Good,Ozone,,aqs
2024-12-24,29,Good,Ozone,,aqs
2024-12-25,28,Good,Ozone,,aqs
2024-12-26,26,Good,Ozone,,aqs
2024-12-27,30,Good,Ozone,,aqs
2024-12-28,25,Good,Ozone,,aqs
2024-12-29,27,Good,Ozone,,aqs
2024-12-30,35,Good,Ozone,,aqs
2024-12-31,33,Good,Ozone,,aqs
2025-01-01,31,Good,Ozone,,aqs
2025-01-02,25,Good,Ozone,,aqs
2025-01-03,27,Good,PM2.5,,aqs
2025-01-04,41,Good,PM2.5,,aqs
2025-01-05,31,Good,Ozone,,aqs
2025-01-06,29,Good,Ozone,,aqs
2025-01-07,33,Good,Ozone,,aqs
2025-01-08,38,Good,Ozone,,aqs
2025-01-09,34,Good,Ozone,,aqs
2025-01-10,35,Good,Ozone,,aqs
2025-01-11,31,Good,Ozone,,aqs
2025-01-12,33,Good,Ozone,,aqs
2025-01-13,36,Good,Ozone,,aqs
2025-01-14,35,Good,Ozone,,aqs
2025-01-15,36,Good,Ozone,,aqs
2025-01-16,36,Good,Ozone,,aqs
2025-01-17,36,Good,Ozone,,aqs
2025-01-18,34,Good,Ozone,,aqs
2025-01-19,35,Good,Ozone,,aqs
2025-01-20,35,Good,Ozone,,aqs
2025-01-21,39,Good,Ozone,,aqs
2025-01-22,35,Good,Ozone,,aqs
2025-01-23,38,Good,Ozone,,aqs
2025-01-24,38,Good,Ozone,,aqs
2025-01-25,39,Good,Ozone,,aqs
2025-01-26,37,Good,Ozone,,aqs
2025-01-27,38,Good,Ozone,,aqs
2025-01-28,39,Good,Ozone,,aqs
2025-01-29,37,Good,Ozone,,aqs
2025-01-30,35,Good,Ozone,,aqs
2025-01-31,51,Moderate,PM2.5,,aqs
2025-02-01,33,Good,Ozone,,aqs
2025-02-02,31,Good,Ozone,,aqs
2025-02-03,29,Good,Ozone,,aqs
2025-02-04,32,Good,Ozone,,aqs
2025-02-05,31,Good,Ozone,,aqs
2025-02-06,38,Good,Ozone,,aqs
2025-02-07,36,Good,Ozone,,aqs
2025-02-08,39,Good,Ozone,,aqs
2025-02-09,40,Good,Ozone,,aqs
2025-02-10,34,Good,Ozone,,aqs
2025-02-11,36,Good,Ozone,,aqs
2025-02-12,36,Good,Ozone,,aqs
2025-02-13,43,Good,Ozone,,aqs
2025-02-14,44,Good,PM2.5,,aqs
2025-02-15,34,Good,PM2.5,,aqs
2025-02-16,36,Good,Ozone,,aqs
2025-02-17,28,Good,PM2.5,,aqs
2025-02-18,27,Good,Ozone,,aqs
2025-02-19,28,Good,Ozone,,aqs
2025-02-20,36,Good,Ozone,,aqs
2025-02-21,42,Good,Ozone,,aqs
2025-02-22,43,Good,Ozone,,aqs
2025-02-23,41,Good,Ozone,,aqs
2025-02-24,38,Good,Ozone,,aqs
2025-02-25,35,Good,Ozone,,aqs
2025-02-26,34,Good,Ozone,,aqs
2025-02-27,40,Good,Ozone,,aqs
2025-02-28,39,Good,Ozone,,aqs
2025-03-01,32,Good,Ozone,,aqs
2025-03-02,43,Good,Ozone,,aqs
2025-03-03,36,Good,Ozone,,aqs
2025-03-04,37,Good,Ozone,,aqs
2025-03-05,34,Good,Ozone,,aqs
2025-03-06,42,Good,Ozone,,aqs
2025-03-07,40,Good,Ozone,,aqs
2025-03-08,37,Good,Ozone,,aqs
2025-03-09,41,Good,Ozone,,aqs
2025-03-10,42,Good,Ozone,,aqs
2025-03-11,32,Good,Ozone,,aqs
2025-03-12,44,Good,Ozone,,aqs
2025-03-13,37,Good,Ozone,,aqs
2025-03-14,31,Good,Ozone,,aqs
2025-03-15,37,Good,Ozone,,aqs
2025-03-16,43,Good,Ozone,,aqs
2025-03-17,38,Good,Ozone,,aqs
2025-03-18,44,Good,PM2.5,,aqs
2025-03-19,40,Good,Ozone,,aqs
2025-03-20,44,Good,Ozone,,aqs
2025-03-21,41,Good,Ozone,,aqs
2025-03-22,40,Good,Ozone,,aqs
2025-03-23,44,Good,Ozone,,aqs
2025-03-24,40,Good,Ozone,,aqs
2025-03-25,46,Good,Ozone,,aqs
2025-03-26,38,Good,Ozone,,aqs
2025-03-27,38,Good,Ozone,,aqs
2025-03-28,28,Good,Ozone,,aqs
2025-03-29,27,Good,Ozone,,aqs
2025-03-30,31,Good,Ozone,,aqs
2025-03-31,32,Good,Ozone,,aqs
2025-04-01,23,Good,Ozone,,aqs
2025-04-02,25,Good,Ozone,,aqs
2025-04-03,36,Good,Ozone,,aqs
2025-04-04,41,Good,Ozone,,aqs
2025-04-05,48,Good,Ozone,,aqs
2025-04-06,51,Moderate,Ozone,,aqs
2025-04-07,37,Good,Ozone,,aqs
2025-04-08,42,Good,Ozone,,aqs
2025-04-09,43,Good,Ozone,,aqs
2025-04-10,46,Good,Ozone,,aqs
2025-04-11,64,Moderate,Ozone,,aqs
2025-04-12,51,Moderate,Ozone,,aqs
2025-04-13,34,Good,Ozone,,aqs
2025-04-14,44,Good,Ozone,,aqs
2025-04-15,46,Good,Ozone,,aqs
2025-04-16,44,Good,Ozone,,aqs
2025-04-17,38,Good,Ozone,,aqs
2025-04-18,31,Good,Ozone,,aqs
2025-04-19,48,Good,Ozone,,aqs
2025-04-20,41,Good,Ozone,,aqs
2025-04-21,42,Good,Ozone,,aqs
2025-04-22,42,Good,Ozone,,aqs
2025-04-23,41,Good,Ozone,,aqs
2025-04-24,40,Good,Ozone,,aqs
2025-04-25,48,Good,Ozone,,aqs
2025-04-26,37,Good,PM2.5,,aqs
2025-04-27,32,Good,PM2.5,,aqs
2025-04-28,37,Good,PM2.5,,aqs
2025-04-29,40,Good,Ozone,,aqs
2025-04-30,45,Good,Ozone,,aqs
2025-05-01,38,Good,Ozone,,aqs
2025-05-02,44,Good,Ozone,,aqs
2025-05-03,67,Moderate,Ozone,,aqs
2025-05-04,71,Moderate,Ozone,,aqs
2025-05-05,55,Moderate,PM2.5,,aqs
2025-05-06,44,Good,Ozone,,aqs
2025-05-07,48,Good,Ozone,,aqs
2025-05-08,51,Moderate,Ozone,,aqs
2025-05-09,84,Moderate,Ozone,,aqs
2025-05-10,64,Moderate,Ozone,,aqs
2025-05-11,71,Moderate,Ozone,,aqs
2025-05-12,84,Moderate,Ozone,,aqs
2025-05-13,67,Moderate,Ozone,,aqs
2025-05-14,46,Good,PM2.5,,aqs
2025-05-15,33,Good,Ozone,,aqs
2025-05-16,40,Good,Ozone,,aqs
2025-05-17,43,Good,Ozone,,aqs
2025-05-18,27,Good,Ozone,,aqs
2025-05-19,21,Good,PM2.5,,aqs
2025-05-20,7,Good,PM2.5,,aqs
2025-05-21,13,Good,PM2.5,,aqs
2025-05-22,18,Good,PM2.5,,aqs
2025-05-23,11,Good,PM2.5,,aqs
2025-05-24,26,Good,PM2.5,,aqs
2025-05-25,24,Good,PM2.5,,aqs
2025-05-26,22,Good,PM2.5,,aqs
2025-05-27,18,Good,PM2.5,,aqs
2025-05-28,21,Good,PM2.5,,aqs
2025-05-29,49,Good,Ozone,,aqs
2025-05-30,55,Moderate,PM2.5,,aqs
2025-05-31,114,Unhealthy for Sensitive Groups,PM2.5,,aqs
2025-06-01,66,Moderate,PM2.5,,aqs
2025-06-02,55,Moderate,PM2.5,,aqs
2025-06-03,46,Good,PM2.5,,aqs
2025-06-04,41,Good,Ozone,,aqs
2025-06-05,51,Moderate,Ozone,,aqs
2025-06-06,54,Moderate,Ozone,,aqs
2025-06-07,96,Moderate,PM2.5,,aqs
2025-06-08,63,Moderate,PM2.5,,aqs
2025-06-09,71,Moderate,PM2.5,,aqs
2025-06-10,108,Unhealthy for Sensitive Groups,Ozone,,aqs
2025-06-11,195,Unhealthy,PM2.5,,aqs
2025-06-12,112,Unhealthy for Sensitive Groups,PM2.5,,aqs
2025-06-13,60,Moderate,PM2.5,,aqs
2025-06-14,41,Good,Ozone,,aqs
2025-06-15,45,Good,Ozone,,aqs
2025-06-16,58,Moderate,Ozone,,aqs
2025-06-17,67,Moderate,Ozone,,aqs
2025-06-18,61,Moderate,Ozone,,aqs
2025-06-19,61,Moderate,Ozone,,aqs
2025-06-20,58,Moderate,Ozone,,aqs
2025-06-21,42,Good,Ozone,,aqs
2025-06-22,32,Good,Ozone,,aqs
2025-06-23,42,Good,PM2.5,,aqs
2025-06-24,42,Good,Ozone,,aqs
2025-06-25,41,Good,Ozone,,aqs
2025-06-26,43,Good,Ozone,,aqs
2025-06-27,51,Moderate,Ozone,,aqs
2025-06-28,36,Good,Ozone,,aqs
2025-06-29,38,Good,Ozone,,aqs
2025-06-30,44,Good,Ozone,,aqs
2025-07-01,48,Good,Ozone,,aqs
2025-07-02,48,Good,Ozone,,aqs
2025-07-03,50,Good,Ozone,,aqs
2025-07-04,37,Good,Ozone,,aqs
2025-07-05,40,Good,Ozone,,aqs
2025-07-06,44,Good,Ozone,,aqs
2025-07-07,39,Good,Ozone,,aqs
2025-07-08,43,Good,Ozone,,aqs
2025-07-09,51,Moderate,Ozone,,aqs
2025-07-10,60,Moderate,PM2.5,,aqs
2025-07-11,164,Unhealthy,PM2.5,,aqs
2025-07-12,195,Unhealthy,PM2.5,,aqs
2025-07-13,40,Good,Ozone,,aqs
2025-07-14,44,Good,Ozone,,aqs
2025-07-15,33,Good,PM2.5,,aqs
2025-07-16,51,Moderate,PM2.5,,aqs
2025-07-17,55,Moderate,PM2.5,,aqs
2025-07-18,42,Good,Ozone,,aqs
2025-07-19,35,Good,Ozone,,aqs
2025-07-20,41,Good,Ozone,,aqs
2025-07-21,42,Good,Ozone,,aqs
2025-07-22,51,Moderate,PM2.5,,aqs
2025-07-23,39,Good,Ozone,,aqs
2025-07-24,41,Good,Ozone,,aqs
2025-07-25,48,Good,Ozone,,aqs
2025-07-26,47,Good,Ozone,,aqs
2025-07-27,45,Good,Ozone,,aqs
2025-07-28,42,Good,Ozone,,aqs
2025-07-29,40,Good,Ozone,,aqs
2025-07-30,78,Moderate,PM2.5,,aqs
2025-07-31,90,Moderate,PM2.5,,aqs
2025-08-01,83,Moderate,PM2.5,,aqs
2025-08-02,68,Moderate,PM2.5,,aqs
2025-08-03,51,Moderate,PM2.5,,aqs
2025-08-04,57,Moderate,PM2.5,,aqs
2025-08-05,46,Good,Ozone,,aqs
2025-08-06,40,Good,Ozone,,aqs
2025-08-07,43,Good,Ozone,,aqs
2025-08-08,31,Good,Ozone,,aqs
2025-08-09,67,Moderate,PM2.5,,aqs
2025-08-10,190,Unhealthy,PM2.5,,aqs
2025-08-11,80,Moderate,PM2.5,,aqs
2025-08-12,47,Good,PM2.5,,aqs
2025-08-13,42,Good,PM2.5,,aqs
2025-08-14,30,Good,Ozone,,aqs
2025-08-15,31,Good,Ozone,,aqs
2025-08-16,34,Good,Ozone,,aqs
2025-08-17,44,Good,Ozone,,aqs
2025-08-18,44,Good,Ozone,,aqs
2025-08-19,46,Good,Ozone,,aqs
2025-08-20,49,Good,Ozone,,aqs
2025-08-21,39,Good,Ozone,,aqs
2025-08-22,30,Good,Ozone,,aqs
2025-08-23,32,Good,PM2.5,,aqs
2025-08-24,30,Good,Ozone,,aqs
2025-08-25,31,Good,Ozone,,aqs
2025-08-26,33,Good,Ozone,,aqs
2025-08-27,40,Good,Ozone,,aqs
2025-08-28,40,Good,Ozone,,aqs
2025-08-29,39,Good,Ozone,,aqs
2025-08-30,37,Good,Ozone,,aqs
2025-08-31,35,Good,Ozone,,aqs
2025-09-01,43,Good,Ozone,,aqs
2025-09-02,102,Unhealthy for Sensitive Groups,PM2.5,,aqs
2025-09-03,91,Moderate,PM2.5,,aqs
2025-09-04,71,Moderate,PM2.5,,aqs
2025-09-05,28,Good,Ozone,,aqs
2025-09-06,34,Good,Ozone,,aqs
2025-09-07,36,Good,PM2.5,,aqs
2025-09-08,76,Moderate,PM2.5,,aqs
2025-09-09,64,Moderate,PM2.5,,aqs
2025-09-10,59,Moderate,PM2.5,,aqs
2025-09-11,46,Good,PM2.5,,aqs
2025-09-12,49,Good,PM2.5,,aqs
2025-09-13,40,Good,Ozone,,aqs
2025-09-14,35,Good,Ozone,,aqs
2025-09-15,43,Good,Ozone,,aqs
2025-09-16,41,Good,Ozone,,aqs
2025-09-17,55,Moderate,PM2.5,,aqs
2025-09-18,49,Good,PM2.5,,aqs
2025-09-19,27,Good,Ozone,,aqs
2025-09-20,42,Good,Ozone,,aqs
2025-09-21,42,Good,Ozone,,aqs
2025-09-22,52,Moderate,PM2.5,,aqs
2025-09-23,44,Good,PM2.5,,aqs
2025-09-24,53,Moderate,PM2.5,,aqs
2025-09-25,54,Moderate,PM2.5,,aqs
2025-09-26,52,Moderate,PM2.5,,aqs
2025-09-27,68,Moderate,PM2.5,,aqs
2025-09-28,60,Moderate,PM2.5,,aqs
2025-09-29,51,Moderate,PM2.5,,aqs
2025-09-30,43,Good,Ozone,,aqs
2025-10-01,36,Good,Ozone,,aqs
2025-10-02,42,Good,Ozone,,aqs
2025-10-03,41,Good,Ozone,,aqs
2025-10-04,31,Good,Ozone,,aqs
2025-10-05,27,Good,Ozone,,aqs
2025-10-06,25,Good,Ozone,,aqs
2025-10-07,31,Good,Ozone,,aqs
2025-10-08,29,Good,Ozone,,aqs
2025-10-09,35,Good,Ozone,,aqs
2025-10-10,33,Good,Ozone,,aqs
2025-10-11,32,Good,PM2.5,,aqs
2025-10-12,28,Good,Ozone,,aqs
2025-10-13,21,Good,Ozone,,aqs
2025-10-14,18,Good,PM2.5,,aqs
2025-10-15,14,Good,Ozone,,aqs
2025-10-16,10,Good,Ozone,,aqs
2025-10-17,31,Good,Ozone,,aqs
2025-10-18,30,Good,Ozone,,aqs
2025-10-19,33,Good,Ozone,,aqs
2025-10-20,28,Good,Ozone,,aqs
2025-10-21,31,Good,Ozone,,aqs
2025-10-22,32,Good,Ozone,,aqs
2025-10-23,30,Good,Ozone,,aqs
2025-10-24,35,Good,Ozone,,aqs
2025-10-25,34,Good,Ozone,,aqs
2025-10-26,35,Good,Ozone,,aqs
2025-10-27,32,Good,Ozone,,aqs
2025-10-28,30,Good,Ozone,,aqs
2025-10-29,31,Good,Ozone,,aqs
2025-10-30,29,Good,Ozone,,aqs
2025-10-31,18,Good,PM2.5,,aqs
2025-11-01,17,Good,PM2.5,,aqs
2025-11-02,8,Good,PM2.5,,aqs
2025-11-03,33,Good,Ozone,,aqs
2025-11-04,23,Good,Ozone,,aqs
2025-11-05,31,Good,Ozone,,aqs
2025-11-07,24,Good,PM2.5,,aqs
2025-11-08,26,Good,Ozone,,aqs
2025-11-09,30,Good,Ozone,,aqs
2025-11-10,26,Good,Ozone,,aqs
2025-11-11,33,Good,Ozone,,aqs
2025-11-12,28,Good,Ozone,,aqs
2025-11-13,27,Good,Ozone,,aqs
2025-11-14,30,Good,Ozone,,aqs
2025-11-15,22,Good,Ozone,,aqs
2025-11-16,19,Good,PM2.5,,aqs
2025-11-17,24,Good,PM2.5,,aqs
2025-11-18,27,Good,PM2.5,,aqs
2025-11-19,22,Good,Ozone,,aqs
2025-11-20,25,Good,Ozone,,aqs
2025-11-21,23,Good,Ozone,,aqs
2025-11-22,26,Good,Ozone,,aqs
2025-11-23,30,Good,Ozone,,aqs
2025-11-24,24,Good,PM2.5,,aqs
2025-11-25,30,Good,Ozone,,aqs
2025-11-26,29,Good,Ozone,,aqs
2025-11-27,30,Good,Ozone,,aqs
2025-11-28,37,Good,PM2.5,,aqs
2025-11-29,31,Good,Ozone,,aqs
2025-11-30,31,Good,Ozone,,aqs
2025-12-01,31,Good,Ozone,,aqs
2025-12-02,31,Good,Ozone,,aqs
2025-12-03,37,Good,PM2.5,,aqs
2025-12-04,30,Good,Ozone,,aqs
2025-12-05,28,Good,Ozone,,aqs
2025-12-06,36,Good,PM2.5,,aqs
2025-12-07,29,Good,Ozone,,aqs
2025-12-08,32,Good,Ozone,,aqs
2025-12-09,31,Good,Ozone,,aqs
2025-12-10,38,Good,PM2.5,,aqs
2025-12-11,30,Good,Ozone,,aqs
2025-12-12,31,Good,Ozone,,aqs
2025-12-13,31,Good,Ozone,,aqs
2025-12-14,30,Good,Ozone,,aqs
2025-12-15,31,Good,Ozone,,aqs
2025-12-16,33,Good,Ozone,,aqs
2025-12-17,35,Good,Ozone,,aqs
2025-12-18,31,Good,Ozone,,aqs
2025-12-19,31,Good,Ozone,,aqs
2025-12-20,29,Good,Ozone,,aqs
2025-12-21,29,Good,Ozone,,aqs
2025-12-22,25,Good,Ozone,,aqs
2025-12-23,28,Good,PM2.5,,aqs
2025-12-24,55,Moderate,PM2.5,,aqs
2025-12-25,39,Good,PM2.5,,aqs
2025-12-26,25,Good,Ozone,,aqs
2025-12-27,28,Good,Ozone,,aqs
2025-12-28,28,Good,Ozone,,aqs
2025-12-29,31,Good,Ozone,,aqs
2025-12-30,32,Good,Ozone,,aqs
2025-12-31,28,Good,Ozone,,aqs
2026-01-01,29,Good,PM2.5,,aqs
2026-01-02,37,Good,PM2.5,,aqs
2026-01-04,23,Good,Ozone,,aqs
2026-01-05,27,Good,Ozone,,aqs
2026-01-06,31,Good,Ozone,,aqs
2026-01-07,31,Good,Ozone,,aqs
2026-01-08,30,Good,Ozone,,aqs
2026-01-09,33,Good,Ozone,,aqs
2026-01-10,29,Good,Ozone,,aqs
2026-01-11,35,Good,Ozone,,aqs
2026-01-12,33,Good,Ozone,,aqs
2026-01-13,33,Good,Ozone,,aqs
2026-01-14,31,Good,Ozone,,aqs
2026-01-15,36,Good,Ozone,,aqs
2026-01-16,36,Good,Ozone,,aqs
2026-01-17,34,Good,Ozone,,aqs
2026-01-18,34,Good,Ozone,,aqs
2026-01-19,33,Good,Ozone,,aqs
2026-01-20,36,Good,Ozone,,aqs
2026-01-21,37,Good,Ozone,,aqs
2026-01-22,34,Good,Ozone,,aqs
2026-01-23,29,Good,Ozone,,aqs
2026-01-24,30,Good,Ozone,,aqs
2026-01-25,35,Good,Ozone,,aqs
2026-01-26,37,Good,Ozone,,aqs
2026-01-27,34,Good,Ozone,,aqs
2026-01-28,34,Good,Ozone,,aqs
2026-01-29,30,Good,Ozone,,aqs
2026-01-30,32,Good,Ozone,,aqs
2026-01-31,32,Good,Ozone,,aqs
2026-02-01,30,Good,Ozone,,aqs
2026-02-02,27,Good,Ozone,,aqs
2026-02-03,27,Good,Ozone,,aqs
2026-02-04,31,Good,Ozone,,aqs
2026-02-05,34,Good,Ozone,,aqs
2026-02-06,26,Good,Ozone,,aqs
2026-02-07,32,Good,Ozone,,aqs
2026-02-08,33,Good,Ozone,,aqs
2026-02-09,31,Good,Ozone,,aqs
2026-02-10,31,Good,Ozone,,aqs
2026-02-11,7,Good,NO2,,aqs
2026-02-12,9,Good,NO2,,aqs
2026-02-13,6,Good,NO2,,aqs
2026-02-14,6,Good,PM2.5,,aqs
2026-02-15,7,Good,PM2.5,,aqs
2026-02-16,8,Good,PM2.5,,aqs
2026-02-17,28,Good,PM2.5,,aqs
2026-02-18,14,Good,PM2.5,,aqs
2026-02-19,29,Good,Ozone,,aqs
2026-02-20,28,Good,Ozone,,aqs
2026-02-21,31,Good,Ozone,,aqs
2026-02-22,31,Good,Ozone,,aqs
2026-02-23,11,Good,PM2.5,,aqs
2026-02-24,34,Good,Ozone,,aqs
2026-02-25,37,Good,Ozone,,aqs
2026-02-26,39,Good,Ozone,,aqs
2026-02-27,41,Good,Ozone,,aqs
2026-02-28,30,Good,Ozone,,aqs
2026-03-01,28,Good,Ozone,,aqs
2026-03-02,29,Good,Ozone,,aqs
2026-03-03,36,Good,Ozone,,aqs
2026-03-04,32,Good,Ozone,,aqs
2026-03-05,36,Good,PM2.5,,aqs
2026-03-06,31,Good,Ozone,,aqs
2026-03-07,34,Good,Ozone,,aqs
2026-03-08,37,Good,Ozone,,aqs
2026-03-09,36,Good,Ozone,,aqs
2026-03-10,34,Good,Ozone,,aqs
2026-03-11,40,Good,Ozone,,aqs
2026-03-12,39,Good,Ozone,,aqs
2026-03-13,35,Good,Ozone,,aqs
2026-03-14,43,Good,PM2.5,,aqs
2026-03-15,35,Good,Ozone,,aqs
2026-03-16,39,Good,Ozone,,aqs
2026-03-17,33,Good,Ozone,,aqs
2026-03-18,40,Good,Ozone,,aqs
2026-03-19,38,Good,Ozone,,aqs
2026-03-20,33,Good,Ozone,,aqs
2026-03-21,32,Good,Ozone,,aqs
2026-03-22,31,Good,Ozone,,aqs
2026-03-23,35,Good,Ozone,,aqs
2026-03-24,34,Good,Ozone,,aqs
2026-03-25,35,Good,Ozone,,aqs
2026-03-26,31,Good,PM2.5,,aqs
2026-03-27,38,Good,Ozone,,aqs
2026-03-28,40,Good,Ozone,,aqs
2026-03-29,44,Good,Ozone,,aqs
2026-03-30,38,Good,Ozone,,aqs
2026-03-31,39,Good,Ozone,,aqs
2026-04-01,32.0,Good,OZONE-8HR,2.9,airnow
2026-04-02,31.0,Good,OZONE-8HR,3.3,airnow
2026-04-03,33.0,Good,OZONE-8HR,4.0,airnow
2026-04-04,32.0,Good,OZONE-8HR,2.7,airnow
2026-04-05,38.0,Good,OZONE-8HR,2.2,airnow
2026-04-06,34.0,Good,OZONE-8HR,4.4,airnow
2026-04-07,39.0,Good,OZONE-8HR,3.5,airnow
2026-04-08,12.0,Good,PM2.5-24hr,2.2,airnow
2026-04-09,15.0,Good,PM2.5-24hr,2.7,airnow
2026-04-10,40.0,Good,OZONE-8HR,2.4,airnow
2026-04-11,44.0,Good,OZONE-8HR,4.5,airnow
2026-04-12,40.0,Good,OZONE-8HR,4.3,airnow
2026-04-13,32.0,Good,OZONE-8HR,5.0,airnow
2026-04-14,36.0,Good,OZONE-8HR,1.0,airnow
2026-04-15,43.0,Good,OZONE-8HR,0.7,airnow
2026-04-16,26.0,Good,OZONE-8HR,2.2,airnow
2026-04-17,40.0,Good,OZONE-8HR,2.2,airnow
2026-04-18,44.0,Good,OZONE-8HR,2.5,airnow
2026-04-19,43.0,Good,OZONE-8HR,3.0,airnow
2026-04-20,43.0,Good,OZONE-8HR,2.3,airnow
2026-04-21,17.0,Good,PM2.5-24hr,3.1,airnow
2026-04-22,58.0,Moderate,OZONE-8HR,4.2,airnow
2026-04-23,36.0,Good,OZONE-8HR,1.0,airnow
2026-04-24,38.0,Good,OZONE-8HR,1.1,airnow
2026-04-25,40.0,Good,OZONE-8HR,1.1,airnow
2026-04-26,42.0,Good,OZONE-8HR,1.8,airnow
2026-04-27,32.0,Good,OZONE-8HR,4.5,airnow
2026-04-28,39.0,Good,OZONE-8HR,2.6,airnow
2026-04-29,43.0,Good,OZONE-8HR,3.4,airnow
2026-04-30,48.0,Good,OZONE-8HR,3.0,airnow
2026-05-01,51.0,Moderate,OZONE-8HR,3.4,airnow
2026-05-02,47.0,Good,OZONE-8HR,2.7,airnow
2026-05-03,50.0,Good,OZONE-8HR,2.7,airnow
2026-05-04,40.0,Good,OZONE-8HR,1.9,airnow
2026-05-05,44.0,Good,OZONE-8HR,1.6,airnow
2026-05-06,14.0,Good,PM2.5-24hr,2.6,airnow
2026-05-07,48.0,Good,OZONE-8HR,2.6,airnow
2026-05-08,48.0,Good,OZONE-8HR,3.6,airnow
2026-05-09,44.0,Good,OZONE-8HR,4.0,airnow
2026-05-10,46.0,Good,OZONE-8HR,2.6,airnow
2026-05-11,61.0,Moderate,OZONE-8HR,6.2,airnow
2026-05-12,47.0,Good,OZONE-8HR,2.5,airnow
2026-05-13,50.0,Good,OZONE-8HR,3.5,airnow
2026-05-14,66.0,Moderate,PM2.5-24hr,17.4,airnow
2026-05-15,54.0,Moderate,OZONE-8HR,2.9,airnow
2026-05-16,44.0,Good,OZONE-8HR,2.9,airnow
2026-05-17,19.0,Good,PM2.5-24hr,3.5,airnow
2026-05-18,21.0,Good,OZONE-8HR,2.7,airnow
2026-05-19,41.0,Good,OZONE-8HR,2.0,airnow
2026-05-20,39.0,Good,OZONE-8HR,1.8,airnow
2026-05-21,42.0,Good,OZONE-8HR,2.0,airnow
2026-05-22,42.0,Good,OZONE-8HR,2.4,airnow
2026-05-23,49.0,Good,OZONE-8HR,2.4,airnow
2026-05-24,50.0,Good,OZONE-8HR,3.1,airnow
2026-05-25,58.0,Moderate,OZONE-8HR,3.9,airnow
2026-05-26,87.0,Moderate,OZONE-8HR,3.7,airnow
2026-05-27,87.0,Moderate,OZONE-8HR,4.4,airnow
2026-05-28,74.0,Moderate,OZONE-8HR,4.4,airnow
2026-05-29,48.0,Good,OZONE-8HR,3.5,airnow
2026-05-30,36.0,Good,OZONE-8HR,4.7,airnow
2026-05-31,45.0,Good,OZONE-8HR,1.5,airnow
2026-06-01,40.0,Good,OZONE-8HR,,airnow
2026-06-02,45.0,Good,OZONE-8HR,1.8,airnow
2026-06-03,6.0,Good,PM2.5-24hr,1.1,airnow
2026-06-04,43.0,Good,OZONE-8HR,1.8,airnow
2026-06-05,54.0,Moderate,OZONE-8HR,2.8,airnow
2026-06-06,71.0,Moderate,OZONE-8HR,4.3,airnow
2026-06-07,67.0,Moderate,OZONE-8HR,4.2,airnow
2026-06-08,38.0,Good,OZONE-8HR,0.6,airnow
2026-06-09,47.0,Good,OZONE-8HR,3.5,airnow
2026-06-10,40.0,Good,OZONE-8HR,1.0,airnow
2026-06-11,38.0,Good,OZONE-8HR,1.7,airnow
2026-06-12,36.0,Good,OZONE-8HR,1.7,airnow
2026-06-13,38.0,Good,OZONE-8HR,1.9,airnow
2026-06-14,44.0,Good,OZONE-8HR,,airnow
2026-06-15,45.0,Good,OZONE-8HR,2.5,airnow
2026-06-16,38.0,Good,OZONE-8HR,3.1,airnow
2026-06-17,39.0,Good,OZONE-8HR,2.2,airnow
2026-06-18,40.0,Good,OZONE-8HR,2.8,airnow
2026-06-19,36.0,Good,OZONE-8HR,2.4,airnow
2026-06-20,42.0,Good,OZONE-8HR,2.2,airnow
2026-06-21,31.0,Good,OZONE-8HR,2.7,airnow
2026-06-22,37.0,Good,OZONE-8HR,1.9,airnow
2026-06-23,33.0,Good,OZONE-8HR,1.5,airnow
2026-06-24,33.0,Good,OZONE-8HR,,airnow
2026-06-25,40.0,Good,OZONE-8HR,3.1,airnow
2026-06-26,33.0,Good,OZONE-8HR,2.7,airnow
2026-06-27,44.0,Good,OZONE-8HR,5.9,airnow
2026-06-28,58.0,Moderate,OZONE-8HR,3.2,airnow
2026-06-29,44.0,Good,OZONE-8HR,0.7,airnow
2026-06-30,49.0,Good,PM2.5-24hr,8.9,airnow
2026-07-01,83.0,Moderate,PM2.5-24hr,26.3,airnow
2026-07-02,52.0,Moderate,PM2.5-24hr,9.8,airnow
2026-07-03,24.0,Good,PM2.5-24hr,4.3,airnow
2026-07-04,11.0,Good,PM2.5-24hr,2.0,airnow
2026-07-05,28.0,Good,PM2.5-24hr,5.0,airnow
2026-07-06,17.0,Good,PM2.5-24hr,3.0,airnow
2026-07-07,32.0,Good,OZONE-8HR,4.0,airnow
2026-07-08,21.0,Good,PM2.5-24hr,3.8,airnow
2026-07-09,22.0,Good,PM2.5-24hr,4.0,airnow
2026-07-10,31.0,Good,PM2.5-24hr,5.5,airnow
2026-07-12,17.0,Good,PM2.5-24hr,3.0,airnow
2026-07-13,28.0,Good,PM2.5-24hr,5.1,airnow
2026-07-14,33.0,Good,PM2.5-24hr,6.0,airnow
2026-07-15,64.0,Moderate,OZONE-8HR,6.5,airnow
2026-07-16,47.0,Good,PM2.5-24hr,8.5,airnow
2026-07-17,59.0,Moderate,PM2.5-24hr,13.2,airnow
2026-07-18,51.0,Moderate,PM2.5-24hr,9.3,airnow
2026-07-19,61.0,Moderate,PM2.5-24hr,14.2,airnow
2026-07-20,70.0,Moderate,PM2.5-24hr,19.3,airnow
2026-07-21,74.0,Moderate,PM2.5-24hr,21.5,airnow
2026-07-22,75.0,Moderate,PM2.5-24hr,21.9,airnow
2026-07-23,67.0,Moderate,PM2.5-24hr,17.7,airnow
2026-07-24,80.0,Moderate,PM2.5-24hr,24.5,airnow
2026-07-25,90.0,Moderate,PM2.5-24hr,30.2,airnow
2026-07-26,136.0,Unhealthy for Sensitive Groups,PM2.5-24hr,49.8,airnow
2026-07-27,98.0,Moderate,PM2.5-24hr,34.5,airnow
2026-07-28,92.0,Moderate,PM2.5-24hr,31.1,airnow
2026-07-29,57.0,Moderate,PM2.5-24hr,12.3,airnow
2026-08-02,144.0,Unhealthy for Sensitive Groups,PM2.5-24hr,52.9,airnow
2026-08-03,91.0,Moderate,PM2.5-24hr,30.4,airnow
2026-08-04,40.0,Good,OZONE-8HR,2.7,airnow
2026-08-05,42.0,Good,OZONE-8HR,6.0,airnow
2026-08-06,57.0,Moderate,PM2.5-24hr,12.1,airnow
2026-08-07,35.0,Good,OZONE-8HR,6.1,airnow
2026-08-08,69.0,Moderate,PM2.5-24hr,18.7,airnow
2026-08-09,46.0,Good,PM2.5-24hr,8.3,airnow
2026-08-10,41.0,Good,PM2.5-24hr,7.4,airnow
2026-08-11,57.0,Moderate,PM2.5-24hr,12.1,airnow
2026-08-12,62.0,Moderate,PM2.5-24hr,14.8,airnow
2026-08-13,63.0,Moderate,PM2.5-24hr,15.4,airnow
2026-08-14,38.0,Good,PM2.5-24hr,6.9,airnow
2026-08-15,36.0,Good,OZONE-8HR,5.8,airnow
2026-08-16,41.0,Good,OZONE-8HR,7.0,airnow
2026-08-17,50.0,Good,PM2.5-24hr,9.0,airnow
2026-08-18,52.0,Moderate,PM2.5-24hr,9.5,airnow
2026-08-19,67.0,Moderate,PM2.5-24hr,17.8,airnow
2026-08-20,62.0,Moderate,PM2.5-24hr,15.2,airnow
2026-08-21,52.0,Moderate,PM2.5-24hr,9.4,airnow
2026-08-22,59.0,Moderate,PM2.5-24hr,13.2,airnow
2026-08-23,38.0,Good,PM2.5-24hr,6.9,airnow
2026-08-24,42.0,Good,PM2.5-24hr,7.5,airnow
2026-08-25,33.0,Good,PM2.5-24hr,6.0,airnow
2026-08-26,56.0,Moderate,PM2.5-24hr,11.8,airnow
2026-08-27,66.0,Moderate,PM2.5-24hr,17.4,airnow
2026-08-28,52.0,Moderate,PM2.5-24hr,9.7,airnow
2026-08-29,41.0,Good,OZONE-8HR,7.3,airnow
2026-08-30,35.0,Good,OZONE-8HR,4.6,airnow
2026-08-31,33.0,Good,OZONE-8HR,4.1,airnow
2026-09-01,31.0,Good,OZONE-8HR,3.7,airnow
2026-09-02,40.0,Good,OZONE-8HR,4.5,airnow
2026-09-03,46.0,Good,PM2.5-24hr,8.2,airnow
2026-09-04,36.0,Good,OZONE-8HR,5.1,airnow
2026-09-05,39.0,Good,PM2.5-24hr,7.1,airnow
2026-09-06,38.0,Good,OZONE-8HR,3.7,airnow
2026-09-07,38.0,Good,OZONE-8HR,2.3,airnow
2026-09-08,31.0,Good,OZONE-8HR,1.0,airnow
2026-09-09,14.0,Good,PM2.5-24hr,2.6,airnow
2026-09-10,38.0,Good,OZONE-8HR,3.3,airnow
2026-09-11,37.0,Good,OZONE-8HR,2.6,airnow
2026-09-12,22.0,Good,OZONE-8HR,2.0,airnow
2026-09-13,28.0,Good,OZONE-8HR,2.5,airnow
2026-09-14,36.0,Good,OZONE-8HR,1.3,airnow
2026-09-15,26.0,Good,OZONE-8HR,2.0,airnow
2026-09-16,32.0,Good,OZONE-8HR,3.6,airnow
