year,quarter,dest,origin,origin_state,origin_city_market_id,passengers_sampled,passengers_est,round_trip_share
2023,1,BIS,AZA,AZ,30466,274.0,2740,0.507
2023,1,BIS,MSP,MN,31650,190.0,1900,0.842
2023,1,BIS,DEN,CO,30325,147.0,1470,0.789
2023,1,BIS,LAS,NV,32211,126.0,1260,0.262
2023,1,BIS,DFW,TX,30194,71.0,710,0.465
2023,1,BIS,ORD,IL,30977,49.0,490,0.776
2023,1,BIS,IAH,TX,31453,46.0,460,0.717
2023,1,BIS,SLC,UT,34614,45.0,450,0.444
2023,1,BIS,SFB,FL,34761,41.0,410,0.293
2023,1,BIS,MCI,MO,33198,37.0,370,0.622
2023,1,BIS,MCO,FL,31454,37.0,370,0.216
2023,1,BIS,PHX,AZ,30466,31.0,310,0.129
2023,1,BIS,ATL,GA,30397,29.0,290,0.621
2023,1,BIS,DTW,MI,31295,28.0,280,0.75
2023,1,BIS,SEA,WA,30559,26.0,260,0.808
2023,1,BIS,STL,MO,31123,25.0,250,0.68
2023,1,BIS,LAX,CA,32575,23.0,230,0.522
2023,1,BIS,RSW,FL,31714,23.0,230,0.348
2023,1,BIS,SAT,TX,33214,22.0,220,0.5
2023,1,BIS,CLT,NC,31057,20.0,200,0.4
2023,1,BIS,MSY,LA,33495,19.0,190,0.105
2023,1,BIS,OMA,NE,33316,19.0,190,0.895
2023,1,BIS,TPA,FL,33195,19.0,190,0.421
2023,1,BIS,PDX,OR,34057,17.0,170,0.588
2023,1,BIS,SMF,CA,33192,17.0,170,0.647
2023,1,BIS,AUS,TX,30423,16.0,160,0.438
2023,1,BIS,BOS,MA,30721,16.0,160,0.688
2023,1,BIS,DCA,VA,30852,16.0,160,0.562
2023,1,BIS,IAD,VA,30852,16.0,160,0.562
2023,1,BIS,LGA,NY,31703,16.0,160,0.438
2023,1,BIS,SAN,CA,33570,16.0,160,0.688
2023,1,BIS,BNA,TN,30693,15.0,150,0.4
2023,1,BIS,GEG,WA,31884,15.0,150,0.867
2023,1,BIS,CMH,OH,31066,14.0,140,0.571
2023,1,BIS,MKE,WI,33342,14.0,140,0.571
2023,1,BIS,SFO,CA,32457,13.0,130,0.846
2023,1,BIS,FLL,FL,32467,12.0,120,0.333
2023,1,BIS,IND,IN,32337,12.0,120,0.583
2023,1,BIS,RDU,NC,34492,12.0,120,0.667
2023,1,BIS,GRR,MI,31986,11.0,110,0.455
2023,1,BIS,PIT,PA,30198,11.0,110,0.636
2023,1,BIS,SJU,PR,34819,11.0,110,0.0
2023,1,BIS,ANC,AK,30299,10.0,100,0.7
2023,1,BIS,BWI,MD,30852,10.0,100,0.4
2023,1,BIS,CID,IA,31003,10.0,100,0.7
2023,1,BIS,EWR,NJ,31703,10.0,100,0.5
2023,1,BIS,LFT,LA,32951,10.0,100,0.2
2023,1,BIS,MSN,WI,33485,10.0,100,0.7
2023,1,BIS,MEM,TN,33244,9.0,90,0.556
2023,1,BIS,PHL,PA,34100,9.0,90,0.778
2023,1,BIS,SNA,CA,32575,9.0,90,0.444
2023,1,BIS,TUL,OK,34653,9.0,90,0.444
2023,1,BIS,TUS,AZ,30436,9.0,90,0.667
2023,1,BIS,BOI,ID,30713,8.0,80,0.75
2023,1,BIS,CVG,KY,33105,8.0,80,0.625
2023,1,BIS,HNL,HI,32134,8.0,80,0.125
2023,1,BIS,MIA,FL,32467,8.0,80,0.0
2023,1,BIS,PSP,CA,34262,8.0,80,0.5
2023,1,BIS,XNA,AR,31834,8.0,80,0.5
2023,1,BIS,ABQ,NM,30140,7.0,70,0.571
2023,1,BIS,ELP,TX,30615,7.0,70,0.571
2023,1,BIS,FSD,SD,31775,7.0,70,0.571
2023,1,BIS,ONT,CA,32575,7.0,70,0.714
2023,1,BIS,SGF,MO,34783,7.0,70,0.857
2023,1,BIS,BZN,MT,30849,6.0,60,0.167
2023,1,BIS,CLE,OH,30647,6.0,60,0.833
2023,1,BIS,DLH,MN,31337,6.0,60,0.333
2023,1,BIS,MAF,TX,33158,6.0,60,0.5
2023,1,BIS,OKC,OK,33851,6.0,60,0.667
2023,1,BIS,PNS,FL,33728,6.0,60,0.833
2023,1,BIS,PSC,WA,34252,6.0,60,0.5
2023,1,BIS,RNO,NV,34570,6.0,60,0.5
2023,1,BIS,BDL,CT,30529,5.0,50,0.6
2023,1,BIS,BFL,CA,30561,5.0,50,0.4
2023,1,BIS,BUF,NY,30792,5.0,50,0.4
2023,1,BIS,DSM,IA,31423,5.0,50,0.8
2023,1,BIS,ECP,FL,31481,5.0,50,0.4
2023,1,BIS,EUG,OR,31603,5.0,50,0.4
2023,1,BIS,FAT,CA,31638,5.0,50,0.2
2023,1,BIS,JAN,MS,32448,5.0,50,0.2
2023,1,BIS,MFE,TX,33256,5.0,50,0.2
2023,1,BIS,OGG,HI,33830,5.0,50,0.0
2023,1,BIS,RST,MN,32547,5.0,50,0.2
2023,1,BIS,SAV,GA,34685,5.0,50,0.2
2023,1,BIS,SDF,KY,33044,5.0,50,0.6
2023,1,BIS,ABI,TX,30136,4.0,40,0.75
2023,1,BIS,ATW,WI,30408,4.0,40,1.0
2023,1,BIS,BIL,MT,30620,4.0,40,0.5
2023,1,BIS,BRO,TX,30747,4.0,40,0.0
2023,1,BIS,GJT,CO,31921,4.0,40,1.0
2023,1,BIS,GSP,SC,31871,4.0,40,0.75
2023,1,BIS,JAX,FL,31136,4.0,40,0.5
2023,1,BIS,LIT,AR,32600,4.0,40,0.75
2023,1,BIS,MFR,OR,33264,4.0,40,1.0
2023,1,BIS,RIC,VA,34524,4.0,40,1.0
2023,1,BIS,SBN,IN,34696,4.0,40,0.25
2023,1,BIS,BHM,AL,30599,3.0,30,0.667
2023,1,BIS,CHS,SC,30994,3.0,30,0.333
2023,1,BIS,COS,CO,30189,3.0,30,0.333
2023,1,BIS,CPR,WY,31122,3.0,30,0.333
2023,1,BIS,CWA,WI,30424,3.0,30,1.0
2023,1,BIS,FCA,MT,31648,3.0,30,0.333
2023,1,BIS,GPT,MS,31973,3.0,30,0.0
2023,1,BIS,GRB,WI,31977,3.0,30,1.0
2023,1,BIS,HOU,TX,31453,3.0,30,0.333
2023,1,BIS,IDA,ID,32280,3.0,30,0.667
2023,1,BIS,JFK,NY,31703,3.0,30,0.667
2023,1,BIS,LRD,TX,33038,3.0,30,1.0
2023,1,BIS,LSE,WI,33076,3.0,30,1.0
2023,1,BIS,MSO,MT,33486,3.0,30,0.333
2023,1,BIS,ORF,VA,33667,3.0,30,0.0
2023,1,BIS,ROC,NY,34576,3.0,30,0.333
2023,1,BIS,SYR,NY,35096,3.0,30,1.0
2023,1,BIS,TRI,TN,35323,3.0,30,1.0
2023,1,BIS,TYS,TN,35412,3.0,30,0.667
2023,1,BIS,VPS,FL,31504,3.0,30,1.0
2023,1,BIS,AEX,LA,30185,2.0,20,0.5
2023,1,BIS,BTV,VT,30785,2.0,20,0.5
2023,1,BIS,BUR,CA,32575,2.0,20,0.0
2023,1,BIS,CRP,TX,31140,2.0,20,0.5
2023,1,BIS,CYS,WY,31233,2.0,20,1.0
2023,1,BIS,DAY,OH,31267,2.0,20,1.0
2023,1,BIS,FSM,AR,31778,2.0,20,0.5
2023,1,BIS,FWA,IN,31823,2.0,20,0.5
2023,1,BIS,GFK,ND,31898,2.0,20,0.0
2023,1,BIS,GSO,NC,31995,2.0,20,1.0
2023,1,BIS,GUM,TT,32016,2.0,20,0.0
2023,1,BIS,HRL,TX,32206,2.0,20,0.5
2023,1,BIS,ICT,KS,30928,2.0,20,0.5
2023,1,BIS,JAC,WY,32441,2.0,20,0.0
2023,1,BIS,LEX,KY,32945,2.0,20,0.0
2023,1,BIS,MLU,LA,33377,2.0,20,0.5
2023,1,BIS,MTJ,CO,33502,2.0,20,0.5
2023,1,BIS,PBI,FL,34027,2.0,20,1.0
2023,1,BIS,PIA,IL,34108,2.0,20,0.5
2023,1,BIS,PWM,ME,34321,2.0,20,1.0
2023,1,BIS,SAF,NM,34674,2.0,20,1.0
2023,1,BIS,SBA,CA,34689,2.0,20,0.5
2023,1,BIS,SBP,CA,34236,2.0,20,0.0
2023,1,BIS,SHV,LA,30476,2.0,20,0.5
2023,1,BIS,SJC,CA,32457,2.0,20,1.0
2023,1,BIS,SRQ,FL,34986,2.0,20,0.5
2023,1,BIS,VEL,UT,35582,2.0,20,0.5
2023,1,BIS,AGS,GA,30208,1.0,10,0.0
2023,1,BIS,ALB,NY,30257,1.0,10,1.0
2023,1,BIS,AMA,TX,30279,1.0,10,1.0
2023,1,BIS,APN,MI,30333,1.0,10,1.0
2023,1,BIS,ASE,CO,30372,1.0,10,0.0
2023,1,BIS,AVL,NC,30431,1.0,10,1.0
2023,1,BIS,BFF,NE,30558,1.0,10,1.0
2023,1,BIS,BPT,TX,30728,1.0,10,0.0
2023,1,BIS,BTR,LA,30781,1.0,10,0.0
2023,1,BIS,CAE,SC,30868,1.0,10,1.0
2023,1,BIS,CHA,TN,30980,1.0,10,1.0
2023,1,BIS,CLL,TX,31049,1.0,10,1.0
2023,1,BIS,CMI,IL,31067,1.0,10,1.0
2023,1,BIS,COU,MO,32474,1.0,10,0.0
2023,1,BIS,DAB,FL,31252,1.0,10,1.0
2023,1,BIS,DHN,AL,31308,1.0,10,1.0
2023,1,BIS,DRO,CO,30285,1.0,10,0.0
2023,1,BIS,EWN,NC,31617,1.0,10,1.0
2023,1,BIS,FAY,NC,31641,1.0,10,1.0
2023,1,BIS,GCC,WY,31865,1.0,10,1.0
2023,1,BIS,GCK,KS,31867,1.0,10,1.0
2023,1,BIS,HLN,MT,32156,1.0,10,0.0
2023,1,BIS,HSV,AL,30255,1.0,10,0.0
2023,1,BIS,ILM,NC,32323,1.0,10,1.0
2023,1,BIS,ITO,HI,32402,1.0,10,0.0
2023,1,BIS,LAN,MI,32884,1.0,10,0.0
2023,1,BIS,LBB,TX,32896,1.0,10,1.0
2023,1,BIS,LIH,HI,32982,1.0,10,0.0
2023,1,BIS,MBS,MI,33184,1.0,10,0.0
2023,1,BIS,MDT,PA,32070,1.0,10,0.0
2023,1,BIS,MDW,IL,30977,1.0,10,1.0
2023,1,BIS,MGM,AL,33277,1.0,10,0.0
2023,1,BIS,MLI,IL,33367,1.0,10,1.0
2023,1,BIS,MOB,AL,30562,1.0,10,0.0
2023,1,BIS,MRY,CA,34922,1.0,10,0.0
2023,1,BIS,MYR,SC,31135,1.0,10,1.0
2023,1,BIS,PRC,AZ,34237,1.0,10,1.0
2023,1,BIS,PUB,CO,34288,1.0,10,0.0
2023,1,BIS,PVD,RI,30721,1.0,10,1.0
2023,1,BIS,RDD,CA,33792,1.0,10,0.0
2023,1,BIS,RDM,OR,34489,1.0,10,0.0
2023,1,BIS,ROA,VA,34574,1.0,10,0.0
2023,1,BIS,SHR,WY,34812,1.0,10,0.0
2023,1,BIS,STT,VI,34945,1.0,10,0.0
2023,1,BIS,STX,VI,34992,1.0,10,0.0
2023,1,BIS,TLH,FL,35249,1.0,10,0.0
2023,1,BIS,TYR,TX,35411,1.0,10,1.0
2023,1,BIS,XWA,ND,32389,1.0,10,0.0
2023,1,DIK,DEN,CO,30325,47.0,470,0.787
2023,1,DIK,IAH,TX,31453,19.0,190,0.579
2023,1,DIK,PHX,AZ,30466,16.0,160,0.25
2023,1,DIK,SLC,UT,34614,13.0,130,0.462
2023,1,DIK,MAF,TX,33158,8.0,80,0.5
2023,1,DIK,OKC,OK,33851,8.0,80,0.625
2023,1,DIK,DFW,TX,30194,7.0,70,0.429
2023,1,DIK,SAT,TX,33214,7.0,70,0.571
2023,1,DIK,BFL,CA,30561,6.0,60,0.667
2023,1,DIK,SEA,WA,30559,6.0,60,0.667
2023,1,DIK,PDX,OR,34057,5.0,50,0.6
2023,1,DIK,SAN,CA,33570,5.0,50,0.4
2023,1,DIK,XWA,ND,32389,5.0,50,0.0
2023,1,DIK,ABQ,NM,30140,4.0,40,0.75
2023,1,DIK,LAS,NV,32211,4.0,40,0.75
2023,1,DIK,MFE,TX,33256,4.0,40,0.0
2023,1,DIK,MSY,LA,33495,4.0,40,0.25
2023,1,DIK,SFO,CA,32457,4.0,40,1.0
2023,1,DIK,SNA,CA,32575,4.0,40,0.25
2023,1,DIK,TPA,FL,33195,4.0,40,0.5
2023,1,DIK,TUL,OK,34653,4.0,40,0.25
2023,1,DIK,ATL,GA,30397,3.0,30,0.667
2023,1,DIK,BOI,ID,30713,3.0,30,0.333
2023,1,DIK,ELP,TX,30615,3.0,30,0.667
2023,1,DIK,FAT,CA,31638,3.0,30,0.333
2023,1,DIK,GEG,WA,31884,3.0,30,0.667
2023,1,DIK,JAN,MS,32448,3.0,30,0.0
2023,1,DIK,LGA,NY,31703,3.0,30,0.667
2023,1,DIK,LIT,AR,32600,3.0,30,0.0
2023,1,DIK,MCI,MO,33198,3.0,30,0.667
2023,1,DIK,TUS,AZ,30436,3.0,30,0.333
2023,1,DIK,XNA,AR,31834,3.0,30,0.667
2023,1,DIK,BNA,TN,30693,2.0,20,0.5
2023,1,DIK,CLT,NC,31057,2.0,20,0.0
2023,1,DIK,KOA,HI,32758,2.0,20,0.0
2023,1,DIK,LAX,CA,32575,2.0,20,0.0
2023,1,DIK,MFR,OR,33264,2.0,20,0.5
2023,1,DIK,MIA,FL,32467,2.0,20,0.5
2023,1,DIK,ORD,IL,30977,2.0,20,0.5
2023,1,DIK,RDU,NC,34492,2.0,20,1.0
2023,1,DIK,SMF,CA,33192,2.0,20,1.0
2023,1,DIK,ACV,CA,30157,1.0,10,0.0
2023,1,DIK,AUS,TX,30423,1.0,10,0.0
2023,1,DIK,BRO,TX,30747,1.0,10,0.0
2023,1,DIK,BUR,CA,32575,1.0,10,0.0
2023,1,DIK,CAK,OH,30647,1.0,10,0.0
2023,1,DIK,CLE,OH,30647,1.0,10,1.0
2023,1,DIK,CPR,WY,31122,1.0,10,1.0
2023,1,DIK,CRP,TX,31140,1.0,10,0.0
2023,1,DIK,CRW,WV,31146,1.0,10,1.0
2023,1,DIK,CYS,WY,31233,1.0,10,0.0
2023,1,DIK,DDC,KS,31283,1.0,10,0.0
2023,1,DIK,DRO,CO,30285,1.0,10,0.0
2023,1,DIK,DSM,IA,31423,1.0,10,1.0
2023,1,DIK,DTW,MI,31295,1.0,10,0.0
2023,1,DIK,EWR,NJ,31703,1.0,10,0.0
2023,1,DIK,GJT,CO,31921,1.0,10,0.0
2023,1,DIK,IAD,VA,30852,1.0,10,1.0
2023,1,DIK,IDA,ID,32280,1.0,10,0.0
2023,1,DIK,IND,IN,32337,1.0,10,1.0
2023,1,DIK,JAX,FL,31136,1.0,10,0.0
2023,1,DIK,LAR,WY,32888,1.0,10,0.0
2023,1,DIK,LBB,TX,32896,1.0,10,0.0
2023,1,DIK,LWS,ID,33127,1.0,10,1.0
2023,1,DIK,MCO,FL,31454,1.0,10,1.0
2023,1,DIK,MKE,WI,33342,1.0,10,1.0
2023,1,DIK,ONT,CA,32575,1.0,10,0.0
2023,1,DIK,PHL,PA,34100,1.0,10,0.0
2023,1,DIK,PSC,WA,34252,1.0,10,0.0
2023,1,DIK,PSP,CA,34262,1.0,10,1.0
2023,1,DIK,PVD,RI,30721,1.0,10,1.0
2023,1,DIK,RNO,NV,34570,1.0,10,1.0
2023,1,DIK,SGF,MO,34783,1.0,10,1.0
2023,1,DIK,SHV,LA,30476,1.0,10,0.0
2023,1,DIK,SJC,CA,32457,1.0,10,0.0
2023,1,DIK,SRQ,FL,34986,1.0,10,1.0
2023,1,DIK,STL,MO,31123,1.0,10,1.0
2023,1,DIK,SYR,NY,35096,1.0,10,0.0
2023,1,DIK,TYS,TN,35412,1.0,10,0.0
2023,1,DIK,VEL,UT,35582,1.0,10,0.0
2023,1,FAR,DEN,CO,30325,411.0,4110,0.647
2023,1,FAR,AZA,AZ,30466,308.0,3080,0.435
2023,1,FAR,ORD,IL,30977,229.0,2290,0.651
2023,1,FAR,PHX,AZ,30466,226.0,2260,0.345
2023,1,FAR,LAS,NV,32211,198.0,1980,0.197
2023,1,FAR,MCO,FL,31454,175.0,1750,0.12
2023,1,FAR,DFW,TX,30194,147.0,1470,0.544
2023,1,FAR,MSP,MN,31650,136.0,1360,0.404
2023,1,FAR,BNA,TN,30693,135.0,1350,0.481
2023,1,FAR,SFB,FL,34761,95.0,950,0.179
2023,1,FAR,PIE,FL,33195,81.0,810,0.309
2023,1,FAR,IAH,TX,31453,69.0,690,0.333
2023,1,FAR,ATL,GA,30397,66.0,660,0.545
2023,1,FAR,SAN,CA,33570,64.0,640,0.359
2023,1,FAR,SLC,UT,34614,59.0,590,0.593
2023,1,FAR,RSW,FL,31714,55.0,550,0.4
2023,1,FAR,CLT,NC,31057,52.0,520,0.519
2023,1,FAR,LAX,CA,32575,52.0,520,0.404
2023,1,FAR,SEA,WA,30559,52.0,520,0.635
2023,1,FAR,PDX,OR,34057,48.0,480,0.667
2023,1,FAR,DCA,VA,30852,44.0,440,0.5
2023,1,FAR,TPA,FL,33195,42.0,420,0.262
2023,1,FAR,DTW,MI,31295,41.0,410,0.683
2023,1,FAR,STL,MO,31123,38.0,380,0.711
2023,1,FAR,RDU,NC,34492,37.0,370,0.703
2023,1,FAR,SAT,TX,33214,37.0,370,0.351
2023,1,FAR,PHL,PA,34100,36.0,360,0.694
2023,1,FAR,FLL,FL,32467,35.0,350,0.171
2023,1,FAR,AUS,TX,30423,33.0,330,0.606
2023,1,FAR,MCI,MO,33198,33.0,330,0.455
2023,1,FAR,SNA,CA,32575,32.0,320,0.469
2023,1,FAR,SMF,CA,33192,31.0,310,0.645
2023,1,FAR,BOS,MA,30721,30.0,300,0.767
2023,1,FAR,MIA,FL,32467,30.0,300,0.167
2023,1,FAR,SFO,CA,32457,29.0,290,0.655
2023,1,FAR,IND,IN,32337,27.0,270,0.704
2023,1,FAR,LGA,NY,31703,27.0,270,0.444
2023,1,FAR,SJU,PR,34819,26.0,260,0.115
2023,1,FAR,BOI,ID,30713,24.0,240,0.625
2023,1,FAR,ONT,CA,32575,24.0,240,0.458
2023,1,FAR,EWR,NJ,31703,22.0,220,0.545
2023,1,FAR,MSY,LA,33495,22.0,220,0.136
2023,1,FAR,BZN,MT,30849,21.0,210,0.571
2023,1,FAR,IAD,VA,30852,21.0,210,0.762
2023,1,FAR,MSN,WI,33485,21.0,210,0.81
2023,1,FAR,BIL,MT,30620,20.0,200,0.8
2023,1,FAR,DSM,IA,31423,20.0,200,0.85
2023,1,FAR,OMA,NE,33316,20.0,200,0.55
2023,1,FAR,BWI,MD,30852,19.0,190,0.474
2023,1,FAR,CVG,KY,33105,19.0,190,0.632
2023,1,FAR,PIT,PA,30198,19.0,190,0.526
2023,1,FAR,TUL,OK,34653,19.0,190,0.632
2023,1,FAR,CMH,OH,31066,18.0,180,0.444
2023,1,FAR,JAX,FL,31136,18.0,180,0.389
2023,1,FAR,CLE,OH,30647,17.0,170,0.765
2023,1,FAR,GEG,WA,31884,17.0,170,0.824
2023,1,FAR,HNL,HI,32134,17.0,170,0.118
2023,1,FAR,MKE,WI,33342,16.0,160,0.438
2023,1,FAR,GRR,MI,31986,15.0,150,0.733
2023,1,FAR,OKC,OK,33851,15.0,150,0.533
2023,1,FAR,RIC,VA,34524,15.0,150,0.8
2023,1,FAR,RNO,NV,34570,15.0,150,0.6
2023,1,FAR,TUS,AZ,30436,15.0,150,0.667
2023,1,FAR,ANC,AK,30299,14.0,140,0.429
2023,1,FAR,GFK,ND,31898,13.0,130,0.0
2023,1,FAR,ATW,WI,30408,12.0,120,0.667
2023,1,FAR,ELP,TX,30615,12.0,120,0.083
2023,1,FAR,FCA,MT,31648,12.0,120,0.583
2023,1,FAR,MFE,TX,33256,12.0,120,0.25
2023,1,FAR,ORF,VA,33667,12.0,120,0.417
2023,1,FAR,BUF,NY,30792,11.0,110,0.818
2023,1,FAR,CHS,SC,30994,11.0,110,0.636
2023,1,FAR,CID,IA,31003,11.0,110,0.545
2023,1,FAR,COS,CO,30189,11.0,110,0.818
2023,1,FAR,MSO,MT,33486,11.0,110,0.818
2023,1,FAR,RAP,SD,34457,11.0,110,0.727
2023,1,FAR,SDF,KY,33044,11.0,110,0.364
2023,1,FAR,ABQ,NM,30140,10.0,100,0.4
2023,1,FAR,GSP,SC,31871,10.0,100,0.8
2023,1,FAR,GTF,MT,31895,10.0,100,1.0
2023,1,FAR,ICT,KS,30928,10.0,100,0.6
2023,1,FAR,MLI,IL,33367,10.0,100,0.6
2023,1,FAR,PBI,FL,34027,10.0,100,0.4
2023,1,FAR,BDL,CT,30529,9.0,90,0.667
2023,1,FAR,FSD,SD,31775,9.0,90,0.0
2023,1,FAR,PIA,IL,34108,9.0,90,0.778
2023,1,FAR,PSC,WA,34252,9.0,90,0.889
2023,1,FAR,PSP,CA,34262,9.0,90,0.222
2023,1,FAR,SJC,CA,32457,9.0,90,0.556
2023,1,FAR,BHM,AL,30599,8.0,80,0.875
2023,1,FAR,CHA,TN,30980,8.0,80,1.0
2023,1,FAR,HOU,TX,31453,8.0,80,0.375
2023,1,FAR,LIT,AR,32600,8.0,80,0.625
2023,1,FAR,MDT,PA,32070,8.0,80,0.75
2023,1,FAR,DAY,OH,31267,7.0,70,0.714
2023,1,FAR,GJT,CO,31921,7.0,70,1.0
2023,1,FAR,GRB,WI,31977,7.0,70,0.714
2023,1,FAR,GSO,NC,31995,7.0,70,0.714
2023,1,FAR,IDA,ID,32280,7.0,70,0.571
2023,1,FAR,MEM,TN,33244,7.0,70,0.714
2023,1,FAR,OGG,HI,33830,7.0,70,0.0
2023,1,FAR,XNA,AR,31834,7.0,70,0.429
2023,1,FAR,CAE,SC,30868,6.0,60,0.5
2023,1,FAR,KOA,HI,32758,6.0,60,0.167
2023,1,FAR,LEX,KY,32945,6.0,60,0.667
2023,1,FAR,MAF,TX,33158,6.0,60,0.333
2023,1,FAR,PNS,FL,33728,6.0,60,0.5
2023,1,FAR,RDM,OR,34489,6.0,60,0.5
2023,1,FAR,AMA,TX,30279,5.0,50,0.6
2023,1,FAR,AVL,NC,30431,5.0,50,0.6
2023,1,FAR,BUR,CA,32575,5.0,50,0.6
2023,1,FAR,EUG,OR,31603,5.0,50,0.6
2023,1,FAR,HSV,AL,30255,5.0,50,0.4
2023,1,FAR,LBB,TX,32896,5.0,50,0.6
2023,1,FAR,MFR,OR,33264,5.0,50,0.6
2023,1,FAR,ROC,NY,34576,5.0,50,0.6
2023,1,FAR,SBP,CA,34236,5.0,50,0.6
2023,1,FAR,SGF,MO,34783,5.0,50,0.8
2023,1,FAR,TYS,TN,35412,5.0,50,0.4
2023,1,FAR,ALB,NY,30257,4.0,40,1.0
2023,1,FAR,BFL,CA,30561,4.0,40,0.75
2023,1,FAR,BTR,LA,30781,4.0,40,0.5
2023,1,FAR,CRP,TX,31140,4.0,40,0.25
2023,1,FAR,DLH,MN,31337,4.0,40,0.5
2023,1,FAR,FAT,CA,31638,4.0,40,0.75
2023,1,FAR,LIH,HI,32982,4.0,40,0.0
2023,1,FAR,PVD,RI,30721,4.0,40,0.25
2023,1,FAR,ROW,NM,34588,4.0,40,0.75
2023,1,FAR,SBN,IN,34696,4.0,40,0.5
2023,1,FAR,SGU,UT,34794,4.0,40,0.25
2023,1,FAR,SHV,LA,30476,4.0,40,0.25
2023,1,FAR,SJT,TX,34842,4.0,40,0.75
2023,1,FAR,STT,VI,34945,4.0,40,0.0
2023,1,FAR,SYR,NY,35096,4.0,40,0.75
2023,1,FAR,ABI,TX,30136,3.0,30,0.333
2023,1,FAR,BTV,VT,30785,3.0,30,0.667
2023,1,FAR,CPR,WY,31122,3.0,30,0.667
2023,1,FAR,EGE,CO,31503,3.0,30,0.667
2023,1,FAR,FLG,AZ,31695,3.0,30,0.667
2023,1,FAR,FWA,IN,31823,3.0,30,0.667
2023,1,FAR,HDN,CO,34699,3.0,30,0.667
2023,1,FAR,HRL,TX,32206,3.0,30,0.333
2023,1,FAR,JAN,MS,32448,3.0,30,0.0
2023,1,FAR,JFK,NY,31703,3.0,30,0.0
2023,1,FAR,MDW,IL,30977,3.0,30,0.333
2023,1,FAR,SBA,CA,34689,3.0,30,0.333
2023,1,FAR,SRQ,FL,34986,3.0,30,0.333
2023,1,FAR,TLH,FL,35249,3.0,30,0.333
2023,1,FAR,TVC,MI,35380,3.0,30,0.333
2023,1,FAR,YUM,AZ,33785,3.0,30,0.667
2023,1,FAR,ABE,PA,30135,2.0,20,1.0
2023,1,FAR,AGS,GA,30208,2.0,20,0.0
2023,1,FAR,CAK,OH,30647,2.0,20,1.0
2023,1,FAR,CIU,MI,31013,2.0,20,0.0
2023,1,FAR,CLL,TX,31049,2.0,20,0.5
2023,1,FAR,COU,MO,32474,2.0,20,0.0
2023,1,FAR,DRO,CO,30285,2.0,20,0.5
2023,1,FAR,DVL,ND,31447,2.0,20,0.0
2023,1,FAR,ECP,FL,31481,2.0,20,1.0
2023,1,FAR,ERI,PA,31577,2.0,20,1.0
2023,1,FAR,EYW,FL,31624,2.0,20,0.0
2023,1,FAR,FAI,AK,31517,2.0,20,1.0
2023,1,FAR,FNT,MI,31721,2.0,20,0.5
2023,1,FAR,GCC,WY,31865,2.0,20,0.5
2023,1,FAR,HPN,NY,31703,2.0,20,0.0
2023,1,FAR,ILM,NC,32323,2.0,20,1.0
2023,1,FAR,JAC,WY,32441,2.0,20,0.5
2023,1,FAR,LAN,MI,32884,2.0,20,1.0
2023,1,FAR,LAR,WY,32888,2.0,20,1.0
2023,1,FAR,LGB,CA,32575,2.0,20,0.5
2023,1,FAR,MRY,CA,34922,2.0,20,0.5
2023,1,FAR,MTJ,CO,33502,2.0,20,0.5
2023,1,FAR,SCE,PA,34711,2.0,20,1.0
2023,1,FAR,SPI,IL,34952,2.0,20,1.0
2023,1,FAR,XWA,ND,32389,2.0,20,0.5
2023,1,FAR,ADQ,AK,30070,1.0,10,0.0
2023,1,FAR,ART,NY,30361,1.0,10,1.0
2023,1,FAR,ASE,CO,30372,1.0,10,0.0
2023,1,FAR,ATY,SD,30409,1.0,10,0.0
2023,1,FAR,BJI,MN,30631,1.0,10,0.0
2023,1,FAR,BMI,IL,30685,1.0,10,1.0
2023,1,FAR,BPT,TX,30728,1.0,10,0.0
2023,1,FAR,CMI,IL,31067,1.0,10,1.0
2023,1,FAR,CRW,WV,31146,1.0,10,1.0
2023,1,FAR,CYS,WY,31233,1.0,10,0.0
2023,1,FAR,DAB,FL,31252,1.0,10,0.0
2023,1,FAR,ELM,NY,31537,1.0,10,1.0
2023,1,FAR,FSM,AR,31778,1.0,10,1.0
2023,1,FAR,GCK,KS,31867,1.0,10,1.0
2023,1,FAR,GGG,TX,31905,1.0,10,0.0
2023,1,FAR,GPT,MS,31973,1.0,10,0.0
2023,1,FAR,GRI,NE,31980,1.0,10,0.0
2023,1,FAR,GTR,MS,30894,1.0,10,0.0
2023,1,FAR,GUM,TT,32016,1.0,10,0.0
2023,1,FAR,HLN,MT,32156,1.0,10,0.0
2023,1,FAR,JLN,MO,32511,1.0,10,1.0
2023,1,FAR,JNU,AK,32523,1.0,10,0.0
2023,1,FAR,LAW,OK,32891,1.0,10,1.0
2023,1,FAR,LBL,KS,32902,1.0,10,0.0
2023,1,FAR,LNK,NE,33029,1.0,10,0.0
2023,1,FAR,LRD,TX,33038,1.0,10,1.0
2023,1,FAR,LSE,WI,33076,1.0,10,0.0
2023,1,FAR,LYH,VA,33139,1.0,10,1.0
2023,1,FAR,MBS,MI,33184,1.0,10,1.0
2023,1,FAR,MGM,AL,33277,1.0,10,0.0
2023,1,FAR,MHT,NH,30721,1.0,10,0.0
2023,1,FAR,MKG,MI,33344,1.0,10,1.0
2023,1,FAR,MLB,FL,33360,1.0,10,1.0
2023,1,FAR,MLU,LA,33377,1.0,10,0.0
2023,1,FAR,MOB,AL,30562,1.0,10,0.0
2023,1,FAR,MYR,SC,31135,1.0,10,0.0
2023,1,FAR,PRC,AZ,34237,1.0,10,1.0
2023,1,FAR,RKS,WY,34543,1.0,10,1.0
2023,1,FAR,ROA,VA,34574,1.0,10,1.0
2023,1,FAR,RST,MN,32547,1.0,10,0.0
2023,1,FAR,SAV,GA,34685,1.0,10,0.0
2023,1,FAR,SUN,ID,35041,1.0,10,0.0
2023,1,FAR,TRI,TN,35323,1.0,10,1.0
2023,1,FAR,VCT,TX,35569,1.0,10,0.0
2023,1,FAR,VPS,FL,31504,1.0,10,1.0
2023,1,MOT,AZA,AZ,30466,168.0,1680,0.369
2023,1,MOT,MSP,MN,31650,103.0,1030,0.709
2023,1,MOT,LAS,NV,32211,100.0,1000,0.2
2023,1,MOT,DEN,CO,30325,69.0,690,0.71
2023,1,MOT,IAH,TX,31453,34.0,340,0.559
2023,1,MOT,ATL,GA,30397,29.0,290,0.586
2023,1,MOT,MCO,FL,31454,25.0,250,0.28
2023,1,MOT,SLC,UT,34614,24.0,240,0.708
2023,1,MOT,DFW,TX,30194,23.0,230,0.522
2023,1,MOT,LAX,CA,32575,19.0,190,0.368
2023,1,MOT,SEA,WA,30559,19.0,190,0.684
2023,1,MOT,CLT,NC,31057,18.0,180,0.667
2023,1,MOT,ORD,IL,30977,18.0,180,0.667
2023,1,MOT,OKC,OK,33851,17.0,170,0.647
2023,1,MOT,DTW,MI,31295,16.0,160,0.688
2023,1,MOT,MCI,MO,33198,15.0,150,0.933
2023,1,MOT,PDX,OR,34057,15.0,150,0.533
2023,1,MOT,PHX,AZ,30466,15.0,150,0.2
2023,1,MOT,PIT,PA,30198,14.0,140,0.786
2023,1,MOT,STL,MO,31123,13.0,130,0.615
2023,1,MOT,SAT,TX,33214,12.0,120,0.417
2023,1,MOT,SHV,LA,30476,12.0,120,0.75
2023,1,MOT,SMF,CA,33192,12.0,120,0.667
2023,1,MOT,GEG,WA,31884,11.0,110,0.818
2023,1,MOT,AUS,TX,30423,10.0,100,0.7
2023,1,MOT,BNA,TN,30693,10.0,100,0.4
2023,1,MOT,DCA,VA,30852,10.0,100,0.5
2023,1,MOT,GRR,MI,31986,10.0,100,0.9
2023,1,MOT,RSW,FL,31714,10.0,100,0.6
2023,1,MOT,SFO,CA,32457,10.0,100,0.7
2023,1,MOT,BOI,ID,30713,9.0,90,0.889
2023,1,MOT,BOS,MA,30721,9.0,90,0.778
2023,1,MOT,MAF,TX,33158,9.0,90,0.667
2023,1,MOT,MSY,LA,33495,9.0,90,0.333
2023,1,MOT,OMA,NE,33316,9.0,90,0.444
2023,1,MOT,PHL,PA,34100,9.0,90,0.778
2023,1,MOT,ABQ,NM,30140,8.0,80,0.75
2023,1,MOT,EWR,NJ,31703,8.0,80,0.625
2023,1,MOT,FSD,SD,31775,8.0,80,0.625
2023,1,MOT,IND,IN,32337,8.0,80,0.625
2023,1,MOT,MEM,TN,33244,8.0,80,0.875
2023,1,MOT,RDU,NC,34492,8.0,80,0.625
2023,1,MOT,ICT,KS,30928,7.0,70,0.857
2023,1,MOT,PSP,CA,34262,7.0,70,0.286
2023,1,MOT,TPA,FL,33195,7.0,70,0.571
2023,1,MOT,TUL,OK,34653,7.0,70,0.714
2023,1,MOT,TUS,AZ,30436,7.0,70,0.429
2023,1,MOT,CLE,OH,30647,6.0,60,0.833
2023,1,MOT,CVG,KY,33105,6.0,60,0.667
2023,1,MOT,DSM,IA,31423,6.0,60,0.5
2023,1,MOT,IAD,VA,30852,6.0,60,1.0
2023,1,MOT,LGA,NY,31703,6.0,60,0.333
2023,1,MOT,MIA,FL,32467,6.0,60,0.167
2023,1,MOT,MSN,WI,33485,6.0,60,1.0
2023,1,MOT,ONT,CA,32575,6.0,60,0.667
2023,1,MOT,SAN,CA,33570,6.0,60,0.5
2023,1,MOT,SNA,CA,32575,6.0,60,0.333
2023,1,MOT,ALB,NY,30257,5.0,50,0.4
2023,1,MOT,BWI,MD,30852,5.0,50,0.4
2023,1,MOT,CMH,OH,31066,5.0,50,0.6
2023,1,MOT,ELP,TX,30615,5.0,50,0.2
2023,1,MOT,FAT,CA,31638,5.0,50,0.6
2023,1,MOT,FCA,MT,31648,5.0,50,0.6
2023,1,MOT,GTF,MT,31895,5.0,50,0.4
2023,1,MOT,HNL,HI,32134,5.0,50,0.2
2023,1,MOT,LFT,LA,32951,5.0,50,0.2
2023,1,MOT,OGG,HI,33830,5.0,50,0.0
2023,1,MOT,SYR,NY,35096,5.0,50,0.6
2023,1,MOT,BDL,CT,30529,4.0,40,1.0
2023,1,MOT,FLL,FL,32467,4.0,40,0.0
2023,1,MOT,GFK,ND,31898,4.0,40,0.0
2023,1,MOT,JAX,FL,31136,4.0,40,0.75
2023,1,MOT,RIC,VA,34524,4.0,40,1.0
2023,1,MOT,XWA,ND,32389,4.0,40,0.0
2023,1,MOT,ANC,AK,30299,3.0,30,0.333
2023,1,MOT,BFL,CA,30561,3.0,30,1.0
2023,1,MOT,BHM,AL,30599,3.0,30,0.333
2023,1,MOT,BZN,MT,30849,3.0,30,0.667
2023,1,MOT,CID,IA,31003,3.0,30,0.667
2023,1,MOT,COS,CO,30189,3.0,30,0.333
2023,1,MOT,ECP,FL,31481,3.0,30,0.0
2023,1,MOT,GJT,CO,31921,3.0,30,0.333
2023,1,MOT,GPT,MS,31973,3.0,30,0.333
2023,1,MOT,HRL,TX,32206,3.0,30,0.333
2023,1,MOT,IDA,ID,32280,3.0,30,0.333
2023,1,MOT,JAN,MS,32448,3.0,30,0.333
2023,1,MOT,LIT,AR,32600,3.0,30,0.333
2023,1,MOT,ORF,VA,33667,3.0,30,0.667
2023,1,MOT,PBI,FL,34027,3.0,30,0.333
2023,1,MOT,RAP,SD,34457,3.0,30,0.667
2023,1,MOT,SBN,IN,34696,3.0,30,1.0
2023,1,MOT,XNA,AR,31834,3.0,30,0.333
2023,1,MOT,ATW,WI,30408,2.0,20,0.5
2023,1,MOT,BGR,ME,30581,2.0,20,1.0
2023,1,MOT,BIL,MT,30620,2.0,20,0.0
2023,1,MOT,BTR,LA,30781,2.0,20,0.0
2023,1,MOT,CHS,SC,30994,2.0,20,1.0
2023,1,MOT,COD,WY,31097,2.0,20,0.5
2023,1,MOT,CYS,WY,31233,2.0,20,0.5
2023,1,MOT,DLH,MN,31337,2.0,20,0.5
2023,1,MOT,DRO,CO,30285,2.0,20,1.0
2023,1,MOT,EUG,OR,31603,2.0,20,0.5
2023,1,MOT,FAI,AK,31517,2.0,20,0.5
2023,1,MOT,HSV,AL,30255,2.0,20,1.0
2023,1,MOT,JAC,WY,32441,2.0,20,1.0
2023,1,MOT,LBB,TX,32896,2.0,20,0.5
2023,1,MOT,LEX,KY,32945,2.0,20,0.5
2023,1,MOT,MBS,MI,33184,2.0,20,0.5
2023,1,MOT,MDW,IL,30977,2.0,20,0.0
2023,1,MOT,MKE,WI,33342,2.0,20,0.5
2023,1,MOT,MSO,MT,33486,2.0,20,1.0
2023,1,MOT,PNS,FL,33728,2.0,20,0.0
2023,1,MOT,SGF,MO,34783,2.0,20,0.0
2023,1,MOT,SJC,CA,32457,2.0,20,0.5
2023,1,MOT,SRQ,FL,34986,2.0,20,0.0
2023,1,MOT,VEL,UT,35582,2.0,20,0.5
2023,1,MOT,VPS,FL,31504,2.0,20,0.5
2023,1,MOT,ABE,PA,30135,1.0,10,0.0
2023,1,MOT,AGS,GA,30208,1.0,10,0.0
2023,1,MOT,AMA,TX,30279,1.0,10,0.0
2023,1,MOT,BRD,MN,30739,1.0,10,0.0
2023,1,MOT,CAE,SC,30868,1.0,10,0.0
2023,1,MOT,CHO,VA,30990,1.0,10,1.0
2023,1,MOT,CNY,UT,31092,1.0,10,1.0
2023,1,MOT,CPR,WY,31122,1.0,10,0.0
2023,1,MOT,CRW,WV,31146,1.0,10,0.0
2023,1,MOT,CWA,WI,30424,1.0,10,1.0
2023,1,MOT,DVL,ND,31447,1.0,10,0.0
2023,1,MOT,EYW,FL,31624,1.0,10,0.0
2023,1,MOT,FWA,IN,31823,1.0,10,0.0
2023,1,MOT,GCC,WY,31865,1.0,10,1.0
2023,1,MOT,GUM,TT,32016,1.0,10,0.0
2023,1,MOT,HOU,TX,31453,1.0,10,1.0
2023,1,MOT,KTN,AK,31401,1.0,10,0.0
2023,1,MOT,LGB,CA,32575,1.0,10,1.0
2023,1,MOT,LNK,NE,33029,1.0,10,0.0
2023,1,MOT,MDT,PA,32070,1.0,10,0.0
2023,1,MOT,MFE,TX,33256,1.0,10,0.0
2023,1,MOT,MTJ,CO,33502,1.0,10,0.0
2023,1,MOT,MYR,SC,31135,1.0,10,0.0
2023,1,MOT,PSC,WA,34252,1.0,10,1.0
2023,1,MOT,PWM,ME,34321,1.0,10,0.0
2023,1,MOT,RDM,OR,34489,1.0,10,1.0
2023,1,MOT,RHI,WI,34520,1.0,10,0.0
2023,1,MOT,RIW,WY,34534,1.0,10,0.0
2023,1,MOT,RKS,WY,34543,1.0,10,0.0
2023,1,MOT,RNO,NV,34570,1.0,10,1.0
2023,1,MOT,ROC,NY,34576,1.0,10,0.0
2023,1,MOT,RST,MN,32547,1.0,10,1.0
2023,1,MOT,SAV,GA,34685,1.0,10,1.0
2023,1,MOT,SBP,CA,34236,1.0,10,0.0
2023,1,MOT,SDF,KY,33044,1.0,10,1.0
2023,1,MOT,SGU,UT,34794,1.0,10,0.0
2023,1,MOT,SJU,PR,34819,1.0,10,0.0
2023,1,MOT,SPS,TX,34960,1.0,10,0.0
2023,1,MOT,TLH,FL,35249,1.0,10,0.0
2023,1,MOT,TRI,TN,35323,1.0,10,1.0
2023,1,MOT,TWF,ID,35389,1.0,10,0.0
2023,1,MOT,TYS,TN,35412,1.0,10,1.0
2023,2,BIS,AZA,AZ,30466,351.0,3510,0.442
2023,2,BIS,MSP,MN,31650,231.0,2310,0.684
2023,2,BIS,DEN,CO,30325,230.0,2300,0.774
2023,2,BIS,LAS,NV,32211,160.0,1600,0.331
2023,2,BIS,DFW,TX,30194,125.0,1250,0.64
2023,2,BIS,SFB,FL,34761,90.0,900,0.444
2023,2,BIS,PHX,AZ,30466,86.0,860,0.267
2023,2,BIS,IAH,TX,31453,72.0,720,0.681
2023,2,BIS,MCO,FL,31454,45.0,450,0.422
2023,2,BIS,SEA,WA,30559,45.0,450,0.578
2023,2,BIS,ATL,GA,30397,44.0,440,0.705
2023,2,BIS,LAX,CA,32575,44.0,440,0.614
2023,2,BIS,ORD,IL,30977,44.0,440,0.568
2023,2,BIS,SLC,UT,34614,43.0,430,0.674
2023,2,BIS,PDX,OR,34057,39.0,390,0.692
2023,2,BIS,SFO,CA,32457,38.0,380,0.632
2023,2,BIS,DTW,MI,31295,34.0,340,0.676
2023,2,BIS,MCI,MO,33198,34.0,340,0.706
2023,2,BIS,SAT,TX,33214,33.0,330,0.697
2023,2,BIS,CLT,NC,31057,31.0,310,0.677
2023,2,BIS,DCA,VA,30852,30.0,300,0.567
2023,2,BIS,SAN,CA,33570,30.0,300,0.5
2023,2,BIS,PHL,PA,34100,29.0,290,0.759
2023,2,BIS,BOS,MA,30721,28.0,280,0.679
2023,2,BIS,OMA,NE,33316,28.0,280,0.714
2023,2,BIS,BNA,TN,30693,26.0,260,0.423
2023,2,BIS,LGA,NY,31703,26.0,260,0.538
2023,2,BIS,SMF,CA,33192,25.0,250,0.72
2023,2,BIS,BWI,MD,30852,22.0,220,0.773
2023,2,BIS,EWR,NJ,31703,22.0,220,0.455
2023,2,BIS,TPA,FL,33195,22.0,220,0.5
2023,2,BIS,MSY,LA,33495,21.0,210,0.333
2023,2,BIS,AUS,TX,30423,20.0,200,0.7
2023,2,BIS,IAD,VA,30852,20.0,200,0.7
2023,2,BIS,BOI,ID,30713,19.0,190,0.632
2023,2,BIS,GEG,WA,31884,19.0,190,0.526
2023,2,BIS,IND,IN,32337,19.0,190,0.632
2023,2,BIS,OKC,OK,33851,19.0,190,0.526
2023,2,BIS,RSW,FL,31714,19.0,190,0.421
2023,2,BIS,MEM,TN,33244,16.0,160,0.438
2023,2,BIS,MKE,WI,33342,16.0,160,0.875
2023,2,BIS,STL,MO,31123,16.0,160,0.625
2023,2,BIS,ELP,TX,30615,15.0,150,0.533
2023,2,BIS,RDU,NC,34492,15.0,150,0.8
2023,2,BIS,SJU,PR,34819,15.0,150,0.2
2023,2,BIS,ANC,AK,30299,14.0,140,0.5
2023,2,BIS,GRR,MI,31986,13.0,130,0.615
2023,2,BIS,JAX,FL,31136,13.0,130,0.769
2023,2,BIS,RIC,VA,34524,13.0,130,0.462
2023,2,BIS,ABQ,NM,30140,12.0,120,0.917
2023,2,BIS,CMH,OH,31066,12.0,120,0.583
2023,2,BIS,FLL,FL,32467,12.0,120,0.25
2023,2,BIS,ONT,CA,32575,12.0,120,0.833
2023,2,BIS,PIT,PA,30198,12.0,120,0.667
2023,2,BIS,TUL,OK,34653,12.0,120,0.5
2023,2,BIS,TUS,AZ,30436,12.0,120,0.583
2023,2,BIS,DSM,IA,31423,11.0,110,0.909
2023,2,BIS,CLE,OH,30647,10.0,100,0.9
2023,2,BIS,RNO,NV,34570,10.0,100,0.5
2023,2,BIS,SNA,CA,32575,10.0,100,0.4
2023,2,BIS,TYS,TN,35412,10.0,100,0.9
2023,2,BIS,ATW,WI,30408,9.0,90,0.778
2023,2,BIS,BDL,CT,30529,9.0,90,0.778
2023,2,BIS,COS,CO,30189,9.0,90,0.556
2023,2,BIS,ICT,KS,30928,9.0,90,0.333
2023,2,BIS,ORF,VA,33667,9.0,90,0.778
2023,2,BIS,SDF,KY,33044,9.0,90,0.667
2023,2,BIS,CID,IA,31003,8.0,80,0.875
2023,2,BIS,CVG,KY,33105,8.0,80,0.625
2023,2,BIS,MAF,TX,33158,8.0,80,0.375
2023,2,BIS,BHM,AL,30599,7.0,70,0.571
2023,2,BIS,CHS,SC,30994,7.0,70,0.857
2023,2,BIS,HNL,HI,32134,7.0,70,0.429
2023,2,BIS,JFK,NY,31703,7.0,70,0.143
2023,2,BIS,LFT,LA,32951,7.0,70,0.571
2023,2,BIS,PNS,FL,33728,7.0,70,0.857
2023,2,BIS,SHV,LA,30476,7.0,70,0.857
2023,2,BIS,SJC,CA,32457,7.0,70,0.286
2023,2,BIS,BZN,MT,30849,6.0,60,0.5
2023,2,BIS,JAN,MS,32448,6.0,60,0.833
2023,2,BIS,LIT,AR,32600,6.0,60,0.667
2023,2,BIS,LRD,TX,33038,6.0,60,0.833
2023,2,BIS,MDW,IL,30977,6.0,60,0.667
2023,2,BIS,MIA,FL,32467,6.0,60,0.167
2023,2,BIS,MSN,WI,33485,6.0,60,0.5
2023,2,BIS,VPS,FL,31504,6.0,60,0.667
2023,2,BIS,AVL,NC,30431,5.0,50,0.6
2023,2,BIS,BUR,CA,32575,5.0,50,0.4
2023,2,BIS,ECP,FL,31481,5.0,50,0.4
2023,2,BIS,FAT,CA,31638,5.0,50,0.6
2023,2,BIS,FCA,MT,31648,5.0,50,0.0
2023,2,BIS,FSD,SD,31775,5.0,50,0.4
2023,2,BIS,GUM,TT,32016,5.0,50,0.0
2023,2,BIS,HOU,TX,31453,5.0,50,0.8
2023,2,BIS,MSO,MT,33486,5.0,50,0.8
2023,2,BIS,SGF,MO,34783,5.0,50,0.4
2023,2,BIS,AMA,TX,30279,4.0,40,0.75
2023,2,BIS,BIL,MT,30620,4.0,40,0.75
2023,2,BIS,CAE,SC,30868,4.0,40,0.5
2023,2,BIS,DRO,CO,30285,4.0,40,0.75
2023,2,BIS,EUG,OR,31603,4.0,40,0.5
2023,2,BIS,GSP,SC,31871,4.0,40,0.75
2023,2,BIS,HSV,AL,30255,4.0,40,0.75
2023,2,BIS,LBB,TX,32896,4.0,40,0.75
2023,2,BIS,LEX,KY,32945,4.0,40,0.5
2023,2,BIS,MFE,TX,33256,4.0,40,0.75
2023,2,BIS,MGM,AL,33277,4.0,40,0.75
2023,2,BIS,PSC,WA,34252,4.0,40,1.0
2023,2,BIS,ROW,NM,34588,4.0,40,0.75
2023,2,BIS,SAF,NM,34674,4.0,40,0.5
2023,2,BIS,SAV,GA,34685,4.0,40,0.25
2023,2,BIS,SYR,NY,35096,4.0,40,1.0
2023,2,BIS,TLH,FL,35249,4.0,40,1.0
2023,2,BIS,AGS,GA,30208,3.0,30,0.667
2023,2,BIS,BGR,ME,30581,3.0,30,0.333
2023,2,BIS,BPT,TX,30728,3.0,30,0.333
2023,2,BIS,BUF,NY,30792,3.0,30,0.0
2023,2,BIS,CHA,TN,30980,3.0,30,0.667
2023,2,BIS,CPR,WY,31122,3.0,30,0.667
2023,2,BIS,GJT,CO,31921,3.0,30,1.0
2023,2,BIS,HLN,MT,32156,3.0,30,0.333
2023,2,BIS,LNK,NE,33029,3.0,30,0.0
2023,2,BIS,MFR,OR,33264,3.0,30,0.667
2023,2,BIS,PRC,AZ,34237,3.0,30,0.333
2023,2,BIS,PVD,RI,30721,3.0,30,0.667
2023,2,BIS,SGU,UT,34794,3.0,30,0.0
2023,2,BIS,VEL,UT,35582,3.0,30,0.667
2023,2,BIS,ABY,GA,30146,2.0,20,0.5
2023,2,BIS,BFL,CA,30561,2.0,20,0.5
2023,2,BIS,BMI,IL,30685,2.0,20,1.0
2023,2,BIS,BTR,LA,30781,2.0,20,0.0
2023,2,BIS,FAI,AK,31517,2.0,20,1.0
2023,2,BIS,FSM,AR,31778,2.0,20,1.0
2023,2,BIS,FWA,IN,31823,2.0,20,1.0
2023,2,BIS,GRB,WI,31977,2.0,20,0.5
2023,2,BIS,GTF,MT,31895,2.0,20,0.0
2023,2,BIS,ILM,NC,32323,2.0,20,0.5
2023,2,BIS,LAR,WY,32888,2.0,20,0.5
2023,2,BIS,MBS,MI,33184,2.0,20,0.5
2023,2,BIS,MDT,PA,32070,2.0,20,1.0
2023,2,BIS,MLI,IL,33367,2.0,20,0.0
2023,2,BIS,MOB,AL,30562,2.0,20,0.5
2023,2,BIS,MYR,SC,31135,2.0,20,1.0
2023,2,BIS,PBI,FL,34027,2.0,20,0.5
2023,2,BIS,PIA,IL,34108,2.0,20,1.0
2023,2,BIS,PSP,CA,34262,2.0,20,0.5
2023,2,BIS,PWM,ME,34321,2.0,20,1.0
2023,2,BIS,RDM,OR,34489,2.0,20,1.0
2023,2,BIS,RKS,WY,34543,2.0,20,0.5
2023,2,BIS,ROC,NY,34576,2.0,20,0.5
2023,2,BIS,SBA,CA,34689,2.0,20,0.5
2023,2,BIS,SPS,TX,34960,2.0,20,0.5
2023,2,BIS,TVC,MI,35380,2.0,20,0.5
2023,2,BIS,ABI,TX,30136,1.0,10,1.0
2023,2,BIS,ALB,NY,30257,1.0,10,1.0
2023,2,BIS,BFF,NE,30558,1.0,10,1.0
2023,2,BIS,BRW,AK,30107,1.0,10,1.0
2023,2,BIS,BTV,VT,30785,1.0,10,1.0
2023,2,BIS,CAK,OH,30647,1.0,10,1.0
2023,2,BIS,CIU,MI,31013,1.0,10,0.0
2023,2,BIS,CLL,TX,31049,1.0,10,0.0
2023,2,BIS,CRP,TX,31140,1.0,10,1.0
2023,2,BIS,CRW,WV,31146,1.0,10,1.0
2023,2,BIS,EGE,CO,31503,1.0,10,1.0
2023,2,BIS,FLG,AZ,31695,1.0,10,1.0
2023,2,BIS,FNT,MI,31721,1.0,10,0.0
2023,2,BIS,GNV,FL,31953,1.0,10,1.0
2023,2,BIS,GPT,MS,31973,1.0,10,0.0
2023,2,BIS,GSO,NC,31995,1.0,10,1.0
2023,2,BIS,HDN,CO,34699,1.0,10,1.0
2023,2,BIS,HOB,NM,32177,1.0,10,1.0
2023,2,BIS,ITO,HI,32402,1.0,10,1.0
2023,2,BIS,JAC,WY,32441,1.0,10,1.0
2023,2,BIS,JNU,AK,32523,1.0,10,0.0
2023,2,BIS,LCH,LA,31205,1.0,10,1.0
2023,2,BIS,MLU,LA,33377,1.0,10,1.0
2023,2,BIS,MTJ,CO,33502,1.0,10,1.0
2023,2,BIS,OAK,CA,32457,1.0,10,1.0
2023,2,BIS,OGG,HI,33830,1.0,10,0.0
2023,2,BIS,RAP,SD,34457,1.0,10,0.0
2023,2,BIS,RHI,WI,34520,1.0,10,1.0
2023,2,BIS,RST,MN,32547,1.0,10,0.0
2023,2,BIS,SIT,AK,34828,1.0,10,0.0
2023,2,BIS,STT,VI,34945,1.0,10,0.0
2023,2,BIS,SUX,IA,35048,1.0,10,1.0
2023,2,BIS,TYR,TX,35411,1.0,10,1.0
2023,2,BIS,XNA,AR,31834,1.0,10,1.0
2023,2,BIS,XWA,ND,32389,1.0,10,0.0
2023,2,BIS,YUM,AZ,33785,1.0,10,1.0
2023,2,DIK,DEN,CO,30325,82.0,820,0.744
2023,2,DIK,IAH,TX,31453,36.0,360,0.694
2023,2,DIK,PHX,AZ,30466,16.0,160,0.688
2023,2,DIK,LAX,CA,32575,15.0,150,0.533
2023,2,DIK,OKC,OK,33851,14.0,140,0.714
2023,2,DIK,DFW,TX,30194,12.0,120,0.5
2023,2,DIK,PDX,OR,34057,12.0,120,0.583
2023,2,DIK,SAT,TX,33214,12.0,120,0.5
2023,2,DIK,LAS,NV,32211,11.0,110,0.636
2023,2,DIK,SFO,CA,32457,10.0,100,0.8
2023,2,DIK,TUL,OK,34653,10.0,100,0.6
2023,2,DIK,SAN,CA,33570,8.0,80,0.5
2023,2,DIK,IAD,VA,30852,7.0,70,0.714
2023,2,DIK,MAF,TX,33158,7.0,70,0.429
2023,2,DIK,ORD,IL,30977,7.0,70,0.143
2023,2,DIK,SEA,WA,30559,7.0,70,0.571
2023,2,DIK,ABQ,NM,30140,6.0,60,0.833
2023,2,DIK,SMF,CA,33192,6.0,60,0.833
2023,2,DIK,SLC,UT,34614,5.0,50,0.0
2023,2,DIK,BOI,ID,30713,4.0,40,0.5
2023,2,DIK,FLL,FL,32467,4.0,40,0.25
2023,2,DIK,MCI,MO,33198,4.0,40,0.5
2023,2,DIK,MSY,LA,33495,4.0,40,0.25
2023,2,DIK,SNA,CA,32575,4.0,40,0.5
2023,2,DIK,XWA,ND,32389,4.0,40,0.0
2023,2,DIK,ATL,GA,30397,3.0,30,0.0
2023,2,DIK,BNA,TN,30693,3.0,30,0.0
2023,2,DIK,CMH,OH,31066,3.0,30,0.667
2023,2,DIK,MCO,FL,31454,3.0,30,0.333
2023,2,DIK,PIT,PA,30198,3.0,30,0.667
2023,2,DIK,RDU,NC,34492,3.0,30,0.333
2023,2,DIK,SGU,UT,34794,3.0,30,0.333
2023,2,DIK,TUS,AZ,30436,3.0,30,0.0
2023,2,DIK,VEL,UT,35582,3.0,30,0.667
2023,2,DIK,AUS,TX,30423,2.0,20,1.0
2023,2,DIK,BWI,MD,30852,2.0,20,0.0
2023,2,DIK,CID,IA,31003,2.0,20,0.0
2023,2,DIK,CLE,OH,30647,2.0,20,0.5
2023,2,DIK,CLT,NC,31057,2.0,20,0.5
2023,2,DIK,DRO,CO,30285,2.0,20,0.0
2023,2,DIK,ELP,TX,30615,2.0,20,0.5
2023,2,DIK,EWR,NJ,31703,2.0,20,1.0
2023,2,DIK,GJT,CO,31921,2.0,20,0.5
2023,2,DIK,HNL,HI,32134,2.0,20,0.5
2023,2,DIK,LFT,LA,32951,2.0,20,0.0
2023,2,DIK,LIT,AR,32600,2.0,20,0.0
2023,2,DIK,MIA,FL,32467,2.0,20,0.5
2023,2,DIK,MSP,MN,31650,2.0,20,0.0
2023,2,DIK,OMA,NE,33316,2.0,20,1.0
2023,2,DIK,ONT,CA,32575,2.0,20,0.0
2023,2,DIK,RNO,NV,34570,2.0,20,1.0
2023,2,DIK,ROC,NY,34576,2.0,20,0.5
2023,2,DIK,SAF,NM,34674,2.0,20,0.5
2023,2,DIK,BFL,CA,30561,1.0,10,0.0
2023,2,DIK,BHM,AL,30599,1.0,10,1.0
2023,2,DIK,BOS,MA,30721,1.0,10,1.0
2023,2,DIK,COS,CO,30189,1.0,10,1.0
2023,2,DIK,CVG,KY,33105,1.0,10,1.0
2023,2,DIK,DTW,MI,31295,1.0,10,0.0
2023,2,DIK,EUG,OR,31603,1.0,10,0.0
2023,2,DIK,EYW,FL,31624,1.0,10,0.0
2023,2,DIK,FAT,CA,31638,1.0,10,0.0
2023,2,DIK,GEG,WA,31884,1.0,10,0.0
2023,2,DIK,GSP,SC,31871,1.0,10,0.0
2023,2,DIK,HOB,NM,32177,1.0,10,1.0
2023,2,DIK,JAN,MS,32448,1.0,10,0.0
2023,2,DIK,JLN,MO,32511,1.0,10,1.0
2023,2,DIK,JST,PA,32559,1.0,10,0.0
2023,2,DIK,LBB,TX,32896,1.0,10,0.0
2023,2,DIK,LBF,NE,32899,1.0,10,1.0
2023,2,DIK,LCH,LA,31205,1.0,10,0.0
2023,2,DIK,LGA,NY,31703,1.0,10,0.0
2023,2,DIK,LWS,ID,33127,1.0,10,1.0
2023,2,DIK,MFE,TX,33256,1.0,10,0.0
2023,2,DIK,MFR,OR,33264,1.0,10,1.0
2023,2,DIK,OAK,CA,32457,1.0,10,1.0
2023,2,DIK,ORF,VA,33667,1.0,10,1.0
2023,2,DIK,PNS,FL,33728,1.0,10,1.0
2023,2,DIK,RDM,OR,34489,1.0,10,0.0
2023,2,DIK,SAV,GA,34685,1.0,10,0.0
2023,2,DIK,SBP,CA,34236,1.0,10,1.0
2023,2,DIK,SGF,MO,34783,1.0,10,0.0
2023,2,DIK,SHV,LA,30476,1.0,10,0.0
2023,2,DIK,STL,MO,31123,1.0,10,1.0
2023,2,DIK,TPA,FL,33195,1.0,10,1.0
2023,2,DIK,XNA,AR,31834,1.0,10,1.0
2023,2,FAR,DEN,CO,30325,538.0,5380,0.766
2023,2,FAR,AZA,AZ,30466,485.0,4850,0.41
2023,2,FAR,ORD,IL,30977,373.0,3730,0.603
2023,2,FAR,DFW,TX,30194,253.0,2530,0.676
2023,2,FAR,BNA,TN,30693,244.0,2440,0.508
2023,2,FAR,PHX,AZ,30466,199.0,1990,0.377
2023,2,FAR,LAS,NV,32211,197.0,1970,0.305
2023,2,FAR,MSP,MN,31650,150.0,1500,0.44
2023,2,FAR,SFB,FL,34761,138.0,1380,0.507
2023,2,FAR,SEA,WA,30559,118.0,1180,0.619
2023,2,FAR,ATL,GA,30397,112.0,1120,0.732
2023,2,FAR,IAH,TX,31453,89.0,890,0.562
2023,2,FAR,SFO,CA,32457,85.0,850,0.6
2023,2,FAR,SLC,UT,34614,77.0,770,0.714
2023,2,FAR,LAX,CA,32575,75.0,750,0.507
2023,2,FAR,DCA,VA,30852,70.0,700,0.6
2023,2,FAR,SAN,CA,33570,68.0,680,0.529
2023,2,FAR,MCO,FL,31454,67.0,670,0.328
2023,2,FAR,PDX,OR,34057,66.0,660,0.485
2023,2,FAR,PHL,PA,34100,65.0,650,0.769
2023,2,FAR,DTW,MI,31295,61.0,610,0.689
2023,2,FAR,LGA,NY,31703,59.0,590,0.559
2023,2,FAR,SMF,CA,33192,58.0,580,0.759
2023,2,FAR,TPA,FL,33195,57.0,570,0.526
2023,2,FAR,AUS,TX,30423,56.0,560,0.536
2023,2,FAR,RDU,NC,34492,54.0,540,0.611
2023,2,FAR,BOS,MA,30721,53.0,530,0.642
2023,2,FAR,MCI,MO,33198,53.0,530,0.528
2023,2,FAR,BOI,ID,30713,49.0,490,0.755
2023,2,FAR,STL,MO,31123,47.0,470,0.745
2023,2,FAR,PIT,PA,30198,46.0,460,0.761
2023,2,FAR,RSW,FL,31714,46.0,460,0.457
2023,2,FAR,CLT,NC,31057,45.0,450,0.733
2023,2,FAR,ANC,AK,30299,43.0,430,0.535
2023,2,FAR,SAT,TX,33214,43.0,430,0.512
2023,2,FAR,EWR,NJ,31703,41.0,410,0.78
2023,2,FAR,CMH,OH,31066,39.0,390,0.513
2023,2,FAR,SNA,CA,32575,38.0,380,0.605
2023,2,FAR,CLE,OH,30647,34.0,340,0.735
2023,2,FAR,IND,IN,32337,33.0,330,0.818
2023,2,FAR,PIE,FL,33195,33.0,330,0.394
2023,2,FAR,MKE,WI,33342,32.0,320,0.594
2023,2,FAR,FLL,FL,32467,31.0,310,0.581
2023,2,FAR,GEG,WA,31884,31.0,310,0.581
2023,2,FAR,ONT,CA,32575,31.0,310,0.677
2023,2,FAR,DSM,IA,31423,30.0,300,0.633
2023,2,FAR,BDL,CT,30529,29.0,290,0.724
2023,2,FAR,MSY,LA,33495,29.0,290,0.517
2023,2,FAR,CVG,KY,33105,28.0,280,0.607
2023,2,FAR,IAD,VA,30852,28.0,280,0.571
2023,2,FAR,ELP,TX,30615,27.0,270,0.481
2023,2,FAR,MSN,WI,33485,27.0,270,0.741
2023,2,FAR,ICT,KS,30928,26.0,260,0.615
2023,2,FAR,ORF,VA,33667,26.0,260,0.577
2023,2,FAR,BWI,MD,30852,25.0,250,0.68
2023,2,FAR,MIA,FL,32467,25.0,250,0.36
2023,2,FAR,BZN,MT,30849,23.0,230,0.652
2023,2,FAR,GRR,MI,31986,23.0,230,0.609
2023,2,FAR,RIC,VA,34524,23.0,230,0.652
2023,2,FAR,SDF,KY,33044,23.0,230,0.826
2023,2,FAR,JAX,FL,31136,21.0,210,0.714
2023,2,FAR,LIT,AR,32600,21.0,210,0.714
2023,2,FAR,OMA,NE,33316,21.0,210,0.619
2023,2,FAR,SJU,PR,34819,21.0,210,0.095
2023,2,FAR,CHS,SC,30994,20.0,200,0.55
2023,2,FAR,TUS,AZ,30436,20.0,200,0.7
2023,2,FAR,ABQ,NM,30140,19.0,190,0.737
2023,2,FAR,MSO,MT,33486,19.0,190,0.737
2023,2,FAR,OKC,OK,33851,19.0,190,0.526
2023,2,FAR,HNL,HI,32134,18.0,180,0.278
2023,2,FAR,CID,IA,31003,17.0,170,0.588
2023,2,FAR,MEM,TN,33244,17.0,170,0.647
2023,2,FAR,SJC,CA,32457,17.0,170,0.588
2023,2,FAR,TUL,OK,34653,17.0,170,0.529
2023,2,FAR,GSP,SC,31871,15.0,150,0.667
2023,2,FAR,MFE,TX,33256,14.0,140,0.214
2023,2,FAR,PSP,CA,34262,14.0,140,0.429
2023,2,FAR,BTV,VT,30785,13.0,130,0.692
2023,2,FAR,GFK,ND,31898,13.0,130,0.0
2023,2,FAR,LBB,TX,32896,13.0,130,0.538
2023,2,FAR,ATW,WI,30408,12.0,120,0.833
2023,2,FAR,PNS,FL,33728,12.0,120,0.583
2023,2,FAR,PSC,WA,34252,12.0,120,0.667
2023,2,FAR,TYS,TN,35412,12.0,120,0.667
2023,2,FAR,BUF,NY,30792,11.0,110,0.636
2023,2,FAR,COS,CO,30189,11.0,110,0.727
2023,2,FAR,DAY,OH,31267,11.0,110,0.727
2023,2,FAR,EUG,OR,31603,11.0,110,0.818
2023,2,FAR,IDA,ID,32280,11.0,110,0.545
2023,2,FAR,XNA,AR,31834,11.0,110,0.909
2023,2,FAR,BUR,CA,32575,10.0,100,0.4
2023,2,FAR,FAT,CA,31638,10.0,100,0.3
2023,2,FAR,FWA,IN,31823,10.0,100,0.1
2023,2,FAR,GTF,MT,31895,10.0,100,0.6
2023,2,FAR,MLI,IL,33367,10.0,100,0.7
2023,2,FAR,PIA,IL,34108,10.0,100,0.7
2023,2,FAR,PWM,ME,34321,10.0,100,0.7
2023,2,FAR,RAP,SD,34457,10.0,100,0.6
2023,2,FAR,RNO,NV,34570,10.0,100,0.6
2023,2,FAR,SBA,CA,34689,10.0,100,0.7
2023,2,FAR,SGF,MO,34783,10.0,100,0.5
2023,2,FAR,SYR,NY,35096,10.0,100,0.8
2023,2,FAR,AVL,NC,30431,9.0,90,0.333
2023,2,FAR,BHM,AL,30599,9.0,90,0.667
2023,2,FAR,CAE,SC,30868,9.0,90,0.667
2023,2,FAR,LFT,LA,32951,9.0,90,0.889
2023,2,FAR,ROC,NY,34576,9.0,90,0.667
2023,2,FAR,LEX,KY,32945,8.0,80,0.625
2023,2,FAR,PBI,FL,34027,8.0,80,0.375
2023,2,FAR,ALB,NY,30257,7.0,70,0.857
2023,2,FAR,FCA,MT,31648,7.0,70,0.714
2023,2,FAR,GRB,WI,31977,7.0,70,0.0
2023,2,FAR,GSO,NC,31995,7.0,70,0.857
2023,2,FAR,HRL,TX,32206,7.0,70,0.143
2023,2,FAR,HSV,AL,30255,7.0,70,0.429
2023,2,FAR,JAC,WY,32441,7.0,70,0.571
2023,2,FAR,MDT,PA,32070,7.0,70,0.429
2023,2,FAR,SAV,GA,34685,7.0,70,0.714
2023,2,FAR,SBN,IN,34696,7.0,70,0.429
2023,2,FAR,GJT,CO,31921,6.0,60,0.833
2023,2,FAR,HOU,TX,31453,6.0,60,0.667
2023,2,FAR,JAN,MS,32448,6.0,60,0.667
2023,2,FAR,MAF,TX,33158,6.0,60,0.333
2023,2,FAR,BIL,MT,30620,5.0,50,0.8
2023,2,FAR,CHA,TN,30980,5.0,50,0.6
2023,2,FAR,CPR,WY,31122,5.0,50,0.6
2023,2,FAR,CRP,TX,31140,5.0,50,0.4
2023,2,FAR,DRO,CO,30285,5.0,50,0.6
2023,2,FAR,FAI,AK,31517,5.0,50,0.4
2023,2,FAR,GGG,TX,31905,5.0,50,0.6
2023,2,FAR,GPT,MS,31973,5.0,50,0.6
2023,2,FAR,ILM,NC,32323,5.0,50,0.4
2023,2,FAR,MYR,SC,31135,5.0,50,0.6
2023,2,FAR,PVD,RI,30721,5.0,50,1.0
2023,2,FAR,RDM,OR,34489,5.0,50,0.8
2023,2,FAR,SWO,OK,35074,5.0,50,1.0
2023,2,FAR,TVC,MI,35380,5.0,50,0.6
2023,2,FAR,VPS,FL,31504,5.0,50,0.2
2023,2,FAR,ACV,CA,30157,4.0,40,1.0
2023,2,FAR,BRO,TX,30747,4.0,40,0.25
2023,2,FAR,BTR,LA,30781,4.0,40,1.0
2023,2,FAR,ECP,FL,31481,4.0,40,0.25
2023,2,FAR,EVV,IN,31612,4.0,40,0.5
2023,2,FAR,FSD,SD,31775,4.0,40,0.25
2023,2,FAR,GNV,FL,31953,4.0,40,0.5
2023,2,FAR,JFK,NY,31703,4.0,40,0.0
2023,2,FAR,KOA,HI,32758,4.0,40,0.5
2023,2,FAR,MBS,MI,33184,4.0,40,0.75
2023,2,FAR,MDW,IL,30977,4.0,40,0.75
2023,2,FAR,MFR,OR,33264,4.0,40,0.5
2023,2,FAR,ROA,VA,34574,4.0,40,0.5
2023,2,FAR,SBP,CA,34236,4.0,40,0.75
2023,2,FAR,SHV,LA,30476,4.0,40,0.75
2023,2,FAR,TLH,FL,35249,4.0,40,0.75
2023,2,FAR,ABE,PA,30135,3.0,30,1.0
2023,2,FAR,AMA,TX,30279,3.0,30,0.667
2023,2,FAR,ASE,CO,30372,3.0,30,0.333
2023,2,FAR,BGR,ME,30581,3.0,30,0.333
2023,2,FAR,DEC,IL,31288,3.0,30,0.667
2023,2,FAR,HPN,NY,31703,3.0,30,0.667
2023,2,FAR,MRY,CA,34922,3.0,30,0.667
2023,2,FAR,OGG,HI,33830,3.0,30,0.667
2023,2,FAR,RKS,WY,34543,3.0,30,0.667
2023,2,FAR,SAF,NM,34674,3.0,30,0.667
2023,2,FAR,SRQ,FL,34986,3.0,30,0.333
2023,2,FAR,YUM,AZ,33785,3.0,30,0.333
2023,2,FAR,ABI,TX,30136,2.0,20,1.0
2023,2,FAR,ABY,GA,30146,2.0,20,0.5
2023,2,FAR,ACT,TX,30155,2.0,20,0.0
2023,2,FAR,AEX,LA,30185,2.0,20,0.5
2023,2,FAR,AGS,GA,30208,2.0,20,0.5
2023,2,FAR,AZO,MI,30469,2.0,20,0.5
2023,2,FAR,BFL,CA,30561,2.0,20,1.0
2023,2,FAR,BGM,NY,30577,2.0,20,0.5
2023,2,FAR,BLI,WA,30666,2.0,20,0.0
2023,2,FAR,CAK,OH,30647,2.0,20,0.5
2023,2,FAR,CMI,IL,31067,2.0,20,1.0
2023,2,FAR,COU,MO,32474,2.0,20,0.5
2023,2,FAR,DAB,FL,31252,2.0,20,0.5
2023,2,FAR,ELM,NY,31537,2.0,20,1.0
2023,2,FAR,EYW,FL,31624,2.0,20,0.5
2023,2,FAR,FSM,AR,31778,2.0,20,0.5
2023,2,FAR,HLN,MT,32156,2.0,20,1.0
2023,2,FAR,LAR,WY,32888,2.0,20,0.5
2023,2,FAR,MGM,AL,33277,2.0,20,1.0
2023,2,FAR,MLB,FL,33360,2.0,20,0.5
2023,2,FAR,OAJ,NC,33795,2.0,20,0.5
2023,2,FAR,OAK,CA,32457,2.0,20,0.5
2023,2,FAR,RIW,WY,34534,2.0,20,0.0
2023,2,FAR,SCE,PA,34711,2.0,20,0.5
2023,2,FAR,SJT,TX,34842,2.0,20,1.0
2023,2,FAR,SPI,IL,34952,2.0,20,1.0
2023,2,FAR,TXK,AR,35401,2.0,20,0.0
2023,2,FAR,TYR,TX,35411,2.0,20,0.5
2023,2,FAR,ALO,IA,30268,1.0,10,1.0
2023,2,FAR,AVP,PA,30434,1.0,10,0.0
2023,2,FAR,BET,AK,30113,1.0,10,1.0
2023,2,FAR,BIH,CA,30617,1.0,10,0.0
2023,2,FAR,BPT,TX,30728,1.0,10,1.0
2023,2,FAR,CHO,VA,30990,1.0,10,1.0
2023,2,FAR,CLL,TX,31049,1.0,10,0.0
2023,2,FAR,CNY,UT,31092,1.0,10,1.0
2023,2,FAR,CRW,WV,31146,1.0,10,0.0
2023,2,FAR,CWA,WI,30424,1.0,10,1.0
2023,2,FAR,ENA,AK,31555,1.0,10,0.0
2023,2,FAR,ERI,PA,31577,1.0,10,1.0
2023,2,FAR,EWN,NC,31617,1.0,10,1.0
2023,2,FAR,FAY,NC,31641,1.0,10,0.0
2023,2,FAR,FLG,AZ,31695,1.0,10,1.0
2023,2,FAR,FLO,SC,31699,1.0,10,0.0
2023,2,FAR,GCC,WY,31865,1.0,10,0.0
2023,2,FAR,GCK,KS,31867,1.0,10,1.0
2023,2,FAR,GRK,TX,31982,1.0,10,1.0
2023,2,FAR,HDN,CO,34699,1.0,10,1.0
2023,2,FAR,JLN,MO,32511,1.0,10,1.0
2023,2,FAR,JMS,ND,32519,1.0,10,0.0
2023,2,FAR,JNU,AK,32523,1.0,10,0.0
2023,2,FAR,LAW,OK,32891,1.0,10,1.0
2023,2,FAR,LBF,NE,32899,1.0,10,0.0
2023,2,FAR,LSE,WI,33076,1.0,10,0.0
2023,2,FAR,LWS,ID,33127,1.0,10,1.0
2023,2,FAR,LYH,VA,33139,1.0,10,0.0
2023,2,FAR,MHT,NH,30721,1.0,10,1.0
2023,2,FAR,MOB,AL,30562,1.0,10,0.0
2023,2,FAR,MQT,MI,33459,1.0,10,1.0
2023,2,FAR,MTJ,CO,33502,1.0,10,1.0
2023,2,FAR,OTH,OR,33964,1.0,10,0.0
2023,2,FAR,PLN,MI,34150,1.0,10,0.0
2023,2,FAR,PRC,AZ,34237,1.0,10,1.0
2023,2,FAR,PUB,CO,34288,1.0,10,1.0
2023,2,FAR,RDD,CA,33792,1.0,10,0.0
2023,2,FAR,RHI,WI,34520,1.0,10,1.0
2023,2,FAR,TBN,MO,35138,1.0,10,1.0
2023,2,FAR,VEL,UT,35582,1.0,10,1.0
2023,2,FAR,VLD,GA,35550,1.0,10,1.0
2023,2,FAR,XWA,ND,32389,1.0,10,0.0
2023,2,MOT,MSP,MN,31650,151.0,1510,0.742
2023,2,MOT,LAS,NV,32211,137.0,1370,0.314
2023,2,MOT,DEN,CO,30325,105.0,1050,0.686
2023,2,MOT,AZA,AZ,30466,104.0,1040,0.192
2023,2,MOT,PHX,AZ,30466,49.0,490,0.367
2023,2,MOT,IAH,TX,31453,47.0,470,0.596
2023,2,MOT,DFW,TX,30194,45.0,450,0.444
2023,2,MOT,ATL,GA,30397,39.0,390,0.667
2023,2,MOT,LAX,CA,32575,31.0,310,0.387
2023,2,MOT,SAT,TX,33214,31.0,310,0.548
2023,2,MOT,MCI,MO,33198,27.0,270,0.63
2023,2,MOT,BWI,MD,30852,25.0,250,0.16
2023,2,MOT,ORD,IL,30977,25.0,250,0.68
2023,2,MOT,SEA,WA,30559,24.0,240,0.583
2023,2,MOT,DTW,MI,31295,21.0,210,0.714
2023,2,MOT,MCO,FL,31454,21.0,210,0.524
2023,2,MOT,PDX,OR,34057,20.0,200,0.65
2023,2,MOT,SAN,CA,33570,20.0,200,0.55
2023,2,MOT,STL,MO,31123,20.0,200,0.55
2023,2,MOT,CLT,NC,31057,19.0,190,0.684
2023,2,MOT,SMF,CA,33192,19.0,190,0.632
2023,2,MOT,OMA,NE,33316,18.0,180,0.722
2023,2,MOT,BNA,TN,30693,17.0,170,0.647
2023,2,MOT,RDU,NC,34492,17.0,170,0.706
2023,2,MOT,DCA,VA,30852,16.0,160,0.625
2023,2,MOT,LGA,NY,31703,16.0,160,0.562
2023,2,MOT,TPA,FL,33195,16.0,160,0.625
2023,2,MOT,BOI,ID,30713,15.0,150,0.667
2023,2,MOT,OKC,OK,33851,15.0,150,0.6
2023,2,MOT,IND,IN,32337,14.0,140,0.929
2023,2,MOT,AUS,TX,30423,13.0,130,0.692
2023,2,MOT,BOS,MA,30721,13.0,130,0.538
2023,2,MOT,CLE,OH,30647,13.0,130,0.615
2023,2,MOT,IAD,VA,30852,13.0,130,0.615
2023,2,MOT,SHV,LA,30476,13.0,130,0.615
2023,2,MOT,SLC,UT,34614,13.0,130,0.692
2023,2,MOT,TUL,OK,34653,13.0,130,0.846
2023,2,MOT,JAX,FL,31136,12.0,120,0.75
2023,2,MOT,MSY,LA,33495,12.0,120,0.25
2023,2,MOT,PIT,PA,30198,12.0,120,1.0
2023,2,MOT,MKE,WI,33342,11.0,110,0.545
2023,2,MOT,PHL,PA,34100,11.0,110,0.545
2023,2,MOT,BDL,CT,30529,10.0,100,0.7
2023,2,MOT,CMH,OH,31066,10.0,100,0.9
2023,2,MOT,ELP,TX,30615,10.0,100,0.3
2023,2,MOT,GRR,MI,31986,10.0,100,0.6
2023,2,MOT,SJC,CA,32457,10.0,100,0.5
2023,2,MOT,FLL,FL,32467,9.0,90,0.667
2023,2,MOT,MDW,IL,30977,9.0,90,0.667
2023,2,MOT,SFO,CA,32457,9.0,90,0.778
2023,2,MOT,EWR,NJ,31703,8.0,80,0.75
2023,2,MOT,TUS,AZ,30436,8.0,80,0.5
2023,2,MOT,ABQ,NM,30140,7.0,70,0.571
2023,2,MOT,DSM,IA,31423,7.0,70,0.571
2023,2,MOT,GEG,WA,31884,7.0,70,0.857
2023,2,MOT,MAF,TX,33158,7.0,70,0.571
2023,2,MOT,MEM,TN,33244,7.0,70,1.0
2023,2,MOT,MIA,FL,32467,7.0,70,0.286
2023,2,MOT,ORF,VA,33667,7.0,70,0.429
2023,2,MOT,BFL,CA,30561,6.0,60,0.167
2023,2,MOT,FAT,CA,31638,6.0,60,0.0
2023,2,MOT,GRB,WI,31977,6.0,60,0.667
2023,2,MOT,MSN,WI,33485,6.0,60,0.833
2023,2,MOT,PSC,WA,34252,6.0,60,0.667
2023,2,MOT,SNA,CA,32575,6.0,60,0.5
2023,2,MOT,XWA,ND,32389,6.0,60,0.0
2023,2,MOT,ANC,AK,30299,5.0,50,0.8
2023,2,MOT,HSV,AL,30255,5.0,50,0.4
2023,2,MOT,ICT,KS,30928,5.0,50,0.4
2023,2,MOT,RIC,VA,34524,5.0,50,0.4
2023,2,MOT,RSW,FL,31714,5.0,50,0.6
2023,2,MOT,VPS,FL,31504,5.0,50,0.6
2023,2,MOT,BHM,AL,30599,4.0,40,0.25
2023,2,MOT,CVG,KY,33105,4.0,40,0.75
2023,2,MOT,FSD,SD,31775,4.0,40,1.0
2023,2,MOT,GJT,CO,31921,4.0,40,0.75
2023,2,MOT,GPT,MS,31973,4.0,40,0.5
2023,2,MOT,LIT,AR,32600,4.0,40,0.5
2023,2,MOT,ONT,CA,32575,4.0,40,0.75
2023,2,MOT,PBI,FL,34027,4.0,40,0.5
2023,2,MOT,RNO,NV,34570,4.0,40,0.75
2023,2,MOT,SDF,KY,33044,4.0,40,0.75
2023,2,MOT,AMA,TX,30279,3.0,30,0.0
2023,2,MOT,AVL,NC,30431,3.0,30,0.667
2023,2,MOT,BZN,MT,30849,3.0,30,0.333
2023,2,MOT,CHS,SC,30994,3.0,30,0.667
2023,2,MOT,CID,IA,31003,3.0,30,0.667
2023,2,MOT,COS,CO,30189,3.0,30,0.0
2023,2,MOT,GTF,MT,31895,3.0,30,0.333
2023,2,MOT,PNS,FL,33728,3.0,30,0.333
2023,2,MOT,PSP,CA,34262,3.0,30,0.333
2023,2,MOT,RKS,WY,34543,3.0,30,0.667
2023,2,MOT,SBN,IN,34696,3.0,30,0.333
2023,2,MOT,SGF,MO,34783,3.0,30,0.667
2023,2,MOT,SGU,UT,34794,3.0,30,0.333
2023,2,MOT,VEL,UT,35582,3.0,30,0.667
2023,2,MOT,ABY,GA,30146,2.0,20,0.0
2023,2,MOT,ALB,NY,30257,2.0,20,0.0
2023,2,MOT,BTR,LA,30781,2.0,20,0.5
2023,2,MOT,CRP,TX,31140,2.0,20,0.0
2023,2,MOT,DLH,MN,31337,2.0,20,0.5
2023,2,MOT,DRO,CO,30285,2.0,20,1.0
2023,2,MOT,ECP,FL,31481,2.0,20,1.0
2023,2,MOT,ELM,NY,31537,2.0,20,0.5
2023,2,MOT,FWA,IN,31823,2.0,20,0.5
2023,2,MOT,GSO,NC,31995,2.0,20,0.0
2023,2,MOT,JAN,MS,32448,2.0,20,1.0
2023,2,MOT,JFK,NY,31703,2.0,20,0.0
2023,2,MOT,LFT,LA,32951,2.0,20,0.0
2023,2,MOT,LWS,ID,33127,2.0,20,1.0
2023,2,MOT,MYR,SC,31135,2.0,20,0.0
2023,2,MOT,PIB,MS,34109,2.0,20,0.5
2023,2,MOT,ROA,VA,34574,2.0,20,0.5
2023,2,MOT,SYR,NY,35096,2.0,20,0.0
2023,2,MOT,TYS,TN,35412,2.0,20,0.5
2023,2,MOT,ATW,WI,30408,1.0,10,1.0
2023,2,MOT,AVP,PA,30434,1.0,10,1.0
2023,2,MOT,BGR,ME,30581,1.0,10,0.0
2023,2,MOT,BRD,MN,30739,1.0,10,0.0
2023,2,MOT,BTV,VT,30785,1.0,10,1.0
2023,2,MOT,BUF,NY,30792,1.0,10,1.0
2023,2,MOT,CAE,SC,30868,1.0,10,1.0
2023,2,MOT,CHA,TN,30980,1.0,10,1.0
2023,2,MOT,CHO,VA,30990,1.0,10,0.0
2023,2,MOT,CPR,WY,31122,1.0,10,1.0
2023,2,MOT,CRW,WV,31146,1.0,10,0.0
2023,2,MOT,CWA,WI,30424,1.0,10,1.0
2023,2,MOT,DAY,OH,31267,1.0,10,1.0
2023,2,MOT,EKO,NV,31525,1.0,10,1.0
2023,2,MOT,ENA,AK,31555,1.0,10,0.0
2023,2,MOT,EYW,FL,31624,1.0,10,0.0
2023,2,MOT,GSP,SC,31871,1.0,10,0.0
2023,2,MOT,HIB,MN,32129,1.0,10,1.0
2023,2,MOT,HNL,HI,32134,1.0,10,0.0
2023,2,MOT,HOB,NM,32177,1.0,10,0.0
2023,2,MOT,HRL,TX,32206,1.0,10,1.0
2023,2,MOT,IDA,ID,32280,1.0,10,1.0
2023,2,MOT,ILM,NC,32323,1.0,10,1.0
2023,2,MOT,LAN,MI,32884,1.0,10,1.0
2023,2,MOT,LBB,TX,32896,1.0,10,0.0
2023,2,MOT,LBF,NE,32899,1.0,10,0.0
2023,2,MOT,LCH,LA,31205,1.0,10,1.0
2023,2,MOT,LEX,KY,32945,1.0,10,0.0
2023,2,MOT,LRD,TX,33038,1.0,10,0.0
2023,2,MOT,MBS,MI,33184,1.0,10,1.0
2023,2,MOT,MFR,OR,33264,1.0,10,1.0
2023,2,MOT,MGM,AL,33277,1.0,10,0.0
2023,2,MOT,MLB,FL,33360,1.0,10,0.0
2023,2,MOT,MLI,IL,33367,1.0,10,1.0
2023,2,MOT,MLU,LA,33377,1.0,10,0.0
2023,2,MOT,MSO,MT,33486,1.0,10,1.0
2023,2,MOT,MTJ,CO,33502,1.0,10,0.0
2023,2,MOT,PVD,RI,30721,1.0,10,1.0
2023,2,MOT,PWM,ME,34321,1.0,10,0.0
2023,2,MOT,RHI,WI,34520,1.0,10,1.0
2023,2,MOT,RIW,WY,34534,1.0,10,0.0
2023,2,MOT,ROC,NY,34576,1.0,10,0.0
2023,2,MOT,RST,MN,32547,1.0,10,1.0
2023,2,MOT,SAV,GA,34685,1.0,10,1.0
2023,2,MOT,SBA,CA,34689,1.0,10,0.0
2023,2,MOT,SPS,TX,34960,1.0,10,0.0
2023,2,MOT,TLH,FL,35249,1.0,10,1.0
2023,2,MOT,TRI,TN,35323,1.0,10,0.0
2023,2,MOT,VLD,GA,35550,1.0,10,1.0
2023,2,MOT,XNA,AR,31834,1.0,10,1.0
2023,3,BIS,AZA,AZ,30466,364.0,3640,0.588
2023,3,BIS,MSP,MN,31650,247.0,2470,0.741
2023,3,BIS,DEN,CO,30325,215.0,2150,0.8
2023,3,BIS,DFW,TX,30194,154.0,1540,0.675
2023,3,BIS,LAS,NV,32211,133.0,1330,0.383
2023,3,BIS,SFB,FL,34761,78.0,780,0.59
2023,3,BIS,IAH,TX,31453,76.0,760,0.632
2023,3,BIS,SEA,WA,30559,69.0,690,0.522
2023,3,BIS,ATL,GA,30397,59.0,590,0.763
2023,3,BIS,PDX,OR,34057,58.0,580,0.724
2023,3,BIS,PHX,AZ,30466,56.0,560,0.625
2023,3,BIS,DCA,VA,30852,52.0,520,0.635
2023,3,BIS,ORD,IL,30977,49.0,490,0.735
2023,3,BIS,SLC,UT,34614,49.0,490,0.571
2023,3,BIS,SMF,CA,33192,44.0,440,0.727
2023,3,BIS,MCO,FL,31454,42.0,420,0.5
2023,3,BIS,SAN,CA,33570,40.0,400,0.55
2023,3,BIS,AUS,TX,30423,39.0,390,0.667
2023,3,BIS,BOS,MA,30721,39.0,390,0.667
2023,3,BIS,LGA,NY,31703,39.0,390,0.564
2023,3,BIS,STL,MO,31123,39.0,390,0.692
2023,3,BIS,BNA,TN,30693,38.0,380,0.605
2023,3,BIS,LAX,CA,32575,38.0,380,0.632
2023,3,BIS,DTW,MI,31295,36.0,360,0.611
2023,3,BIS,SFO,CA,32457,33.0,330,0.758
2023,3,BIS,SAT,TX,33214,32.0,320,0.656
2023,3,BIS,MCI,MO,33198,31.0,310,0.742
2023,3,BIS,MSY,LA,33495,30.0,300,0.467
2023,3,BIS,PHL,PA,34100,29.0,290,0.69
2023,3,BIS,RDU,NC,34492,29.0,290,0.69
2023,3,BIS,TPA,FL,33195,29.0,290,0.793
2023,3,BIS,OKC,OK,33851,26.0,260,0.462
2023,3,BIS,BWI,MD,30852,25.0,250,0.64
2023,3,BIS,CLT,NC,31057,25.0,250,0.76
2023,3,BIS,EWR,NJ,31703,25.0,250,0.68
2023,3,BIS,GRR,MI,31986,25.0,250,0.84
2023,3,BIS,PIT,PA,30198,25.0,250,0.8
2023,3,BIS,RIC,VA,34524,25.0,250,0.76
2023,3,BIS,SNA,CA,32575,25.0,250,0.64
2023,3,BIS,CVG,KY,33105,24.0,240,0.625
2023,3,BIS,ABQ,NM,30140,23.0,230,0.87
2023,3,BIS,BOI,ID,30713,23.0,230,0.652
2023,3,BIS,CMH,OH,31066,23.0,230,0.783
2023,3,BIS,GEG,WA,31884,21.0,210,0.714
2023,3,BIS,MSN,WI,33485,21.0,210,0.714
2023,3,BIS,ANC,AK,30299,20.0,200,0.4
2023,3,BIS,ELP,TX,30615,19.0,190,0.579
2023,3,BIS,IND,IN,32337,19.0,190,0.632
2023,3,BIS,OMA,NE,33316,19.0,190,0.842
2023,3,BIS,SJU,PR,34819,19.0,190,0.158
2023,3,BIS,BDL,CT,30529,18.0,180,0.778
2023,3,BIS,SDF,KY,33044,17.0,170,0.588
2023,3,BIS,MKE,WI,33342,16.0,160,0.625
2023,3,BIS,FLL,FL,32467,15.0,150,0.4
2023,3,BIS,RNO,NV,34570,15.0,150,0.6
2023,3,BIS,RSW,FL,31714,15.0,150,0.6
2023,3,BIS,TUS,AZ,30436,15.0,150,0.667
2023,3,BIS,IAD,VA,30852,14.0,140,0.714
2023,3,BIS,MEM,TN,33244,14.0,140,0.571
2023,3,BIS,TUL,OK,34653,14.0,140,0.643
2023,3,BIS,CLE,OH,30647,13.0,130,0.769
2023,3,BIS,MAF,TX,33158,13.0,130,0.462
2023,3,BIS,MFR,OR,33264,13.0,130,0.769
2023,3,BIS,ONT,CA,32575,13.0,130,0.692
2023,3,BIS,MFE,TX,33256,12.0,120,0.333
2023,3,BIS,DSM,IA,31423,11.0,110,0.727
2023,3,BIS,MIA,FL,32467,11.0,110,0.273
2023,3,BIS,ORF,VA,33667,11.0,110,0.909
2023,3,BIS,SHV,LA,30476,11.0,110,0.636
2023,3,BIS,TYS,TN,35412,11.0,110,0.455
2023,3,BIS,BHM,AL,30599,10.0,100,0.9
2023,3,BIS,PNS,FL,33728,10.0,100,0.4
2023,3,BIS,CHA,TN,30980,9.0,90,0.667
2023,3,BIS,ICT,KS,30928,9.0,90,0.667
2023,3,BIS,JAX,FL,31136,9.0,90,1.0
2023,3,BIS,JFK,NY,31703,9.0,90,0.333
2023,3,BIS,LIT,AR,32600,9.0,90,0.556
2023,3,BIS,SJC,CA,32457,9.0,90,0.556
2023,3,BIS,GSP,SC,31871,8.0,80,0.875
2023,3,BIS,JAN,MS,32448,8.0,80,0.75
2023,3,BIS,LFT,LA,32951,8.0,80,0.75
2023,3,BIS,PSC,WA,34252,8.0,80,0.5
2023,3,BIS,TLH,FL,35249,8.0,80,0.625
2023,3,BIS,BTR,LA,30781,7.0,70,0.571
2023,3,BIS,BUF,NY,30792,7.0,70,0.857
2023,3,BIS,BUR,CA,32575,7.0,70,0.571
2023,3,BIS,CID,IA,31003,7.0,70,0.714
2023,3,BIS,EUG,OR,31603,7.0,70,0.429
2023,3,BIS,GPT,MS,31973,7.0,70,0.429
2023,3,BIS,RST,MN,32547,7.0,70,0.286
2023,3,BIS,COS,CO,30189,6.0,60,0.833
2023,3,BIS,FAI,AK,31517,6.0,60,0.333
2023,3,BIS,HOU,TX,31453,6.0,60,0.167
2023,3,BIS,PBI,FL,34027,6.0,60,0.667
2023,3,BIS,SAV,GA,34685,6.0,60,1.0
2023,3,BIS,TRI,TN,35323,6.0,60,0.833
2023,3,BIS,BFL,CA,30561,5.0,50,0.4
2023,3,BIS,CHS,SC,30994,5.0,50,0.8
2023,3,BIS,MDW,IL,30977,5.0,50,0.6
2023,3,BIS,MSO,MT,33486,5.0,50,0.4
2023,3,BIS,SBA,CA,34689,5.0,50,0.6
2023,3,BIS,SGF,MO,34783,5.0,50,0.6
2023,3,BIS,VPS,FL,31504,5.0,50,1.0
2023,3,BIS,XNA,AR,31834,5.0,50,0.8
2023,3,BIS,AEX,LA,30185,4.0,40,0.5
2023,3,BIS,ALB,NY,30257,4.0,40,0.75
2023,3,BIS,AMA,TX,30279,4.0,40,0.75
2023,3,BIS,ATW,WI,30408,4.0,40,0.75
2023,3,BIS,BIL,MT,30620,4.0,40,1.0
2023,3,BIS,BZN,MT,30849,4.0,40,0.5
2023,3,BIS,CRP,TX,31140,4.0,40,0.5
2023,3,BIS,ECP,FL,31481,4.0,40,1.0
2023,3,BIS,GJT,CO,31921,4.0,40,0.5
2023,3,BIS,GRB,WI,31977,4.0,40,0.75
2023,3,BIS,HSV,AL,30255,4.0,40,1.0
2023,3,BIS,LBB,TX,32896,4.0,40,0.75
2023,3,BIS,LEX,KY,32945,4.0,40,0.75
2023,3,BIS,MYR,SC,31135,4.0,40,0.75
2023,3,BIS,PSP,CA,34262,4.0,40,0.75
2023,3,BIS,BGR,ME,30581,3.0,30,0.333
2023,3,BIS,BTV,VT,30785,3.0,30,1.0
2023,3,BIS,CAE,SC,30868,3.0,30,1.0
2023,3,BIS,CHO,VA,30990,3.0,30,0.667
2023,3,BIS,FAT,CA,31638,3.0,30,0.333
2023,3,BIS,FSD,SD,31775,3.0,30,0.667
2023,3,BIS,FSM,AR,31778,3.0,30,1.0
2023,3,BIS,GSO,NC,31995,3.0,30,0.0
2023,3,BIS,HDN,CO,34699,3.0,30,1.0
2023,3,BIS,HNL,HI,32134,3.0,30,0.333
2023,3,BIS,ILM,NC,32323,3.0,30,0.333
2023,3,BIS,LIH,HI,32982,3.0,30,0.333
2023,3,BIS,LRD,TX,33038,3.0,30,0.333
2023,3,BIS,MDT,PA,32070,3.0,30,0.333
2023,3,BIS,MGM,AL,33277,3.0,30,0.667
2023,3,BIS,MOB,AL,30562,3.0,30,0.667
2023,3,BIS,PVD,RI,30721,3.0,30,0.0
2023,3,BIS,PWM,ME,34321,3.0,30,0.667
2023,3,BIS,SBP,CA,34236,3.0,30,0.667
2023,3,BIS,SGU,UT,34794,3.0,30,0.667
2023,3,BIS,SJT,TX,34842,3.0,30,1.0
2023,3,BIS,TVC,MI,35380,3.0,30,0.667
2023,3,BIS,ABI,TX,30136,2.0,20,1.0
2023,3,BIS,BPT,TX,30728,2.0,20,0.5
2023,3,BIS,BRD,MN,30739,2.0,20,0.0
2023,3,BIS,BRO,TX,30747,2.0,20,0.0
2023,3,BIS,CLL,TX,31049,2.0,20,0.5
2023,3,BIS,ELM,NY,31537,2.0,20,0.5
2023,3,BIS,FWA,IN,31823,2.0,20,1.0
2023,3,BIS,GTF,MT,31895,2.0,20,0.0
2023,3,BIS,GUM,TT,32016,2.0,20,0.0
2023,3,BIS,HLN,MT,32156,2.0,20,0.0
2023,3,BIS,HOB,NM,32177,2.0,20,0.5
2023,3,BIS,HRL,TX,32206,2.0,20,0.5
2023,3,BIS,IDA,ID,32280,2.0,20,0.5
2023,3,BIS,LNK,NE,33029,2.0,20,0.5
2023,3,BIS,MLU,LA,33377,2.0,20,0.5
2023,3,BIS,MTJ,CO,33502,2.0,20,1.0
2023,3,BIS,PIA,IL,34108,2.0,20,1.0
2023,3,BIS,RAP,SD,34457,2.0,20,0.5
2023,3,BIS,RDD,CA,33792,2.0,20,0.0
2023,3,BIS,ROC,NY,34576,2.0,20,1.0
2023,3,BIS,SAF,NM,34674,2.0,20,0.5
2023,3,BIS,SBN,IN,34696,2.0,20,1.0
2023,3,BIS,TWF,ID,35389,2.0,20,1.0
2023,3,BIS,ABY,GA,30146,1.0,10,1.0
2023,3,BIS,ACV,CA,30157,1.0,10,1.0
2023,3,BIS,AGS,GA,30208,1.0,10,1.0
2023,3,BIS,APN,MI,30333,1.0,10,0.0
2023,3,BIS,ASE,CO,30372,1.0,10,0.0
2023,3,BIS,AVL,NC,30431,1.0,10,1.0
2023,3,BIS,BFF,NE,30558,1.0,10,0.0
2023,3,BIS,BJI,MN,30631,1.0,10,0.0
2023,3,BIS,CEZ,CO,30950,1.0,10,0.0
2023,3,BIS,CIU,MI,31013,1.0,10,1.0
2023,3,BIS,CPR,WY,31122,1.0,10,0.0
2023,3,BIS,DAB,FL,31252,1.0,10,0.0
2023,3,BIS,DAY,OH,31267,1.0,10,0.0
2023,3,BIS,DRO,CO,30285,1.0,10,0.0
2023,3,BIS,EGE,CO,31503,1.0,10,1.0
2023,3,BIS,EVV,IN,31612,1.0,10,1.0
2023,3,BIS,GCK,KS,31867,1.0,10,0.0
2023,3,BIS,GRI,NE,31980,1.0,10,0.0
2023,3,BIS,HYS,KS,32255,1.0,10,0.0
2023,3,BIS,ITH,NY,32397,1.0,10,1.0
2023,3,BIS,JMS,ND,32519,1.0,10,0.0
2023,3,BIS,KOA,HI,32758,1.0,10,0.0
2023,3,BIS,LAR,WY,32888,1.0,10,0.0
2023,3,BIS,LAW,OK,32891,1.0,10,0.0
2023,3,BIS,LEB,NH,32932,1.0,10,1.0
2023,3,BIS,MEI,MS,33241,1.0,10,0.0
2023,3,BIS,MHT,NH,30721,1.0,10,0.0
2023,3,BIS,MLI,IL,33367,1.0,10,1.0
2023,3,BIS,OTH,OR,33964,1.0,10,0.0
2023,3,BIS,PIB,MS,34109,1.0,10,0.0
2023,3,BIS,RDM,OR,34489,1.0,10,0.0
2023,3,BIS,RIW,WY,34534,1.0,10,1.0
2023,3,BIS,SBY,MD,34704,1.0,10,0.0
2023,3,BIS,SIT,AK,34828,1.0,10,0.0
2023,3,BIS,SRQ,FL,34986,1.0,10,1.0
2023,3,BIS,STT,VI,34945,1.0,10,1.0
2023,3,BIS,STX,VI,34992,1.0,10,1.0
2023,3,BIS,SUN,ID,35041,1.0,10,0.0
2023,3,BIS,SUX,IA,35048,1.0,10,1.0
2023,3,BIS,SWO,OK,35074,1.0,10,0.0
2023,3,BIS,SYR,NY,35096,1.0,10,1.0
2023,3,BIS,XWA,ND,32389,1.0,10,0.0
2023,3,DIK,DEN,CO,30325,69.0,690,0.71
2023,3,DIK,IAH,TX,31453,48.0,480,0.708
2023,3,DIK,DFW,TX,30194,14.0,140,0.571
2023,3,DIK,MAF,TX,33158,14.0,140,0.5
2023,3,DIK,OKC,OK,33851,14.0,140,0.5
2023,3,DIK,SEA,WA,30559,12.0,120,0.5
2023,3,DIK,SNA,CA,32575,11.0,110,0.727
2023,3,DIK,PDX,OR,34057,9.0,90,0.778
2023,3,DIK,SAN,CA,33570,9.0,90,0.667
2023,3,DIK,SAT,TX,33214,9.0,90,0.667
2023,3,DIK,LAX,CA,32575,8.0,80,0.625
2023,3,DIK,LGA,NY,31703,7.0,70,0.714
2023,3,DIK,SLC,UT,34614,7.0,70,0.429
2023,3,DIK,ABQ,NM,30140,6.0,60,0.667
2023,3,DIK,BFL,CA,30561,6.0,60,0.333
2023,3,DIK,MCI,MO,33198,6.0,60,0.5
2023,3,DIK,PHX,AZ,30466,6.0,60,0.333
2023,3,DIK,RDU,NC,34492,6.0,60,0.333
2023,3,DIK,SFO,CA,32457,6.0,60,0.667
2023,3,DIK,ATL,GA,30397,5.0,50,0.6
2023,3,DIK,BOI,ID,30713,5.0,50,1.0
2023,3,DIK,ORD,IL,30977,5.0,50,0.6
2023,3,DIK,RNO,NV,34570,5.0,50,0.4
2023,3,DIK,SMF,CA,33192,5.0,50,0.6
2023,3,DIK,GEG,WA,31884,4.0,40,0.25
2023,3,DIK,MSY,LA,33495,4.0,40,0.25
2023,3,DIK,TPA,FL,33195,4.0,40,0.75
2023,3,DIK,TUL,OK,34653,4.0,40,0.5
2023,3,DIK,BHM,AL,30599,3.0,30,0.333
2023,3,DIK,CMH,OH,31066,3.0,30,0.667
2023,3,DIK,DSM,IA,31423,3.0,30,0.667
2023,3,DIK,EUG,OR,31603,3.0,30,0.667
2023,3,DIK,EWR,NJ,31703,3.0,30,0.667
2023,3,DIK,IAD,VA,30852,3.0,30,1.0
2023,3,DIK,LAS,NV,32211,3.0,30,0.667
2023,3,DIK,OMA,NE,33316,3.0,30,1.0
2023,3,DIK,TUS,AZ,30436,3.0,30,0.333
2023,3,DIK,VEL,UT,35582,3.0,30,0.667
2023,3,DIK,XWA,ND,32389,3.0,30,0.0
2023,3,DIK,DTW,MI,31295,2.0,20,1.0
2023,3,DIK,ELP,TX,30615,2.0,20,0.5
2023,3,DIK,HOB,NM,32177,2.0,20,1.0
2023,3,DIK,ICT,KS,30928,2.0,20,1.0
2023,3,DIK,JAX,FL,31136,2.0,20,0.0
2023,3,DIK,MFR,OR,33264,2.0,20,1.0
2023,3,DIK,ORF,VA,33667,2.0,20,1.0
2023,3,DIK,RDM,OR,34489,2.0,20,0.0
2023,3,DIK,SGU,UT,34794,2.0,20,0.0
2023,3,DIK,SHV,LA,30476,2.0,20,0.5
2023,3,DIK,SJC,CA,32457,2.0,20,0.5
2023,3,DIK,STL,MO,31123,2.0,20,1.0
2023,3,DIK,TYS,TN,35412,2.0,20,0.0
2023,3,DIK,AUS,TX,30423,1.0,10,1.0
2023,3,DIK,AVL,NC,30431,1.0,10,1.0
2023,3,DIK,BNA,TN,30693,1.0,10,0.0
2023,3,DIK,BOS,MA,30721,1.0,10,0.0
2023,3,DIK,BTR,LA,30781,1.0,10,0.0
2023,3,DIK,BZN,MT,30849,1.0,10,0.0
2023,3,DIK,CEZ,CO,30950,1.0,10,0.0
2023,3,DIK,CHA,TN,30980,1.0,10,0.0
2023,3,DIK,CHO,VA,30990,1.0,10,1.0
2023,3,DIK,CID,IA,31003,1.0,10,1.0
2023,3,DIK,COS,CO,30189,1.0,10,1.0
2023,3,DIK,CPR,WY,31122,1.0,10,0.0
2023,3,DIK,CRP,TX,31140,1.0,10,1.0
2023,3,DIK,DCA,VA,30852,1.0,10,1.0
2023,3,DIK,FAT,CA,31638,1.0,10,1.0
2023,3,DIK,FLL,FL,32467,1.0,10,1.0
2023,3,DIK,GRR,MI,31986,1.0,10,1.0
2023,3,DIK,HNL,HI,32134,1.0,10,1.0
2023,3,DIK,IDA,ID,32280,1.0,10,0.0
2023,3,DIK,JAN,MS,32448,1.0,10,0.0
2023,3,DIK,LAR,WY,32888,1.0,10,0.0
2023,3,DIK,LBB,TX,32896,1.0,10,1.0
2023,3,DIK,LCH,LA,31205,1.0,10,0.0
2023,3,DIK,LFT,LA,32951,1.0,10,0.0
2023,3,DIK,LNK,NE,33029,1.0,10,1.0
2023,3,DIK,MCO,FL,31454,1.0,10,1.0
2023,3,DIK,MEM,TN,33244,1.0,10,1.0
2023,3,DIK,MFE,TX,33256,1.0,10,0.0
2023,3,DIK,MKE,WI,33342,1.0,10,0.0
2023,3,DIK,MLI,IL,33367,1.0,10,1.0
2023,3,DIK,MSP,MN,31650,1.0,10,0.0
2023,3,DIK,ONT,CA,32575,1.0,10,0.0
2023,3,DIK,PIT,PA,30198,1.0,10,1.0
2023,3,DIK,PVD,RI,30721,1.0,10,1.0
2023,3,DIK,PWM,ME,34321,1.0,10,1.0
2023,3,DIK,RAP,SD,34457,1.0,10,0.0
2023,3,DIK,RDD,CA,33792,1.0,10,0.0
2023,3,DIK,RIC,VA,34524,1.0,10,1.0
2023,3,DIK,SBA,CA,34689,1.0,10,1.0
2023,3,DIK,SDF,KY,33044,1.0,10,0.0
2023,3,DIK,VCT,TX,35569,1.0,10,1.0
2023,3,DIK,XNA,AR,31834,1.0,10,1.0
2023,3,FAR,DEN,CO,30325,634.0,6340,0.707
2023,3,FAR,AZA,AZ,30466,579.0,5790,0.658
2023,3,FAR,ORD,IL,30977,453.0,4530,0.503
2023,3,FAR,DFW,TX,30194,304.0,3040,0.704
2023,3,FAR,BNA,TN,30693,290.0,2900,0.617
2023,3,FAR,LAS,NV,32211,222.0,2220,0.437
2023,3,FAR,SEA,WA,30559,170.0,1700,0.659
2023,3,FAR,PHX,AZ,30466,169.0,1690,0.485
2023,3,FAR,MSP,MN,31650,134.0,1340,0.478
2023,3,FAR,LAX,CA,32575,120.0,1200,0.592
2023,3,FAR,DCA,VA,30852,102.0,1020,0.676
2023,3,FAR,PHL,PA,34100,100.0,1000,0.66
2023,3,FAR,IAH,TX,31453,99.0,990,0.677
2023,3,FAR,ATL,GA,30397,97.0,970,0.711
2023,3,FAR,SFO,CA,32457,96.0,960,0.656
2023,3,FAR,SAN,CA,33570,95.0,950,0.568
2023,3,FAR,PDX,OR,34057,93.0,930,0.667
2023,3,FAR,CLT,NC,31057,86.0,860,0.686
2023,3,FAR,SLC,UT,34614,86.0,860,0.744
2023,3,FAR,SFB,FL,34761,84.0,840,0.667
2023,3,FAR,MCO,FL,31454,78.0,780,0.551
2023,3,FAR,STL,MO,31123,73.0,730,0.548
2023,3,FAR,AUS,TX,30423,72.0,720,0.708
2023,3,FAR,TPA,FL,33195,71.0,710,0.577
2023,3,FAR,RDU,NC,34492,67.0,670,0.791
2023,3,FAR,LGA,NY,31703,65.0,650,0.554
2023,3,FAR,DTW,MI,31295,56.0,560,0.839
2023,3,FAR,SMF,CA,33192,55.0,550,0.764
2023,3,FAR,BOS,MA,30721,54.0,540,0.63
2023,3,FAR,EWR,NJ,31703,54.0,540,0.611
2023,3,FAR,IND,IN,32337,54.0,540,0.63
2023,3,FAR,BWI,MD,30852,53.0,530,0.642
2023,3,FAR,SAT,TX,33214,50.0,500,0.58
2023,3,FAR,SNA,CA,32575,48.0,480,0.708
2023,3,FAR,MCI,MO,33198,47.0,470,0.617
2023,3,FAR,BOI,ID,30713,45.0,450,0.778
2023,3,FAR,CMH,OH,31066,45.0,450,0.733
2023,3,FAR,MKE,WI,33342,43.0,430,0.744
2023,3,FAR,CLE,OH,30647,42.0,420,0.595
2023,3,FAR,ANC,AK,30299,41.0,410,0.317
2023,3,FAR,ONT,CA,32575,38.0,380,0.447
2023,3,FAR,GEG,WA,31884,35.0,350,0.629
2023,3,FAR,PIT,PA,30198,35.0,350,0.543
2023,3,FAR,RSW,FL,31714,34.0,340,0.706
2023,3,FAR,BDL,CT,30529,33.0,330,0.636
2023,3,FAR,CVG,KY,33105,33.0,330,0.485
2023,3,FAR,BZN,MT,30849,30.0,300,0.467
2023,3,FAR,IAD,VA,30852,30.0,300,0.633
2023,3,FAR,RIC,VA,34524,30.0,300,0.8
2023,3,FAR,ABQ,NM,30140,29.0,290,0.69
2023,3,FAR,ELP,TX,30615,29.0,290,0.552
2023,3,FAR,SDF,KY,33044,29.0,290,0.552
2023,3,FAR,DSM,IA,31423,28.0,280,0.786
2023,3,FAR,COS,CO,30189,25.0,250,0.72
2023,3,FAR,MSN,WI,33485,24.0,240,0.708
2023,3,FAR,OKC,OK,33851,24.0,240,0.542
2023,3,FAR,FLL,FL,32467,23.0,230,0.348
2023,3,FAR,JAX,FL,31136,23.0,230,0.652
2023,3,FAR,MEM,TN,33244,23.0,230,0.696
2023,3,FAR,MSY,LA,33495,23.0,230,0.435
2023,3,FAR,ORF,VA,33667,23.0,230,0.565
2023,3,FAR,RNO,NV,34570,23.0,230,0.913
2023,3,FAR,TUL,OK,34653,23.0,230,0.565
2023,3,FAR,TUS,AZ,30436,23.0,230,0.783
2023,3,FAR,GRR,MI,31986,22.0,220,0.455
2023,3,FAR,FAT,CA,31638,21.0,210,0.714
2023,3,FAR,MSO,MT,33486,21.0,210,0.762
2023,3,FAR,MIA,FL,32467,20.0,200,0.5
2023,3,FAR,CHS,SC,30994,19.0,190,0.632
2023,3,FAR,OMA,NE,33316,19.0,190,0.579
2023,3,FAR,PSP,CA,34262,19.0,190,0.526
2023,3,FAR,SJC,CA,32457,19.0,190,0.632
2023,3,FAR,PWM,ME,34321,18.0,180,0.556
2023,3,FAR,FCA,MT,31648,17.0,170,0.412
2023,3,FAR,MDT,PA,32070,17.0,170,0.529
2023,3,FAR,GJT,CO,31921,16.0,160,0.625
2023,3,FAR,GSO,NC,31995,16.0,160,0.625
2023,3,FAR,ROC,NY,34576,16.0,160,0.812
2023,3,FAR,LIT,AR,32600,15.0,150,0.667
2023,3,FAR,ALB,NY,30257,14.0,140,0.857
2023,3,FAR,BIL,MT,30620,14.0,140,0.571
2023,3,FAR,CID,IA,31003,14.0,140,0.357
2023,3,FAR,GSP,SC,31871,14.0,140,0.929
2023,3,FAR,BHM,AL,30599,13.0,130,0.385
2023,3,FAR,BTV,VT,30785,13.0,130,0.692
2023,3,FAR,LEX,KY,32945,13.0,130,0.846
2023,3,FAR,PVD,RI,30721,13.0,130,0.538
2023,3,FAR,SYR,NY,35096,13.0,130,1.0
2023,3,FAR,BUF,NY,30792,12.0,120,0.583
2023,3,FAR,GTF,MT,31895,12.0,120,0.667
2023,3,FAR,HNL,HI,32134,12.0,120,0.667
2023,3,FAR,ICT,KS,30928,12.0,120,0.667
2023,3,FAR,PNS,FL,33728,12.0,120,0.833
2023,3,FAR,AVL,NC,30431,11.0,110,0.636
2023,3,FAR,DAY,OH,31267,11.0,110,0.818
2023,3,FAR,EUG,OR,31603,11.0,110,0.818
2023,3,FAR,JFK,NY,31703,11.0,110,0.091
2023,3,FAR,LBB,TX,32896,11.0,110,0.727
2023,3,FAR,MFE,TX,33256,11.0,110,0.273
2023,3,FAR,MFR,OR,33264,11.0,110,0.364
2023,3,FAR,PSC,WA,34252,11.0,110,0.636
2023,3,FAR,TYS,TN,35412,11.0,110,0.636
2023,3,FAR,MLI,IL,33367,10.0,100,0.4
2023,3,FAR,SAV,GA,34685,10.0,100,0.5
2023,3,FAR,ATW,WI,30408,9.0,90,0.667
2023,3,FAR,CAE,SC,30868,9.0,90,0.667
2023,3,FAR,FWA,IN,31823,9.0,90,0.556
2023,3,FAR,GRB,WI,31977,9.0,90,0.444
2023,3,FAR,RDM,OR,34489,9.0,90,0.889
2023,3,FAR,SGF,MO,34783,9.0,90,0.556
2023,3,FAR,AEX,LA,30185,8.0,80,0.625
2023,3,FAR,CHA,TN,30980,8.0,80,0.625
2023,3,FAR,PBI,FL,34027,8.0,80,0.875
2023,3,FAR,PIA,IL,34108,8.0,80,0.5
2023,3,FAR,RAP,SD,34457,8.0,80,0.25
2023,3,FAR,SBA,CA,34689,8.0,80,1.0
2023,3,FAR,SBP,CA,34236,8.0,80,0.875
2023,3,FAR,TVC,MI,35380,8.0,80,0.625
2023,3,FAR,BFL,CA,30561,7.0,70,0.857
2023,3,FAR,BUR,CA,32575,7.0,70,0.571
2023,3,FAR,CPR,WY,31122,7.0,70,0.286
2023,3,FAR,HSV,AL,30255,7.0,70,1.0
2023,3,FAR,ROA,VA,34574,7.0,70,0.714
2023,3,FAR,SJU,PR,34819,7.0,70,0.143
2023,3,FAR,XNA,AR,31834,7.0,70,0.571
2023,3,FAR,GFK,ND,31898,6.0,60,0.0
2023,3,FAR,IDA,ID,32280,6.0,60,0.667
2023,3,FAR,ILM,NC,32323,6.0,60,0.5
2023,3,FAR,JAN,MS,32448,6.0,60,0.5
2023,3,FAR,MDW,IL,30977,6.0,60,0.167
2023,3,FAR,VPS,FL,31504,6.0,60,0.333
2023,3,FAR,BGR,ME,30581,5.0,50,0.6
2023,3,FAR,CHO,VA,30990,5.0,50,0.0
2023,3,FAR,DRO,CO,30285,5.0,50,1.0
2023,3,FAR,FAI,AK,31517,5.0,50,0.0
2023,3,FAR,FSD,SD,31775,5.0,50,0.0
2023,3,FAR,HOU,TX,31453,5.0,50,0.4
2023,3,FAR,HPN,NY,31703,5.0,50,0.6
2023,3,FAR,HRL,TX,32206,5.0,50,0.2
2023,3,FAR,MAF,TX,33158,5.0,50,0.8
2023,3,FAR,TLH,FL,35249,5.0,50,0.6
2023,3,FAR,ASE,CO,30372,4.0,40,1.0
2023,3,FAR,BMI,IL,30685,4.0,40,1.0
2023,3,FAR,CRP,TX,31140,4.0,40,0.75
2023,3,FAR,SBN,IN,34696,4.0,40,0.25
2023,3,FAR,SCE,PA,34711,4.0,40,0.5
2023,3,FAR,SJT,TX,34842,4.0,40,1.0
2023,3,FAR,SRQ,FL,34986,4.0,40,0.75
2023,3,FAR,TXK,AR,35401,4.0,40,0.75
2023,3,FAR,VEL,UT,35582,4.0,40,1.0
2023,3,FAR,ABI,TX,30136,3.0,30,0.333
2023,3,FAR,AVP,PA,30434,3.0,30,0.667
2023,3,FAR,BTR,LA,30781,3.0,30,0.0
2023,3,FAR,COD,WY,31097,3.0,30,0.667
2023,3,FAR,CWA,WI,30424,3.0,30,0.333
2023,3,FAR,ECP,FL,31481,3.0,30,0.333
2023,3,FAR,EGE,CO,31503,3.0,30,0.667
2023,3,FAR,EVV,IN,31612,3.0,30,0.667
2023,3,FAR,FNT,MI,31721,3.0,30,0.333
2023,3,FAR,FSM,AR,31778,3.0,30,1.0
2023,3,FAR,GCC,WY,31865,3.0,30,0.667
2023,3,FAR,GPT,MS,31973,3.0,30,0.333
2023,3,FAR,JAC,WY,32441,3.0,30,0.333
2023,3,FAR,LAR,WY,32888,3.0,30,1.0
2023,3,FAR,LFT,LA,32951,3.0,30,0.667
2023,3,FAR,MBS,MI,33184,3.0,30,1.0
2023,3,FAR,MLB,FL,33360,3.0,30,1.0
2023,3,FAR,MLU,LA,33377,3.0,30,0.333
2023,3,FAR,MYR,SC,31135,3.0,30,0.0
2023,3,FAR,PRC,AZ,34237,3.0,30,0.667
2023,3,FAR,RKS,WY,34543,3.0,30,1.0
2023,3,FAR,SHV,LA,30476,3.0,30,0.333
2023,3,FAR,SPI,IL,34952,3.0,30,0.667
2023,3,FAR,YUM,AZ,33785,3.0,30,0.333
2023,3,FAR,ACV,CA,30157,2.0,20,1.0
2023,3,FAR,AGS,GA,30208,2.0,20,1.0
2023,3,FAR,BPT,TX,30728,2.0,20,1.0
2023,3,FAR,CMI,IL,31067,2.0,20,1.0
2023,3,FAR,EYW,FL,31624,2.0,20,1.0
2023,3,FAR,FAY,NC,31641,2.0,20,0.5
2023,3,FAR,FLO,SC,31699,2.0,20,1.0
2023,3,FAR,GUC,CO,32012,2.0,20,1.0
2023,3,FAR,HDN,CO,34699,2.0,20,1.0
2023,3,FAR,HLN,MT,32156,2.0,20,0.5
2023,3,FAR,HOM,AK,30009,2.0,20,0.0
2023,3,FAR,JNU,AK,32523,2.0,20,0.0
2023,3,FAR,KOA,HI,32758,2.0,20,0.5
2023,3,FAR,LAN,MI,32884,2.0,20,1.0
2023,3,FAR,LBL,KS,32902,2.0,20,0.5
2023,3,FAR,LRD,TX,33038,2.0,20,0.5
2023,3,FAR,MGM,AL,33277,2.0,20,1.0
2023,3,FAR,MOB,AL,30562,2.0,20,1.0
2023,3,FAR,OGG,HI,33830,2.0,20,0.0
2023,3,FAR,RDD,CA,33792,2.0,20,0.0
2023,3,FAR,ROW,NM,34588,2.0,20,1.0
2023,3,FAR,RST,MN,32547,2.0,20,0.5
2023,3,FAR,SPS,TX,34960,2.0,20,1.0
2023,3,FAR,STS,CA,34433,2.0,20,0.5
2023,3,FAR,TRI,TN,35323,2.0,20,1.0
2023,3,FAR,VLD,GA,35550,2.0,20,0.5
2023,3,FAR,ABE,PA,30135,1.0,10,1.0
2023,3,FAR,ABY,GA,30146,1.0,10,1.0
2023,3,FAR,AMA,TX,30279,1.0,10,0.0
2023,3,FAR,AZO,MI,30469,1.0,10,0.0
2023,3,FAR,BFF,NE,30558,1.0,10,1.0
2023,3,FAR,BGM,NY,30577,1.0,10,0.0
2023,3,FAR,BQK,GA,30731,1.0,10,1.0
2023,3,FAR,BQN,PR,30732,1.0,10,0.0
2023,3,FAR,BRD,MN,30739,1.0,10,0.0
2023,3,FAR,CIU,MI,31013,1.0,10,1.0
2023,3,FAR,COU,MO,32474,1.0,10,0.0
2023,3,FAR,CRW,WV,31146,1.0,10,0.0
2023,3,FAR,CYS,WY,31233,1.0,10,1.0
2023,3,FAR,DAB,FL,31252,1.0,10,1.0
2023,3,FAR,DAL,TX,30194,1.0,10,0.0
2023,3,FAR,EKO,NV,31525,1.0,10,1.0
2023,3,FAR,GGG,TX,31905,1.0,10,1.0
2023,3,FAR,GRK,TX,31982,1.0,10,0.0
2023,3,FAR,GTR,MS,30894,1.0,10,1.0
2023,3,FAR,HOB,NM,32177,1.0,10,1.0
2023,3,FAR,HTS,WV,32223,1.0,10,1.0
2023,3,FAR,ITH,NY,32397,1.0,10,0.0
2023,3,FAR,ITO,HI,32402,1.0,10,1.0
2023,3,FAR,JST,PA,32559,1.0,10,1.0
2023,3,FAR,LSE,WI,33076,1.0,10,1.0
2023,3,FAR,LWS,ID,33127,1.0,10,1.0
2023,3,FAR,MHK,KS,33290,1.0,10,0.0
2023,3,FAR,MHT,NH,30721,1.0,10,1.0
2023,3,FAR,MQT,MI,33459,1.0,10,0.0
2023,3,FAR,MRY,CA,34922,1.0,10,1.0
2023,3,FAR,MTJ,CO,33502,1.0,10,1.0
2023,3,FAR,OAJ,NC,33795,1.0,10,1.0
2023,3,FAR,OTH,OR,33964,1.0,10,1.0
2023,3,FAR,PQI,ME,34231,1.0,10,0.0
2023,3,FAR,RIW,WY,34534,1.0,10,1.0
2023,3,FAR,SAF,NM,34674,1.0,10,0.0
2023,3,FAR,SGU,UT,34794,1.0,10,1.0
2023,3,FAR,SHR,WY,34812,1.0,10,0.0
2023,3,FAR,SIT,AK,34828,1.0,10,0.0
2023,3,FAR,SLN,KS,34877,1.0,10,1.0
2023,3,FAR,STX,VI,34992,1.0,10,0.0
2023,3,FAR,SWO,OK,35074,1.0,10,0.0
2023,3,FAR,TWF,ID,35389,1.0,10,0.0
2023,3,FAR,TYR,TX,35411,1.0,10,1.0
2023,3,MOT,LAS,NV,32211,161.0,1610,0.41
2023,3,MOT,MSP,MN,31650,131.0,1310,0.664
2023,3,MOT,DEN,CO,30325,101.0,1010,0.723
2023,3,MOT,IAH,TX,31453,55.0,550,0.709
2023,3,MOT,PHX,AZ,30466,43.0,430,0.488
2023,3,MOT,ATL,GA,30397,40.0,400,0.75
2023,3,MOT,DFW,TX,30194,40.0,400,0.65
2023,3,MOT,SEA,WA,30559,39.0,390,0.436
2023,3,MOT,SAT,TX,33214,38.0,380,0.658
2023,3,MOT,BNA,TN,30693,34.0,340,0.647
2023,3,MOT,LAX,CA,32575,33.0,330,0.727
2023,3,MOT,MCI,MO,33198,32.0,320,0.719
2023,3,MOT,MCO,FL,31454,30.0,300,0.8
2023,3,MOT,SLC,UT,34614,27.0,270,0.667
2023,3,MOT,LGA,NY,31703,25.0,250,0.6
2023,3,MOT,ORD,IL,30977,25.0,250,0.64
2023,3,MOT,DCA,VA,30852,24.0,240,0.792
2023,3,MOT,PHL,PA,34100,24.0,240,0.625
2023,3,MOT,SMF,CA,33192,24.0,240,0.625
2023,3,MOT,BWI,MD,30852,23.0,230,0.522
2023,3,MOT,CLT,NC,31057,22.0,220,0.818
2023,3,MOT,RDU,NC,34492,22.0,220,0.773
2023,3,MOT,SAN,CA,33570,22.0,220,0.682
2023,3,MOT,PDX,OR,34057,21.0,210,0.714
2023,3,MOT,PIT,PA,30198,21.0,210,0.905
2023,3,MOT,BOS,MA,30721,20.0,200,0.85
2023,3,MOT,STL,MO,31123,20.0,200,0.75
2023,3,MOT,TPA,FL,33195,20.0,200,0.75
2023,3,MOT,ABQ,NM,30140,19.0,190,0.842
2023,3,MOT,DTW,MI,31295,18.0,180,0.667
2023,3,MOT,BOI,ID,30713,17.0,170,0.529
2023,3,MOT,SHV,LA,30476,17.0,170,0.706
2023,3,MOT,CVG,KY,33105,15.0,150,0.8
2023,3,MOT,IND,IN,32337,15.0,150,0.533
2023,3,MOT,MEM,TN,33244,15.0,150,0.667
2023,3,MOT,AUS,TX,30423,14.0,140,0.714
2023,3,MOT,EWR,NJ,31703,14.0,140,0.643
2023,3,MOT,GRR,MI,31986,14.0,140,0.857
2023,3,MOT,MSY,LA,33495,14.0,140,0.643
2023,3,MOT,OMA,NE,33316,14.0,140,0.571
2023,3,MOT,CLE,OH,30647,13.0,130,0.769
2023,3,MOT,DSM,IA,31423,13.0,130,0.538
2023,3,MOT,IAD,VA,30852,13.0,130,0.615
2023,3,MOT,SFO,CA,32457,12.0,120,0.917
2023,3,MOT,FLL,FL,32467,11.0,110,0.545
2023,3,MOT,GEG,WA,31884,11.0,110,0.727
2023,3,MOT,RNO,NV,34570,11.0,110,0.818
2023,3,MOT,JAX,FL,31136,10.0,100,0.7
2023,3,MOT,MAF,TX,33158,10.0,100,0.4
2023,3,MOT,MSN,WI,33485,10.0,100,0.8
2023,3,MOT,OKC,OK,33851,10.0,100,0.8
2023,3,MOT,SNA,CA,32575,10.0,100,0.7
2023,3,MOT,BDL,CT,30529,9.0,90,0.778
2023,3,MOT,SDF,KY,33044,9.0,90,0.778
2023,3,MOT,TUL,OK,34653,9.0,90,0.556
2023,3,MOT,BFL,CA,30561,8.0,80,0.625
2023,3,MOT,CID,IA,31003,8.0,80,0.75
2023,3,MOT,HNL,HI,32134,8.0,80,0.625
2023,3,MOT,ONT,CA,32575,8.0,80,0.5
2023,3,MOT,SJC,CA,32457,8.0,80,0.625
2023,3,MOT,TUS,AZ,30436,8.0,80,0.375
2023,3,MOT,ANC,AK,30299,7.0,70,0.571
2023,3,MOT,EUG,OR,31603,7.0,70,0.857
2023,3,MOT,HSV,AL,30255,7.0,70,0.857
2023,3,MOT,ICT,KS,30928,7.0,70,0.429
2023,3,MOT,MDW,IL,30977,7.0,70,0.286
2023,3,MOT,MKE,WI,33342,7.0,70,0.857
2023,3,MOT,SAV,GA,34685,7.0,70,0.429
2023,3,MOT,COS,CO,30189,6.0,60,0.833
2023,3,MOT,ELP,TX,30615,6.0,60,0.333
2023,3,MOT,LFT,LA,32951,6.0,60,0.667
2023,3,MOT,MIA,FL,32467,6.0,60,0.167
2023,3,MOT,ORF,VA,33667,6.0,60,0.667
2023,3,MOT,TYS,TN,35412,6.0,60,0.667
2023,3,MOT,CHS,SC,30994,5.0,50,1.0
2023,3,MOT,FAT,CA,31638,5.0,50,0.4
2023,3,MOT,FSD,SD,31775,5.0,50,0.4
2023,3,MOT,GTF,MT,31895,5.0,50,0.4
2023,3,MOT,JAN,MS,32448,5.0,50,0.8
2023,3,MOT,MYR,SC,31135,5.0,50,0.6
2023,3,MOT,RIC,VA,34524,5.0,50,0.6
2023,3,MOT,RSW,FL,31714,5.0,50,1.0
2023,3,MOT,SGF,MO,34783,5.0,50,0.6
2023,3,MOT,BUF,NY,30792,4.0,40,1.0
2023,3,MOT,CAE,SC,30868,4.0,40,0.25
2023,3,MOT,CMH,OH,31066,4.0,40,0.5
2023,3,MOT,CRP,TX,31140,4.0,40,0.0
2023,3,MOT,ECP,FL,31481,4.0,40,1.0
2023,3,MOT,HRL,TX,32206,4.0,40,0.25
2023,3,MOT,MDT,PA,32070,4.0,40,0.5
2023,3,MOT,MFR,OR,33264,4.0,40,0.75
2023,3,MOT,MLI,IL,33367,4.0,40,0.5
2023,3,MOT,PWM,ME,34321,4.0,40,1.0
2023,3,MOT,SBA,CA,34689,4.0,40,0.75
2023,3,MOT,SBN,IN,34696,4.0,40,0.5
2023,3,MOT,SYR,NY,35096,4.0,40,0.5
2023,3,MOT,VPS,FL,31504,4.0,40,0.5
2023,3,MOT,ALB,NY,30257,3.0,30,0.667
2023,3,MOT,BHM,AL,30599,3.0,30,0.333
2023,3,MOT,BQN,PR,30732,3.0,30,0.333
2023,3,MOT,CIU,MI,31013,3.0,30,0.333
2023,3,MOT,DLH,MN,31337,3.0,30,1.0
2023,3,MOT,ESC,MI,31587,3.0,30,0.667
2023,3,MOT,FAI,AK,31517,3.0,30,0.333
2023,3,MOT,LBB,TX,32896,3.0,30,1.0
2023,3,MOT,LEX,KY,32945,3.0,30,0.667
2023,3,MOT,MSO,MT,33486,3.0,30,0.333
2023,3,MOT,PSP,CA,34262,3.0,30,0.667
2023,3,MOT,ROC,NY,34576,3.0,30,1.0
2023,3,MOT,VEL,UT,35582,3.0,30,0.667
2023,3,MOT,VLD,GA,35550,3.0,30,1.0
2023,3,MOT,AEX,LA,30185,2.0,20,0.0
2023,3,MOT,AGS,GA,30208,2.0,20,0.5
2023,3,MOT,BIL,MT,30620,2.0,20,0.0
2023,3,MOT,BTR,LA,30781,2.0,20,1.0
2023,3,MOT,DRO,CO,30285,2.0,20,1.0
2023,3,MOT,GJT,CO,31921,2.0,20,0.0
2023,3,MOT,GPT,MS,31973,2.0,20,0.0
2023,3,MOT,GTR,MS,30894,2.0,20,1.0
2023,3,MOT,ILM,NC,32323,2.0,20,0.0
2023,3,MOT,JFK,NY,31703,2.0,20,0.5
2023,3,MOT,PNS,FL,33728,2.0,20,0.5
2023,3,MOT,PVD,RI,30721,2.0,20,1.0
2023,3,MOT,RDM,OR,34489,2.0,20,0.5
2023,3,MOT,SBP,CA,34236,2.0,20,1.0
2023,3,MOT,SGU,UT,34794,2.0,20,1.0
2023,3,MOT,AMA,TX,30279,1.0,10,0.0
2023,3,MOT,ASE,CO,30372,1.0,10,1.0
2023,3,MOT,ATW,WI,30408,1.0,10,0.0
2023,3,MOT,AVL,NC,30431,1.0,10,1.0
2023,3,MOT,BFF,NE,30558,1.0,10,0.0
2023,3,MOT,BGM,NY,30577,1.0,10,1.0
2023,3,MOT,BUR,CA,32575,1.0,10,0.0
2023,3,MOT,BZN,MT,30849,1.0,10,1.0
2023,3,MOT,CDC,UT,30918,1.0,10,1.0
2023,3,MOT,CEZ,CO,30950,1.0,10,0.0
2023,3,MOT,CHA,TN,30980,1.0,10,0.0
2023,3,MOT,CRW,WV,31146,1.0,10,1.0
2023,3,MOT,CVN,NM,31197,1.0,10,1.0
2023,3,MOT,CYS,WY,31233,1.0,10,1.0
2023,3,MOT,DAB,FL,31252,1.0,10,1.0
2023,3,MOT,DDC,KS,31283,1.0,10,1.0
2023,3,MOT,DVL,ND,31447,1.0,10,0.0
2023,3,MOT,EAR,NE,31468,1.0,10,0.0
2023,3,MOT,FAY,NC,31641,1.0,10,1.0
2023,3,MOT,FNT,MI,31721,1.0,10,0.0
2023,3,MOT,FWA,IN,31823,1.0,10,0.0
2023,3,MOT,GRB,WI,31977,1.0,10,0.0
2023,3,MOT,HLN,MT,32156,1.0,10,1.0
2023,3,MOT,IDA,ID,32280,1.0,10,1.0
2023,3,MOT,JAC,WY,32441,1.0,10,1.0
2023,3,MOT,JNU,AK,32523,1.0,10,0.0
2023,3,MOT,LIT,AR,32600,1.0,10,0.0
2023,3,MOT,LNK,NE,33029,1.0,10,0.0
2023,3,MOT,MFE,TX,33256,1.0,10,1.0
2023,3,MOT,MLB,FL,33360,1.0,10,1.0
2023,3,MOT,MOB,AL,30562,1.0,10,1.0
2023,3,MOT,MRY,CA,34922,1.0,10,1.0
2023,3,MOT,MTJ,CO,33502,1.0,10,0.0
2023,3,MOT,OAJ,NC,33795,1.0,10,1.0
2023,3,MOT,PBI,FL,34027,1.0,10,1.0
2023,3,MOT,PSC,WA,34252,1.0,10,1.0
2023,3,MOT,RIW,WY,34534,1.0,10,1.0
2023,3,MOT,ROA,VA,34574,1.0,10,0.0
2023,3,MOT,RST,MN,32547,1.0,10,0.0
2023,3,MOT,SCC,AK,30073,1.0,10,0.0
2023,3,MOT,SJU,PR,34819,1.0,10,0.0
2023,3,MOT,SRQ,FL,34986,1.0,10,1.0
2023,3,MOT,TLH,FL,35249,1.0,10,1.0
2023,3,MOT,TRI,TN,35323,1.0,10,0.0
2023,3,MOT,TVC,MI,35380,1.0,10,0.0
2023,3,MOT,XNA,AR,31834,1.0,10,0.0
2023,3,MOT,XWA,ND,32389,1.0,10,0.0
2023,4,BIS,AZA,AZ,30466,365.0,3650,0.444
2023,4,BIS,MSP,MN,31650,234.0,2340,0.748
2023,4,BIS,DEN,CO,30325,202.0,2020,0.733
2023,4,BIS,LAS,NV,32211,158.0,1580,0.323
2023,4,BIS,DFW,TX,30194,105.0,1050,0.619
2023,4,BIS,IAH,TX,31453,64.0,640,0.625
2023,4,BIS,SFB,FL,34761,56.0,560,0.393
2023,4,BIS,PHX,AZ,30466,53.0,530,0.566
2023,4,BIS,SEA,WA,30559,49.0,490,0.592
2023,4,BIS,ATL,GA,30397,45.0,450,0.711
2023,4,BIS,ORD,IL,30977,45.0,450,0.667
2023,4,BIS,PDX,OR,34057,44.0,440,0.636
2023,4,BIS,SLC,UT,34614,44.0,440,0.545
2023,4,BIS,MCI,MO,33198,35.0,350,0.629
2023,4,BIS,LAX,CA,32575,33.0,330,0.667
2023,4,BIS,MCO,FL,31454,33.0,330,0.455
2023,4,BIS,STL,MO,31123,32.0,320,0.656
2023,4,BIS,SAN,CA,33570,30.0,300,0.633
2023,4,BIS,SFO,CA,32457,30.0,300,0.567
2023,4,BIS,SAT,TX,33214,28.0,280,0.786
2023,4,BIS,BOS,MA,30721,27.0,270,0.704
2023,4,BIS,SMF,CA,33192,27.0,270,0.889
2023,4,BIS,AUS,TX,30423,26.0,260,0.423
2023,4,BIS,DCA,VA,30852,24.0,240,0.708
2023,4,BIS,BNA,TN,30693,23.0,230,0.739
2023,4,BIS,EWR,NJ,31703,23.0,230,0.435
2023,4,BIS,IND,IN,32337,23.0,230,0.783
2023,4,BIS,CLT,NC,31057,22.0,220,0.864
2023,4,BIS,DTW,MI,31295,22.0,220,0.682
2023,4,BIS,LGA,NY,31703,22.0,220,0.227
2023,4,BIS,OMA,NE,33316,22.0,220,0.727
2023,4,BIS,RDU,NC,34492,21.0,210,0.619
2023,4,BIS,TPA,FL,33195,21.0,210,0.571
2023,4,BIS,IAD,VA,30852,20.0,200,0.7
2023,4,BIS,TUL,OK,34653,20.0,200,0.75
2023,4,BIS,MSY,LA,33495,19.0,190,0.421
2023,4,BIS,PHL,PA,34100,19.0,190,0.895
2023,4,BIS,FLL,FL,32467,18.0,180,0.444
2023,4,BIS,GRR,MI,31986,18.0,180,0.944
2023,4,BIS,JAX,FL,31136,18.0,180,0.5
2023,4,BIS,MKE,WI,33342,17.0,170,0.824
2023,4,BIS,SNA,CA,32575,17.0,170,0.529
2023,4,BIS,BWI,MD,30852,16.0,160,0.75
2023,4,BIS,MIA,FL,32467,16.0,160,0.062
2023,4,BIS,OKC,OK,33851,16.0,160,0.625
2023,4,BIS,ONT,CA,32575,16.0,160,0.75
2023,4,BIS,MEM,TN,33244,15.0,150,0.733
2023,4,BIS,BOI,ID,30713,14.0,140,0.714
2023,4,BIS,MAF,TX,33158,13.0,130,0.615
2023,4,BIS,BDL,CT,30529,12.0,120,0.833
2023,4,BIS,GEG,WA,31884,12.0,120,0.667
2023,4,BIS,PIT,PA,30198,12.0,120,0.667
2023,4,BIS,RIC,VA,34524,12.0,120,0.667
2023,4,BIS,RSW,FL,31714,12.0,120,0.417
2023,4,BIS,SJC,CA,32457,12.0,120,0.75
2023,4,BIS,ANC,AK,30299,11.0,110,0.636
2023,4,BIS,CVG,KY,33105,11.0,110,0.727
2023,4,BIS,SDF,KY,33044,10.0,100,0.7
2023,4,BIS,ABQ,NM,30140,9.0,90,0.778
2023,4,BIS,CLE,OH,30647,9.0,90,0.667
2023,4,BIS,EUG,OR,31603,9.0,90,0.444
2023,4,BIS,SJU,PR,34819,9.0,90,0.333
2023,4,BIS,CMH,OH,31066,8.0,80,0.75
2023,4,BIS,ELP,TX,30615,8.0,80,0.625
2023,4,BIS,GRB,WI,31977,8.0,80,0.625
2023,4,BIS,LIT,AR,32600,8.0,80,0.75
2023,4,BIS,MSN,WI,33485,8.0,80,0.75
2023,4,BIS,PBI,FL,34027,8.0,80,0.25
2023,4,BIS,TUS,AZ,30436,8.0,80,0.625
2023,4,BIS,CAE,SC,30868,7.0,70,0.857
2023,4,BIS,COS,CO,30189,7.0,70,0.857
2023,4,BIS,DSM,IA,31423,7.0,70,0.714
2023,4,BIS,LNK,NE,33029,7.0,70,0.857
2023,4,BIS,MFE,TX,33256,7.0,70,0.286
2023,4,BIS,MFR,OR,33264,7.0,70,1.0
2023,4,BIS,MSO,MT,33486,7.0,70,0.857
2023,4,BIS,PWM,ME,34321,7.0,70,0.857
2023,4,BIS,RDM,OR,34489,7.0,70,0.714
2023,4,BIS,SAV,GA,34685,7.0,70,0.571
2023,4,BIS,BFL,CA,30561,6.0,60,0.833
2023,4,BIS,BHM,AL,30599,6.0,60,0.5
2023,4,BIS,CHS,SC,30994,6.0,60,0.167
2023,4,BIS,FAT,CA,31638,6.0,60,0.333
2023,4,BIS,ICT,KS,30928,6.0,60,0.667
2023,4,BIS,LFT,LA,32951,6.0,60,0.333
2023,4,BIS,PNS,FL,33728,6.0,60,0.833
2023,4,BIS,SGF,MO,34783,6.0,60,0.5
2023,4,BIS,SYR,NY,35096,6.0,60,0.5
2023,4,BIS,BTR,LA,30781,5.0,50,0.6
2023,4,BIS,ECP,FL,31481,5.0,50,0.2
2023,4,BIS,FCA,MT,31648,5.0,50,0.8
2023,4,BIS,GSP,SC,31871,5.0,50,0.6
2023,4,BIS,HNL,HI,32134,5.0,50,0.0
2023,4,BIS,HSV,AL,30255,5.0,50,0.2
2023,4,BIS,JFK,NY,31703,5.0,50,0.2
2023,4,BIS,MDT,PA,32070,5.0,50,0.4
2023,4,BIS,MDW,IL,30977,5.0,50,0.4
2023,4,BIS,PSC,WA,34252,5.0,50,0.4
2023,4,BIS,PSP,CA,34262,5.0,50,0.2
2023,4,BIS,SBN,IN,34696,5.0,50,0.6
2023,4,BIS,AEX,LA,30185,4.0,40,0.0
2023,4,BIS,BUF,NY,30792,4.0,40,0.5
2023,4,BIS,BZN,MT,30849,4.0,40,1.0
2023,4,BIS,CID,IA,31003,4.0,40,0.75
2023,4,BIS,GJT,CO,31921,4.0,40,1.0
2023,4,BIS,HOU,TX,31453,4.0,40,0.5
2023,4,BIS,HRL,TX,32206,4.0,40,0.5
2023,4,BIS,ILM,NC,32323,4.0,40,0.5
2023,4,BIS,JAN,MS,32448,4.0,40,0.25
2023,4,BIS,LBB,TX,32896,4.0,40,0.75
2023,4,BIS,MYR,SC,31135,4.0,40,0.25
2023,4,BIS,RNO,NV,34570,4.0,40,0.5
2023,4,BIS,SHV,LA,30476,4.0,40,0.0
2023,4,BIS,TYS,TN,35412,4.0,40,0.75
2023,4,BIS,VEL,UT,35582,4.0,40,0.75
2023,4,BIS,AGS,GA,30208,3.0,30,1.0
2023,4,BIS,ALB,NY,30257,3.0,30,0.667
2023,4,BIS,BGR,ME,30581,3.0,30,0.333
2023,4,BIS,BUR,CA,32575,3.0,30,0.333
2023,4,BIS,FAY,NC,31641,3.0,30,0.333
2023,4,BIS,FWA,IN,31823,3.0,30,0.333
2023,4,BIS,GPT,MS,31973,3.0,30,0.667
2023,4,BIS,GSO,NC,31995,3.0,30,0.333
2023,4,BIS,GTF,MT,31895,3.0,30,1.0
2023,4,BIS,HDN,CO,34699,3.0,30,1.0
2023,4,BIS,LCH,LA,31205,3.0,30,0.333
2023,4,BIS,LEX,KY,32945,3.0,30,0.667
2023,4,BIS,LIH,HI,32982,3.0,30,0.333
2023,4,BIS,ORF,VA,33667,3.0,30,1.0
2023,4,BIS,RAP,SD,34457,3.0,30,0.333
2023,4,BIS,ROC,NY,34576,3.0,30,0.333
2023,4,BIS,RST,MN,32547,3.0,30,0.0
2023,4,BIS,TLH,FL,35249,3.0,30,0.667
2023,4,BIS,YUM,AZ,33785,3.0,30,0.667
2023,4,BIS,AMA,TX,30279,2.0,20,0.0
2023,4,BIS,AVP,PA,30434,2.0,20,0.5
2023,4,BIS,BIL,MT,30620,2.0,20,1.0
2023,4,BIS,DRO,CO,30285,2.0,20,0.5
2023,4,BIS,FAI,AK,31517,2.0,20,0.5
2023,4,BIS,GCC,WY,31865,2.0,20,0.5
2023,4,BIS,GRK,TX,31982,2.0,20,1.0
2023,4,BIS,HLN,MT,32156,2.0,20,0.5
2023,4,BIS,HOB,NM,32177,2.0,20,0.5
2023,4,BIS,IDA,ID,32280,2.0,20,0.5
2023,4,BIS,JAC,WY,32441,2.0,20,0.5
2023,4,BIS,KOA,HI,32758,2.0,20,0.5
2023,4,BIS,MGM,AL,33277,2.0,20,0.5
2023,4,BIS,MOB,AL,30562,2.0,20,0.0
2023,4,BIS,SAF,NM,34674,2.0,20,1.0
2023,4,BIS,SBA,CA,34689,2.0,20,0.5
2023,4,BIS,SBP,CA,34236,2.0,20,1.0
2023,4,BIS,SGU,UT,34794,2.0,20,1.0
2023,4,BIS,SUX,IA,35048,2.0,20,0.5
2023,4,BIS,SWO,OK,35074,2.0,20,1.0
2023,4,BIS,TRI,TN,35323,2.0,20,0.5
2023,4,BIS,VPS,FL,31504,2.0,20,0.5
2023,4,BIS,ABI,TX,30136,1.0,10,0.0
2023,4,BIS,ASE,CO,30372,1.0,10,1.0
2023,4,BIS,ATW,WI,30408,1.0,10,1.0
2023,4,BIS,BMI,IL,30685,1.0,10,1.0
2023,4,BIS,BTV,VT,30785,1.0,10,1.0
2023,4,BIS,CHA,TN,30980,1.0,10,1.0
2023,4,BIS,CMI,IL,31067,1.0,10,1.0
2023,4,BIS,CNY,UT,31092,1.0,10,0.0
2023,4,BIS,COD,WY,31097,1.0,10,1.0
2023,4,BIS,COU,MO,32474,1.0,10,1.0
2023,4,BIS,CYS,WY,31233,1.0,10,1.0
2023,4,BIS,EVV,IN,31612,1.0,10,1.0
2023,4,BIS,FSM,AR,31778,1.0,10,0.0
2023,4,BIS,GNV,FL,31953,1.0,10,1.0
2023,4,BIS,GUM,TT,32016,1.0,10,0.0
2023,4,BIS,LAR,WY,32888,1.0,10,1.0
2023,4,BIS,LAW,OK,32891,1.0,10,0.0
2023,4,BIS,LBL,KS,32902,1.0,10,0.0
2023,4,BIS,LWS,ID,33127,1.0,10,1.0
2023,4,BIS,MHT,NH,30721,1.0,10,1.0
2023,4,BIS,MLI,IL,33367,1.0,10,1.0
2023,4,BIS,OGG,HI,33830,1.0,10,0.0
2023,4,BIS,PIA,IL,34108,1.0,10,1.0
2023,4,BIS,RKS,WY,34543,1.0,10,1.0
2023,4,BIS,SRQ,FL,34986,1.0,10,1.0
2023,4,BIS,STX,VI,34992,1.0,10,0.0
2023,4,BIS,SUN,ID,35041,1.0,10,1.0
2023,4,BIS,TWF,ID,35389,1.0,10,1.0
2023,4,BIS,TXK,AR,35401,1.0,10,0.0
2023,4,BIS,XNA,AR,31834,1.0,10,0.0
2023,4,DIK,DEN,CO,30325,52.0,520,0.865
2023,4,DIK,IAH,TX,31453,30.0,300,0.933
2023,4,DIK,DFW,TX,30194,21.0,210,0.667
2023,4,DIK,SLC,UT,34614,14.0,140,0.857
2023,4,DIK,LAX,CA,32575,8.0,80,0.625
2023,4,DIK,OKC,OK,33851,8.0,80,0.25
2023,4,DIK,PHX,AZ,30466,8.0,80,0.875
2023,4,DIK,SMF,CA,33192,8.0,80,0.75
2023,4,DIK,PDX,OR,34057,7.0,70,0.857
2023,4,DIK,TUL,OK,34653,7.0,70,0.857
2023,4,DIK,GEG,WA,31884,6.0,60,0.5
2023,4,DIK,LAS,NV,32211,6.0,60,0.667
2023,4,DIK,PIT,PA,30198,6.0,60,0.667
2023,4,DIK,SAT,TX,33214,6.0,60,0.5
2023,4,DIK,SEA,WA,30559,6.0,60,0.667
2023,4,DIK,ABQ,NM,30140,5.0,50,0.8
2023,4,DIK,AUS,TX,30423,5.0,50,0.6
2023,4,DIK,ORD,IL,30977,5.0,50,0.6
2023,4,DIK,SFO,CA,32457,5.0,50,1.0
2023,4,DIK,BOI,ID,30713,4.0,40,0.5
2023,4,DIK,COS,CO,30189,4.0,40,1.0
2023,4,DIK,EWR,NJ,31703,4.0,40,0.5
2023,4,DIK,GJT,CO,31921,4.0,40,0.75
2023,4,DIK,MAF,TX,33158,4.0,40,0.5
2023,4,DIK,MCI,MO,33198,4.0,40,0.75
2023,4,DIK,MSY,LA,33495,4.0,40,0.75
2023,4,DIK,RNO,NV,34570,4.0,40,1.0
2023,4,DIK,SAN,CA,33570,4.0,40,0.75
2023,4,DIK,BFL,CA,30561,3.0,30,0.0
2023,4,DIK,IAD,VA,30852,3.0,30,1.0
2023,4,DIK,MSP,MN,31650,3.0,30,0.333
2023,4,DIK,ONT,CA,32575,3.0,30,0.667
2023,4,DIK,ATL,GA,30397,2.0,20,0.5
2023,4,DIK,CLT,NC,31057,2.0,20,1.0
2023,4,DIK,CPR,WY,31122,2.0,20,0.5
2023,4,DIK,DRO,CO,30285,2.0,20,0.5
2023,4,DIK,FLL,FL,32467,2.0,20,0.0
2023,4,DIK,HNL,HI,32134,2.0,20,0.0
2023,4,DIK,ICT,KS,30928,2.0,20,0.5
2023,4,DIK,MFR,OR,33264,2.0,20,0.5
2023,4,DIK,MKE,WI,33342,2.0,20,0.0
2023,4,DIK,OMA,NE,33316,2.0,20,1.0
2023,4,DIK,PNS,FL,33728,2.0,20,1.0
2023,4,DIK,PSP,CA,34262,2.0,20,0.5
2023,4,DIK,SNA,CA,32575,2.0,20,1.0
2023,4,DIK,TUS,AZ,30436,2.0,20,0.5
2023,4,DIK,ALB,NY,30257,1.0,10,1.0
2023,4,DIK,AVP,PA,30434,1.0,10,0.0
2023,4,DIK,BHM,AL,30599,1.0,10,0.0
2023,4,DIK,BIL,MT,30620,1.0,10,1.0
2023,4,DIK,BNA,TN,30693,1.0,10,1.0
2023,4,DIK,BOS,MA,30721,1.0,10,1.0
2023,4,DIK,BUF,NY,30792,1.0,10,0.0
2023,4,DIK,BWI,MD,30852,1.0,10,1.0
2023,4,DIK,BZN,MT,30849,1.0,10,0.0
2023,4,DIK,CAE,SC,30868,1.0,10,1.0
2023,4,DIK,DAY,OH,31267,1.0,10,0.0
2023,4,DIK,DTW,MI,31295,1.0,10,0.0
2023,4,DIK,EUG,OR,31603,1.0,10,1.0
2023,4,DIK,FCA,MT,31648,1.0,10,0.0
2023,4,DIK,GSO,NC,31995,1.0,10,1.0
2023,4,DIK,HDN,CO,34699,1.0,10,1.0
2023,4,DIK,HLN,MT,32156,1.0,10,1.0
2023,4,DIK,HOB,NM,32177,1.0,10,1.0
2023,4,DIK,HPN,NY,31703,1.0,10,1.0
2023,4,DIK,ILM,NC,32323,1.0,10,1.0
2023,4,DIK,LBB,TX,32896,1.0,10,1.0
2023,4,DIK,LFT,LA,32951,1.0,10,0.0
2023,4,DIK,LIT,AR,32600,1.0,10,1.0
2023,4,DIK,MIA,FL,32467,1.0,10,1.0
2023,4,DIK,MRY,CA,34922,1.0,10,0.0
2023,4,DIK,PHL,PA,34100,1.0,10,1.0
2023,4,DIK,RDM,OR,34489,1.0,10,1.0
2023,4,DIK,RDU,NC,34492,1.0,10,0.0
2023,4,DIK,RSW,FL,31714,1.0,10,1.0
2023,4,DIK,SAV,GA,34685,1.0,10,1.0
2023,4,DIK,SBA,CA,34689,1.0,10,1.0
2023,4,DIK,SBP,CA,34236,1.0,10,1.0
2023,4,DIK,SGF,MO,34783,1.0,10,0.0
2023,4,DIK,SGU,UT,34794,1.0,10,0.0
2023,4,DIK,SHV,LA,30476,1.0,10,1.0
2023,4,DIK,SJC,CA,32457,1.0,10,0.0
2023,4,DIK,STL,MO,31123,1.0,10,1.0
2023,4,DIK,SUN,ID,35041,1.0,10,1.0
2023,4,DIK,TPA,FL,33195,1.0,10,1.0
2023,4,DIK,TYS,TN,35412,1.0,10,0.0
2023,4,DIK,VEL,UT,35582,1.0,10,1.0
2023,4,DIK,XWA,ND,32389,1.0,10,0.0
2023,4,FAR,AZA,AZ,30466,548.0,5480,0.529
2023,4,FAR,DEN,CO,30325,457.0,4570,0.731
2023,4,FAR,ORD,IL,30977,381.0,3810,0.546
2023,4,FAR,LAS,NV,32211,217.0,2170,0.263
2023,4,FAR,DFW,TX,30194,210.0,2100,0.705
2023,4,FAR,BNA,TN,30693,181.0,1810,0.541
2023,4,FAR,PHX,AZ,30466,148.0,1480,0.399
2023,4,FAR,MSP,MN,31650,123.0,1230,0.545
2023,4,FAR,SEA,WA,30559,107.0,1070,0.692
2023,4,FAR,ATL,GA,30397,106.0,1060,0.698
2023,4,FAR,IAH,TX,31453,87.0,870,0.586
2023,4,FAR,LAX,CA,32575,81.0,810,0.543
2023,4,FAR,PDX,OR,34057,81.0,810,0.605
2023,4,FAR,SAN,CA,33570,72.0,720,0.639
2023,4,FAR,SLC,UT,34614,72.0,720,0.694
2023,4,FAR,RDU,NC,34492,70.0,700,0.714
2023,4,FAR,STL,MO,31123,67.0,670,0.731
2023,4,FAR,CLT,NC,31057,62.0,620,0.677
2023,4,FAR,DCA,VA,30852,59.0,590,0.525
2023,4,FAR,SFB,FL,34761,56.0,560,0.446
2023,4,FAR,DTW,MI,31295,55.0,550,0.764
2023,4,FAR,PHL,PA,34100,55.0,550,0.582
2023,4,FAR,EWR,NJ,31703,54.0,540,0.593
2023,4,FAR,BWI,MD,30852,52.0,520,0.635
2023,4,FAR,AUS,TX,30423,51.0,510,0.706
2023,4,FAR,SMF,CA,33192,51.0,510,0.686
2023,4,FAR,TPA,FL,33195,51.0,510,0.471
2023,4,FAR,BOS,MA,30721,48.0,480,0.625
2023,4,FAR,MCO,FL,31454,48.0,480,0.438
2023,4,FAR,SAT,TX,33214,47.0,470,0.553
2023,4,FAR,SFO,CA,32457,47.0,470,0.66
2023,4,FAR,MCI,MO,33198,46.0,460,0.522
2023,4,FAR,PIT,PA,30198,41.0,410,0.585
2023,4,FAR,IND,IN,32337,40.0,400,0.575
2023,4,FAR,LGA,NY,31703,38.0,380,0.421
2023,4,FAR,RSW,FL,31714,38.0,380,0.5
2023,4,FAR,CLE,OH,30647,37.0,370,0.676
2023,4,FAR,SNA,CA,32575,37.0,370,0.622
2023,4,FAR,BOI,ID,30713,36.0,360,0.639
2023,4,FAR,ONT,CA,32575,36.0,360,0.389
2023,4,FAR,PIE,FL,33195,34.0,340,0.382
2023,4,FAR,MIA,FL,32467,33.0,330,0.364
2023,4,FAR,COS,CO,30189,30.0,300,0.7
2023,4,FAR,GRR,MI,31986,30.0,300,0.7
2023,4,FAR,ORF,VA,33667,27.0,270,0.63
2023,4,FAR,CVG,KY,33105,26.0,260,0.577
2023,4,FAR,MKE,WI,33342,26.0,260,0.615
2023,4,FAR,CMH,OH,31066,25.0,250,0.56
2023,4,FAR,FLL,FL,32467,25.0,250,0.24
2023,4,FAR,RIC,VA,34524,25.0,250,0.6
2023,4,FAR,SAV,GA,34685,25.0,250,0.48
2023,4,FAR,JAX,FL,31136,24.0,240,0.625
2023,4,FAR,OKC,OK,33851,24.0,240,0.417
2023,4,FAR,DSM,IA,31423,23.0,230,0.609
2023,4,FAR,ELP,TX,30615,23.0,230,0.435
2023,4,FAR,SDF,KY,33044,23.0,230,0.435
2023,4,FAR,GSP,SC,31871,22.0,220,0.591
2023,4,FAR,HNL,HI,32134,22.0,220,0.455
2023,4,FAR,ANC,AK,30299,21.0,210,0.667
2023,4,FAR,BDL,CT,30529,21.0,210,0.667
2023,4,FAR,CHS,SC,30994,21.0,210,0.714
2023,4,FAR,GEG,WA,31884,21.0,210,0.81
2023,4,FAR,IAD,VA,30852,21.0,210,0.81
2023,4,FAR,MSN,WI,33485,21.0,210,0.762
2023,4,FAR,OMA,NE,33316,21.0,210,0.524
2023,4,FAR,BZN,MT,30849,20.0,200,0.75
2023,4,FAR,JFK,NY,31703,20.0,200,0.35
2023,4,FAR,RNO,NV,34570,20.0,200,0.8
2023,4,FAR,MEM,TN,33244,19.0,190,0.737
2023,4,FAR,ABQ,NM,30140,18.0,180,0.833
2023,4,FAR,SJC,CA,32457,18.0,180,0.667
2023,4,FAR,EUG,OR,31603,17.0,170,0.765
2023,4,FAR,MSO,MT,33486,17.0,170,0.412
2023,4,FAR,CID,IA,31003,16.0,160,0.5
2023,4,FAR,GSO,NC,31995,16.0,160,0.812
2023,4,FAR,PBI,FL,34027,16.0,160,0.375
2023,4,FAR,TUS,AZ,30436,16.0,160,0.5
2023,4,FAR,FAT,CA,31638,15.0,150,0.533
2023,4,FAR,LIT,AR,32600,15.0,150,0.6
2023,4,FAR,TUL,OK,34653,15.0,150,0.6
2023,4,FAR,TYS,TN,35412,15.0,150,0.8
2023,4,FAR,MDT,PA,32070,14.0,140,0.857
2023,4,FAR,BIL,MT,30620,13.0,130,0.462
2023,4,FAR,PSC,WA,34252,13.0,130,0.846
2023,4,FAR,PSP,CA,34262,13.0,130,0.615
2023,4,FAR,PWM,ME,34321,13.0,130,0.615
2023,4,FAR,GFK,ND,31898,11.0,110,0.0
2023,4,FAR,MFR,OR,33264,11.0,110,0.727
2023,4,FAR,BUF,NY,30792,10.0,100,0.6
2023,4,FAR,CRP,TX,31140,10.0,100,0.8
2023,4,FAR,DAY,OH,31267,10.0,100,0.8
2023,4,FAR,FCA,MT,31648,10.0,100,0.8
2023,4,FAR,MFE,TX,33256,10.0,100,0.6
2023,4,FAR,PNS,FL,33728,10.0,100,0.2
2023,4,FAR,XNA,AR,31834,10.0,100,0.5
2023,4,FAR,BHM,AL,30599,9.0,90,0.556
2023,4,FAR,CHA,TN,30980,9.0,90,0.444
2023,4,FAR,FWA,IN,31823,9.0,90,0.889
2023,4,FAR,MYR,SC,31135,9.0,90,0.333
2023,4,FAR,RAP,SD,34457,9.0,90,0.556
2023,4,FAR,SJU,PR,34819,9.0,90,0.333
2023,4,FAR,SYR,NY,35096,9.0,90,0.556
2023,4,FAR,VPS,FL,31504,9.0,90,0.778
2023,4,FAR,CAE,SC,30868,8.0,80,0.625
2023,4,FAR,ICT,KS,30928,8.0,80,1.0
2023,4,FAR,MDW,IL,30977,8.0,80,0.25
2023,4,FAR,MSY,LA,33495,8.0,80,0.625
2023,4,FAR,ROC,NY,34576,8.0,80,0.625
2023,4,FAR,SBN,IN,34696,8.0,80,0.875
2023,4,FAR,SHV,LA,30476,8.0,80,0.25
2023,4,FAR,SRQ,FL,34986,8.0,80,0.25
2023,4,FAR,TLH,FL,35249,8.0,80,0.75
2023,4,FAR,ALB,NY,30257,7.0,70,0.714
2023,4,FAR,BFL,CA,30561,7.0,70,0.571
2023,4,FAR,BTV,VT,30785,7.0,70,0.857
2023,4,FAR,GTF,MT,31895,7.0,70,0.714
2023,4,FAR,LBB,TX,32896,7.0,70,0.571
2023,4,FAR,MLI,IL,33367,7.0,70,0.429
2023,4,FAR,PIA,IL,34108,7.0,70,1.0
2023,4,FAR,RDM,OR,34489,7.0,70,0.714
2023,4,FAR,ROA,VA,34574,7.0,70,0.714
2023,4,FAR,SGF,MO,34783,7.0,70,0.714
2023,4,FAR,TVC,MI,35380,7.0,70,0.714
2023,4,FAR,ATW,WI,30408,6.0,60,1.0
2023,4,FAR,BTR,LA,30781,6.0,60,0.5
2023,4,FAR,BUR,CA,32575,6.0,60,0.5
2023,4,FAR,ECP,FL,31481,6.0,60,1.0
2023,4,FAR,GJT,CO,31921,6.0,60,0.833
2023,4,FAR,HRL,TX,32206,6.0,60,0.167
2023,4,FAR,HSV,AL,30255,6.0,60,0.833
2023,4,FAR,JAN,MS,32448,6.0,60,0.5
2023,4,FAR,LFT,LA,32951,6.0,60,0.667
2023,4,FAR,TRI,TN,35323,6.0,60,0.833
2023,4,FAR,CPR,WY,31122,5.0,50,0.6
2023,4,FAR,CRW,WV,31146,5.0,50,0.8
2023,4,FAR,FAI,AK,31517,5.0,50,0.4
2023,4,FAR,FNT,MI,31721,5.0,50,0.6
2023,4,FAR,HLN,MT,32156,5.0,50,0.8
2023,4,FAR,LEX,KY,32945,5.0,50,0.2
2023,4,FAR,SBA,CA,34689,5.0,50,0.4
2023,4,FAR,SBP,CA,34236,5.0,50,0.2
2023,4,FAR,AVL,NC,30431,4.0,40,0.25
2023,4,FAR,BGR,ME,30581,4.0,40,0.0
2023,4,FAR,EYW,FL,31624,4.0,40,0.25
2023,4,FAR,GRB,WI,31977,4.0,40,0.25
2023,4,FAR,HOU,TX,31453,4.0,40,0.75
2023,4,FAR,HPN,NY,31703,4.0,40,0.0
2023,4,FAR,ILM,NC,32323,4.0,40,1.0
2023,4,FAR,MAF,TX,33158,4.0,40,0.75
2023,4,FAR,SGU,UT,34794,4.0,40,0.25
2023,4,FAR,SJT,TX,34842,4.0,40,0.75
2023,4,FAR,SPI,IL,34952,4.0,40,1.0
2023,4,FAR,AEX,LA,30185,3.0,30,0.667
2023,4,FAR,AMA,TX,30279,3.0,30,0.667
2023,4,FAR,BMI,IL,30685,3.0,30,1.0
2023,4,FAR,COU,MO,32474,3.0,30,0.333
2023,4,FAR,DRO,CO,30285,3.0,30,0.667
2023,4,FAR,FSD,SD,31775,3.0,30,0.333
2023,4,FAR,IDA,ID,32280,3.0,30,0.333
2023,4,FAR,JAC,WY,32441,3.0,30,0.333
2023,4,FAR,MBS,MI,33184,3.0,30,0.667
2023,4,FAR,TYR,TX,35411,3.0,30,0.333
2023,4,FAR,ABE,PA,30135,2.0,20,0.5
2023,4,FAR,ABI,TX,30136,2.0,20,1.0
2023,4,FAR,AVP,PA,30434,2.0,20,0.0
2023,4,FAR,AZO,MI,30469,2.0,20,1.0
2023,4,FAR,BRO,TX,30747,2.0,20,0.0
2023,4,FAR,CIU,MI,31013,2.0,20,1.0
2023,4,FAR,CWA,WI,30424,2.0,20,0.5
2023,4,FAR,DAB,FL,31252,2.0,20,1.0
2023,4,FAR,ELM,NY,31537,2.0,20,1.0
2023,4,FAR,EVV,IN,31612,2.0,20,0.0
2023,4,FAR,FAY,NC,31641,2.0,20,1.0
2023,4,FAR,GCC,WY,31865,2.0,20,0.0
2023,4,FAR,INL,MN,32343,2.0,20,1.0
2023,4,FAR,LAN,MI,32884,2.0,20,0.5
2023,4,FAR,LRD,TX,33038,2.0,20,0.5
2023,4,FAR,MHT,NH,30721,2.0,20,1.0
2023,4,FAR,MTJ,CO,33502,2.0,20,0.5
2023,4,FAR,OWB,KY,33983,2.0,20,0.5
2023,4,FAR,YUM,AZ,33785,2.0,20,1.0
2023,4,FAR,ACT,TX,30155,1.0,10,0.0
2023,4,FAR,ACV,CA,30157,1.0,10,0.0
2023,4,FAR,ALO,IA,30268,1.0,10,0.0
2023,4,FAR,APN,MI,30333,1.0,10,1.0
2023,4,FAR,ASE,CO,30372,1.0,10,0.0
2023,4,FAR,BGM,NY,30577,1.0,10,1.0
2023,4,FAR,CAK,OH,30647,1.0,10,1.0
2023,4,FAR,CLL,TX,31049,1.0,10,0.0
2023,4,FAR,COD,WY,31097,1.0,10,1.0
2023,4,FAR,CSG,GA,31150,1.0,10,0.0
2023,4,FAR,CYS,WY,31233,1.0,10,1.0
2023,4,FAR,DEC,IL,31288,1.0,10,1.0
2023,4,FAR,EAR,NE,31468,1.0,10,1.0
2023,4,FAR,EGE,CO,31503,1.0,10,1.0
2023,4,FAR,EWN,NC,31617,1.0,10,0.0
2023,4,FAR,FLG,AZ,31695,1.0,10,0.0
2023,4,FAR,FSM,AR,31778,1.0,10,0.0
2023,4,FAR,GNV,FL,31953,1.0,10,0.0
2023,4,FAR,GPT,MS,31973,1.0,10,1.0
2023,4,FAR,HDN,CO,34699,1.0,10,0.0
2023,4,FAR,IMT,MI,32335,1.0,10,1.0
2023,4,FAR,JMS,ND,32519,1.0,10,0.0
2023,4,FAR,KTN,AK,31401,1.0,10,1.0
2023,4,FAR,LBL,KS,32902,1.0,10,1.0
2023,4,FAR,LCH,LA,31205,1.0,10,1.0
2023,4,FAR,LNK,NE,33029,1.0,10,1.0
2023,4,FAR,MBL,MI,33182,1.0,10,1.0
2023,4,FAR,MGM,AL,33277,1.0,10,0.0
2023,4,FAR,MLU,LA,33377,1.0,10,1.0
2023,4,FAR,MOB,AL,30562,1.0,10,1.0
2023,4,FAR,OAJ,NC,33795,1.0,10,0.0
2023,4,FAR,PRC,AZ,34237,1.0,10,1.0
2023,4,FAR,PVD,RI,30721,1.0,10,0.0
2023,4,FAR,SCE,PA,34711,1.0,10,1.0
2023,4,FAR,SHR,WY,34812,1.0,10,0.0
2023,4,FAR,SPS,TX,34960,1.0,10,1.0
2023,4,FAR,STX,VI,34992,1.0,10,0.0
2023,4,FAR,SUN,ID,35041,1.0,10,1.0
2023,4,FAR,TXK,AR,35401,1.0,10,0.0
2023,4,FAR,VLD,GA,35550,1.0,10,1.0
2023,4,FAR,XWA,ND,32389,1.0,10,0.0
2023,4,MOT,AZA,AZ,30466,205.0,2050,0.512
2023,4,MOT,MSP,MN,31650,134.0,1340,0.761
2023,4,MOT,DEN,CO,30325,113.0,1130,0.805
2023,4,MOT,LAS,NV,32211,113.0,1130,0.354
2023,4,MOT,IAH,TX,31453,50.0,500,0.78
2023,4,MOT,SFB,FL,34761,49.0,490,0.449
2023,4,MOT,ATL,GA,30397,30.0,300,0.8
2023,4,MOT,RDU,NC,34492,30.0,300,0.8
2023,4,MOT,SEA,WA,30559,27.0,270,0.593
2023,4,MOT,PHX,AZ,30466,26.0,260,0.577
2023,4,MOT,SAT,TX,33214,26.0,260,0.462
2023,4,MOT,SLC,UT,34614,24.0,240,0.667
2023,4,MOT,DFW,TX,30194,23.0,230,0.609
2023,4,MOT,BNA,TN,30693,22.0,220,0.682
2023,4,MOT,MCI,MO,33198,21.0,210,0.905
2023,4,MOT,BWI,MD,30852,19.0,190,0.526
2023,4,MOT,LAX,CA,32575,19.0,190,0.789
2023,4,MOT,OKC,OK,33851,19.0,190,0.579
2023,4,MOT,PHL,PA,34100,19.0,190,0.684
2023,4,MOT,SAN,CA,33570,19.0,190,0.737
2023,4,MOT,SHV,LA,30476,18.0,180,0.778
2023,4,MOT,AUS,TX,30423,16.0,160,0.688
2023,4,MOT,CLE,OH,30647,16.0,160,0.75
2023,4,MOT,ORD,IL,30977,16.0,160,0.562
2023,4,MOT,PDX,OR,34057,16.0,160,0.688
2023,4,MOT,SFO,CA,32457,16.0,160,0.812
2023,4,MOT,BOI,ID,30713,15.0,150,0.667
2023,4,MOT,IND,IN,32337,15.0,150,0.8
2023,4,MOT,STL,MO,31123,15.0,150,0.733
2023,4,MOT,GRR,MI,31986,14.0,140,0.857
2023,4,MOT,MCO,FL,31454,14.0,140,0.5
2023,4,MOT,MEM,TN,33244,14.0,140,0.714
2023,4,MOT,DTW,MI,31295,13.0,130,0.769
2023,4,MOT,MSY,LA,33495,13.0,130,0.615
2023,4,MOT,SMF,CA,33192,13.0,130,0.846
2023,4,MOT,TPA,FL,33195,13.0,130,0.846
2023,4,MOT,DCA,VA,30852,12.0,120,0.833
2023,4,MOT,PIT,PA,30198,12.0,120,0.75
2023,4,MOT,CLT,NC,31057,11.0,110,0.818
2023,4,MOT,CMH,OH,31066,11.0,110,0.727
2023,4,MOT,ORF,VA,33667,11.0,110,0.727
2023,4,MOT,BOS,MA,30721,10.0,100,0.9
2023,4,MOT,CVG,KY,33105,10.0,100,0.8
2023,4,MOT,OMA,NE,33316,10.0,100,0.9
2023,4,MOT,RIC,VA,34524,10.0,100,0.6
2023,4,MOT,ABQ,NM,30140,9.0,90,0.889
2023,4,MOT,FAT,CA,31638,9.0,90,0.556
2023,4,MOT,TUL,OK,34653,9.0,90,0.889
2023,4,MOT,EWR,NJ,31703,8.0,80,0.75
2023,4,MOT,FSD,SD,31775,8.0,80,0.5
2023,4,MOT,GEG,WA,31884,8.0,80,0.875
2023,4,MOT,RSW,FL,31714,8.0,80,0.75
2023,4,MOT,SYR,NY,35096,8.0,80,0.625
2023,4,MOT,ANC,AK,30299,7.0,70,0.571
2023,4,MOT,ELP,TX,30615,7.0,70,0.429
2023,4,MOT,FLL,FL,32467,7.0,70,0.857
2023,4,MOT,IAD,VA,30852,7.0,70,0.286
2023,4,MOT,LGA,NY,31703,7.0,70,0.571
2023,4,MOT,MAF,TX,33158,7.0,70,0.571
2023,4,MOT,MKE,WI,33342,7.0,70,0.714
2023,4,MOT,BFL,CA,30561,6.0,60,0.667
2023,4,MOT,CHS,SC,30994,6.0,60,1.0
2023,4,MOT,ICT,KS,30928,6.0,60,0.5
2023,4,MOT,MIA,FL,32467,6.0,60,0.667
2023,4,MOT,HSV,AL,30255,5.0,50,1.0
2023,4,MOT,LIT,AR,32600,5.0,50,0.8
2023,4,MOT,MDW,IL,30977,5.0,50,0.8
2023,4,MOT,PNS,FL,33728,5.0,50,0.4
2023,4,MOT,SNA,CA,32575,5.0,50,0.8
2023,4,MOT,BDL,CT,30529,4.0,40,0.5
2023,4,MOT,BZN,MT,30849,4.0,40,0.25
2023,4,MOT,CHA,TN,30980,4.0,40,0.75
2023,4,MOT,DSM,IA,31423,4.0,40,1.0
2023,4,MOT,ELM,NY,31537,4.0,40,0.75
2023,4,MOT,GSP,SC,31871,4.0,40,0.5
2023,4,MOT,IDA,ID,32280,4.0,40,0.75
2023,4,MOT,JAX,FL,31136,4.0,40,0.75
2023,4,MOT,LFT,LA,32951,4.0,40,0.75
2023,4,MOT,MGM,AL,33277,4.0,40,0.5
2023,4,MOT,PSP,CA,34262,4.0,40,0.5
2023,4,MOT,TUS,AZ,30436,4.0,40,1.0
2023,4,MOT,XNA,AR,31834,4.0,40,0.75
2023,4,MOT,COS,CO,30189,3.0,30,1.0
2023,4,MOT,DAY,OH,31267,3.0,30,0.667
2023,4,MOT,EUG,OR,31603,3.0,30,0.333
2023,4,MOT,GPT,MS,31973,3.0,30,0.333
2023,4,MOT,HNL,HI,32134,3.0,30,0.333
2023,4,MOT,HOB,NM,32177,3.0,30,1.0
2023,4,MOT,JAN,MS,32448,3.0,30,0.333
2023,4,MOT,MYR,SC,31135,3.0,30,1.0
2023,4,MOT,ONT,CA,32575,3.0,30,0.333
2023,4,MOT,PSC,WA,34252,3.0,30,0.667
2023,4,MOT,RST,MN,32547,3.0,30,0.333
2023,4,MOT,SAV,GA,34685,3.0,30,1.0
2023,4,MOT,SBA,CA,34689,3.0,30,1.0
2023,4,MOT,SDF,KY,33044,3.0,30,0.667
2023,4,MOT,SGF,MO,34783,3.0,30,0.667
2023,4,MOT,SJC,CA,32457,3.0,30,0.667
2023,4,MOT,XWA,ND,32389,3.0,30,0.0
2023,4,MOT,ABE,PA,30135,2.0,20,0.5
2023,4,MOT,AMA,TX,30279,2.0,20,0.5
2023,4,MOT,ATW,WI,30408,2.0,20,1.0
2023,4,MOT,AVL,NC,30431,2.0,20,1.0
2023,4,MOT,BUF,NY,30792,2.0,20,0.0
2023,4,MOT,DLH,MN,31337,2.0,20,1.0
2023,4,MOT,DRO,CO,30285,2.0,20,0.5
2023,4,MOT,ECP,FL,31481,2.0,20,0.5
2023,4,MOT,ESC,MI,31587,2.0,20,1.0
2023,4,MOT,GJT,CO,31921,2.0,20,1.0
2023,4,MOT,GRB,WI,31977,2.0,20,1.0
2023,4,MOT,JFK,NY,31703,2.0,20,0.5
2023,4,MOT,LBB,TX,32896,2.0,20,0.5
2023,4,MOT,LIH,HI,32982,2.0,20,0.0
2023,4,MOT,MFR,OR,33264,2.0,20,0.5
2023,4,MOT,MSO,MT,33486,2.0,20,1.0
2023,4,MOT,PVD,RI,30721,2.0,20,0.5
2023,4,MOT,RKS,WY,34543,2.0,20,0.5
2023,4,MOT,RNO,NV,34570,2.0,20,1.0
2023,4,MOT,ROC,NY,34576,2.0,20,1.0
2023,4,MOT,SBN,IN,34696,2.0,20,0.5
2023,4,MOT,SBP,CA,34236,2.0,20,0.5
2023,4,MOT,TYS,TN,35412,2.0,20,0.0
2023,4,MOT,VPS,FL,31504,2.0,20,1.0
2023,4,MOT,ABR,SD,30141,1.0,10,0.0
2023,4,MOT,ADQ,AK,30070,1.0,10,0.0
2023,4,MOT,AEX,LA,30185,1.0,10,1.0
2023,4,MOT,AGS,GA,30208,1.0,10,0.0
2023,4,MOT,ALB,NY,30257,1.0,10,1.0
2023,4,MOT,ASE,CO,30372,1.0,10,0.0
2023,4,MOT,AVP,PA,30434,1.0,10,1.0
2023,4,MOT,BGR,ME,30581,1.0,10,1.0
2023,4,MOT,BIL,MT,30620,1.0,10,0.0
2023,4,MOT,BRD,MN,30739,1.0,10,1.0
2023,4,MOT,CAE,SC,30868,1.0,10,1.0
2023,4,MOT,CID,IA,31003,1.0,10,1.0
2023,4,MOT,CRP,TX,31140,1.0,10,0.0
2023,4,MOT,CVN,NM,31197,1.0,10,1.0
2023,4,MOT,DVL,ND,31447,1.0,10,0.0
2023,4,MOT,FWA,IN,31823,1.0,10,0.0
2023,4,MOT,GTF,MT,31895,1.0,10,1.0
2023,4,MOT,HIB,MN,32129,1.0,10,1.0
2023,4,MOT,HLN,MT,32156,1.0,10,1.0
2023,4,MOT,HPN,NY,31703,1.0,10,1.0
2023,4,MOT,LAR,WY,32888,1.0,10,0.0
2023,4,MOT,LNK,NE,33029,1.0,10,1.0
2023,4,MOT,LWS,ID,33127,1.0,10,1.0
2023,4,MOT,MDT,PA,32070,1.0,10,1.0
2023,4,MOT,MFE,TX,33256,1.0,10,0.0
2023,4,MOT,MLB,FL,33360,1.0,10,0.0
2023,4,MOT,MLU,LA,33377,1.0,10,0.0
2023,4,MOT,MOB,AL,30562,1.0,10,0.0
2023,4,MOT,MSN,WI,33485,1.0,10,0.0
2023,4,MOT,OGG,HI,33830,1.0,10,0.0
2023,4,MOT,RHI,WI,34520,1.0,10,0.0
2023,4,MOT,ROA,VA,34574,1.0,10,1.0
2023,4,MOT,SGU,UT,34794,1.0,10,0.0
2023,4,MOT,SRQ,FL,34986,1.0,10,0.0
2023,4,MOT,TLH,FL,35249,1.0,10,1.0
2023,4,MOT,TVC,MI,35380,1.0,10,0.0
2023,4,MOT,VLD,GA,35550,1.0,10,1.0
2024,1,BIS,AZA,AZ,30466,296.0,2960,0.416
2024,1,BIS,MSP,MN,31650,221.0,2210,0.769
2024,1,BIS,DEN,CO,30325,143.0,1430,0.741
2024,1,BIS,LAS,NV,32211,111.0,1110,0.225
2024,1,BIS,DFW,TX,30194,101.0,1010,0.535
2024,1,BIS,IAH,TX,31453,63.0,630,0.492
2024,1,BIS,ORD,IL,30977,39.0,390,0.436
2024,1,BIS,SFB,FL,34761,39.0,390,0.128
2024,1,BIS,LAX,CA,32575,33.0,330,0.455
2024,1,BIS,MCO,FL,31454,31.0,310,0.355
2024,1,BIS,PHX,AZ,30466,31.0,310,0.29
2024,1,BIS,SLC,UT,34614,31.0,310,0.516
2024,1,BIS,MCI,MO,33198,30.0,300,0.567
2024,1,BIS,SEA,WA,30559,30.0,300,0.6
2024,1,BIS,BNA,TN,30693,25.0,250,0.52
2024,1,BIS,STL,MO,31123,25.0,250,0.72
2024,1,BIS,ATL,GA,30397,23.0,230,0.565
2024,1,BIS,SAN,CA,33570,22.0,220,0.409
2024,1,BIS,PDX,OR,34057,21.0,210,0.667
2024,1,BIS,SAT,TX,33214,21.0,210,0.381
2024,1,BIS,TPA,FL,33195,20.0,200,0.45
2024,1,BIS,MIA,FL,32467,19.0,190,0.053
2024,1,BIS,OMA,NE,33316,19.0,190,1.0
2024,1,BIS,MEM,TN,33244,18.0,180,0.667
2024,1,BIS,RSW,FL,31714,17.0,170,0.412
2024,1,BIS,SFO,CA,32457,17.0,170,0.529
2024,1,BIS,AUS,TX,30423,16.0,160,0.312
2024,1,BIS,LGA,NY,31703,16.0,160,0.438
2024,1,BIS,PIT,PA,30198,16.0,160,0.75
2024,1,BIS,SMF,CA,33192,16.0,160,0.5
2024,1,BIS,DCA,VA,30852,15.0,150,0.467
2024,1,BIS,DTW,MI,31295,15.0,150,0.8
2024,1,BIS,OKC,OK,33851,15.0,150,0.467
2024,1,BIS,GRR,MI,31986,14.0,140,0.714
2024,1,BIS,SJU,PR,34819,14.0,140,0.143
2024,1,BIS,BOI,ID,30713,13.0,130,0.769
2024,1,BIS,COS,CO,30189,13.0,130,0.615
2024,1,BIS,IND,IN,32337,13.0,130,0.615
2024,1,BIS,MDW,IL,30977,13.0,130,0.615
2024,1,BIS,MKE,WI,33342,13.0,130,0.769
2024,1,BIS,MSN,WI,33485,13.0,130,0.692
2024,1,BIS,MSY,LA,33495,13.0,130,0.231
2024,1,BIS,RDU,NC,34492,13.0,130,0.538
2024,1,BIS,BOS,MA,30721,12.0,120,0.667
2024,1,BIS,IAD,VA,30852,12.0,120,0.5
2024,1,BIS,EWR,NJ,31703,11.0,110,0.455
2024,1,BIS,PHL,PA,34100,11.0,110,0.545
2024,1,BIS,TUL,OK,34653,11.0,110,0.636
2024,1,BIS,CLT,NC,31057,10.0,100,0.6
2024,1,BIS,FLL,FL,32467,10.0,100,0.3
2024,1,BIS,GEG,WA,31884,10.0,100,0.7
2024,1,BIS,SJC,CA,32457,10.0,100,0.3
2024,1,BIS,TUS,AZ,30436,10.0,100,0.5
2024,1,BIS,BWI,MD,30852,9.0,90,0.667
2024,1,BIS,BZN,MT,30849,9.0,90,0.667
2024,1,BIS,CMH,OH,31066,9.0,90,0.778
2024,1,BIS,ONT,CA,32575,9.0,90,0.667
2024,1,BIS,ABQ,NM,30140,8.0,80,0.625
2024,1,BIS,CID,IA,31003,8.0,80,0.875
2024,1,BIS,CLE,OH,30647,8.0,80,0.625
2024,1,BIS,ELP,TX,30615,8.0,80,0.25
2024,1,BIS,GRB,WI,31977,8.0,80,1.0
2024,1,BIS,SNA,CA,32575,8.0,80,0.625
2024,1,BIS,ANC,AK,30299,7.0,70,0.286
2024,1,BIS,DSM,IA,31423,7.0,70,0.857
2024,1,BIS,JFK,NY,31703,7.0,70,0.429
2024,1,BIS,MAF,TX,33158,7.0,70,0.286
2024,1,BIS,PBI,FL,34027,7.0,70,0.143
2024,1,BIS,PSC,WA,34252,7.0,70,0.571
2024,1,BIS,XNA,AR,31834,7.0,70,0.571
2024,1,BIS,ECP,FL,31481,6.0,60,0.0
2024,1,BIS,GTF,MT,31895,6.0,60,0.5
2024,1,BIS,ICT,KS,30928,6.0,60,0.333
2024,1,BIS,MOB,AL,30562,6.0,60,0.5
2024,1,BIS,MSO,MT,33486,6.0,60,0.833
2024,1,BIS,RNO,NV,34570,6.0,60,0.167
2024,1,BIS,SHV,LA,30476,6.0,60,0.333
2024,1,BIS,BDL,CT,30529,5.0,50,0.4
2024,1,BIS,CVG,KY,33105,5.0,50,0.6
2024,1,BIS,FAT,CA,31638,5.0,50,0.2
2024,1,BIS,FSD,SD,31775,5.0,50,0.6
2024,1,BIS,MFR,OR,33264,5.0,50,1.0
2024,1,BIS,PNS,FL,33728,5.0,50,0.4
2024,1,BIS,PSP,CA,34262,5.0,50,0.4
2024,1,BIS,SGF,MO,34783,5.0,50,0.2
2024,1,BIS,ATW,WI,30408,4.0,40,0.25
2024,1,BIS,BFL,CA,30561,4.0,40,0.5
2024,1,BIS,BUR,CA,32575,4.0,40,0.5
2024,1,BIS,CHS,SC,30994,4.0,40,0.75
2024,1,BIS,CYS,WY,31233,4.0,40,0.75
2024,1,BIS,FCA,MT,31648,4.0,40,0.0
2024,1,BIS,HLN,MT,32156,4.0,40,0.75
2024,1,BIS,HNL,HI,32134,4.0,40,0.5
2024,1,BIS,LEX,KY,32945,4.0,40,0.5
2024,1,BIS,LFT,LA,32951,4.0,40,0.5
2024,1,BIS,MDT,PA,32070,4.0,40,0.5
2024,1,BIS,PIA,IL,34108,4.0,40,1.0
2024,1,BIS,RAP,SD,34457,4.0,40,0.25
2024,1,BIS,RIC,VA,34524,4.0,40,0.5
2024,1,BIS,RST,MN,32547,4.0,40,0.25
2024,1,BIS,SAV,GA,34685,4.0,40,0.25
2024,1,BIS,SBN,IN,34696,4.0,40,1.0
2024,1,BIS,AEX,LA,30185,3.0,30,0.333
2024,1,BIS,BHM,AL,30599,3.0,30,0.333
2024,1,BIS,BTR,LA,30781,3.0,30,0.0
2024,1,BIS,BUF,NY,30792,3.0,30,0.667
2024,1,BIS,CPR,WY,31122,3.0,30,1.0
2024,1,BIS,CRP,TX,31140,3.0,30,1.0
2024,1,BIS,EUG,OR,31603,3.0,30,0.333
2024,1,BIS,HRL,TX,32206,3.0,30,0.333
2024,1,BIS,JAN,MS,32448,3.0,30,0.667
2024,1,BIS,JAX,FL,31136,3.0,30,0.0
2024,1,BIS,KOA,HI,32758,3.0,30,0.0
2024,1,BIS,MFE,TX,33256,3.0,30,0.333
2024,1,BIS,ROC,NY,34576,3.0,30,0.0
2024,1,BIS,SDF,KY,33044,3.0,30,0.667
2024,1,BIS,SYR,NY,35096,3.0,30,0.667
2024,1,BIS,TYS,TN,35412,3.0,30,0.667
2024,1,BIS,AMA,TX,30279,2.0,20,1.0
2024,1,BIS,AVL,NC,30431,2.0,20,0.5
2024,1,BIS,BIL,MT,30620,2.0,20,1.0
2024,1,BIS,CHA,TN,30980,2.0,20,0.5
2024,1,BIS,DLH,MN,31337,2.0,20,1.0
2024,1,BIS,FSM,AR,31778,2.0,20,1.0
2024,1,BIS,GJT,CO,31921,2.0,20,0.5
2024,1,BIS,GPT,MS,31973,2.0,20,1.0
2024,1,BIS,GSP,SC,31871,2.0,20,1.0
2024,1,BIS,IDA,ID,32280,2.0,20,0.5
2024,1,BIS,LIT,AR,32600,2.0,20,0.5
2024,1,BIS,MGM,AL,33277,2.0,20,1.0
2024,1,BIS,ORF,VA,33667,2.0,20,0.5
2024,1,BIS,PWM,ME,34321,2.0,20,0.5
2024,1,BIS,RDM,OR,34489,2.0,20,0.5
2024,1,BIS,RKS,WY,34543,2.0,20,1.0
2024,1,BIS,SBP,CA,34236,2.0,20,0.5
2024,1,BIS,STX,VI,34992,2.0,20,0.0
2024,1,BIS,SUN,ID,35041,2.0,20,1.0
2024,1,BIS,XWA,ND,32389,2.0,20,0.0
2024,1,BIS,ABI,TX,30136,1.0,10,1.0
2024,1,BIS,ACV,CA,30157,1.0,10,1.0
2024,1,BIS,AGS,GA,30208,1.0,10,0.0
2024,1,BIS,ALB,NY,30257,1.0,10,0.0
2024,1,BIS,ASE,CO,30372,1.0,10,0.0
2024,1,BIS,BGM,NY,30577,1.0,10,1.0
2024,1,BIS,BGR,ME,30581,1.0,10,1.0
2024,1,BIS,BMI,IL,30685,1.0,10,1.0
2024,1,BIS,BTV,VT,30785,1.0,10,1.0
2024,1,BIS,CIU,MI,31013,1.0,10,1.0
2024,1,BIS,CLL,TX,31049,1.0,10,1.0
2024,1,BIS,CMI,IL,31067,1.0,10,1.0
2024,1,BIS,COU,MO,32474,1.0,10,1.0
2024,1,BIS,CWA,WI,30424,1.0,10,0.0
2024,1,BIS,ESC,MI,31587,1.0,10,1.0
2024,1,BIS,EVV,IN,31612,1.0,10,1.0
2024,1,BIS,FWA,IN,31823,1.0,10,1.0
2024,1,BIS,GGG,TX,31905,1.0,10,1.0
2024,1,BIS,GRK,TX,31982,1.0,10,0.0
2024,1,BIS,GUM,TT,32016,1.0,10,0.0
2024,1,BIS,HDN,CO,34699,1.0,10,1.0
2024,1,BIS,HIB,MN,32129,1.0,10,1.0
2024,1,BIS,HOU,TX,31453,1.0,10,0.0
2024,1,BIS,HSV,AL,30255,1.0,10,1.0
2024,1,BIS,ILM,NC,32323,1.0,10,0.0
2024,1,BIS,IMT,MI,32335,1.0,10,0.0
2024,1,BIS,ITH,NY,32397,1.0,10,0.0
2024,1,BIS,JMS,ND,32519,1.0,10,0.0
2024,1,BIS,LAN,MI,32884,1.0,10,1.0
2024,1,BIS,LIH,HI,32982,1.0,10,1.0
2024,1,BIS,LNK,NE,33029,1.0,10,1.0
2024,1,BIS,LRD,TX,33038,1.0,10,0.0
2024,1,BIS,MHK,KS,33290,1.0,10,1.0
2024,1,BIS,MHT,NH,30721,1.0,10,1.0
2024,1,BIS,MLI,IL,33367,1.0,10,0.0
2024,1,BIS,MYR,SC,31135,1.0,10,1.0
2024,1,BIS,OAK,CA,32457,1.0,10,0.0
2024,1,BIS,OGG,HI,33830,1.0,10,0.0
2024,1,BIS,PAE,WA,34004,1.0,10,0.0
2024,1,BIS,ROA,VA,34574,1.0,10,1.0
2024,1,BIS,SGU,UT,34794,1.0,10,0.0
2024,1,BIS,STS,CA,34433,1.0,10,1.0
2024,1,BIS,TLH,FL,35249,1.0,10,0.0
2024,1,BIS,VPS,FL,31504,1.0,10,0.0
2024,1,DIK,DEN,CO,30325,49.0,490,0.816
2024,1,DIK,IAH,TX,31453,22.0,220,0.636
2024,1,DIK,OKC,OK,33851,12.0,120,0.833
2024,1,DIK,PHX,AZ,30466,11.0,110,0.545
2024,1,DIK,DFW,TX,30194,8.0,80,0.625
2024,1,DIK,MAF,TX,33158,8.0,80,0.625
2024,1,DIK,AUS,TX,30423,7.0,70,0.857
2024,1,DIK,SAT,TX,33214,7.0,70,0.714
2024,1,DIK,SMF,CA,33192,7.0,70,0.571
2024,1,DIK,SEA,WA,30559,6.0,60,0.833
2024,1,DIK,SLC,UT,34614,6.0,60,0.667
2024,1,DIK,BFL,CA,30561,5.0,50,0.6
2024,1,DIK,BOI,ID,30713,5.0,50,0.8
2024,1,DIK,LAX,CA,32575,5.0,50,0.2
2024,1,DIK,MCO,FL,31454,5.0,50,0.6
2024,1,DIK,OMA,NE,33316,5.0,50,0.2
2024,1,DIK,PDX,OR,34057,5.0,50,0.6
2024,1,DIK,ELP,TX,30615,4.0,40,0.25
2024,1,DIK,LAS,NV,32211,4.0,40,0.75
2024,1,DIK,TUS,AZ,30436,4.0,40,0.25
2024,1,DIK,ATL,GA,30397,3.0,30,0.667
2024,1,DIK,CLT,NC,31057,3.0,30,1.0
2024,1,DIK,MCI,MO,33198,3.0,30,1.0
2024,1,DIK,MSP,MN,31650,3.0,30,1.0
2024,1,DIK,MSY,LA,33495,3.0,30,0.333
2024,1,DIK,PIT,PA,30198,3.0,30,0.333
2024,1,DIK,TUL,OK,34653,3.0,30,1.0
2024,1,DIK,BZN,MT,30849,2.0,20,0.0
2024,1,DIK,CLE,OH,30647,2.0,20,0.5
2024,1,DIK,CMH,OH,31066,2.0,20,0.5
2024,1,DIK,GJT,CO,31921,2.0,20,1.0
2024,1,DIK,HOB,NM,32177,2.0,20,1.0
2024,1,DIK,HSV,AL,30255,2.0,20,1.0
2024,1,DIK,LFT,LA,32951,2.0,20,0.5
2024,1,DIK,LNK,NE,33029,2.0,20,1.0
2024,1,DIK,MEM,TN,33244,2.0,20,0.0
2024,1,DIK,ONT,CA,32575,2.0,20,0.0
2024,1,DIK,RDU,NC,34492,2.0,20,1.0
2024,1,DIK,RSW,FL,31714,2.0,20,0.0
2024,1,DIK,SAN,CA,33570,2.0,20,1.0
2024,1,DIK,SAV,GA,34685,2.0,20,0.0
2024,1,DIK,SGF,MO,34783,2.0,20,1.0
2024,1,DIK,SJU,PR,34819,2.0,20,0.0
2024,1,DIK,STL,MO,31123,2.0,20,0.5
2024,1,DIK,XWA,ND,32389,2.0,20,0.0
2024,1,DIK,AVL,NC,30431,1.0,10,0.0
2024,1,DIK,BHM,AL,30599,1.0,10,0.0
2024,1,DIK,BIL,MT,30620,1.0,10,0.0
2024,1,DIK,BUR,CA,32575,1.0,10,0.0
2024,1,DIK,CID,IA,31003,1.0,10,1.0
2024,1,DIK,CPR,WY,31122,1.0,10,1.0
2024,1,DIK,CRP,TX,31140,1.0,10,0.0
2024,1,DIK,CRW,WV,31146,1.0,10,1.0
2024,1,DIK,DTW,MI,31295,1.0,10,0.0
2024,1,DIK,FCA,MT,31648,1.0,10,1.0
2024,1,DIK,GEG,WA,31884,1.0,10,0.0
2024,1,DIK,GPT,MS,31973,1.0,10,0.0
2024,1,DIK,GSP,SC,31871,1.0,10,1.0
2024,1,DIK,IND,IN,32337,1.0,10,0.0
2024,1,DIK,LBB,TX,32896,1.0,10,1.0
2024,1,DIK,LGA,NY,31703,1.0,10,1.0
2024,1,DIK,LIH,HI,32982,1.0,10,0.0
2024,1,DIK,MFR,OR,33264,1.0,10,1.0
2024,1,DIK,MHT,NH,30721,1.0,10,0.0
2024,1,DIK,MKE,WI,33342,1.0,10,0.0
2024,1,DIK,MSN,WI,33485,1.0,10,0.0
2024,1,DIK,ORD,IL,30977,1.0,10,0.0
2024,1,DIK,PHL,PA,34100,1.0,10,0.0
2024,1,DIK,PNS,FL,33728,1.0,10,0.0
2024,1,DIK,PSP,CA,34262,1.0,10,0.0
2024,1,DIK,SFO,CA,32457,1.0,10,1.0
2024,1,DIK,SYR,NY,35096,1.0,10,0.0
2024,1,DIK,TYS,TN,35412,1.0,10,0.0
2024,1,FAR,AZA,AZ,30466,395.0,3950,0.392
2024,1,FAR,DEN,CO,30325,318.0,3180,0.695
2024,1,FAR,ORD,IL,30977,234.0,2340,0.487
2024,1,FAR,LAS,NV,32211,197.0,1970,0.193
2024,1,FAR,PHX,AZ,30466,181.0,1810,0.309
2024,1,FAR,DFW,TX,30194,174.0,1740,0.615
2024,1,FAR,MSP,MN,31650,121.0,1210,0.529
2024,1,FAR,BNA,TN,30693,110.0,1100,0.418
2024,1,FAR,SFB,FL,34761,94.0,940,0.213
2024,1,FAR,MCO,FL,31454,90.0,900,0.144
2024,1,FAR,IAH,TX,31453,70.0,700,0.443
2024,1,FAR,PIE,FL,33195,67.0,670,0.299
2024,1,FAR,ATL,GA,30397,65.0,650,0.492
2024,1,FAR,SAN,CA,33570,64.0,640,0.328
2024,1,FAR,LAX,CA,32575,63.0,630,0.524
2024,1,FAR,DCA,VA,30852,59.0,590,0.475
2024,1,FAR,RSW,FL,31714,55.0,550,0.436
2024,1,FAR,SEA,WA,30559,53.0,530,0.415
2024,1,FAR,AUS,TX,30423,52.0,520,0.635
2024,1,FAR,SLC,UT,34614,52.0,520,0.673
2024,1,FAR,TPA,FL,33195,48.0,480,0.417
2024,1,FAR,STL,MO,31123,46.0,460,0.609
2024,1,FAR,CLT,NC,31057,45.0,450,0.6
2024,1,FAR,PDX,OR,34057,44.0,440,0.636
2024,1,FAR,MCI,MO,33198,43.0,430,0.581
2024,1,FAR,MIA,FL,32467,42.0,420,0.19
2024,1,FAR,DTW,MI,31295,41.0,410,0.829
2024,1,FAR,LGA,NY,31703,41.0,410,0.463
2024,1,FAR,SAT,TX,33214,40.0,400,0.325
2024,1,FAR,FLL,FL,32467,36.0,360,0.25
2024,1,FAR,RDU,NC,34492,36.0,360,0.472
2024,1,FAR,SFO,CA,32457,35.0,350,0.4
2024,1,FAR,BOI,ID,30713,33.0,330,0.758
2024,1,FAR,EWR,NJ,31703,33.0,330,0.576
2024,1,FAR,BOS,MA,30721,32.0,320,0.594
2024,1,FAR,IND,IN,32337,32.0,320,0.562
2024,1,FAR,SMF,CA,33192,32.0,320,0.656
2024,1,FAR,SNA,CA,32575,32.0,320,0.562
2024,1,FAR,MKE,WI,33342,31.0,310,0.645
2024,1,FAR,PIT,PA,30198,30.0,300,0.633
2024,1,FAR,BWI,MD,30852,29.0,290,0.517
2024,1,FAR,CMH,OH,31066,26.0,260,0.654
2024,1,FAR,TUS,AZ,30436,26.0,260,0.423
2024,1,FAR,ONT,CA,32575,25.0,250,0.48
2024,1,FAR,PHL,PA,34100,25.0,250,0.48
2024,1,FAR,MSN,WI,33485,24.0,240,0.958
2024,1,FAR,CVG,KY,33105,23.0,230,0.696
2024,1,FAR,GEG,WA,31884,23.0,230,0.522
2024,1,FAR,SDF,KY,33044,23.0,230,0.609
2024,1,FAR,SJU,PR,34819,23.0,230,0.087
2024,1,FAR,CLE,OH,30647,22.0,220,0.364
2024,1,FAR,MSY,LA,33495,21.0,210,0.048
2024,1,FAR,JAX,FL,31136,20.0,200,0.55
2024,1,FAR,MSO,MT,33486,20.0,200,0.85
2024,1,FAR,ORF,VA,33667,20.0,200,0.6
2024,1,FAR,OKC,OK,33851,18.0,180,0.333
2024,1,FAR,PSP,CA,34262,18.0,180,0.111
2024,1,FAR,RNO,NV,34570,18.0,180,0.722
2024,1,FAR,BDL,CT,30529,17.0,170,0.706
2024,1,FAR,BZN,MT,30849,17.0,170,0.824
2024,1,FAR,DSM,IA,31423,17.0,170,0.529
2024,1,FAR,FAT,CA,31638,17.0,170,0.235
2024,1,FAR,ANC,AK,30299,16.0,160,0.375
2024,1,FAR,BIL,MT,30620,16.0,160,0.5
2024,1,FAR,TUL,OK,34653,16.0,160,0.688
2024,1,FAR,ELP,TX,30615,15.0,150,0.267
2024,1,FAR,IAD,VA,30852,15.0,150,0.6
2024,1,FAR,OMA,NE,33316,15.0,150,0.6
2024,1,FAR,ABQ,NM,30140,14.0,140,0.714
2024,1,FAR,GRR,MI,31986,14.0,140,0.714
2024,1,FAR,GSP,SC,31871,14.0,140,0.857
2024,1,FAR,MEM,TN,33244,13.0,130,0.538
2024,1,FAR,ICT,KS,30928,12.0,120,0.583
2024,1,FAR,JFK,NY,31703,12.0,120,0.25
2024,1,FAR,RIC,VA,34524,12.0,120,0.583
2024,1,FAR,SAV,GA,34685,12.0,120,0.333
2024,1,FAR,MFE,TX,33256,11.0,110,0.273
2024,1,FAR,RAP,SD,34457,11.0,110,0.545
2024,1,FAR,CHS,SC,30994,10.0,100,0.2
2024,1,FAR,FCA,MT,31648,10.0,100,0.5
2024,1,FAR,HNL,HI,32134,10.0,100,0.0
2024,1,FAR,SJC,CA,32457,10.0,100,0.3
2024,1,FAR,BUF,NY,30792,9.0,90,0.333
2024,1,FAR,GTF,MT,31895,9.0,90,0.889
2024,1,FAR,ATW,WI,30408,8.0,80,1.0
2024,1,FAR,CHA,TN,30980,8.0,80,0.5
2024,1,FAR,CID,IA,31003,8.0,80,0.5
2024,1,FAR,MDT,PA,32070,8.0,80,0.875
2024,1,FAR,PBI,FL,34027,8.0,80,0.375
2024,1,FAR,PNS,FL,33728,8.0,80,0.125
2024,1,FAR,SYR,NY,35096,8.0,80,0.75
2024,1,FAR,COS,CO,30189,7.0,70,0.857
2024,1,FAR,CRP,TX,31140,7.0,70,0.286
2024,1,FAR,HPN,NY,31703,7.0,70,0.571
2024,1,FAR,HRL,TX,32206,7.0,70,0.429
2024,1,FAR,RDM,OR,34489,7.0,70,0.857
2024,1,FAR,SRQ,FL,34986,7.0,70,0.571
2024,1,FAR,ALB,NY,30257,6.0,60,0.5
2024,1,FAR,AVL,NC,30431,6.0,60,0.667
2024,1,FAR,CAE,SC,30868,6.0,60,1.0
2024,1,FAR,JAN,MS,32448,6.0,60,0.167
2024,1,FAR,LBB,TX,32896,6.0,60,0.833
2024,1,FAR,MDW,IL,30977,6.0,60,0.167
2024,1,FAR,MLI,IL,33367,6.0,60,0.333
2024,1,FAR,PIA,IL,34108,6.0,60,0.5
2024,1,FAR,ROC,NY,34576,6.0,60,0.5
2024,1,FAR,SHV,LA,30476,6.0,60,0.333
2024,1,FAR,XNA,AR,31834,6.0,60,0.333
2024,1,FAR,BHM,AL,30599,5.0,50,0.2
2024,1,FAR,BMI,IL,30685,5.0,50,0.4
2024,1,FAR,BUR,CA,32575,5.0,50,0.4
2024,1,FAR,GJT,CO,31921,5.0,50,0.8
2024,1,FAR,LIT,AR,32600,5.0,50,0.4
2024,1,FAR,SBA,CA,34689,5.0,50,0.2
2024,1,FAR,TYS,TN,35412,5.0,50,0.6
2024,1,FAR,ABE,PA,30135,4.0,40,0.5
2024,1,FAR,BRO,TX,30747,4.0,40,0.0
2024,1,FAR,BTV,VT,30785,4.0,40,1.0
2024,1,FAR,EUG,OR,31603,4.0,40,0.25
2024,1,FAR,EYW,FL,31624,4.0,40,0.0
2024,1,FAR,GRB,WI,31977,4.0,40,1.0
2024,1,FAR,GSO,NC,31995,4.0,40,0.75
2024,1,FAR,HDN,CO,34699,4.0,40,0.5
2024,1,FAR,HLN,MT,32156,4.0,40,1.0
2024,1,FAR,LEX,KY,32945,4.0,40,0.5
2024,1,FAR,LRD,TX,33038,4.0,40,0.0
2024,1,FAR,MFR,OR,33264,4.0,40,0.25
2024,1,FAR,OGG,HI,33830,4.0,40,0.25
2024,1,FAR,SBN,IN,34696,4.0,40,1.0
2024,1,FAR,SGF,MO,34783,4.0,40,0.75
2024,1,FAR,STT,VI,34945,4.0,40,0.0
2024,1,FAR,AGS,GA,30208,3.0,30,0.333
2024,1,FAR,AMA,TX,30279,3.0,30,0.333
2024,1,FAR,ASE,CO,30372,3.0,30,0.333
2024,1,FAR,COU,MO,32474,3.0,30,0.667
2024,1,FAR,CPR,WY,31122,3.0,30,1.0
2024,1,FAR,CRW,WV,31146,3.0,30,0.667
2024,1,FAR,CWA,WI,30424,3.0,30,0.667
2024,1,FAR,DRO,CO,30285,3.0,30,0.333
2024,1,FAR,FWA,IN,31823,3.0,30,0.333
2024,1,FAR,HSV,AL,30255,3.0,30,0.667
2024,1,FAR,IDA,ID,32280,3.0,30,0.333
2024,1,FAR,LIH,HI,32982,3.0,30,0.0
2024,1,FAR,MBS,MI,33184,3.0,30,0.333
2024,1,FAR,MTJ,CO,33502,3.0,30,0.333
2024,1,FAR,PWM,ME,34321,3.0,30,0.0
2024,1,FAR,SCE,PA,34711,3.0,30,1.0
2024,1,FAR,YUM,AZ,33785,3.0,30,0.333
2024,1,FAR,APN,MI,30333,2.0,20,1.0
2024,1,FAR,BFF,NE,30558,2.0,20,0.5
2024,1,FAR,BFL,CA,30561,2.0,20,0.0
2024,1,FAR,BGR,ME,30581,2.0,20,0.5
2024,1,FAR,BTR,LA,30781,2.0,20,1.0
2024,1,FAR,CAK,OH,30647,2.0,20,0.5
2024,1,FAR,CHO,VA,30990,2.0,20,0.0
2024,1,FAR,DAY,OH,31267,2.0,20,1.0
2024,1,FAR,EGE,CO,31503,2.0,20,0.0
2024,1,FAR,ESC,MI,31587,2.0,20,0.5
2024,1,FAR,EVV,IN,31612,2.0,20,1.0
2024,1,FAR,FAY,NC,31641,2.0,20,1.0
2024,1,FAR,FLG,AZ,31695,2.0,20,0.0
2024,1,FAR,FSD,SD,31775,2.0,20,0.0
2024,1,FAR,GFK,ND,31898,2.0,20,0.0
2024,1,FAR,GRK,TX,31982,2.0,20,0.0
2024,1,FAR,ILM,NC,32323,2.0,20,0.5
2024,1,FAR,JMS,ND,32519,2.0,20,0.0
2024,1,FAR,KOA,HI,32758,2.0,20,0.0
2024,1,FAR,LAN,MI,32884,2.0,20,0.0
2024,1,FAR,LFT,LA,32951,2.0,20,0.5
2024,1,FAR,MRY,CA,34922,2.0,20,1.0
2024,1,FAR,PSC,WA,34252,2.0,20,0.0
2024,1,FAR,RDD,CA,33792,2.0,20,0.0
2024,1,FAR,RIW,WY,34534,2.0,20,0.5
2024,1,FAR,ROA,VA,34574,2.0,20,0.5
2024,1,FAR,SAF,NM,34674,2.0,20,0.5
2024,1,FAR,SBP,CA,34236,2.0,20,0.5
2024,1,FAR,SGU,UT,34794,2.0,20,0.5
2024,1,FAR,SPI,IL,34952,2.0,20,1.0
2024,1,FAR,TLH,FL,35249,2.0,20,0.5
2024,1,FAR,VPS,FL,31504,2.0,20,0.5
2024,1,FAR,ABI,TX,30136,1.0,10,0.0
2024,1,FAR,AEX,LA,30185,1.0,10,0.0
2024,1,FAR,ART,NY,30361,1.0,10,1.0
2024,1,FAR,AVP,PA,30434,1.0,10,0.0
2024,1,FAR,AZO,MI,30469,1.0,10,0.0
2024,1,FAR,BJI,MN,30631,1.0,10,0.0
2024,1,FAR,BPT,TX,30728,1.0,10,0.0
2024,1,FAR,CMI,IL,31067,1.0,10,1.0
2024,1,FAR,CYS,WY,31233,1.0,10,0.0
2024,1,FAR,DHN,AL,31308,1.0,10,1.0
2024,1,FAR,DLH,MN,31337,1.0,10,1.0
2024,1,FAR,EAR,NE,31468,1.0,10,1.0
2024,1,FAR,ECP,FL,31481,1.0,10,0.0
2024,1,FAR,FAI,AK,31517,1.0,10,1.0
2024,1,FAR,FNT,MI,31721,1.0,10,1.0
2024,1,FAR,FSM,AR,31778,1.0,10,0.0
2024,1,FAR,GCC,WY,31865,1.0,10,1.0
2024,1,FAR,GNV,FL,31953,1.0,10,0.0
2024,1,FAR,GPT,MS,31973,1.0,10,0.0
2024,1,FAR,HOU,TX,31453,1.0,10,0.0
2024,1,FAR,HYS,KS,32255,1.0,10,1.0
2024,1,FAR,JAC,WY,32441,1.0,10,1.0
2024,1,FAR,JNU,AK,32523,1.0,10,1.0
2024,1,FAR,LWS,ID,33127,1.0,10,0.0
2024,1,FAR,MAF,TX,33158,1.0,10,1.0
2024,1,FAR,MGM,AL,33277,1.0,10,0.0
2024,1,FAR,MHK,KS,33290,1.0,10,1.0
2024,1,FAR,MHT,NH,30721,1.0,10,1.0
2024,1,FAR,MOB,AL,30562,1.0,10,0.0
2024,1,FAR,MYR,SC,31135,1.0,10,1.0
2024,1,FAR,OAJ,NC,33795,1.0,10,0.0
2024,1,FAR,OAK,CA,32457,1.0,10,1.0
2024,1,FAR,PRC,AZ,34237,1.0,10,0.0
2024,1,FAR,PUW,WA,34303,1.0,10,0.0
2024,1,FAR,PVD,RI,30721,1.0,10,1.0
2024,1,FAR,RST,MN,32547,1.0,10,1.0
2024,1,FAR,STS,CA,34433,1.0,10,0.0
2024,1,FAR,STX,VI,34992,1.0,10,0.0
2024,1,FAR,TRI,TN,35323,1.0,10,0.0
2024,1,FAR,TVC,MI,35380,1.0,10,1.0
2024,1,FAR,TWF,ID,35389,1.0,10,1.0
2024,1,FAR,XWA,ND,32389,1.0,10,0.0
2024,1,MOT,AZA,AZ,30466,184.0,1840,0.299
2024,1,MOT,LAS,NV,32211,113.0,1130,0.204
2024,1,MOT,MSP,MN,31650,106.0,1060,0.792
2024,1,MOT,DEN,CO,30325,79.0,790,0.544
2024,1,MOT,SFB,FL,34761,68.0,680,0.309
2024,1,MOT,IAH,TX,31453,40.0,400,0.55
2024,1,MOT,LAX,CA,32575,25.0,250,0.4
2024,1,MOT,PHX,AZ,30466,24.0,240,0.333
2024,1,MOT,DFW,TX,30194,23.0,230,0.478
2024,1,MOT,ATL,GA,30397,22.0,220,0.591
2024,1,MOT,RDU,NC,34492,19.0,190,0.684
2024,1,MOT,SHV,LA,30476,19.0,190,0.737
2024,1,MOT,DTW,MI,31295,18.0,180,0.611
2024,1,MOT,BNA,TN,30693,17.0,170,0.706
2024,1,MOT,PDX,OR,34057,16.0,160,0.625
2024,1,MOT,LGA,NY,31703,15.0,150,0.2
2024,1,MOT,OMA,NE,33316,15.0,150,0.733
2024,1,MOT,SEA,WA,30559,15.0,150,0.6
2024,1,MOT,BOI,ID,30713,14.0,140,0.857
2024,1,MOT,ORD,IL,30977,14.0,140,0.429
2024,1,MOT,SLC,UT,34614,14.0,140,0.643
2024,1,MOT,TPA,FL,33195,14.0,140,0.286
2024,1,MOT,BWI,MD,30852,13.0,130,0.615
2024,1,MOT,IND,IN,32337,13.0,130,0.692
2024,1,MOT,MCI,MO,33198,13.0,130,0.846
2024,1,MOT,MDW,IL,30977,13.0,130,1.0
2024,1,MOT,RSW,FL,31714,13.0,130,0.385
2024,1,MOT,SMF,CA,33192,13.0,130,0.692
2024,1,MOT,ABQ,NM,30140,12.0,120,0.417
2024,1,MOT,AUS,TX,30423,12.0,120,0.5
2024,1,MOT,DCA,VA,30852,12.0,120,0.833
2024,1,MOT,EWR,NJ,31703,12.0,120,0.667
2024,1,MOT,GRR,MI,31986,11.0,110,0.818
2024,1,MOT,MCO,FL,31454,11.0,110,0.273
2024,1,MOT,PIT,PA,30198,11.0,110,0.727
2024,1,MOT,SFO,CA,32457,11.0,110,0.727
2024,1,MOT,SAT,TX,33214,10.0,100,0.4
2024,1,MOT,STL,MO,31123,10.0,100,0.9
2024,1,MOT,DSM,IA,31423,9.0,90,0.889
2024,1,MOT,PHL,PA,34100,9.0,90,0.556
2024,1,MOT,SAN,CA,33570,9.0,90,0.667
2024,1,MOT,MSY,LA,33495,8.0,80,0.625
2024,1,MOT,OKC,OK,33851,8.0,80,0.75
2024,1,MOT,ORF,VA,33667,8.0,80,0.5
2024,1,MOT,CMH,OH,31066,7.0,70,0.429
2024,1,MOT,GEG,WA,31884,7.0,70,0.571
2024,1,MOT,RNO,NV,34570,7.0,70,0.429
2024,1,MOT,BFL,CA,30561,6.0,60,0.667
2024,1,MOT,BOS,MA,30721,6.0,60,0.833
2024,1,MOT,COS,CO,30189,6.0,60,1.0
2024,1,MOT,CVG,KY,33105,6.0,60,0.667
2024,1,MOT,MSN,WI,33485,6.0,60,1.0
2024,1,MOT,ANC,AK,30299,5.0,50,0.8
2024,1,MOT,IAD,VA,30852,5.0,50,0.6
2024,1,MOT,ICT,KS,30928,5.0,50,0.6
2024,1,MOT,JAX,FL,31136,5.0,50,0.6
2024,1,MOT,MAF,TX,33158,5.0,50,0.6
2024,1,MOT,MIA,FL,32467,5.0,50,0.2
2024,1,MOT,MSO,MT,33486,5.0,50,0.4
2024,1,MOT,ONT,CA,32575,5.0,50,0.6
2024,1,MOT,TUL,OK,34653,5.0,50,0.4
2024,1,MOT,XWA,ND,32389,5.0,50,0.0
2024,1,MOT,BDL,CT,30529,4.0,40,1.0
2024,1,MOT,CID,IA,31003,4.0,40,0.75
2024,1,MOT,CLE,OH,30647,4.0,40,1.0
2024,1,MOT,CLT,NC,31057,4.0,40,0.75
2024,1,MOT,FAI,AK,31517,4.0,40,0.5
2024,1,MOT,FCA,MT,31648,4.0,40,0.75
2024,1,MOT,FLL,FL,32467,4.0,40,0.25
2024,1,MOT,LBB,TX,32896,4.0,40,0.5
2024,1,MOT,MEM,TN,33244,4.0,40,0.25
2024,1,MOT,MFR,OR,33264,4.0,40,0.75
2024,1,MOT,RIC,VA,34524,4.0,40,0.75
2024,1,MOT,SBA,CA,34689,4.0,40,0.25
2024,1,MOT,SBN,IN,34696,4.0,40,1.0
2024,1,MOT,SPS,TX,34960,4.0,40,0.0
2024,1,MOT,BHM,AL,30599,3.0,30,0.333
2024,1,MOT,BUF,NY,30792,3.0,30,0.667
2024,1,MOT,BZN,MT,30849,3.0,30,0.667
2024,1,MOT,CHS,SC,30994,3.0,30,0.333
2024,1,MOT,ELP,TX,30615,3.0,30,0.333
2024,1,MOT,FAT,CA,31638,3.0,30,0.333
2024,1,MOT,FSD,SD,31775,3.0,30,0.333
2024,1,MOT,LFT,LA,32951,3.0,30,1.0
2024,1,MOT,MGM,AL,33277,3.0,30,0.333
2024,1,MOT,PNS,FL,33728,3.0,30,0.333
2024,1,MOT,PSC,WA,34252,3.0,30,0.333
2024,1,MOT,PWM,ME,34321,3.0,30,0.333
2024,1,MOT,SBP,CA,34236,3.0,30,0.333
2024,1,MOT,SJC,CA,32457,3.0,30,0.667
2024,1,MOT,SJU,PR,34819,3.0,30,0.0
2024,1,MOT,SNA,CA,32575,3.0,30,0.0
2024,1,MOT,VPS,FL,31504,3.0,30,1.0
2024,1,MOT,CHA,TN,30980,2.0,20,0.5
2024,1,MOT,CYS,WY,31233,2.0,20,1.0
2024,1,MOT,DAY,OH,31267,2.0,20,0.5
2024,1,MOT,GRB,WI,31977,2.0,20,1.0
2024,1,MOT,JAN,MS,32448,2.0,20,0.5
2024,1,MOT,LAR,WY,32888,2.0,20,0.5
2024,1,MOT,MKE,WI,33342,2.0,20,1.0
2024,1,MOT,PSP,CA,34262,2.0,20,0.5
2024,1,MOT,RAP,SD,34457,2.0,20,0.0
2024,1,MOT,RDM,OR,34489,2.0,20,0.0
2024,1,MOT,SDF,KY,33044,2.0,20,0.5
2024,1,MOT,SRQ,FL,34986,2.0,20,1.0
2024,1,MOT,SYR,NY,35096,2.0,20,0.5
2024,1,MOT,TUS,AZ,30436,2.0,20,0.5
2024,1,MOT,XNA,AR,31834,2.0,20,0.5
2024,1,MOT,ABI,TX,30136,1.0,10,0.0
2024,1,MOT,AGS,GA,30208,1.0,10,1.0
2024,1,MOT,ALB,NY,30257,1.0,10,0.0
2024,1,MOT,ATW,WI,30408,1.0,10,1.0
2024,1,MOT,AVL,NC,30431,1.0,10,1.0
2024,1,MOT,BGM,NY,30577,1.0,10,0.0
2024,1,MOT,BGR,ME,30581,1.0,10,0.0
2024,1,MOT,BIL,MT,30620,1.0,10,0.0
2024,1,MOT,BTV,VT,30785,1.0,10,1.0
2024,1,MOT,BUR,CA,32575,1.0,10,0.0
2024,1,MOT,CRP,TX,31140,1.0,10,0.0
2024,1,MOT,DRO,CO,30285,1.0,10,0.0
2024,1,MOT,EGE,CO,31503,1.0,10,1.0
2024,1,MOT,ESC,MI,31587,1.0,10,0.0
2024,1,MOT,EUG,OR,31603,1.0,10,1.0
2024,1,MOT,EYW,FL,31624,1.0,10,0.0
2024,1,MOT,GCC,WY,31865,1.0,10,0.0
2024,1,MOT,GPT,MS,31973,1.0,10,0.0
2024,1,MOT,GSP,SC,31871,1.0,10,0.0
2024,1,MOT,GTF,MT,31895,1.0,10,1.0
2024,1,MOT,GTR,MS,30894,1.0,10,1.0
2024,1,MOT,GUM,TT,32016,1.0,10,0.0
2024,1,MOT,HNL,HI,32134,1.0,10,0.0
2024,1,MOT,HRL,TX,32206,1.0,10,0.0
2024,1,MOT,HSV,AL,30255,1.0,10,1.0
2024,1,MOT,IMT,MI,32335,1.0,10,0.0
2024,1,MOT,JFK,NY,31703,1.0,10,0.0
2024,1,MOT,KOA,HI,32758,1.0,10,0.0
2024,1,MOT,LIH,HI,32982,1.0,10,0.0
2024,1,MOT,LIT,AR,32600,1.0,10,0.0
2024,1,MOT,LNK,NE,33029,1.0,10,0.0
2024,1,MOT,LWS,ID,33127,1.0,10,1.0
2024,1,MOT,MDT,PA,32070,1.0,10,1.0
2024,1,MOT,MFE,TX,33256,1.0,10,0.0
2024,1,MOT,MHT,NH,30721,1.0,10,0.0
2024,1,MOT,MLI,IL,33367,1.0,10,0.0
2024,1,MOT,MTJ,CO,33502,1.0,10,0.0
2024,1,MOT,OAJ,NC,33795,1.0,10,0.0
2024,1,MOT,RKS,WY,34543,1.0,10,1.0
2024,1,MOT,ROC,NY,34576,1.0,10,1.0
2024,1,MOT,RST,MN,32547,1.0,10,1.0
2024,1,MOT,SCC,AK,30073,1.0,10,0.0
2024,1,MOT,SGF,MO,34783,1.0,10,0.0
2024,1,MOT,SGU,UT,34794,1.0,10,1.0
2024,1,MOT,TYS,TN,35412,1.0,10,0.0
2024,1,MOT,VLD,GA,35550,1.0,10,1.0
2024,2,BIS,AZA,AZ,30466,508.0,5080,0.374
2024,2,BIS,MSP,MN,31650,277.0,2770,0.736
2024,2,BIS,DEN,CO,30325,230.0,2300,0.774
2024,2,BIS,DFW,TX,30194,164.0,1640,0.561
2024,2,BIS,LAS,NV,32211,130.0,1300,0.3
2024,2,BIS,IAH,TX,31453,105.0,1050,0.514
2024,2,BIS,SFB,FL,34761,82.0,820,0.329
2024,2,BIS,SEA,WA,30559,72.0,720,0.625
2024,2,BIS,DCA,VA,30852,57.0,570,0.526
2024,2,BIS,PDX,OR,34057,52.0,520,0.808
2024,2,BIS,ORD,IL,30977,50.0,500,0.64
2024,2,BIS,SMF,CA,33192,44.0,440,0.818
2024,2,BIS,LAX,CA,32575,43.0,430,0.488
2024,2,BIS,MCI,MO,33198,41.0,410,0.732
2024,2,BIS,STL,MO,31123,40.0,400,0.65
2024,2,BIS,ATL,GA,30397,39.0,390,0.667
2024,2,BIS,BOI,ID,30713,38.0,380,0.711
2024,2,BIS,DTW,MI,31295,38.0,380,0.711
2024,2,BIS,SLC,UT,34614,38.0,380,0.632
2024,2,BIS,SAN,CA,33570,37.0,370,0.595
2024,2,BIS,AUS,TX,30423,36.0,360,0.722
2024,2,BIS,BOS,MA,30721,36.0,360,0.861
2024,2,BIS,MCO,FL,31454,36.0,360,0.417
2024,2,BIS,TPA,FL,33195,36.0,360,0.639
2024,2,BIS,LGA,NY,31703,34.0,340,0.588
2024,2,BIS,PIE,FL,33195,34.0,340,0.265
2024,2,BIS,SAT,TX,33214,32.0,320,0.5
2024,2,BIS,PHX,AZ,30466,31.0,310,0.484
2024,2,BIS,PHL,PA,34100,29.0,290,0.586
2024,2,BIS,BNA,TN,30693,28.0,280,0.607
2024,2,BIS,IAD,VA,30852,27.0,270,0.519
2024,2,BIS,RDU,NC,34492,26.0,260,0.731
2024,2,BIS,CLT,NC,31057,25.0,250,0.6
2024,2,BIS,CVG,KY,33105,24.0,240,0.75
2024,2,BIS,IND,IN,32337,24.0,240,0.667
2024,2,BIS,BWI,MD,30852,23.0,230,0.783
2024,2,BIS,EWR,NJ,31703,23.0,230,0.478
2024,2,BIS,OMA,NE,33316,23.0,230,0.826
2024,2,BIS,SFO,CA,32457,23.0,230,0.609
2024,2,BIS,TUL,OK,34653,23.0,230,0.696
2024,2,BIS,ABQ,NM,30140,21.0,210,0.619
2024,2,BIS,GEG,WA,31884,21.0,210,0.81
2024,2,BIS,MSY,LA,33495,21.0,210,0.619
2024,2,BIS,FLL,FL,32467,20.0,200,0.45
2024,2,BIS,GRR,MI,31986,20.0,200,0.7
2024,2,BIS,ANC,AK,30299,19.0,190,0.526
2024,2,BIS,PIT,PA,30198,19.0,190,0.526
2024,2,BIS,SNA,CA,32575,19.0,190,0.632
2024,2,BIS,CMH,OH,31066,18.0,180,0.611
2024,2,BIS,MFE,TX,33256,18.0,180,0.222
2024,2,BIS,MKE,WI,33342,17.0,170,0.882
2024,2,BIS,RIC,VA,34524,17.0,170,0.529
2024,2,BIS,RNO,NV,34570,17.0,170,0.647
2024,2,BIS,MEM,TN,33244,15.0,150,0.6
2024,2,BIS,ONT,CA,32575,15.0,150,0.4
2024,2,BIS,SJU,PR,34819,15.0,150,0.333
2024,2,BIS,PNS,FL,33728,14.0,140,0.5
2024,2,BIS,BZN,MT,30849,13.0,130,0.769
2024,2,BIS,ELP,TX,30615,13.0,130,0.615
2024,2,BIS,MIA,FL,32467,13.0,130,0.231
2024,2,BIS,OKC,OK,33851,13.0,130,0.154
2024,2,BIS,RSW,FL,31714,13.0,130,0.462
2024,2,BIS,JFK,NY,31703,12.0,120,0.417
2024,2,BIS,TYS,TN,35412,12.0,120,0.583
2024,2,BIS,BDL,CT,30529,11.0,110,0.909
2024,2,BIS,BUR,CA,32575,11.0,110,0.545
2024,2,BIS,DSM,IA,31423,11.0,110,0.636
2024,2,BIS,LFT,LA,32951,11.0,110,0.364
2024,2,BIS,BHM,AL,30599,10.0,100,0.5
2024,2,BIS,CID,IA,31003,10.0,100,0.5
2024,2,BIS,JAX,FL,31136,10.0,100,0.7
2024,2,BIS,ORF,VA,33667,10.0,100,0.7
2024,2,BIS,BTR,LA,30781,9.0,90,0.444
2024,2,BIS,BUF,NY,30792,9.0,90,0.556
2024,2,BIS,FAT,CA,31638,9.0,90,0.778
2024,2,BIS,ICT,KS,30928,9.0,90,0.444
2024,2,BIS,MDT,PA,32070,9.0,90,0.889
2024,2,BIS,MDW,IL,30977,9.0,90,0.667
2024,2,BIS,SGF,MO,34783,9.0,90,0.333
2024,2,BIS,FSD,SD,31775,8.0,80,0.375
2024,2,BIS,LIT,AR,32600,8.0,80,0.25
2024,2,BIS,MAF,TX,33158,8.0,80,0.25
2024,2,BIS,MSN,WI,33485,8.0,80,0.625
2024,2,BIS,BFL,CA,30561,7.0,70,0.571
2024,2,BIS,CRP,TX,31140,7.0,70,0.857
2024,2,BIS,DRO,CO,30285,7.0,70,0.857
2024,2,BIS,PBI,FL,34027,7.0,70,0.286
2024,2,BIS,SDF,KY,33044,7.0,70,0.857
2024,2,BIS,TUS,AZ,30436,7.0,70,0.714
2024,2,BIS,CAE,SC,30868,6.0,60,0.833
2024,2,BIS,COS,CO,30189,6.0,60,0.833
2024,2,BIS,DLH,MN,31337,6.0,60,0.667
2024,2,BIS,FWA,IN,31823,6.0,60,1.0
2024,2,BIS,GSP,SC,31871,6.0,60,0.5
2024,2,BIS,HOU,TX,31453,6.0,60,0.667
2024,2,BIS,LNK,NE,33029,6.0,60,0.833
2024,2,BIS,SHV,LA,30476,6.0,60,0.667
2024,2,BIS,SJC,CA,32457,6.0,60,0.667
2024,2,BIS,SYR,NY,35096,6.0,60,0.5
2024,2,BIS,ATW,WI,30408,5.0,50,1.0
2024,2,BIS,AVL,NC,30431,5.0,50,0.6
2024,2,BIS,BPT,TX,30728,5.0,50,0.6
2024,2,BIS,CLE,OH,30647,5.0,50,0.8
2024,2,BIS,CYS,WY,31233,5.0,50,0.8
2024,2,BIS,ECP,FL,31481,5.0,50,0.6
2024,2,BIS,EUG,OR,31603,5.0,50,0.8
2024,2,BIS,FCA,MT,31648,5.0,50,0.8
2024,2,BIS,MYR,SC,31135,5.0,50,0.8
2024,2,BIS,PSP,CA,34262,5.0,50,0.6
2024,2,BIS,RST,MN,32547,5.0,50,0.6
2024,2,BIS,SAV,GA,34685,5.0,50,0.6
2024,2,BIS,ALB,NY,30257,4.0,40,0.75
2024,2,BIS,CHS,SC,30994,4.0,40,0.0
2024,2,BIS,IDA,ID,32280,4.0,40,0.75
2024,2,BIS,JAN,MS,32448,4.0,40,0.75
2024,2,BIS,MFR,OR,33264,4.0,40,1.0
2024,2,BIS,MSO,MT,33486,4.0,40,1.0
2024,2,BIS,ROC,NY,34576,4.0,40,0.75
2024,2,BIS,SRQ,FL,34986,4.0,40,0.25
2024,2,BIS,VPS,FL,31504,4.0,40,0.5
2024,2,BIS,AMA,TX,30279,3.0,30,1.0
2024,2,BIS,BIL,MT,30620,3.0,30,0.667
2024,2,BIS,DAY,OH,31267,3.0,30,1.0
2024,2,BIS,GNV,FL,31953,3.0,30,0.333
2024,2,BIS,GSO,NC,31995,3.0,30,0.667
2024,2,BIS,HNL,HI,32134,3.0,30,0.667
2024,2,BIS,HSV,AL,30255,3.0,30,0.0
2024,2,BIS,ILM,NC,32323,3.0,30,0.333
2024,2,BIS,LEX,KY,32945,3.0,30,0.667
2024,2,BIS,PSC,WA,34252,3.0,30,1.0
2024,2,BIS,SGU,UT,34794,3.0,30,0.333
2024,2,BIS,TLH,FL,35249,3.0,30,1.0
2024,2,BIS,XNA,AR,31834,3.0,30,0.667
2024,2,BIS,AGS,GA,30208,2.0,20,0.5
2024,2,BIS,BGR,ME,30581,2.0,20,0.5
2024,2,BIS,BTV,VT,30785,2.0,20,1.0
2024,2,BIS,ELM,NY,31537,2.0,20,1.0
2024,2,BIS,FSM,AR,31778,2.0,20,0.5
2024,2,BIS,GFK,ND,31898,2.0,20,0.0
2024,2,BIS,GJT,CO,31921,2.0,20,0.5
2024,2,BIS,GPT,MS,31973,2.0,20,0.0
2024,2,BIS,GRB,WI,31977,2.0,20,0.0
2024,2,BIS,HRL,TX,32206,2.0,20,0.5
2024,2,BIS,LBB,TX,32896,2.0,20,0.5
2024,2,BIS,LWS,ID,33127,2.0,20,0.5
2024,2,BIS,MGM,AL,33277,2.0,20,0.5
2024,2,BIS,MOB,AL,30562,2.0,20,0.5
2024,2,BIS,MRY,CA,34922,2.0,20,0.5
2024,2,BIS,OGG,HI,33830,2.0,20,0.0
2024,2,BIS,PIA,IL,34108,2.0,20,1.0
2024,2,BIS,PVD,RI,30721,2.0,20,0.5
2024,2,BIS,PWM,ME,34321,2.0,20,0.5
2024,2,BIS,RDD,CA,33792,2.0,20,0.5
2024,2,BIS,RIW,WY,34534,2.0,20,0.5
2024,2,BIS,SBA,CA,34689,2.0,20,0.0
2024,2,BIS,SBN,IN,34696,2.0,20,1.0
2024,2,BIS,SBP,CA,34236,2.0,20,0.0
2024,2,BIS,STT,VI,34945,2.0,20,0.5
2024,2,BIS,TVC,MI,35380,2.0,20,0.5
2024,2,BIS,ABI,TX,30136,1.0,10,0.0
2024,2,BIS,ACV,CA,30157,1.0,10,1.0
2024,2,BIS,AEX,LA,30185,1.0,10,0.0
2024,2,BIS,ASE,CO,30372,1.0,10,1.0
2024,2,BIS,BRD,MN,30739,1.0,10,0.0
2024,2,BIS,CHA,TN,30980,1.0,10,1.0
2024,2,BIS,CHO,VA,30990,1.0,10,1.0
2024,2,BIS,CIU,MI,31013,1.0,10,1.0
2024,2,BIS,CMI,IL,31067,1.0,10,1.0
2024,2,BIS,CPR,WY,31122,1.0,10,1.0
2024,2,BIS,DAB,FL,31252,1.0,10,1.0
2024,2,BIS,DDC,KS,31283,1.0,10,1.0
2024,2,BIS,DVL,ND,31447,1.0,10,0.0
2024,2,BIS,EAR,NE,31468,1.0,10,0.0
2024,2,BIS,EGE,CO,31503,1.0,10,1.0
2024,2,BIS,EVV,IN,31612,1.0,10,1.0
2024,2,BIS,EYW,FL,31624,1.0,10,0.0
2024,2,BIS,FAY,NC,31641,1.0,10,0.0
2024,2,BIS,FLG,AZ,31695,1.0,10,1.0
2024,2,BIS,GCK,KS,31867,1.0,10,0.0
2024,2,BIS,GGG,TX,31905,1.0,10,0.0
2024,2,BIS,GTF,MT,31895,1.0,10,0.0
2024,2,BIS,GUM,TT,32016,1.0,10,0.0
2024,2,BIS,HDN,CO,34699,1.0,10,1.0
2024,2,BIS,HLN,MT,32156,1.0,10,1.0
2024,2,BIS,HYS,KS,32255,1.0,10,1.0
2024,2,BIS,IMT,MI,32335,1.0,10,0.0
2024,2,BIS,JAC,WY,32441,1.0,10,1.0
2024,2,BIS,JMS,ND,32519,1.0,10,0.0
2024,2,BIS,KOA,HI,32758,1.0,10,0.0
2024,2,BIS,LAN,MI,32884,1.0,10,1.0
2024,2,BIS,LCH,LA,31205,1.0,10,0.0
2024,2,BIS,LRD,TX,33038,1.0,10,1.0
2024,2,BIS,MBS,MI,33184,1.0,10,0.0
2024,2,BIS,MHK,KS,33290,1.0,10,1.0
2024,2,BIS,MTJ,CO,33502,1.0,10,1.0
2024,2,BIS,RAP,SD,34457,1.0,10,0.0
2024,2,BIS,RHI,WI,34520,1.0,10,1.0
2024,2,BIS,RKS,WY,34543,1.0,10,1.0
2024,2,BIS,SAF,NM,34674,1.0,10,1.0
2024,2,BIS,SBY,MD,34704,1.0,10,1.0
2024,2,BIS,SCE,PA,34711,1.0,10,1.0
2024,2,BIS,SHR,WY,34812,1.0,10,1.0
2024,2,BIS,SJT,TX,34842,1.0,10,1.0
2024,2,BIS,TWF,ID,35389,1.0,10,0.0
2024,2,BIS,TYR,TX,35411,1.0,10,0.0
2024,2,BIS,VLD,GA,35550,1.0,10,1.0
2024,2,BIS,XWA,ND,32389,1.0,10,0.0
2024,2,DIK,DEN,CO,30325,60.0,600,0.75
2024,2,DIK,IAH,TX,31453,39.0,390,0.846
2024,2,DIK,PHX,AZ,30466,19.0,190,0.632
2024,2,DIK,DFW,TX,30194,15.0,150,0.6
2024,2,DIK,SAT,TX,33214,14.0,140,0.714
2024,2,DIK,SEA,WA,30559,11.0,110,0.545
2024,2,DIK,TUL,OK,34653,11.0,110,0.545
2024,2,DIK,MAF,TX,33158,10.0,100,0.3
2024,2,DIK,SAN,CA,33570,9.0,90,0.778
2024,2,DIK,SMF,CA,33192,9.0,90,0.778
2024,2,DIK,BNA,TN,30693,8.0,80,0.5
2024,2,DIK,SLC,UT,34614,8.0,80,0.625
2024,2,DIK,OKC,OK,33851,7.0,70,0.857
2024,2,DIK,LAX,CA,32575,6.0,60,0.667
2024,2,DIK,RNO,NV,34570,6.0,60,0.833
2024,2,DIK,BHM,AL,30599,5.0,50,0.8
2024,2,DIK,LAS,NV,32211,5.0,50,0.6
2024,2,DIK,OMA,NE,33316,5.0,50,1.0
2024,2,DIK,ONT,CA,32575,5.0,50,0.8
2024,2,DIK,ORD,IL,30977,5.0,50,0.6
2024,2,DIK,PDX,OR,34057,5.0,50,1.0
2024,2,DIK,SFO,CA,32457,5.0,50,1.0
2024,2,DIK,AUS,TX,30423,4.0,40,0.75
2024,2,DIK,COS,CO,30189,4.0,40,1.0
2024,2,DIK,GEG,WA,31884,4.0,40,0.25
2024,2,DIK,MCI,MO,33198,4.0,40,1.0
2024,2,DIK,TPA,FL,33195,4.0,40,0.75
2024,2,DIK,ABQ,NM,30140,3.0,30,0.333
2024,2,DIK,ATL,GA,30397,3.0,30,1.0
2024,2,DIK,BOS,MA,30721,3.0,30,0.333
2024,2,DIK,EWR,NJ,31703,3.0,30,0.333
2024,2,DIK,JAX,FL,31136,3.0,30,1.0
2024,2,DIK,LGA,NY,31703,3.0,30,0.667
2024,2,DIK,MCO,FL,31454,3.0,30,0.667
2024,2,DIK,MSY,LA,33495,3.0,30,0.333
2024,2,DIK,RDU,NC,34492,3.0,30,0.667
2024,2,DIK,SHV,LA,30476,3.0,30,0.333
2024,2,DIK,SJC,CA,32457,3.0,30,0.0
2024,2,DIK,SNA,CA,32575,3.0,30,0.667
2024,2,DIK,AVL,NC,30431,2.0,20,1.0
2024,2,DIK,BFL,CA,30561,2.0,20,0.0
2024,2,DIK,BOI,ID,30713,2.0,20,0.5
2024,2,DIK,CLE,OH,30647,2.0,20,0.5
2024,2,DIK,CLT,NC,31057,2.0,20,0.5
2024,2,DIK,CMH,OH,31066,2.0,20,0.5
2024,2,DIK,DRO,CO,30285,2.0,20,0.5
2024,2,DIK,DTW,MI,31295,2.0,20,1.0
2024,2,DIK,FAT,CA,31638,2.0,20,0.0
2024,2,DIK,GJT,CO,31921,2.0,20,1.0
2024,2,DIK,HNL,HI,32134,2.0,20,0.5
2024,2,DIK,HOB,NM,32177,2.0,20,1.0
2024,2,DIK,ICT,KS,30928,2.0,20,1.0
2024,2,DIK,MEM,TN,33244,2.0,20,1.0
2024,2,DIK,MLI,IL,33367,2.0,20,1.0
2024,2,DIK,MSP,MN,31650,2.0,20,0.0
2024,2,DIK,SDF,KY,33044,2.0,20,0.5
2024,2,DIK,SGF,MO,34783,2.0,20,0.5
2024,2,DIK,TUS,AZ,30436,2.0,20,1.0
2024,2,DIK,AMA,TX,30279,1.0,10,0.0
2024,2,DIK,ANC,AK,30299,1.0,10,0.0
2024,2,DIK,BDL,CT,30529,1.0,10,1.0
2024,2,DIK,BUR,CA,32575,1.0,10,1.0
2024,2,DIK,BWI,MD,30852,1.0,10,1.0
2024,2,DIK,CHS,SC,30994,1.0,10,1.0
2024,2,DIK,COD,WY,31097,1.0,10,0.0
2024,2,DIK,CPR,WY,31122,1.0,10,1.0
2024,2,DIK,DSM,IA,31423,1.0,10,1.0
2024,2,DIK,ELP,TX,30615,1.0,10,0.0
2024,2,DIK,EUG,OR,31603,1.0,10,1.0
2024,2,DIK,FCA,MT,31648,1.0,10,1.0
2024,2,DIK,FLL,FL,32467,1.0,10,0.0
2024,2,DIK,GSO,NC,31995,1.0,10,1.0
2024,2,DIK,GSP,SC,31871,1.0,10,1.0
2024,2,DIK,HDN,CO,34699,1.0,10,1.0
2024,2,DIK,HSV,AL,30255,1.0,10,1.0
2024,2,DIK,IAD,VA,30852,1.0,10,0.0
2024,2,DIK,IDA,ID,32280,1.0,10,1.0
2024,2,DIK,LBB,TX,32896,1.0,10,1.0
2024,2,DIK,LBF,NE,32899,1.0,10,0.0
2024,2,DIK,LFT,LA,32951,1.0,10,1.0
2024,2,DIK,LIT,AR,32600,1.0,10,1.0
2024,2,DIK,MCK,NE,33200,1.0,10,1.0
2024,2,DIK,MFR,OR,33264,1.0,10,1.0
2024,2,DIK,PHL,PA,34100,1.0,10,0.0
2024,2,DIK,PIB,MS,34109,1.0,10,0.0
2024,2,DIK,PNS,FL,33728,1.0,10,0.0
2024,2,DIK,PSC,WA,34252,1.0,10,0.0
2024,2,DIK,PSP,CA,34262,1.0,10,1.0
2024,2,DIK,SBP,CA,34236,1.0,10,1.0
2024,2,DIK,SJU,PR,34819,1.0,10,1.0
2024,2,DIK,XWA,ND,32389,1.0,10,0.0
2024,2,FAR,AZA,AZ,30466,759.0,7590,0.401
2024,2,FAR,DEN,CO,30325,627.0,6270,0.708
2024,2,FAR,ORD,IL,30977,398.0,3980,0.555
2024,2,FAR,DFW,TX,30194,262.0,2620,0.634
2024,2,FAR,BNA,TN,30693,188.0,1880,0.404
2024,2,FAR,LAS,NV,32211,179.0,1790,0.335
2024,2,FAR,SFB,FL,34761,163.0,1630,0.405
2024,2,FAR,MSP,MN,31650,152.0,1520,0.579
2024,2,FAR,PHX,AZ,30466,137.0,1370,0.431
2024,2,FAR,IAH,TX,31453,123.0,1230,0.545
2024,2,FAR,LAX,CA,32575,117.0,1170,0.564
2024,2,FAR,SAN,CA,33570,108.0,1080,0.648
2024,2,FAR,SEA,WA,30559,101.0,1010,0.604
2024,2,FAR,ATL,GA,30397,92.0,920,0.696
2024,2,FAR,TPA,FL,33195,87.0,870,0.529
2024,2,FAR,PDX,OR,34057,84.0,840,0.619
2024,2,FAR,DCA,VA,30852,82.0,820,0.549
2024,2,FAR,MCO,FL,31454,71.0,710,0.31
2024,2,FAR,RDU,NC,34492,69.0,690,0.681
2024,2,FAR,LGA,NY,31703,68.0,680,0.559
2024,2,FAR,SLC,UT,34614,67.0,670,0.612
2024,2,FAR,BOS,MA,30721,66.0,660,0.606
2024,2,FAR,SMF,CA,33192,66.0,660,0.515
2024,2,FAR,AUS,TX,30423,64.0,640,0.656
2024,2,FAR,IND,IN,32337,63.0,630,0.635
2024,2,FAR,BWI,MD,30852,62.0,620,0.597
2024,2,FAR,EWR,NJ,31703,60.0,600,0.5
2024,2,FAR,SAT,TX,33214,60.0,600,0.617
2024,2,FAR,STL,MO,31123,60.0,600,0.667
2024,2,FAR,SFO,CA,32457,57.0,570,0.649
2024,2,FAR,CVG,KY,33105,54.0,540,0.778
2024,2,FAR,PIT,PA,30198,54.0,540,0.685
2024,2,FAR,PHL,PA,34100,52.0,520,0.538
2024,2,FAR,DTW,MI,31295,50.0,500,0.64
2024,2,FAR,CLT,NC,31057,47.0,470,0.574
2024,2,FAR,RSW,FL,31714,46.0,460,0.413
2024,2,FAR,ANC,AK,30299,45.0,450,0.289
2024,2,FAR,MKE,WI,33342,45.0,450,0.711
2024,2,FAR,ONT,CA,32575,45.0,450,0.289
2024,2,FAR,SNA,CA,32575,45.0,450,0.578
2024,2,FAR,MCI,MO,33198,44.0,440,0.591
2024,2,FAR,BOI,ID,30713,43.0,430,0.698
2024,2,FAR,CLE,OH,30647,42.0,420,0.548
2024,2,FAR,CMH,OH,31066,39.0,390,0.692
2024,2,FAR,GEG,WA,31884,37.0,370,0.73
2024,2,FAR,MSY,LA,33495,37.0,370,0.351
2024,2,FAR,GRR,MI,31986,34.0,340,0.588
2024,2,FAR,FLL,FL,32467,32.0,320,0.344
2024,2,FAR,MSN,WI,33485,31.0,310,0.645
2024,2,FAR,ABQ,NM,30140,30.0,300,0.6
2024,2,FAR,JAX,FL,31136,30.0,300,0.733
2024,2,FAR,MEM,TN,33244,30.0,300,0.567
2024,2,FAR,RIC,VA,34524,30.0,300,0.6
2024,2,FAR,OKC,OK,33851,28.0,280,0.571
2024,2,FAR,RNO,NV,34570,28.0,280,0.786
2024,2,FAR,OMA,NE,33316,27.0,270,0.519
2024,2,FAR,BDL,CT,30529,26.0,260,0.615
2024,2,FAR,MIA,FL,32467,25.0,250,0.16
2024,2,FAR,BZN,MT,30849,24.0,240,0.625
2024,2,FAR,DSM,IA,31423,24.0,240,0.667
2024,2,FAR,BUR,CA,32575,23.0,230,0.609
2024,2,FAR,ELP,TX,30615,23.0,230,0.522
2024,2,FAR,ORF,VA,33667,23.0,230,0.609
2024,2,FAR,PNS,FL,33728,23.0,230,0.522
2024,2,FAR,IAD,VA,30852,22.0,220,0.591
2024,2,FAR,SJU,PR,34819,22.0,220,0.0
2024,2,FAR,TUS,AZ,30436,21.0,210,0.524
2024,2,FAR,PSP,CA,34262,20.0,200,0.65
2024,2,FAR,SDF,KY,33044,20.0,200,0.7
2024,2,FAR,TYS,TN,35412,20.0,200,0.55
2024,2,FAR,DAY,OH,31267,19.0,190,0.579
2024,2,FAR,TUL,OK,34653,19.0,190,0.579
2024,2,FAR,BHM,AL,30599,18.0,180,0.722
2024,2,FAR,CAE,SC,30868,18.0,180,0.722
2024,2,FAR,FAT,CA,31638,18.0,180,0.389
2024,2,FAR,SGF,MO,34783,18.0,180,0.778
2024,2,FAR,ICT,KS,30928,17.0,170,0.529
2024,2,FAR,JFK,NY,31703,17.0,170,0.353
2024,2,FAR,MFE,TX,33256,17.0,170,0.294
2024,2,FAR,PIE,FL,33195,17.0,170,0.294
2024,2,FAR,SJC,CA,32457,17.0,170,0.706
2024,2,FAR,CHS,SC,30994,16.0,160,0.438
2024,2,FAR,GSO,NC,31995,16.0,160,0.875
2024,2,FAR,GSP,SC,31871,16.0,160,0.562
2024,2,FAR,ALB,NY,30257,15.0,150,0.733
2024,2,FAR,BIL,MT,30620,15.0,150,0.733
2024,2,FAR,COS,CO,30189,15.0,150,0.733
2024,2,FAR,EUG,OR,31603,15.0,150,0.8
2024,2,FAR,MDW,IL,30977,15.0,150,0.133
2024,2,FAR,RAP,SD,34457,15.0,150,0.533
2024,2,FAR,SYR,NY,35096,15.0,150,0.733
2024,2,FAR,BUF,NY,30792,14.0,140,0.714
2024,2,FAR,GTF,MT,31895,14.0,140,0.714
2024,2,FAR,SAV,GA,34685,14.0,140,0.429
2024,2,FAR,HNL,HI,32134,13.0,130,0.385
2024,2,FAR,MDT,PA,32070,13.0,130,0.846
2024,2,FAR,PWM,ME,34321,13.0,130,0.385
2024,2,FAR,ROC,NY,34576,13.0,130,0.538
2024,2,FAR,FWA,IN,31823,12.0,120,0.75
2024,2,FAR,IDA,ID,32280,12.0,120,0.75
2024,2,FAR,VPS,FL,31504,12.0,120,0.167
2024,2,FAR,XNA,AR,31834,12.0,120,0.75
2024,2,FAR,ATW,WI,30408,11.0,110,0.818
2024,2,FAR,CHO,VA,30990,11.0,110,0.636
2024,2,FAR,CID,IA,31003,11.0,110,0.545
2024,2,FAR,FAI,AK,31517,11.0,110,0.182
2024,2,FAR,GRB,WI,31977,11.0,110,0.455
2024,2,FAR,LBB,TX,32896,11.0,110,0.727
2024,2,FAR,MLI,IL,33367,11.0,110,0.909
2024,2,FAR,MSO,MT,33486,11.0,110,1.0
2024,2,FAR,AVL,NC,30431,10.0,100,0.5
2024,2,FAR,BTV,VT,30785,10.0,100,0.6
2024,2,FAR,ILM,NC,32323,10.0,100,0.8
2024,2,FAR,MAF,TX,33158,10.0,100,0.7
2024,2,FAR,PVD,RI,30721,10.0,100,0.8
2024,2,FAR,ROA,VA,34574,10.0,100,0.7
2024,2,FAR,FCA,MT,31648,9.0,90,0.667
2024,2,FAR,PBI,FL,34027,9.0,90,0.667
2024,2,FAR,RDM,OR,34489,9.0,90,0.556
2024,2,FAR,SBA,CA,34689,9.0,90,0.667
2024,2,FAR,CPR,WY,31122,8.0,80,0.75
2024,2,FAR,HOU,TX,31453,8.0,80,0.375
2024,2,FAR,JAN,MS,32448,8.0,80,0.5
2024,2,FAR,LIT,AR,32600,7.0,70,1.0
2024,2,FAR,PIA,IL,34108,7.0,70,0.714
2024,2,FAR,BFL,CA,30561,6.0,60,0.833
2024,2,FAR,BTR,LA,30781,6.0,60,0.833
2024,2,FAR,GJT,CO,31921,6.0,60,1.0
2024,2,FAR,HSV,AL,30255,6.0,60,0.5
2024,2,FAR,LEX,KY,32945,6.0,60,0.5
2024,2,FAR,PSC,WA,34252,6.0,60,0.5
2024,2,FAR,SBN,IN,34696,6.0,60,0.5
2024,2,FAR,SRQ,FL,34986,6.0,60,0.833
2024,2,FAR,AVP,PA,30434,5.0,50,0.8
2024,2,FAR,AZO,MI,30469,5.0,50,0.8
2024,2,FAR,BGR,ME,30581,5.0,50,0.2
2024,2,FAR,BMI,IL,30685,5.0,50,0.8
2024,2,FAR,COU,MO,32474,5.0,50,0.8
2024,2,FAR,CRP,TX,31140,5.0,50,0.8
2024,2,FAR,GFK,ND,31898,5.0,50,0.0
2024,2,FAR,KOA,HI,32758,5.0,50,0.6
2024,2,FAR,MBS,MI,33184,5.0,50,0.8
2024,2,FAR,MFR,OR,33264,5.0,50,0.8
2024,2,FAR,MYR,SC,31135,5.0,50,0.4
2024,2,FAR,OAJ,NC,33795,5.0,50,0.6
2024,2,FAR,SCE,PA,34711,5.0,50,1.0
2024,2,FAR,SGU,UT,34794,5.0,50,0.4
2024,2,FAR,TVC,MI,35380,5.0,50,0.6
2024,2,FAR,ABE,PA,30135,4.0,40,0.5
2024,2,FAR,BRO,TX,30747,4.0,40,0.25
2024,2,FAR,CMI,IL,31067,4.0,40,1.0
2024,2,FAR,FNT,MI,31721,4.0,40,0.75
2024,2,FAR,FSD,SD,31775,4.0,40,0.0
2024,2,FAR,GPT,MS,31973,4.0,40,0.25
2024,2,FAR,GRK,TX,31982,4.0,40,0.75
2024,2,FAR,HLN,MT,32156,4.0,40,0.75
2024,2,FAR,HPN,NY,31703,4.0,40,0.75
2024,2,FAR,HRL,TX,32206,4.0,40,0.5
2024,2,FAR,JAC,WY,32441,4.0,40,0.75
2024,2,FAR,LIH,HI,32982,4.0,40,0.25
2024,2,FAR,LNK,NE,33029,4.0,40,0.75
2024,2,FAR,LRD,TX,33038,4.0,40,0.25
2024,2,FAR,SAF,NM,34674,4.0,40,0.5
2024,2,FAR,SBP,CA,34236,4.0,40,1.0
2024,2,FAR,SJT,TX,34842,4.0,40,1.0
2024,2,FAR,AMA,TX,30279,3.0,30,0.667
2024,2,FAR,CAK,OH,30647,3.0,30,0.667
2024,2,FAR,CHA,TN,30980,3.0,30,0.333
2024,2,FAR,DRO,CO,30285,3.0,30,0.667
2024,2,FAR,DVL,ND,31447,3.0,30,0.0
2024,2,FAR,EYW,FL,31624,3.0,30,0.333
2024,2,FAR,LYH,VA,33139,3.0,30,0.667
2024,2,FAR,MGM,AL,33277,3.0,30,0.0
2024,2,FAR,MHK,KS,33290,3.0,30,0.667
2024,2,FAR,MHT,NH,30721,3.0,30,1.0
2024,2,FAR,MRY,CA,34922,3.0,30,0.667
2024,2,FAR,PRC,AZ,34237,3.0,30,0.667
2024,2,FAR,TRI,TN,35323,3.0,30,0.667
2024,2,FAR,ABI,TX,30136,2.0,20,1.0
2024,2,FAR,APN,MI,30333,2.0,20,1.0
2024,2,FAR,ASE,CO,30372,2.0,20,0.5
2024,2,FAR,CMX,MI,31076,2.0,20,0.5
2024,2,FAR,CRW,WV,31146,2.0,20,0.5
2024,2,FAR,CWA,WI,30424,2.0,20,1.0
2024,2,FAR,CYS,WY,31233,2.0,20,0.5
2024,2,FAR,ECP,FL,31481,2.0,20,0.0
2024,2,FAR,FAY,NC,31641,2.0,20,0.5
2024,2,FAR,GNV,FL,31953,2.0,20,0.5
2024,2,FAR,LAN,MI,32884,2.0,20,0.0
2024,2,FAR,LCH,LA,31205,2.0,20,1.0
2024,2,FAR,LFT,LA,32951,2.0,20,0.5
2024,2,FAR,LWS,ID,33127,2.0,20,1.0
2024,2,FAR,MTJ,CO,33502,2.0,20,0.0
2024,2,FAR,OGG,HI,33830,2.0,20,0.0
2024,2,FAR,RDD,CA,33792,2.0,20,1.0
2024,2,FAR,SBY,MD,34704,2.0,20,1.0
2024,2,FAR,SUN,ID,35041,2.0,20,0.5
2024,2,FAR,ABY,GA,30146,1.0,10,0.0
2024,2,FAR,ACV,CA,30157,1.0,10,1.0
2024,2,FAR,AEX,LA,30185,1.0,10,0.0
2024,2,FAR,AGS,GA,30208,1.0,10,0.0
2024,2,FAR,ALO,IA,30268,1.0,10,0.0
2024,2,FAR,BFF,NE,30558,1.0,10,1.0
2024,2,FAR,BQN,PR,30732,1.0,10,0.0
2024,2,FAR,CGI,MO,30967,1.0,10,1.0
2024,2,FAR,CIU,MI,31013,1.0,10,1.0
2024,2,FAR,CKB,WV,31027,1.0,10,0.0
2024,2,FAR,COD,WY,31097,1.0,10,0.0
2024,2,FAR,CSG,GA,31150,1.0,10,1.0
2024,2,FAR,DAB,FL,31252,1.0,10,0.0
2024,2,FAR,DDC,KS,31283,1.0,10,1.0
2024,2,FAR,DEC,IL,31288,1.0,10,0.0
2024,2,FAR,DHN,AL,31308,1.0,10,1.0
2024,2,FAR,EAR,NE,31468,1.0,10,1.0
2024,2,FAR,ELM,NY,31537,1.0,10,0.0
2024,2,FAR,ERI,PA,31577,1.0,10,1.0
2024,2,FAR,EVV,IN,31612,1.0,10,1.0
2024,2,FAR,EWN,NC,31617,1.0,10,0.0
2024,2,FAR,GCK,KS,31867,1.0,10,0.0
2024,2,FAR,GGG,TX,31905,1.0,10,0.0
2024,2,FAR,GTR,MS,30894,1.0,10,0.0
2024,2,FAR,GUM,TT,32016,1.0,10,0.0
2024,2,FAR,HDN,CO,34699,1.0,10,1.0
2024,2,FAR,HYS,KS,32255,1.0,10,1.0
2024,2,FAR,IRK,MO,32375,1.0,10,0.0
2024,2,FAR,JMS,ND,32519,1.0,10,0.0
2024,2,FAR,JST,PA,32559,1.0,10,0.0
2024,2,FAR,KTN,AK,31401,1.0,10,0.0
2024,2,FAR,LAR,WY,32888,1.0,10,1.0
2024,2,FAR,LBL,KS,32902,1.0,10,0.0
2024,2,FAR,MLB,FL,33360,1.0,10,0.0
2024,2,FAR,MQT,MI,33459,1.0,10,0.0
2024,2,FAR,MWA,IL,33543,1.0,10,0.0
2024,2,FAR,PIB,MS,34109,1.0,10,1.0
2024,2,FAR,PIH,ID,34113,1.0,10,0.0
2024,2,FAR,ROW,NM,34588,1.0,10,1.0
2024,2,FAR,SHV,LA,30476,1.0,10,1.0
2024,2,FAR,SLN,KS,34877,1.0,10,1.0
2024,2,FAR,SPI,IL,34952,1.0,10,0.0
2024,2,FAR,SPS,TX,34960,1.0,10,0.0
2024,2,FAR,STT,VI,34945,1.0,10,0.0
2024,2,FAR,SWO,OK,35074,1.0,10,0.0
2024,2,FAR,TLH,FL,35249,1.0,10,0.0
2024,2,FAR,TXK,AR,35401,1.0,10,1.0
2024,2,FAR,XWA,ND,32389,1.0,10,0.0
2024,2,FAR,YKM,WA,36101,1.0,10,0.0
2024,2,FAR,YUM,AZ,33785,1.0,10,1.0
2024,2,MOT,AZA,AZ,30466,283.0,2830,0.332
2024,2,MOT,LAS,NV,32211,153.0,1530,0.314
2024,2,MOT,MSP,MN,31650,146.0,1460,0.705
2024,2,MOT,DEN,CO,30325,118.0,1180,0.712
2024,2,MOT,SFB,FL,34761,115.0,1150,0.383
2024,2,MOT,IAH,TX,31453,60.0,600,0.633
2024,2,MOT,ATL,GA,30397,33.0,330,0.667
2024,2,MOT,SAT,TX,33214,33.0,330,0.545
2024,2,MOT,BWI,MD,30852,27.0,270,0.63
2024,2,MOT,LAX,CA,32575,27.0,270,0.63
2024,2,MOT,MCI,MO,33198,26.0,260,0.731
2024,2,MOT,SLC,UT,34614,26.0,260,0.731
2024,2,MOT,SEA,WA,30559,25.0,250,0.56
2024,2,MOT,DFW,TX,30194,24.0,240,0.458
2024,2,MOT,MCO,FL,31454,23.0,230,0.565
2024,2,MOT,PIT,PA,30198,22.0,220,0.727
2024,2,MOT,RDU,NC,34492,22.0,220,0.682
2024,2,MOT,TPA,FL,33195,22.0,220,0.682
2024,2,MOT,OKC,OK,33851,20.0,200,0.8
2024,2,MOT,BNA,TN,30693,19.0,190,0.789
2024,2,MOT,PDX,OR,34057,19.0,190,0.684
2024,2,MOT,DCA,VA,30852,18.0,180,0.389
2024,2,MOT,PHX,AZ,30466,18.0,180,0.5
2024,2,MOT,STL,MO,31123,18.0,180,0.667
2024,2,MOT,SFO,CA,32457,17.0,170,0.647
2024,2,MOT,DTW,MI,31295,16.0,160,0.562
2024,2,MOT,GRR,MI,31986,16.0,160,0.812
2024,2,MOT,MKE,WI,33342,15.0,150,0.933
2024,2,MOT,ORD,IL,30977,15.0,150,0.8
2024,2,MOT,AUS,TX,30423,14.0,140,0.5
2024,2,MOT,BOS,MA,30721,14.0,140,0.571
2024,2,MOT,CLT,NC,31057,14.0,140,0.571
2024,2,MOT,SAN,CA,33570,14.0,140,0.643
2024,2,MOT,SHV,LA,30476,14.0,140,0.571
2024,2,MOT,SMF,CA,33192,14.0,140,0.786
2024,2,MOT,EWR,NJ,31703,13.0,130,0.692
2024,2,MOT,IND,IN,32337,13.0,130,0.692
2024,2,MOT,JAX,FL,31136,13.0,130,0.462
2024,2,MOT,MAF,TX,33158,13.0,130,0.538
2024,2,MOT,PHL,PA,34100,13.0,130,0.462
2024,2,MOT,BOI,ID,30713,12.0,120,0.917
2024,2,MOT,LGA,NY,31703,12.0,120,0.583
2024,2,MOT,RSW,FL,31714,12.0,120,0.583
2024,2,MOT,ABQ,NM,30140,11.0,110,0.727
2024,2,MOT,CLE,OH,30647,11.0,110,0.727
2024,2,MOT,CMH,OH,31066,10.0,100,1.0
2024,2,MOT,IAD,VA,30852,10.0,100,0.6
2024,2,MOT,COS,CO,30189,9.0,90,0.778
2024,2,MOT,FLL,FL,32467,9.0,90,0.444
2024,2,MOT,FSD,SD,31775,9.0,90,0.444
2024,2,MOT,ANC,AK,30299,8.0,80,0.375
2024,2,MOT,CVG,KY,33105,8.0,80,0.875
2024,2,MOT,ELP,TX,30615,8.0,80,0.5
2024,2,MOT,GEG,WA,31884,8.0,80,0.75
2024,2,MOT,ICT,KS,30928,8.0,80,0.75
2024,2,MOT,LIT,AR,32600,8.0,80,0.375
2024,2,MOT,MDW,IL,30977,8.0,80,1.0
2024,2,MOT,MSN,WI,33485,8.0,80,0.75
2024,2,MOT,SNA,CA,32575,8.0,80,0.25
2024,2,MOT,BUF,NY,30792,7.0,70,0.429
2024,2,MOT,DSM,IA,31423,7.0,70,0.714
2024,2,MOT,GPT,MS,31973,7.0,70,0.429
2024,2,MOT,MEM,TN,33244,7.0,70,0.571
2024,2,MOT,MSY,LA,33495,7.0,70,0.714
2024,2,MOT,OMA,NE,33316,7.0,70,0.571
2024,2,MOT,PNS,FL,33728,7.0,70,0.857
2024,2,MOT,RIC,VA,34524,7.0,70,1.0
2024,2,MOT,TUL,OK,34653,7.0,70,0.714
2024,2,MOT,VPS,FL,31504,7.0,70,0.571
2024,2,MOT,CID,IA,31003,6.0,60,0.833
2024,2,MOT,LFT,LA,32951,6.0,60,0.833
2024,2,MOT,ONT,CA,32575,6.0,60,0.667
2024,2,MOT,RNO,NV,34570,6.0,60,0.833
2024,2,MOT,TYS,TN,35412,6.0,60,0.5
2024,2,MOT,BDL,CT,30529,5.0,50,1.0
2024,2,MOT,CHS,SC,30994,5.0,50,0.6
2024,2,MOT,FAT,CA,31638,5.0,50,0.6
2024,2,MOT,FCA,MT,31648,5.0,50,0.2
2024,2,MOT,HSV,AL,30255,5.0,50,0.4
2024,2,MOT,JFK,NY,31703,5.0,50,0.6
2024,2,MOT,ORF,VA,33667,5.0,50,0.4
2024,2,MOT,RST,MN,32547,5.0,50,0.6
2024,2,MOT,SAV,GA,34685,5.0,50,0.6
2024,2,MOT,SDF,KY,33044,5.0,50,0.6
2024,2,MOT,TUS,AZ,30436,5.0,50,1.0
2024,2,MOT,BFL,CA,30561,4.0,40,0.5
2024,2,MOT,BZN,MT,30849,4.0,40,0.5
2024,2,MOT,DAY,OH,31267,4.0,40,0.0
2024,2,MOT,DRO,CO,30285,4.0,40,1.0
2024,2,MOT,IDA,ID,32280,4.0,40,0.75
2024,2,MOT,MLI,IL,33367,4.0,40,0.75
2024,2,MOT,RAP,SD,34457,4.0,40,0.5
2024,2,MOT,SBA,CA,34689,4.0,40,0.75
2024,2,MOT,SGF,MO,34783,4.0,40,0.25
2024,2,MOT,SPS,TX,34960,4.0,40,0.0
2024,2,MOT,BHM,AL,30599,3.0,30,0.333
2024,2,MOT,CPR,WY,31122,3.0,30,0.667
2024,2,MOT,ECP,FL,31481,3.0,30,0.333
2024,2,MOT,GRB,WI,31977,3.0,30,0.667
2024,2,MOT,GTF,MT,31895,3.0,30,0.333
2024,2,MOT,JAN,MS,32448,3.0,30,0.667
2024,2,MOT,MIA,FL,32467,3.0,30,0.667
2024,2,MOT,PSP,CA,34262,3.0,30,0.0
2024,2,MOT,RDM,OR,34489,3.0,30,0.667
2024,2,MOT,SBN,IN,34696,3.0,30,0.333
2024,2,MOT,SRQ,FL,34986,3.0,30,0.333
2024,2,MOT,ALB,NY,30257,2.0,20,1.0
2024,2,MOT,CAE,SC,30868,2.0,20,0.0
2024,2,MOT,CRP,TX,31140,2.0,20,0.5
2024,2,MOT,DLH,MN,31337,2.0,20,1.0
2024,2,MOT,FAI,AK,31517,2.0,20,0.5
2024,2,MOT,FWA,IN,31823,2.0,20,1.0
2024,2,MOT,GSP,SC,31871,2.0,20,1.0
2024,2,MOT,HRL,TX,32206,2.0,20,0.5
2024,2,MOT,LBB,TX,32896,2.0,20,0.5
2024,2,MOT,MBS,MI,33184,2.0,20,0.5
2024,2,MOT,MGM,AL,33277,2.0,20,0.0
2024,2,MOT,MRY,CA,34922,2.0,20,1.0
2024,2,MOT,MSO,MT,33486,2.0,20,0.5
2024,2,MOT,OGG,HI,33830,2.0,20,0.0
2024,2,MOT,PSC,WA,34252,2.0,20,0.5
2024,2,MOT,PVD,RI,30721,2.0,20,0.0
2024,2,MOT,ROC,NY,34576,2.0,20,0.5
2024,2,MOT,SJU,PR,34819,2.0,20,1.0
2024,2,MOT,TVC,MI,35380,2.0,20,1.0
2024,2,MOT,AEX,LA,30185,1.0,10,0.0
2024,2,MOT,AGS,GA,30208,1.0,10,1.0
2024,2,MOT,AMA,TX,30279,1.0,10,0.0
2024,2,MOT,ATW,WI,30408,1.0,10,1.0
2024,2,MOT,AVL,NC,30431,1.0,10,1.0
2024,2,MOT,BGM,NY,30577,1.0,10,1.0
2024,2,MOT,BQK,GA,30731,1.0,10,0.0
2024,2,MOT,BTV,VT,30785,1.0,10,1.0
2024,2,MOT,CIU,MI,31013,1.0,10,1.0
2024,2,MOT,CSG,GA,31150,1.0,10,1.0
2024,2,MOT,DAL,TX,30194,1.0,10,0.0
2024,2,MOT,EKO,NV,31525,1.0,10,1.0
2024,2,MOT,EUG,OR,31603,1.0,10,1.0
2024,2,MOT,EVV,IN,31612,1.0,10,1.0
2024,2,MOT,GJT,CO,31921,1.0,10,1.0
2024,2,MOT,GSO,NC,31995,1.0,10,0.0
2024,2,MOT,HIB,MN,32129,1.0,10,1.0
2024,2,MOT,HNL,HI,32134,1.0,10,0.0
2024,2,MOT,HOB,NM,32177,1.0,10,1.0
2024,2,MOT,ILM,NC,32323,1.0,10,0.0
2024,2,MOT,IMT,MI,32335,1.0,10,1.0
2024,2,MOT,JAC,WY,32441,1.0,10,1.0
2024,2,MOT,LIH,HI,32982,1.0,10,0.0
2024,2,MOT,MLU,LA,33377,1.0,10,1.0
2024,2,MOT,OAJ,NC,33795,1.0,10,1.0
2024,2,MOT,OTH,OR,33964,1.0,10,0.0
2024,2,MOT,PBI,FL,34027,1.0,10,1.0
2024,2,MOT,PIA,IL,34108,1.0,10,1.0
2024,2,MOT,PWM,ME,34321,1.0,10,0.0
2024,2,MOT,RIW,WY,34534,1.0,10,1.0
2024,2,MOT,ROA,VA,34574,1.0,10,1.0
2024,2,MOT,SAF,NM,34674,1.0,10,1.0
2024,2,MOT,SBP,CA,34236,1.0,10,1.0
2024,2,MOT,SCE,PA,34711,1.0,10,1.0
2024,2,MOT,SGU,UT,34794,1.0,10,1.0
2024,2,MOT,SJC,CA,32457,1.0,10,1.0
2024,2,MOT,SUX,IA,35048,1.0,10,0.0
2024,2,MOT,SYR,NY,35096,1.0,10,0.0
2024,2,MOT,TLH,FL,35249,1.0,10,1.0
2024,2,MOT,TRI,TN,35323,1.0,10,0.0
2024,2,MOT,VLD,GA,35550,1.0,10,0.0
2024,2,MOT,XWA,ND,32389,1.0,10,0.0
2024,3,BIS,AZA,AZ,30466,378.0,3780,0.611
2024,3,BIS,MSP,MN,31650,251.0,2510,0.709
2024,3,BIS,DEN,CO,30325,240.0,2400,0.733
2024,3,BIS,LAS,NV,32211,193.0,1930,0.378
2024,3,BIS,DFW,TX,30194,182.0,1820,0.714
2024,3,BIS,IAH,TX,31453,100.0,1000,0.68
2024,3,BIS,PIE,FL,33195,74.0,740,0.622
2024,3,BIS,ORD,IL,30977,71.0,710,0.69
2024,3,BIS,DCA,VA,30852,64.0,640,0.734
2024,3,BIS,SEA,WA,30559,62.0,620,0.661
2024,3,BIS,ATL,GA,30397,61.0,610,0.656
2024,3,BIS,SFB,FL,34761,59.0,590,0.356
2024,3,BIS,PDX,OR,34057,58.0,580,0.724
2024,3,BIS,BNA,TN,30693,57.0,570,0.667
2024,3,BIS,MCI,MO,33198,57.0,570,0.842
2024,3,BIS,STL,MO,31123,51.0,510,0.647
2024,3,BIS,LAX,CA,32575,47.0,470,0.596
2024,3,BIS,MCO,FL,31454,47.0,470,0.532
2024,3,BIS,PHX,AZ,30466,46.0,460,0.543
2024,3,BIS,SLC,UT,34614,46.0,460,0.674
2024,3,BIS,AUS,TX,30423,45.0,450,0.644
2024,3,BIS,BOS,MA,30721,45.0,450,0.644
2024,3,BIS,RDU,NC,34492,45.0,450,0.8
2024,3,BIS,SMF,CA,33192,45.0,450,0.689
2024,3,BIS,PHL,PA,34100,42.0,420,0.762
2024,3,BIS,SAN,CA,33570,42.0,420,0.643
2024,3,BIS,LGA,NY,31703,41.0,410,0.707
2024,3,BIS,SFO,CA,32457,39.0,390,0.744
2024,3,BIS,DTW,MI,31295,36.0,360,0.75
2024,3,BIS,PIT,PA,30198,34.0,340,0.676
2024,3,BIS,IND,IN,32337,33.0,330,0.667
2024,3,BIS,EWR,NJ,31703,32.0,320,0.562
2024,3,BIS,MSY,LA,33495,31.0,310,0.484
2024,3,BIS,CLT,NC,31057,30.0,300,0.667
2024,3,BIS,ANC,AK,30299,29.0,290,0.517
2024,3,BIS,TPA,FL,33195,29.0,290,0.448
2024,3,BIS,SJU,PR,34819,28.0,280,0.107
2024,3,BIS,BWI,MD,30852,27.0,270,0.778
2024,3,BIS,BOI,ID,30713,26.0,260,0.654
2024,3,BIS,OKC,OK,33851,25.0,250,0.68
2024,3,BIS,SAT,TX,33214,25.0,250,0.56
2024,3,BIS,ABQ,NM,30140,24.0,240,0.75
2024,3,BIS,GEG,WA,31884,24.0,240,0.667
2024,3,BIS,GRR,MI,31986,24.0,240,0.875
2024,3,BIS,CMH,OH,31066,23.0,230,0.87
2024,3,BIS,CVG,KY,33105,23.0,230,0.739
2024,3,BIS,IAD,VA,30852,22.0,220,0.773
2024,3,BIS,TUL,OK,34653,22.0,220,0.591
2024,3,BIS,OMA,NE,33316,20.0,200,0.8
2024,3,BIS,SNA,CA,32575,19.0,190,0.684
2024,3,BIS,FLL,FL,32467,18.0,180,0.5
2024,3,BIS,JAX,FL,31136,18.0,180,0.667
2024,3,BIS,PNS,FL,33728,18.0,180,0.722
2024,3,BIS,ELP,TX,30615,17.0,170,0.412
2024,3,BIS,RIC,VA,34524,16.0,160,0.812
2024,3,BIS,MIA,FL,32467,15.0,150,0.533
2024,3,BIS,BUR,CA,32575,14.0,140,0.929
2024,3,BIS,COS,CO,30189,14.0,140,0.857
2024,3,BIS,MFR,OR,33264,14.0,140,0.714
2024,3,BIS,MKE,WI,33342,14.0,140,0.571
2024,3,BIS,MSN,WI,33485,14.0,140,0.786
2024,3,BIS,SAV,GA,34685,14.0,140,0.571
2024,3,BIS,SDF,KY,33044,14.0,140,0.714
2024,3,BIS,SJC,CA,32457,14.0,140,0.429
2024,3,BIS,ONT,CA,32575,13.0,130,0.615
2024,3,BIS,ORF,VA,33667,13.0,130,0.308
2024,3,BIS,BDL,CT,30529,12.0,120,0.583
2024,3,BIS,BZN,MT,30849,12.0,120,0.5
2024,3,BIS,FAT,CA,31638,12.0,120,0.667
2024,3,BIS,JFK,NY,31703,12.0,120,0.25
2024,3,BIS,MEM,TN,33244,12.0,120,0.667
2024,3,BIS,MSO,MT,33486,12.0,120,0.917
2024,3,BIS,PBI,FL,34027,12.0,120,0.583
2024,3,BIS,RNO,NV,34570,12.0,120,0.5
2024,3,BIS,RSW,FL,31714,12.0,120,0.583
2024,3,BIS,LIT,AR,32600,11.0,110,0.455
2024,3,BIS,PSC,WA,34252,11.0,110,0.818
2024,3,BIS,BUF,NY,30792,10.0,100,0.8
2024,3,BIS,CLE,OH,30647,10.0,100,0.6
2024,3,BIS,DSM,IA,31423,10.0,100,0.9
2024,3,BIS,FSD,SD,31775,10.0,100,0.8
2024,3,BIS,HOU,TX,31453,10.0,100,0.7
2024,3,BIS,HSV,AL,30255,10.0,100,0.7
2024,3,BIS,CHS,SC,30994,9.0,90,0.667
2024,3,BIS,CID,IA,31003,9.0,90,0.889
2024,3,BIS,EUG,OR,31603,9.0,90,0.667
2024,3,BIS,GJT,CO,31921,9.0,90,0.444
2024,3,BIS,JAN,MS,32448,9.0,90,0.556
2024,3,BIS,MFE,TX,33256,9.0,90,0.111
2024,3,BIS,SGF,MO,34783,9.0,90,0.778
2024,3,BIS,CAE,SC,30868,8.0,80,0.5
2024,3,BIS,CHA,TN,30980,8.0,80,0.75
2024,3,BIS,GSP,SC,31871,8.0,80,1.0
2024,3,BIS,MDW,IL,30977,8.0,80,0.5
2024,3,BIS,XNA,AR,31834,8.0,80,0.625
2024,3,BIS,AVL,NC,30431,7.0,70,0.857
2024,3,BIS,LEX,KY,32945,7.0,70,0.857
2024,3,BIS,MDT,PA,32070,7.0,70,0.857
2024,3,BIS,PSP,CA,34262,7.0,70,0.286
2024,3,BIS,RDM,OR,34489,7.0,70,0.714
2024,3,BIS,SHV,LA,30476,7.0,70,0.286
2024,3,BIS,TUS,AZ,30436,7.0,70,1.0
2024,3,BIS,ALB,NY,30257,6.0,60,0.5
2024,3,BIS,BFL,CA,30561,6.0,60,0.5
2024,3,BIS,BTV,VT,30785,6.0,60,0.667
2024,3,BIS,GSO,NC,31995,6.0,60,0.667
2024,3,BIS,ICT,KS,30928,6.0,60,0.333
2024,3,BIS,LBB,TX,32896,6.0,60,0.5
2024,3,BIS,MOB,AL,30562,6.0,60,0.667
2024,3,BIS,PVD,RI,30721,6.0,60,0.833
2024,3,BIS,BIL,MT,30620,5.0,50,0.2
2024,3,BIS,BTR,LA,30781,5.0,50,0.2
2024,3,BIS,ECP,FL,31481,5.0,50,1.0
2024,3,BIS,ILM,NC,32323,5.0,50,1.0
2024,3,BIS,MAF,TX,33158,5.0,50,0.6
2024,3,BIS,RST,MN,32547,5.0,50,0.4
2024,3,BIS,SAF,NM,34674,5.0,50,0.4
2024,3,BIS,SYR,NY,35096,5.0,50,0.4
2024,3,BIS,TLH,FL,35249,5.0,50,0.8
2024,3,BIS,VPS,FL,31504,5.0,50,0.4
2024,3,BIS,ATW,WI,30408,4.0,40,0.5
2024,3,BIS,FAI,AK,31517,4.0,40,0.0
2024,3,BIS,FLG,AZ,31695,4.0,40,0.75
2024,3,BIS,FWA,IN,31823,4.0,40,0.25
2024,3,BIS,GRB,WI,31977,4.0,40,0.75
2024,3,BIS,HNL,HI,32134,4.0,40,0.25
2024,3,BIS,MYR,SC,31135,4.0,40,1.0
2024,3,BIS,SBP,CA,34236,4.0,40,0.5
2024,3,BIS,TYS,TN,35412,4.0,40,0.75
2024,3,BIS,AEX,LA,30185,3.0,30,0.333
2024,3,BIS,BHM,AL,30599,3.0,30,1.0
2024,3,BIS,CRP,TX,31140,3.0,30,1.0
2024,3,BIS,CWA,WI,30424,3.0,30,0.333
2024,3,BIS,GTF,MT,31895,3.0,30,1.0
2024,3,BIS,IMT,MI,32335,3.0,30,0.333
2024,3,BIS,MGM,AL,33277,3.0,30,0.667
2024,3,BIS,PIA,IL,34108,3.0,30,1.0
2024,3,BIS,RKS,WY,34543,3.0,30,0.667
2024,3,BIS,ROA,VA,34574,3.0,30,0.333
2024,3,BIS,AMA,TX,30279,2.0,20,0.5
2024,3,BIS,BGR,ME,30581,2.0,20,0.0
2024,3,BIS,BRO,TX,30747,2.0,20,0.0
2024,3,BIS,CPR,WY,31122,2.0,20,0.5
2024,3,BIS,DAB,FL,31252,2.0,20,0.0
2024,3,BIS,DLH,MN,31337,2.0,20,0.5
2024,3,BIS,DRO,CO,30285,2.0,20,1.0
2024,3,BIS,EGE,CO,31503,2.0,20,1.0
2024,3,BIS,FCA,MT,31648,2.0,20,0.0
2024,3,BIS,GNV,FL,31953,2.0,20,1.0
2024,3,BIS,HRL,TX,32206,2.0,20,0.0
2024,3,BIS,IDA,ID,32280,2.0,20,1.0
2024,3,BIS,ITH,NY,32397,2.0,20,0.0
2024,3,BIS,LRD,TX,33038,2.0,20,0.0
2024,3,BIS,MHK,KS,33290,2.0,20,0.5
2024,3,BIS,MLI,IL,33367,2.0,20,1.0
2024,3,BIS,MRY,CA,34922,2.0,20,1.0
2024,3,BIS,OGG,HI,33830,2.0,20,0.0
2024,3,BIS,PWM,ME,34321,2.0,20,1.0
2024,3,BIS,RIW,WY,34534,2.0,20,1.0
2024,3,BIS,ROC,NY,34576,2.0,20,1.0
2024,3,BIS,SGU,UT,34794,2.0,20,0.5
2024,3,BIS,SRQ,FL,34986,2.0,20,0.5
2024,3,BIS,STX,VI,34992,2.0,20,0.5
2024,3,BIS,SUN,ID,35041,2.0,20,0.0
2024,3,BIS,SWO,OK,35074,2.0,20,1.0
2024,3,BIS,YUM,AZ,33785,2.0,20,1.0
2024,3,BIS,ABI,TX,30136,1.0,10,0.0
2024,3,BIS,ABY,GA,30146,1.0,10,1.0
2024,3,BIS,ACK,MA,30154,1.0,10,1.0
2024,3,BIS,ACV,CA,30157,1.0,10,0.0
2024,3,BIS,AGS,GA,30208,1.0,10,0.0
2024,3,BIS,BPT,TX,30728,1.0,10,0.0
2024,3,BIS,BRD,MN,30739,1.0,10,0.0
2024,3,BIS,CLL,TX,31049,1.0,10,1.0
2024,3,BIS,CMI,IL,31067,1.0,10,0.0
2024,3,BIS,DAY,OH,31267,1.0,10,0.0
2024,3,BIS,DVL,ND,31447,1.0,10,0.0
2024,3,BIS,EAR,NE,31468,1.0,10,0.0
2024,3,BIS,ESC,MI,31587,1.0,10,1.0
2024,3,BIS,EVV,IN,31612,1.0,10,1.0
2024,3,BIS,FSM,AR,31778,1.0,10,1.0
2024,3,BIS,GGG,TX,31905,1.0,10,1.0
2024,3,BIS,GPT,MS,31973,1.0,10,1.0
2024,3,BIS,HLN,MT,32156,1.0,10,0.0
2024,3,BIS,HPN,NY,31703,1.0,10,1.0
2024,3,BIS,JNU,AK,32523,1.0,10,0.0
2024,3,BIS,KOA,HI,32758,1.0,10,1.0
2024,3,BIS,LBF,NE,32899,1.0,10,0.0
2024,3,BIS,LCH,LA,31205,1.0,10,0.0
2024,3,BIS,LFT,LA,32951,1.0,10,0.0
2024,3,BIS,LNK,NE,33029,1.0,10,1.0
2024,3,BIS,MHT,NH,30721,1.0,10,0.0
2024,3,BIS,MLU,LA,33377,1.0,10,1.0
2024,3,BIS,MTJ,CO,33502,1.0,10,1.0
2024,3,BIS,OAJ,NC,33795,1.0,10,0.0
2024,3,BIS,PAE,WA,34004,1.0,10,1.0
2024,3,BIS,PDT,OR,34054,1.0,10,1.0
2024,3,BIS,PIH,ID,34113,1.0,10,0.0
2024,3,BIS,PRC,AZ,34237,1.0,10,1.0
2024,3,BIS,RAP,SD,34457,1.0,10,0.0
2024,3,BIS,RDD,CA,33792,1.0,10,0.0
2024,3,BIS,SBA,CA,34689,1.0,10,1.0
2024,3,BIS,SBN,IN,34696,1.0,10,0.0
2024,3,BIS,SCE,PA,34711,1.0,10,1.0
2024,3,BIS,SHR,WY,34812,1.0,10,0.0
2024,3,BIS,SJT,TX,34842,1.0,10,0.0
2024,3,BIS,SLN,KS,34877,1.0,10,1.0
2024,3,BIS,STS,CA,34433,1.0,10,1.0
2024,3,BIS,TRI,TN,35323,1.0,10,0.0
2024,3,BIS,TVC,MI,35380,1.0,10,1.0
2024,3,BIS,TXK,AR,35401,1.0,10,1.0
2024,3,BIS,XWA,ND,32389,1.0,10,0.0
2024,3,DIK,DEN,CO,30325,66.0,660,0.758
2024,3,DIK,IAH,TX,31453,41.0,410,0.829
2024,3,DIK,DFW,TX,30194,20.0,200,0.65
2024,3,DIK,SAT,TX,33214,17.0,170,0.765
2024,3,DIK,ATL,GA,30397,15.0,150,0.8
2024,3,DIK,OKC,OK,33851,13.0,130,0.846
2024,3,DIK,PHX,AZ,30466,13.0,130,0.538
2024,3,DIK,LAS,NV,32211,10.0,100,0.6
2024,3,DIK,SEA,WA,30559,10.0,100,0.7
2024,3,DIK,SLC,UT,34614,10.0,100,0.4
2024,3,DIK,SMF,CA,33192,10.0,100,0.6
2024,3,DIK,BOS,MA,30721,9.0,90,0.667
2024,3,DIK,BFL,CA,30561,8.0,80,0.5
2024,3,DIK,LAX,CA,32575,8.0,80,0.375
2024,3,DIK,TUL,OK,34653,8.0,80,0.5
2024,3,DIK,GEG,WA,31884,7.0,70,0.571
2024,3,DIK,SFO,CA,32457,7.0,70,0.571
2024,3,DIK,BNA,TN,30693,6.0,60,1.0
2024,3,DIK,FLL,FL,32467,6.0,60,0.5
2024,3,DIK,MCI,MO,33198,6.0,60,0.5
2024,3,DIK,AUS,TX,30423,5.0,50,0.2
2024,3,DIK,ELP,TX,30615,5.0,50,0.4
2024,3,DIK,EWR,NJ,31703,5.0,50,0.4
2024,3,DIK,MAF,TX,33158,5.0,50,0.4
2024,3,DIK,MFR,OR,33264,5.0,50,0.8
2024,3,DIK,ONT,CA,32575,5.0,50,0.2
2024,3,DIK,PIT,PA,30198,5.0,50,0.6
2024,3,DIK,CLE,OH,30647,4.0,40,0.5
2024,3,DIK,DRO,CO,30285,4.0,40,0.5
2024,3,DIK,LGA,NY,31703,4.0,40,0.5
2024,3,DIK,MSY,LA,33495,4.0,40,0.25
2024,3,DIK,OMA,NE,33316,4.0,40,1.0
2024,3,DIK,SAN,CA,33570,4.0,40,0.5
2024,3,DIK,XNA,AR,31834,4.0,40,0.75
2024,3,DIK,BDL,CT,30529,3.0,30,0.667
2024,3,DIK,BHM,AL,30599,3.0,30,0.0
2024,3,DIK,BOI,ID,30713,3.0,30,0.667
2024,3,DIK,BWI,MD,30852,3.0,30,1.0
2024,3,DIK,DTW,MI,31295,3.0,30,0.333
2024,3,DIK,LIT,AR,32600,3.0,30,0.333
2024,3,DIK,MKE,WI,33342,3.0,30,1.0
2024,3,DIK,PDX,OR,34057,3.0,30,0.667
2024,3,DIK,SHV,LA,30476,3.0,30,0.0
2024,3,DIK,ABQ,NM,30140,2.0,20,0.5
2024,3,DIK,CLT,NC,31057,2.0,20,0.5
2024,3,DIK,CMH,OH,31066,2.0,20,1.0
2024,3,DIK,CVG,KY,33105,2.0,20,0.5
2024,3,DIK,EUG,OR,31603,2.0,20,1.0
2024,3,DIK,FAT,CA,31638,2.0,20,0.0
2024,3,DIK,GJT,CO,31921,2.0,20,1.0
2024,3,DIK,HNL,HI,32134,2.0,20,0.5
2024,3,DIK,ICT,KS,30928,2.0,20,1.0
2024,3,DIK,IND,IN,32337,2.0,20,0.5
2024,3,DIK,JAN,MS,32448,2.0,20,0.0
2024,3,DIK,JAX,FL,31136,2.0,20,1.0
2024,3,DIK,MCO,FL,31454,2.0,20,0.5
2024,3,DIK,MEI,MS,33241,2.0,20,0.5
2024,3,DIK,MSP,MN,31650,2.0,20,0.5
2024,3,DIK,ORD,IL,30977,2.0,20,1.0
2024,3,DIK,RNO,NV,34570,2.0,20,1.0
2024,3,DIK,SGF,MO,34783,2.0,20,1.0
2024,3,DIK,TUS,AZ,30436,2.0,20,1.0
2024,3,DIK,TYS,TN,35412,2.0,20,0.5
2024,3,DIK,ACV,CA,30157,1.0,10,0.0
2024,3,DIK,ANC,AK,30299,1.0,10,0.0
2024,3,DIK,AVL,NC,30431,1.0,10,1.0
2024,3,DIK,BTR,LA,30781,1.0,10,0.0
2024,3,DIK,BUR,CA,32575,1.0,10,1.0
2024,3,DIK,CMX,MI,31076,1.0,10,0.0
2024,3,DIK,CPR,WY,31122,1.0,10,0.0
2024,3,DIK,DSM,IA,31423,1.0,10,1.0
2024,3,DIK,FAI,AK,31517,1.0,10,0.0
2024,3,DIK,FCA,MT,31648,1.0,10,1.0
2024,3,DIK,FSD,SD,31775,1.0,10,1.0
2024,3,DIK,HDN,CO,34699,1.0,10,1.0
2024,3,DIK,HLN,MT,32156,1.0,10,0.0
2024,3,DIK,HSV,AL,30255,1.0,10,0.0
2024,3,DIK,IAD,VA,30852,1.0,10,1.0
2024,3,DIK,ITO,HI,32402,1.0,10,0.0
2024,3,DIK,LCH,LA,31205,1.0,10,1.0
2024,3,DIK,LEX,KY,32945,1.0,10,0.0
2024,3,DIK,LFT,LA,32951,1.0,10,1.0
2024,3,DIK,LWS,ID,33127,1.0,10,1.0
2024,3,DIK,MEM,TN,33244,1.0,10,1.0
2024,3,DIK,MIA,FL,32467,1.0,10,1.0
2024,3,DIK,MLI,IL,33367,1.0,10,1.0
2024,3,DIK,MRY,CA,34922,1.0,10,1.0
2024,3,DIK,MSN,WI,33485,1.0,10,0.0
2024,3,DIK,OAJ,NC,33795,1.0,10,0.0
2024,3,DIK,ORF,VA,33667,1.0,10,1.0
2024,3,DIK,PHL,PA,34100,1.0,10,0.0
2024,3,DIK,PSC,WA,34252,1.0,10,0.0
2024,3,DIK,RDM,OR,34489,1.0,10,1.0
2024,3,DIK,RDU,NC,34492,1.0,10,1.0
2024,3,DIK,SBP,CA,34236,1.0,10,0.0
2024,3,DIK,SDF,KY,33044,1.0,10,1.0
2024,3,DIK,SGU,UT,34794,1.0,10,0.0
2024,3,DIK,SJC,CA,32457,1.0,10,1.0
2024,3,DIK,SJU,PR,34819,1.0,10,1.0
2024,3,DIK,SYR,NY,35096,1.0,10,1.0
2024,3,DIK,TPA,FL,33195,1.0,10,1.0
2024,3,DIK,TVC,MI,35380,1.0,10,0.0
2024,3,DIK,XWA,ND,32389,1.0,10,0.0
2024,3,FAR,DEN,CO,30325,827.0,8270,0.727
2024,3,FAR,AZA,AZ,30466,612.0,6120,0.665
2024,3,FAR,ORD,IL,30977,459.0,4590,0.514
2024,3,FAR,DFW,TX,30194,311.0,3110,0.669
2024,3,FAR,LAS,NV,32211,244.0,2440,0.377
2024,3,FAR,BNA,TN,30693,218.0,2180,0.518
2024,3,FAR,MSP,MN,31650,161.0,1610,0.441
2024,3,FAR,PDX,OR,34057,155.0,1550,0.632
2024,3,FAR,LAX,CA,32575,151.0,1510,0.543
2024,3,FAR,SEA,WA,30559,144.0,1440,0.382
2024,3,FAR,SAN,CA,33570,142.0,1420,0.592
2024,3,FAR,SLC,UT,34614,137.0,1370,0.693
2024,3,FAR,PHX,AZ,30466,134.0,1340,0.552
2024,3,FAR,ATL,GA,30397,129.0,1290,0.674
2024,3,FAR,SFO,CA,32457,112.0,1120,0.58
2024,3,FAR,IAH,TX,31453,109.0,1090,0.578
2024,3,FAR,DCA,VA,30852,106.0,1060,0.509
2024,3,FAR,SFB,FL,34761,87.0,870,0.552
2024,3,FAR,STL,MO,31123,87.0,870,0.678
2024,3,FAR,LGA,NY,31703,85.0,850,0.412
2024,3,FAR,MCO,FL,31454,82.0,820,0.549
2024,3,FAR,SMF,CA,33192,80.0,800,0.75
2024,3,FAR,AUS,TX,30423,79.0,790,0.671
2024,3,FAR,BWI,MD,30852,77.0,770,0.636
2024,3,FAR,EWR,NJ,31703,77.0,770,0.597
2024,3,FAR,IND,IN,32337,77.0,770,0.701
2024,3,FAR,RDU,NC,34492,77.0,770,0.74
2024,3,FAR,SAT,TX,33214,76.0,760,0.579
2024,3,FAR,PHL,PA,34100,70.0,700,0.629
2024,3,FAR,TPA,FL,33195,65.0,650,0.6
2024,3,FAR,ONT,CA,32575,64.0,640,0.672
2024,3,FAR,CLT,NC,31057,63.0,630,0.651
2024,3,FAR,MCI,MO,33198,62.0,620,0.565
2024,3,FAR,BOI,ID,30713,60.0,600,0.767
2024,3,FAR,CMH,OH,31066,59.0,590,0.627
2024,3,FAR,DTW,MI,31295,56.0,560,0.732
2024,3,FAR,SNA,CA,32575,56.0,560,0.571
2024,3,FAR,BOS,MA,30721,54.0,540,0.519
2024,3,FAR,CVG,KY,33105,53.0,530,0.604
2024,3,FAR,ABQ,NM,30140,45.0,450,0.644
2024,3,FAR,GEG,WA,31884,43.0,430,0.651
2024,3,FAR,MKE,WI,33342,42.0,420,0.643
2024,3,FAR,PIT,PA,30198,42.0,420,0.524
2024,3,FAR,CLE,OH,30647,41.0,410,0.585
2024,3,FAR,GRR,MI,31986,41.0,410,0.756
2024,3,FAR,JAX,FL,31136,41.0,410,0.683
2024,3,FAR,MSY,LA,33495,41.0,410,0.561
2024,3,FAR,IAD,VA,30852,39.0,390,0.564
2024,3,FAR,BDL,CT,30529,38.0,380,0.868
2024,3,FAR,MIA,FL,32467,37.0,370,0.297
2024,3,FAR,TUS,AZ,30436,35.0,350,0.829
2024,3,FAR,OKC,OK,33851,33.0,330,0.788
2024,3,FAR,RSW,FL,31714,33.0,330,0.455
2024,3,FAR,SDF,KY,33044,33.0,330,0.636
2024,3,FAR,ANC,AK,30299,32.0,320,0.469
2024,3,FAR,FLL,FL,32467,31.0,310,0.387
2024,3,FAR,TYS,TN,35412,30.0,300,0.667
2024,3,FAR,MEM,TN,33244,29.0,290,0.586
2024,3,FAR,RNO,NV,34570,29.0,290,0.69
2024,3,FAR,ELP,TX,30615,28.0,280,0.464
2024,3,FAR,SJC,CA,32457,28.0,280,0.679
2024,3,FAR,BZN,MT,30849,27.0,270,0.519
2024,3,FAR,CHS,SC,30994,26.0,260,0.731
2024,3,FAR,COS,CO,30189,26.0,260,0.769
2024,3,FAR,RIC,VA,34524,26.0,260,0.692
2024,3,FAR,OMA,NE,33316,25.0,250,0.44
2024,3,FAR,PNS,FL,33728,25.0,250,0.8
2024,3,FAR,MSN,WI,33485,24.0,240,0.708
2024,3,FAR,TUL,OK,34653,24.0,240,0.708
2024,3,FAR,ORF,VA,33667,22.0,220,0.682
2024,3,FAR,DAY,OH,31267,21.0,210,0.571
2024,3,FAR,GSP,SC,31871,21.0,210,0.619
2024,3,FAR,JFK,NY,31703,21.0,210,0.333
2024,3,FAR,DSM,IA,31423,20.0,200,0.75
2024,3,FAR,LIT,AR,32600,20.0,200,0.8
2024,3,FAR,PVD,RI,30721,20.0,200,0.75
2024,3,FAR,ROC,NY,34576,19.0,190,0.632
2024,3,FAR,SJU,PR,34819,19.0,190,0.211
2024,3,FAR,BUF,NY,30792,18.0,180,0.611
2024,3,FAR,CID,IA,31003,18.0,180,0.611
2024,3,FAR,FAI,AK,31517,18.0,180,0.222
2024,3,FAR,MDT,PA,32070,18.0,180,0.667
2024,3,FAR,MFE,TX,33256,18.0,180,0.389
2024,3,FAR,MSO,MT,33486,18.0,180,0.889
2024,3,FAR,SYR,NY,35096,18.0,180,0.5
2024,3,FAR,BHM,AL,30599,17.0,170,0.647
2024,3,FAR,CAE,SC,30868,17.0,170,0.294
2024,3,FAR,SAV,GA,34685,17.0,170,0.471
2024,3,FAR,FAT,CA,31638,16.0,160,0.562
2024,3,FAR,ICT,KS,30928,16.0,160,0.562
2024,3,FAR,ALB,NY,30257,15.0,150,0.867
2024,3,FAR,BIL,MT,30620,15.0,150,0.8
2024,3,FAR,BUR,CA,32575,15.0,150,0.733
2024,3,FAR,PSP,CA,34262,15.0,150,0.8
2024,3,FAR,XNA,AR,31834,15.0,150,0.8
2024,3,FAR,BTV,VT,30785,14.0,140,0.571
2024,3,FAR,EUG,OR,31603,14.0,140,0.643
2024,3,FAR,AVL,NC,30431,13.0,130,0.615
2024,3,FAR,FCA,MT,31648,13.0,130,0.462
2024,3,FAR,HSV,AL,30255,13.0,130,0.692
2024,3,FAR,RAP,SD,34457,13.0,130,0.615
2024,3,FAR,GPT,MS,31973,12.0,120,0.333
2024,3,FAR,GSO,NC,31995,12.0,120,0.917
2024,3,FAR,MAF,TX,33158,12.0,120,0.833
2024,3,FAR,PBI,FL,34027,12.0,120,0.5
2024,3,FAR,PWM,ME,34321,12.0,120,0.75
2024,3,FAR,SBA,CA,34689,12.0,120,0.75
2024,3,FAR,ATW,WI,30408,11.0,110,0.636
2024,3,FAR,HNL,HI,32134,11.0,110,0.364
2024,3,FAR,PSC,WA,34252,11.0,110,0.727
2024,3,FAR,BGR,ME,30581,10.0,100,0.6
2024,3,FAR,HOU,TX,31453,10.0,100,0.6
2024,3,FAR,MDW,IL,30977,10.0,100,0.3
2024,3,FAR,MLI,IL,33367,10.0,100,0.8
2024,3,FAR,CHO,VA,30990,9.0,90,0.667
2024,3,FAR,CPR,WY,31122,9.0,90,0.778
2024,3,FAR,FWA,IN,31823,9.0,90,0.556
2024,3,FAR,LEX,KY,32945,9.0,90,0.556
2024,3,FAR,MFR,OR,33264,9.0,90,0.778
2024,3,FAR,TLH,FL,35249,9.0,90,0.889
2024,3,FAR,DRO,CO,30285,8.0,80,0.875
2024,3,FAR,GJT,CO,31921,8.0,80,0.75
2024,3,FAR,MHT,NH,30721,8.0,80,1.0
2024,3,FAR,MYR,SC,31135,8.0,80,0.5
2024,3,FAR,SGF,MO,34783,8.0,80,0.875
2024,3,FAR,ABE,PA,30135,7.0,70,0.286
2024,3,FAR,ABI,TX,30136,7.0,70,1.0
2024,3,FAR,AMA,TX,30279,7.0,70,0.0
2024,3,FAR,ILM,NC,32323,7.0,70,0.714
2024,3,FAR,ROA,VA,34574,7.0,70,0.714
2024,3,FAR,SBN,IN,34696,7.0,70,0.429
2024,3,FAR,SBP,CA,34236,7.0,70,0.429
2024,3,FAR,BFL,CA,30561,6.0,60,0.5
2024,3,FAR,BTR,LA,30781,6.0,60,0.833
2024,3,FAR,GTF,MT,31895,6.0,60,0.833
2024,3,FAR,LBB,TX,32896,6.0,60,0.333
2024,3,FAR,PIA,IL,34108,6.0,60,0.667
2024,3,FAR,SRQ,FL,34986,6.0,60,1.0
2024,3,FAR,VPS,FL,31504,6.0,60,0.5
2024,3,FAR,AGS,GA,30208,5.0,50,1.0
2024,3,FAR,AVP,PA,30434,5.0,50,0.8
2024,3,FAR,CRW,WV,31146,5.0,50,1.0
2024,3,FAR,GFK,ND,31898,5.0,50,0.0
2024,3,FAR,GNV,FL,31953,5.0,50,0.6
2024,3,FAR,HRL,TX,32206,5.0,50,0.2
2024,3,FAR,IDA,ID,32280,5.0,50,0.8
2024,3,FAR,JAN,MS,32448,5.0,50,0.8
2024,3,FAR,LFT,LA,32951,5.0,50,0.6
2024,3,FAR,MGM,AL,33277,5.0,50,0.8
2024,3,FAR,MLU,LA,33377,5.0,50,0.2
2024,3,FAR,MOB,AL,30562,5.0,50,0.8
2024,3,FAR,RDM,OR,34489,5.0,50,0.6
2024,3,FAR,SAF,NM,34674,5.0,50,0.4
2024,3,FAR,SHV,LA,30476,5.0,50,0.6
2024,3,FAR,TVC,MI,35380,5.0,50,0.2
2024,3,FAR,AEX,LA,30185,4.0,40,0.75
2024,3,FAR,BMI,IL,30685,4.0,40,1.0
2024,3,FAR,COU,MO,32474,4.0,40,1.0
2024,3,FAR,CWA,WI,30424,4.0,40,0.75
2024,3,FAR,OGG,HI,33830,4.0,40,0.0
2024,3,FAR,TRI,TN,35323,4.0,40,0.5
2024,3,FAR,BRO,TX,30747,3.0,30,0.0
2024,3,FAR,CAK,OH,30647,3.0,30,0.667
2024,3,FAR,CRP,TX,31140,3.0,30,0.667
2024,3,FAR,ECP,FL,31481,3.0,30,0.667
2024,3,FAR,EGE,CO,31503,3.0,30,0.667
2024,3,FAR,HDN,CO,34699,3.0,30,0.667
2024,3,FAR,HLN,MT,32156,3.0,30,1.0
2024,3,FAR,JAC,WY,32441,3.0,30,0.667
2024,3,FAR,LAN,MI,32884,3.0,30,1.0
2024,3,FAR,LAR,WY,32888,3.0,30,0.0
2024,3,FAR,LCH,LA,31205,3.0,30,0.333
2024,3,FAR,LIH,HI,32982,3.0,30,0.333
2024,3,FAR,LNK,NE,33029,3.0,30,0.333
2024,3,FAR,MBS,MI,33184,3.0,30,0.667
2024,3,FAR,MTJ,CO,33502,3.0,30,1.0
2024,3,FAR,SGU,UT,34794,3.0,30,0.667
2024,3,FAR,SJT,TX,34842,3.0,30,1.0
2024,3,FAR,TYR,TX,35411,3.0,30,1.0
2024,3,FAR,CHA,TN,30980,2.0,20,0.0
2024,3,FAR,CMI,IL,31067,2.0,20,0.0
2024,3,FAR,CYS,WY,31233,2.0,20,1.0
2024,3,FAR,EVV,IN,31612,2.0,20,0.5
2024,3,FAR,FSM,AR,31778,2.0,20,0.5
2024,3,FAR,GRB,WI,31977,2.0,20,0.0
2024,3,FAR,HPN,NY,31703,2.0,20,0.0
2024,3,FAR,KOA,HI,32758,2.0,20,0.5
2024,3,FAR,LWS,ID,33127,2.0,20,0.0
2024,3,FAR,MLB,FL,33360,2.0,20,1.0
2024,3,FAR,OAJ,NC,33795,2.0,20,0.5
2024,3,FAR,PIH,ID,34113,2.0,20,0.5
2024,3,FAR,RDD,CA,33792,2.0,20,0.5
2024,3,FAR,RIW,WY,34534,2.0,20,0.5
2024,3,FAR,SCE,PA,34711,2.0,20,1.0
2024,3,FAR,SPI,IL,34952,2.0,20,1.0
2024,3,FAR,STX,VI,34992,2.0,20,0.5
2024,3,FAR,TXK,AR,35401,2.0,20,0.5
2024,3,FAR,VLD,GA,35550,2.0,20,1.0
2024,3,FAR,XWA,ND,32389,2.0,20,0.0
2024,3,FAR,YUM,AZ,33785,2.0,20,1.0
2024,3,FAR,ACK,MA,30154,1.0,10,0.0
2024,3,FAR,ACT,TX,30155,1.0,10,1.0
2024,3,FAR,ACV,CA,30157,1.0,10,1.0
2024,3,FAR,AZO,MI,30469,1.0,10,0.0
2024,3,FAR,BRL,IA,30744,1.0,10,0.0
2024,3,FAR,CIU,MI,31013,1.0,10,1.0
2024,3,FAR,CSG,GA,31150,1.0,10,1.0
2024,3,FAR,DLH,MN,31337,1.0,10,0.0
2024,3,FAR,ELM,NY,31537,1.0,10,1.0
2024,3,FAR,EYW,FL,31624,1.0,10,1.0
2024,3,FAR,FAY,NC,31641,1.0,10,1.0
2024,3,FAR,FNT,MI,31721,1.0,10,1.0
2024,3,FAR,FSD,SD,31775,1.0,10,0.0
2024,3,FAR,GCC,WY,31865,1.0,10,1.0
2024,3,FAR,GCK,KS,31867,1.0,10,0.0
2024,3,FAR,GRK,TX,31982,1.0,10,0.0
2024,3,FAR,GUC,CO,32012,1.0,10,1.0
2024,3,FAR,GUM,TT,32016,1.0,10,1.0
2024,3,FAR,HOB,NM,32177,1.0,10,1.0
2024,3,FAR,JLN,MO,32511,1.0,10,0.0
2024,3,FAR,KTN,AK,31401,1.0,10,1.0
2024,3,FAR,LBL,KS,32902,1.0,10,0.0
2024,3,FAR,LRD,TX,33038,1.0,10,0.0
2024,3,FAR,MHK,KS,33290,1.0,10,1.0
2024,3,FAR,MRY,CA,34922,1.0,10,1.0
2024,3,FAR,MWA,IL,33543,1.0,10,0.0
2024,3,FAR,PGV,NC,34092,1.0,10,0.0
2024,3,FAR,RHI,WI,34520,1.0,10,1.0
2024,3,FAR,RKD,ME,34539,1.0,10,1.0
2024,3,FAR,ROW,NM,34588,1.0,10,1.0
2024,3,FAR,SHR,WY,34812,1.0,10,0.0
2024,3,FAR,SLN,KS,34877,1.0,10,0.0
2024,3,FAR,SUN,ID,35041,1.0,10,1.0
2024,3,FAR,SWO,OK,35074,1.0,10,1.0
2024,3,FAR,TWF,ID,35389,1.0,10,1.0
2024,3,MOT,AZA,AZ,30466,209.0,2090,0.612
2024,3,MOT,LAS,NV,32211,164.0,1640,0.384
2024,3,MOT,MSP,MN,31650,143.0,1430,0.706
2024,3,MOT,DEN,CO,30325,126.0,1260,0.746
2024,3,MOT,SFB,FL,34761,80.0,800,0.438
2024,3,MOT,IAH,TX,31453,63.0,630,0.683
2024,3,MOT,ATL,GA,30397,43.0,430,0.651
2024,3,MOT,LAX,CA,32575,42.0,420,0.5
2024,3,MOT,SAT,TX,33214,41.0,410,0.561
2024,3,MOT,RDU,NC,34492,40.0,400,0.775
2024,3,MOT,DFW,TX,30194,38.0,380,0.711
2024,3,MOT,SEA,WA,30559,35.0,350,0.714
2024,3,MOT,SAN,CA,33570,31.0,310,0.806
2024,3,MOT,STL,MO,31123,31.0,310,0.806
2024,3,MOT,BWI,MD,30852,30.0,300,0.7
2024,3,MOT,MCI,MO,33198,30.0,300,0.733
2024,3,MOT,SLC,UT,34614,30.0,300,0.867
2024,3,MOT,BNA,TN,30693,29.0,290,0.793
2024,3,MOT,SMF,CA,33192,27.0,270,0.519
2024,3,MOT,PHX,AZ,30466,26.0,260,0.615
2024,3,MOT,SHV,LA,30476,26.0,260,0.846
2024,3,MOT,EWR,NJ,31703,25.0,250,0.68
2024,3,MOT,DCA,VA,30852,23.0,230,0.652
2024,3,MOT,DTW,MI,31295,23.0,230,0.696
2024,3,MOT,PDX,OR,34057,23.0,230,0.739
2024,3,MOT,OKC,OK,33851,22.0,220,0.682
2024,3,MOT,SFO,CA,32457,22.0,220,0.773
2024,3,MOT,ORD,IL,30977,21.0,210,0.714
2024,3,MOT,PHL,PA,34100,20.0,200,0.55
2024,3,MOT,MCO,FL,31454,19.0,190,0.579
2024,3,MOT,OMA,NE,33316,19.0,190,0.684
2024,3,MOT,PIT,PA,30198,19.0,190,0.579
2024,3,MOT,AUS,TX,30423,18.0,180,0.833
2024,3,MOT,IND,IN,32337,18.0,180,0.722
2024,3,MOT,GRR,MI,31986,17.0,170,0.765
2024,3,MOT,TPA,FL,33195,17.0,170,0.765
2024,3,MOT,ABQ,NM,30140,16.0,160,0.812
2024,3,MOT,BOS,MA,30721,16.0,160,0.625
2024,3,MOT,CVG,KY,33105,16.0,160,0.875
2024,3,MOT,CLT,NC,31057,15.0,150,0.867
2024,3,MOT,BOI,ID,30713,14.0,140,0.714
2024,3,MOT,BDL,CT,30529,12.0,120,0.917
2024,3,MOT,FLL,FL,32467,12.0,120,0.75
2024,3,MOT,JAX,FL,31136,12.0,120,0.583
2024,3,MOT,MEM,TN,33244,12.0,120,0.667
2024,3,MOT,CHS,SC,30994,11.0,110,0.455
2024,3,MOT,CLE,OH,30647,11.0,110,0.909
2024,3,MOT,DSM,IA,31423,11.0,110,0.727
2024,3,MOT,RIC,VA,34524,11.0,110,0.818
2024,3,MOT,SNA,CA,32575,11.0,110,0.545
2024,3,MOT,TUL,OK,34653,11.0,110,0.636
2024,3,MOT,CMH,OH,31066,10.0,100,0.8
2024,3,MOT,MSY,LA,33495,10.0,100,0.7
2024,3,MOT,RSW,FL,31714,10.0,100,0.6
2024,3,MOT,SDF,KY,33044,10.0,100,0.6
2024,3,MOT,GSP,SC,31871,9.0,90,0.556
2024,3,MOT,IAD,VA,30852,9.0,90,0.889
2024,3,MOT,ICT,KS,30928,9.0,90,0.778
2024,3,MOT,LGA,NY,31703,9.0,90,0.667
2024,3,MOT,MAF,TX,33158,9.0,90,0.222
2024,3,MOT,PNS,FL,33728,9.0,90,0.889
2024,3,MOT,TUS,AZ,30436,9.0,90,0.556
2024,3,MOT,BHM,AL,30599,8.0,80,0.875
2024,3,MOT,RNO,NV,34570,8.0,80,0.75
2024,3,MOT,GEG,WA,31884,7.0,70,0.857
2024,3,MOT,JFK,NY,31703,7.0,70,0.286
2024,3,MOT,XNA,AR,31834,7.0,70,0.714
2024,3,MOT,ANC,AK,30299,6.0,60,0.833
2024,3,MOT,BFL,CA,30561,6.0,60,0.5
2024,3,MOT,COS,CO,30189,6.0,60,0.833
2024,3,MOT,ELP,TX,30615,6.0,60,0.333
2024,3,MOT,JAN,MS,32448,6.0,60,0.333
2024,3,MOT,MFE,TX,33256,6.0,60,0.333
2024,3,MOT,ONT,CA,32575,6.0,60,0.667
2024,3,MOT,PWM,ME,34321,6.0,60,0.333
2024,3,MOT,SGF,MO,34783,6.0,60,0.333
2024,3,MOT,TYS,TN,35412,6.0,60,1.0
2024,3,MOT,ALB,NY,30257,5.0,50,0.8
2024,3,MOT,CPR,WY,31122,5.0,50,0.6
2024,3,MOT,DAY,OH,31267,5.0,50,1.0
2024,3,MOT,LIT,AR,32600,5.0,50,1.0
2024,3,MOT,MKE,WI,33342,5.0,50,1.0
2024,3,MOT,MSN,WI,33485,5.0,50,0.6
2024,3,MOT,PSC,WA,34252,5.0,50,0.6
2024,3,MOT,AMA,TX,30279,4.0,40,0.5
2024,3,MOT,AVL,NC,30431,4.0,40,1.0
2024,3,MOT,CID,IA,31003,4.0,40,0.75
2024,3,MOT,DLH,MN,31337,4.0,40,0.75
2024,3,MOT,GSO,NC,31995,4.0,40,1.0
2024,3,MOT,ORF,VA,33667,4.0,40,1.0
2024,3,MOT,RKS,WY,34543,4.0,40,1.0
2024,3,MOT,SJC,CA,32457,4.0,40,0.25
2024,3,MOT,SPS,TX,34960,4.0,40,0.0
2024,3,MOT,SYR,NY,35096,4.0,40,0.75
2024,3,MOT,VPS,FL,31504,4.0,40,0.75
2024,3,MOT,EUG,OR,31603,3.0,30,0.667
2024,3,MOT,FAI,AK,31517,3.0,30,0.0
2024,3,MOT,GJT,CO,31921,3.0,30,1.0
2024,3,MOT,GPT,MS,31973,3.0,30,0.667
2024,3,MOT,HNL,HI,32134,3.0,30,0.667
2024,3,MOT,HSV,AL,30255,3.0,30,1.0
2024,3,MOT,LFT,LA,32951,3.0,30,0.333
2024,3,MOT,MDT,PA,32070,3.0,30,0.667
2024,3,MOT,MIA,FL,32467,3.0,30,0.333
2024,3,MOT,PVD,RI,30721,3.0,30,0.333
2024,3,MOT,RAP,SD,34457,3.0,30,0.667
2024,3,MOT,SBP,CA,34236,3.0,30,1.0
2024,3,MOT,SJU,PR,34819,3.0,30,0.333
2024,3,MOT,AGS,GA,30208,2.0,20,0.5
2024,3,MOT,ATW,WI,30408,2.0,20,1.0
2024,3,MOT,BGR,ME,30581,2.0,20,0.5
2024,3,MOT,BUF,NY,30792,2.0,20,0.5
2024,3,MOT,BUR,CA,32575,2.0,20,0.5
2024,3,MOT,BZN,MT,30849,2.0,20,0.5
2024,3,MOT,CAE,SC,30868,2.0,20,0.5
2024,3,MOT,CHA,TN,30980,2.0,20,0.5
2024,3,MOT,ECP,FL,31481,2.0,20,1.0
2024,3,MOT,FCA,MT,31648,2.0,20,0.5
2024,3,MOT,FSD,SD,31775,2.0,20,1.0
2024,3,MOT,GTF,MT,31895,2.0,20,1.0
2024,3,MOT,HOB,NM,32177,2.0,20,0.5
2024,3,MOT,HRL,TX,32206,2.0,20,0.5
2024,3,MOT,ILM,NC,32323,2.0,20,0.5
2024,3,MOT,LNK,NE,33029,2.0,20,0.5
2024,3,MOT,MBS,MI,33184,2.0,20,1.0
2024,3,MOT,MFR,OR,33264,2.0,20,0.5
2024,3,MOT,MGM,AL,33277,2.0,20,0.5
2024,3,MOT,MLI,IL,33367,2.0,20,1.0
2024,3,MOT,MSO,MT,33486,2.0,20,1.0
2024,3,MOT,MYR,SC,31135,2.0,20,0.5
2024,3,MOT,PSP,CA,34262,2.0,20,0.0
2024,3,MOT,ROC,NY,34576,2.0,20,1.0
2024,3,MOT,SBA,CA,34689,2.0,20,1.0
2024,3,MOT,SBN,IN,34696,2.0,20,0.0
2024,3,MOT,SGU,UT,34794,2.0,20,0.0
2024,3,MOT,TVC,MI,35380,2.0,20,1.0
2024,3,MOT,ABE,PA,30135,1.0,10,1.0
2024,3,MOT,ACV,CA,30157,1.0,10,0.0
2024,3,MOT,AEX,LA,30185,1.0,10,1.0
2024,3,MOT,BGM,NY,30577,1.0,10,0.0
2024,3,MOT,BJI,MN,30631,1.0,10,1.0
2024,3,MOT,BRO,TX,30747,1.0,10,1.0
2024,3,MOT,BTR,LA,30781,1.0,10,1.0
2024,3,MOT,BTV,VT,30785,1.0,10,1.0
2024,3,MOT,COD,WY,31097,1.0,10,1.0
2024,3,MOT,CRP,TX,31140,1.0,10,1.0
2024,3,MOT,CVN,NM,31197,1.0,10,0.0
2024,3,MOT,CYS,WY,31233,1.0,10,1.0
2024,3,MOT,ESC,MI,31587,1.0,10,1.0
2024,3,MOT,EYW,FL,31624,1.0,10,1.0
2024,3,MOT,GRB,WI,31977,1.0,10,1.0
2024,3,MOT,GUM,TT,32016,1.0,10,0.0
2024,3,MOT,HLN,MT,32156,1.0,10,1.0
2024,3,MOT,HOU,TX,31453,1.0,10,0.0
2024,3,MOT,IDA,ID,32280,1.0,10,0.0
2024,3,MOT,IMT,MI,32335,1.0,10,0.0
2024,3,MOT,LBB,TX,32896,1.0,10,0.0
2024,3,MOT,LBF,NE,32899,1.0,10,1.0
2024,3,MOT,LCH,LA,31205,1.0,10,1.0
2024,3,MOT,LEX,KY,32945,1.0,10,1.0
2024,3,MOT,MDW,IL,30977,1.0,10,1.0
2024,3,MOT,MOB,AL,30562,1.0,10,0.0
2024,3,MOT,OGG,HI,33830,1.0,10,0.0
2024,3,MOT,RIW,WY,34534,1.0,10,1.0
2024,3,MOT,ROA,VA,34574,1.0,10,0.0
2024,3,MOT,RST,MN,32547,1.0,10,1.0
2024,3,MOT,SAF,NM,34674,1.0,10,1.0
2024,3,MOT,SAV,GA,34685,1.0,10,0.0
2024,3,MOT,SCE,PA,34711,1.0,10,0.0
2024,3,MOT,SUX,IA,35048,1.0,10,1.0
2024,3,MOT,VLD,GA,35550,1.0,10,0.0
2024,3,MOT,XWA,ND,32389,1.0,10,0.0
2024,4,BIS,AZA,AZ,30466,338.0,3380,0.494
2024,4,BIS,MSP,MN,31650,274.0,2740,0.774
2024,4,BIS,DEN,CO,30325,202.0,2020,0.733
2024,4,BIS,DFW,TX,30194,150.0,1500,0.68
2024,4,BIS,LAS,NV,32211,123.0,1230,0.366
2024,4,BIS,IAH,TX,31453,82.0,820,0.695
2024,4,BIS,SFB,FL,34761,75.0,750,0.307
2024,4,BIS,ORD,IL,30977,66.0,660,0.621
2024,4,BIS,DCA,VA,30852,56.0,560,0.714
2024,4,BIS,SLC,UT,34614,54.0,540,0.611
2024,4,BIS,PIE,FL,33195,53.0,530,0.528
2024,4,BIS,SEA,WA,30559,51.0,510,0.725
2024,4,BIS,PHX,AZ,30466,49.0,490,0.551
2024,4,BIS,STL,MO,31123,48.0,480,0.646
2024,4,BIS,ATL,GA,30397,44.0,440,0.75
2024,4,BIS,LGA,NY,31703,40.0,400,0.525
2024,4,BIS,SMF,CA,33192,40.0,400,0.775
2024,4,BIS,AUS,TX,30423,38.0,380,0.842
2024,4,BIS,LAX,CA,32575,38.0,380,0.605
2024,4,BIS,BOS,MA,30721,37.0,370,0.568
2024,4,BIS,BNA,TN,30693,34.0,340,0.559
2024,4,BIS,CLT,NC,31057,34.0,340,0.794
2024,4,BIS,MCI,MO,33198,34.0,340,0.618
2024,4,BIS,PDX,OR,34057,34.0,340,0.618
2024,4,BIS,DTW,MI,31295,31.0,310,0.806
2024,4,BIS,RDU,NC,34492,31.0,310,0.71
2024,4,BIS,MCO,FL,31454,29.0,290,0.483
2024,4,BIS,MSY,LA,33495,28.0,280,0.429
2024,4,BIS,PHL,PA,34100,28.0,280,0.821
2024,4,BIS,SAT,TX,33214,28.0,280,0.5
2024,4,BIS,SFO,CA,32457,27.0,270,0.778
2024,4,BIS,IAD,VA,30852,26.0,260,0.462
2024,4,BIS,OKC,OK,33851,26.0,260,0.615
2024,4,BIS,OMA,NE,33316,26.0,260,0.731
2024,4,BIS,BOI,ID,30713,25.0,250,0.68
2024,4,BIS,EWR,NJ,31703,25.0,250,0.84
2024,4,BIS,GEG,WA,31884,25.0,250,0.72
2024,4,BIS,PIT,PA,30198,24.0,240,0.375
2024,4,BIS,CVG,KY,33105,23.0,230,0.609
2024,4,BIS,SAN,CA,33570,22.0,220,0.864
2024,4,BIS,ONT,CA,32575,21.0,210,0.476
2024,4,BIS,CLE,OH,30647,20.0,200,0.65
2024,4,BIS,GRR,MI,31986,20.0,200,0.95
2024,4,BIS,MIA,FL,32467,20.0,200,0.45
2024,4,BIS,RSW,FL,31714,20.0,200,0.6
2024,4,BIS,IND,IN,32337,19.0,190,0.737
2024,4,BIS,MKE,WI,33342,19.0,190,0.684
2024,4,BIS,ANC,AK,30299,18.0,180,0.556
2024,4,BIS,TUL,OK,34653,18.0,180,0.5
2024,4,BIS,MSN,WI,33485,17.0,170,0.882
2024,4,BIS,SNA,CA,32575,17.0,170,0.706
2024,4,BIS,TPA,FL,33195,17.0,170,0.706
2024,4,BIS,DSM,IA,31423,16.0,160,0.625
2024,4,BIS,FLL,FL,32467,16.0,160,0.5
2024,4,BIS,JAX,FL,31136,16.0,160,0.75
2024,4,BIS,MEM,TN,33244,16.0,160,1.0
2024,4,BIS,CMH,OH,31066,15.0,150,0.867
2024,4,BIS,BWI,MD,30852,14.0,140,0.571
2024,4,BIS,SDF,KY,33044,14.0,140,0.929
2024,4,BIS,MSO,MT,33486,13.0,130,0.692
2024,4,BIS,SJU,PR,34819,13.0,130,0.154
2024,4,BIS,BDL,CT,30529,12.0,120,0.75
2024,4,BIS,GSP,SC,31871,12.0,120,0.667
2024,4,BIS,ABQ,NM,30140,11.0,110,0.727
2024,4,BIS,BHM,AL,30599,11.0,110,0.909
2024,4,BIS,COS,CO,30189,11.0,110,0.818
2024,4,BIS,SJC,CA,32457,11.0,110,0.545
2024,4,BIS,ELP,TX,30615,10.0,100,0.4
2024,4,BIS,RIC,VA,34524,10.0,100,0.8
2024,4,BIS,SYR,NY,35096,10.0,100,0.6
2024,4,BIS,TUS,AZ,30436,10.0,100,0.9
2024,4,BIS,CAE,SC,30868,9.0,90,0.556
2024,4,BIS,CID,IA,31003,9.0,90,0.778
2024,4,BIS,MDW,IL,30977,9.0,90,0.667
2024,4,BIS,ORF,VA,33667,9.0,90,0.556
2024,4,BIS,PNS,FL,33728,9.0,90,0.778
2024,4,BIS,PSP,CA,34262,9.0,90,0.556
2024,4,BIS,SGF,MO,34783,9.0,90,0.444
2024,4,BIS,SHV,LA,30476,9.0,90,0.889
2024,4,BIS,EUG,OR,31603,8.0,80,0.875
2024,4,BIS,HOU,TX,31453,8.0,80,0.75
2024,4,BIS,HSV,AL,30255,8.0,80,0.75
2024,4,BIS,ICT,KS,30928,8.0,80,0.75
2024,4,BIS,JAN,MS,32448,8.0,80,0.5
2024,4,BIS,JFK,NY,31703,8.0,80,0.25
2024,4,BIS,LBB,TX,32896,8.0,80,0.875
2024,4,BIS,MAF,TX,33158,8.0,80,0.625
2024,4,BIS,ALB,NY,30257,7.0,70,0.429
2024,4,BIS,CHA,TN,30980,7.0,70,0.857
2024,4,BIS,CHS,SC,30994,7.0,70,0.714
2024,4,BIS,CPR,WY,31122,7.0,70,0.714
2024,4,BIS,FSD,SD,31775,7.0,70,1.0
2024,4,BIS,GSO,NC,31995,7.0,70,0.571
2024,4,BIS,HNL,HI,32134,7.0,70,0.143
2024,4,BIS,LFT,LA,32951,7.0,70,0.571
2024,4,BIS,LIT,AR,32600,7.0,70,1.0
2024,4,BIS,MDT,PA,32070,7.0,70,0.714
2024,4,BIS,MFR,OR,33264,7.0,70,0.714
2024,4,BIS,RNO,NV,34570,7.0,70,0.857
2024,4,BIS,VPS,FL,31504,7.0,70,0.571
2024,4,BIS,AMA,TX,30279,6.0,60,0.833
2024,4,BIS,BIL,MT,30620,6.0,60,0.833
2024,4,BIS,BUF,NY,30792,6.0,60,0.5
2024,4,BIS,PBI,FL,34027,6.0,60,0.333
2024,4,BIS,SGU,UT,34794,6.0,60,0.833
2024,4,BIS,ATW,WI,30408,5.0,50,0.8
2024,4,BIS,BTV,VT,30785,5.0,50,0.8
2024,4,BIS,BZN,MT,30849,5.0,50,0.6
2024,4,BIS,FWA,IN,31823,5.0,50,0.8
2024,4,BIS,GJT,CO,31921,5.0,50,0.8
2024,4,BIS,MFE,TX,33256,5.0,50,0.2
2024,4,BIS,PWM,ME,34321,5.0,50,0.6
2024,4,BIS,RDM,OR,34489,5.0,50,0.8
2024,4,BIS,TYS,TN,35412,5.0,50,1.0
2024,4,BIS,ABI,TX,30136,4.0,40,0.5
2024,4,BIS,BUR,CA,32575,4.0,40,0.25
2024,4,BIS,DLH,MN,31337,4.0,40,1.0
2024,4,BIS,DRO,CO,30285,4.0,40,0.75
2024,4,BIS,MYR,SC,31135,4.0,40,0.25
2024,4,BIS,RST,MN,32547,4.0,40,0.5
2024,4,BIS,CRW,WV,31146,3.0,30,0.333
2024,4,BIS,DAY,OH,31267,3.0,30,1.0
2024,4,BIS,FAT,CA,31638,3.0,30,0.333
2024,4,BIS,FCA,MT,31648,3.0,30,0.333
2024,4,BIS,GPT,MS,31973,3.0,30,0.667
2024,4,BIS,GTF,MT,31895,3.0,30,0.333
2024,4,BIS,GUM,TT,32016,3.0,30,0.0
2024,4,BIS,HLN,MT,32156,3.0,30,0.333
2024,4,BIS,IDA,ID,32280,3.0,30,0.667
2024,4,BIS,ILM,NC,32323,3.0,30,0.667
2024,4,BIS,LEX,KY,32945,3.0,30,0.667
2024,4,BIS,LNK,NE,33029,3.0,30,0.667
2024,4,BIS,LWS,ID,33127,3.0,30,0.667
2024,4,BIS,MLI,IL,33367,3.0,30,0.333
2024,4,BIS,MLU,LA,33377,3.0,30,0.333
2024,4,BIS,PSC,WA,34252,3.0,30,0.667
2024,4,BIS,RAP,SD,34457,3.0,30,0.667
2024,4,BIS,ROA,VA,34574,3.0,30,0.667
2024,4,BIS,SAF,NM,34674,3.0,30,0.667
2024,4,BIS,SAV,GA,34685,3.0,30,1.0
2024,4,BIS,SBA,CA,34689,3.0,30,0.667
2024,4,BIS,SBN,IN,34696,3.0,30,0.0
2024,4,BIS,SHR,WY,34812,3.0,30,0.333
2024,4,BIS,SRQ,FL,34986,3.0,30,0.333
2024,4,BIS,TVC,MI,35380,3.0,30,1.0
2024,4,BIS,XNA,AR,31834,3.0,30,0.667
2024,4,BIS,ABY,GA,30146,2.0,20,1.0
2024,4,BIS,AGS,GA,30208,2.0,20,1.0
2024,4,BIS,BGR,ME,30581,2.0,20,1.0
2024,4,BIS,BMI,IL,30685,2.0,20,0.5
2024,4,BIS,CRP,TX,31140,2.0,20,1.0
2024,4,BIS,CWA,WI,30424,2.0,20,0.5
2024,4,BIS,DAB,FL,31252,2.0,20,0.5
2024,4,BIS,EAR,NE,31468,2.0,20,1.0
2024,4,BIS,ECP,FL,31481,2.0,20,0.0
2024,4,BIS,FAI,AK,31517,2.0,20,1.0
2024,4,BIS,GFK,ND,31898,2.0,20,0.0
2024,4,BIS,GRK,TX,31982,2.0,20,0.0
2024,4,BIS,HDN,CO,34699,2.0,20,1.0
2024,4,BIS,HRL,TX,32206,2.0,20,1.0
2024,4,BIS,KOA,HI,32758,2.0,20,0.0
2024,4,BIS,LAR,WY,32888,2.0,20,0.5
2024,4,BIS,LCH,LA,31205,2.0,20,0.5
2024,4,BIS,MHK,KS,33290,2.0,20,1.0
2024,4,BIS,MOB,AL,30562,2.0,20,0.5
2024,4,BIS,PRC,AZ,34237,2.0,20,0.5
2024,4,BIS,RKS,WY,34543,2.0,20,0.5
2024,4,BIS,ROC,NY,34576,2.0,20,0.0
2024,4,BIS,ROW,NM,34588,2.0,20,0.0
2024,4,BIS,SBP,CA,34236,2.0,20,0.5
2024,4,BIS,SLN,KS,34877,2.0,20,0.5
2024,4,BIS,YUM,AZ,33785,2.0,20,0.5
2024,4,BIS,ABE,PA,30135,1.0,10,0.0
2024,4,BIS,APN,MI,30333,1.0,10,1.0
2024,4,BIS,AVL,NC,30431,1.0,10,1.0
2024,4,BIS,BFL,CA,30561,1.0,10,1.0
2024,4,BIS,BIH,CA,30617,1.0,10,1.0
2024,4,BIS,BPT,TX,30728,1.0,10,0.0
2024,4,BIS,BQN,PR,30732,1.0,10,0.0
2024,4,BIS,BRD,MN,30739,1.0,10,1.0
2024,4,BIS,BRO,TX,30747,1.0,10,0.0
2024,4,BIS,BTR,LA,30781,1.0,10,1.0
2024,4,BIS,CHO,VA,30990,1.0,10,0.0
2024,4,BIS,CIU,MI,31013,1.0,10,1.0
2024,4,BIS,CLL,TX,31049,1.0,10,0.0
2024,4,BIS,CMI,IL,31067,1.0,10,1.0
2024,4,BIS,COD,WY,31097,1.0,10,0.0
2024,4,BIS,COU,MO,32474,1.0,10,0.0
2024,4,BIS,CSG,GA,31150,1.0,10,1.0
2024,4,BIS,CYS,WY,31233,1.0,10,1.0
2024,4,BIS,DHN,AL,31308,1.0,10,1.0
2024,4,BIS,FSM,AR,31778,1.0,10,1.0
2024,4,BIS,GGG,TX,31905,1.0,10,0.0
2024,4,BIS,GNV,FL,31953,1.0,10,1.0
2024,4,BIS,GRB,WI,31977,1.0,10,0.0
2024,4,BIS,HOB,NM,32177,1.0,10,0.0
2024,4,BIS,HPN,NY,31703,1.0,10,0.0
2024,4,BIS,HVR,MT,32245,1.0,10,0.0
2024,4,BIS,ITH,NY,32397,1.0,10,0.0
2024,4,BIS,JAC,WY,32441,1.0,10,1.0
2024,4,BIS,JMS,ND,32519,1.0,10,0.0
2024,4,BIS,MBS,MI,33184,1.0,10,1.0
2024,4,BIS,MGM,AL,33277,1.0,10,1.0
2024,4,BIS,OGG,HI,33830,1.0,10,0.0
2024,4,BIS,PIA,IL,34108,1.0,10,1.0
2024,4,BIS,RDD,CA,33792,1.0,10,1.0
2024,4,BIS,RHI,WI,34520,1.0,10,1.0
2024,4,BIS,SBY,MD,34704,1.0,10,1.0
2024,4,BIS,SJT,TX,34842,1.0,10,1.0
2024,4,BIS,SPS,TX,34960,1.0,10,0.0
2024,4,BIS,SWO,OK,35074,1.0,10,0.0
2024,4,BIS,TLH,FL,35249,1.0,10,1.0
2024,4,BIS,TRI,TN,35323,1.0,10,1.0
2024,4,BIS,TXK,AR,35401,1.0,10,1.0
2024,4,BIS,XWA,ND,32389,1.0,10,0.0
2024,4,DIK,IAH,TX,31453,26.0,260,0.846
2024,4,DIK,SLC,UT,34614,14.0,140,0.857
2024,4,DIK,OKC,OK,33851,13.0,130,0.692
2024,4,DIK,DFW,TX,30194,12.0,120,0.75
2024,4,DIK,LAX,CA,32575,12.0,120,0.5
2024,4,DIK,PHX,AZ,30466,12.0,120,0.833
2024,4,DIK,SEA,WA,30559,11.0,110,0.727
2024,4,DIK,AUS,TX,30423,9.0,90,0.444
2024,4,DIK,SMF,CA,33192,9.0,90,0.556
2024,4,DIK,BOI,ID,30713,8.0,80,0.875
2024,4,DIK,PDX,OR,34057,7.0,70,0.857
2024,4,DIK,GJT,CO,31921,6.0,60,0.833
2024,4,DIK,SAT,TX,33214,6.0,60,0.833
2024,4,DIK,GEG,WA,31884,5.0,50,0.8
2024,4,DIK,MCI,MO,33198,5.0,50,0.6
2024,4,DIK,SAN,CA,33570,5.0,50,0.4
2024,4,DIK,ATL,GA,30397,4.0,40,0.5
2024,4,DIK,BOS,MA,30721,4.0,40,0.75
2024,4,DIK,DEN,CO,30325,4.0,40,0.5
2024,4,DIK,ELP,TX,30615,4.0,40,0.25
2024,4,DIK,EUG,OR,31603,4.0,40,0.75
2024,4,DIK,EWR,NJ,31703,4.0,40,0.5
2024,4,DIK,IAD,VA,30852,4.0,40,1.0
2024,4,DIK,ICT,KS,30928,4.0,40,1.0
2024,4,DIK,MAF,TX,33158,4.0,40,0.25
2024,4,DIK,MEM,TN,33244,4.0,40,0.5
2024,4,DIK,MSY,LA,33495,4.0,40,0.25
2024,4,DIK,ORD,IL,30977,4.0,40,0.75
2024,4,DIK,SFO,CA,32457,4.0,40,0.75
2024,4,DIK,BNA,TN,30693,3.0,30,0.667
2024,4,DIK,DRO,CO,30285,3.0,30,1.0
2024,4,DIK,ECP,FL,31481,3.0,30,0.333
2024,4,DIK,LAS,NV,32211,3.0,30,0.333
2024,4,DIK,LIT,AR,32600,3.0,30,1.0
2024,4,DIK,MSP,MN,31650,3.0,30,1.0
2024,4,DIK,OMA,NE,33316,3.0,30,1.0
2024,4,DIK,ONT,CA,32575,3.0,30,0.333
2024,4,DIK,SHV,LA,30476,3.0,30,0.333
2024,4,DIK,SNA,CA,32575,3.0,30,1.0
2024,4,DIK,TUL,OK,34653,3.0,30,1.0
2024,4,DIK,TUS,AZ,30436,3.0,30,1.0
2024,4,DIK,ABQ,NM,30140,2.0,20,0.5
2024,4,DIK,BHM,AL,30599,2.0,20,0.5
2024,4,DIK,BWI,MD,30852,2.0,20,0.5
2024,4,DIK,COS,CO,30189,2.0,20,1.0
2024,4,DIK,DSM,IA,31423,2.0,20,0.5
2024,4,DIK,FAT,CA,31638,2.0,20,0.5
2024,4,DIK,MFR,OR,33264,2.0,20,0.0
2024,4,DIK,MSO,MT,33486,2.0,20,1.0
2024,4,DIK,PIT,PA,30198,2.0,20,0.0
2024,4,DIK,RNO,NV,34570,2.0,20,1.0
2024,4,DIK,SBP,CA,34236,2.0,20,0.5
2024,4,DIK,SJC,CA,32457,2.0,20,0.5
2024,4,DIK,STL,MO,31123,2.0,20,1.0
2024,4,DIK,TPA,FL,33195,2.0,20,0.5
2024,4,DIK,ACV,CA,30157,1.0,10,1.0
2024,4,DIK,ANC,AK,30299,1.0,10,0.0
2024,4,DIK,BFL,CA,30561,1.0,10,0.0
2024,4,DIK,BUF,NY,30792,1.0,10,1.0
2024,4,DIK,CHS,SC,30994,1.0,10,0.0
2024,4,DIK,CLE,OH,30647,1.0,10,1.0
2024,4,DIK,CLT,NC,31057,1.0,10,1.0
2024,4,DIK,CRW,WV,31146,1.0,10,1.0
2024,4,DIK,DAY,OH,31267,1.0,10,1.0
2024,4,DIK,DCA,VA,30852,1.0,10,0.0
2024,4,DIK,HDN,CO,34699,1.0,10,1.0
2024,4,DIK,IDA,ID,32280,1.0,10,1.0
2024,4,DIK,IND,IN,32337,1.0,10,1.0
2024,4,DIK,JAN,MS,32448,1.0,10,1.0
2024,4,DIK,JAX,FL,31136,1.0,10,1.0
2024,4,DIK,LCH,LA,31205,1.0,10,1.0
2024,4,DIK,MBS,MI,33184,1.0,10,0.0
2024,4,DIK,MCO,FL,31454,1.0,10,0.0
2024,4,DIK,MDT,PA,32070,1.0,10,0.0
2024,4,DIK,MIA,FL,32467,1.0,10,0.0
2024,4,DIK,PSC,WA,34252,1.0,10,1.0
2024,4,DIK,PSP,CA,34262,1.0,10,0.0
2024,4,DIK,RDD,CA,33792,1.0,10,1.0
2024,4,DIK,RDU,NC,34492,1.0,10,1.0
2024,4,DIK,RSW,FL,31714,1.0,10,0.0
2024,4,DIK,SAF,NM,34674,1.0,10,1.0
2024,4,DIK,SAV,GA,34685,1.0,10,1.0
2024,4,DIK,SGF,MO,34783,1.0,10,0.0
2024,4,DIK,TYS,TN,35412,1.0,10,1.0
2024,4,DIK,XNA,AR,31834,1.0,10,0.0
2024,4,DIK,XWA,ND,32389,1.0,10,0.0
2024,4,FAR,DEN,CO,30325,585.0,5850,0.738
2024,4,FAR,AZA,AZ,30466,553.0,5530,0.546
2024,4,FAR,ORD,IL,30977,386.0,3860,0.565
2024,4,FAR,DFW,TX,30194,302.0,3020,0.705
2024,4,FAR,LAS,NV,32211,194.0,1940,0.345
2024,4,FAR,BNA,TN,30693,177.0,1770,0.565
2024,4,FAR,MSP,MN,31650,156.0,1560,0.615
2024,4,FAR,PHX,AZ,30466,141.0,1410,0.468
2024,4,FAR,IAH,TX,31453,128.0,1280,0.648
2024,4,FAR,SEA,WA,30559,124.0,1240,0.532
2024,4,FAR,LAX,CA,32575,102.0,1020,0.569
2024,4,FAR,ATL,GA,30397,97.0,970,0.691
2024,4,FAR,SLC,UT,34614,95.0,950,0.642
2024,4,FAR,PDX,OR,34057,91.0,910,0.582
2024,4,FAR,DCA,VA,30852,85.0,850,0.612
2024,4,FAR,RDU,NC,34492,75.0,750,0.813
2024,4,FAR,SAN,CA,33570,74.0,740,0.662
2024,4,FAR,BOS,MA,30721,72.0,720,0.625
2024,4,FAR,STL,MO,31123,70.0,700,0.686
2024,4,FAR,MCI,MO,33198,69.0,690,0.696
2024,4,FAR,IND,IN,32337,65.0,650,0.646
2024,4,FAR,AUS,TX,30423,64.0,640,0.703
2024,4,FAR,LGA,NY,31703,64.0,640,0.5
2024,4,FAR,PHL,PA,34100,64.0,640,0.625
2024,4,FAR,SFO,CA,32457,64.0,640,0.531
2024,4,FAR,MCO,FL,31454,63.0,630,0.429
2024,4,FAR,SAT,TX,33214,62.0,620,0.452
2024,4,FAR,SFB,FL,34761,59.0,590,0.237
2024,4,FAR,TPA,FL,33195,59.0,590,0.508
2024,4,FAR,EWR,NJ,31703,58.0,580,0.5
2024,4,FAR,CMH,OH,31066,54.0,540,0.667
2024,4,FAR,SMF,CA,33192,53.0,530,0.755
2024,4,FAR,BWI,MD,30852,49.0,490,0.653
2024,4,FAR,BOI,ID,30713,46.0,460,0.761
2024,4,FAR,DTW,MI,31295,46.0,460,0.848
2024,4,FAR,CLT,NC,31057,45.0,450,0.511
2024,4,FAR,SNA,CA,32575,45.0,450,0.556
2024,4,FAR,ONT,CA,32575,44.0,440,0.386
2024,4,FAR,PIT,PA,30198,42.0,420,0.595
2024,4,FAR,MKE,WI,33342,41.0,410,0.707
2024,4,FAR,PIE,FL,33195,41.0,410,0.61
2024,4,FAR,CLE,OH,30647,39.0,390,0.846
2024,4,FAR,CVG,KY,33105,38.0,380,0.658
2024,4,FAR,RSW,FL,31714,37.0,370,0.595
2024,4,FAR,FLL,FL,32467,35.0,350,0.457
2024,4,FAR,BDL,CT,30529,34.0,340,0.735
2024,4,FAR,JAX,FL,31136,34.0,340,0.824
2024,4,FAR,OKC,OK,33851,34.0,340,0.618
2024,4,FAR,MIA,FL,32467,33.0,330,0.364
2024,4,FAR,ELP,TX,30615,32.0,320,0.469
2024,4,FAR,TUS,AZ,30436,32.0,320,0.75
2024,4,FAR,GRR,MI,31986,31.0,310,0.806
2024,4,FAR,GEG,WA,31884,30.0,300,0.667
2024,4,FAR,IAD,VA,30852,29.0,290,0.621
2024,4,FAR,ORF,VA,33667,28.0,280,0.607
2024,4,FAR,ANC,AK,30299,27.0,270,0.519
2024,4,FAR,MSY,LA,33495,27.0,270,0.444
2024,4,FAR,FAT,CA,31638,26.0,260,0.692
2024,4,FAR,OMA,NE,33316,26.0,260,0.5
2024,4,FAR,CHS,SC,30994,25.0,250,0.72
2024,4,FAR,ABQ,NM,30140,24.0,240,0.708
2024,4,FAR,RNO,NV,34570,24.0,240,0.542
2024,4,FAR,CID,IA,31003,23.0,230,0.696
2024,4,FAR,MEM,TN,33244,23.0,230,0.565
2024,4,FAR,MSN,WI,33485,23.0,230,0.696
2024,4,FAR,BIL,MT,30620,22.0,220,0.545
2024,4,FAR,BZN,MT,30849,22.0,220,0.727
2024,4,FAR,DSM,IA,31423,22.0,220,0.818
2024,4,FAR,COS,CO,30189,21.0,210,0.81
2024,4,FAR,GSP,SC,31871,21.0,210,0.667
2024,4,FAR,BFL,CA,30561,20.0,200,0.55
2024,4,FAR,MDT,PA,32070,20.0,200,0.95
2024,4,FAR,JFK,NY,31703,19.0,190,0.263
2024,4,FAR,PSP,CA,34262,19.0,190,0.526
2024,4,FAR,RIC,VA,34524,19.0,190,0.684
2024,4,FAR,SAV,GA,34685,18.0,180,0.5
2024,4,FAR,TUL,OK,34653,18.0,180,0.667
2024,4,FAR,BHM,AL,30599,17.0,170,0.647
2024,4,FAR,MSO,MT,33486,17.0,170,0.647
2024,4,FAR,SDF,KY,33044,17.0,170,0.765
2024,4,FAR,GSO,NC,31995,16.0,160,0.812
2024,4,FAR,PVD,RI,30721,16.0,160,0.688
2024,4,FAR,RAP,SD,34457,16.0,160,0.688
2024,4,FAR,SJU,PR,34819,16.0,160,0.188
2024,4,FAR,LBB,TX,32896,15.0,150,0.733
2024,4,FAR,MLI,IL,33367,14.0,140,0.429
2024,4,FAR,PBI,FL,34027,14.0,140,0.643
2024,4,FAR,TYS,TN,35412,14.0,140,0.429
2024,4,FAR,CAE,SC,30868,13.0,130,0.692
2024,4,FAR,ICT,KS,30928,13.0,130,0.462
2024,4,FAR,ALB,NY,30257,12.0,120,0.25
2024,4,FAR,BUF,NY,30792,12.0,120,0.5
2024,4,FAR,CHA,TN,30980,12.0,120,0.667
2024,4,FAR,EUG,OR,31603,12.0,120,0.417
2024,4,FAR,FWA,IN,31823,12.0,120,0.75
2024,4,FAR,HNL,HI,32134,12.0,120,0.583
2024,4,FAR,RDM,OR,34489,12.0,120,0.667
2024,4,FAR,DAY,OH,31267,11.0,110,0.545
2024,4,FAR,FCA,MT,31648,11.0,110,0.545
2024,4,FAR,GJT,CO,31921,11.0,110,0.818
2024,4,FAR,MFE,TX,33256,11.0,110,0.273
2024,4,FAR,PNS,FL,33728,11.0,110,0.818
2024,4,FAR,ROC,NY,34576,11.0,110,1.0
2024,4,FAR,ATW,WI,30408,10.0,100,0.5
2024,4,FAR,CPR,WY,31122,10.0,100,0.6
2024,4,FAR,GTF,MT,31895,10.0,100,0.6
2024,4,FAR,HOU,TX,31453,10.0,100,0.4
2024,4,FAR,IDA,ID,32280,10.0,100,0.5
2024,4,FAR,SBA,CA,34689,10.0,100,0.9
2024,4,FAR,XNA,AR,31834,10.0,100,0.5
2024,4,FAR,HSV,AL,30255,9.0,90,0.556
2024,4,FAR,JAN,MS,32448,9.0,90,0.444
2024,4,FAR,PSC,WA,34252,9.0,90,0.444
2024,4,FAR,PWM,ME,34321,9.0,90,0.444
2024,4,FAR,AMA,TX,30279,8.0,80,1.0
2024,4,FAR,MAF,TX,33158,8.0,80,0.5
2024,4,FAR,MFR,OR,33264,8.0,80,1.0
2024,4,FAR,ROA,VA,34574,8.0,80,0.5
2024,4,FAR,SRQ,FL,34986,8.0,80,0.625
2024,4,FAR,SYR,NY,35096,8.0,80,0.25
2024,4,FAR,ABI,TX,30136,7.0,70,0.857
2024,4,FAR,AVL,NC,30431,7.0,70,0.571
2024,4,FAR,HRL,TX,32206,7.0,70,0.286
2024,4,FAR,LIT,AR,32600,7.0,70,0.571
2024,4,FAR,MDW,IL,30977,7.0,70,0.143
2024,4,FAR,SBN,IN,34696,7.0,70,0.857
2024,4,FAR,SGF,MO,34783,7.0,70,0.429
2024,4,FAR,SJC,CA,32457,7.0,70,0.286
2024,4,FAR,VPS,FL,31504,7.0,70,0.571
2024,4,FAR,BUR,CA,32575,6.0,60,1.0
2024,4,FAR,DRO,CO,30285,6.0,60,0.667
2024,4,FAR,ECP,FL,31481,6.0,60,0.5
2024,4,FAR,PIA,IL,34108,6.0,60,1.0
2024,4,FAR,TVC,MI,35380,6.0,60,0.667
2024,4,FAR,YUM,AZ,33785,6.0,60,0.333
2024,4,FAR,BTR,LA,30781,5.0,50,0.6
2024,4,FAR,BTV,VT,30785,5.0,50,0.8
2024,4,FAR,FNT,MI,31721,5.0,50,0.8
2024,4,FAR,LEX,KY,32945,5.0,50,0.4
2024,4,FAR,LNK,NE,33029,5.0,50,1.0
2024,4,FAR,SJT,TX,34842,5.0,50,0.6
2024,4,FAR,AGS,GA,30208,4.0,40,0.5
2024,4,FAR,CHO,VA,30990,4.0,40,0.25
2024,4,FAR,COD,WY,31097,4.0,40,0.75
2024,4,FAR,CRP,TX,31140,4.0,40,0.5
2024,4,FAR,GFK,ND,31898,4.0,40,0.0
2024,4,FAR,GGG,TX,31905,4.0,40,0.75
2024,4,FAR,HPN,NY,31703,4.0,40,0.75
2024,4,FAR,LFT,LA,32951,4.0,40,0.5
2024,4,FAR,MBS,MI,33184,4.0,40,1.0
2024,4,FAR,MOB,AL,30562,4.0,40,0.25
2024,4,FAR,OGG,HI,33830,4.0,40,0.25
2024,4,FAR,SAF,NM,34674,4.0,40,0.75
2024,4,FAR,ABE,PA,30135,3.0,30,0.0
2024,4,FAR,AVP,PA,30434,3.0,30,0.667
2024,4,FAR,BGR,ME,30581,3.0,30,0.333
2024,4,FAR,CMI,IL,31067,3.0,30,1.0
2024,4,FAR,CRW,WV,31146,3.0,30,1.0
2024,4,FAR,EGE,CO,31503,3.0,30,0.667
2024,4,FAR,FAI,AK,31517,3.0,30,0.667
2024,4,FAR,FAY,NC,31641,3.0,30,0.667
2024,4,FAR,GRB,WI,31977,3.0,30,1.0
2024,4,FAR,HDN,CO,34699,3.0,30,0.667
2024,4,FAR,HLN,MT,32156,3.0,30,0.667
2024,4,FAR,ILM,NC,32323,3.0,30,1.0
2024,4,FAR,LAN,MI,32884,3.0,30,0.667
2024,4,FAR,LWS,ID,33127,3.0,30,1.0
2024,4,FAR,MGM,AL,33277,3.0,30,0.333
2024,4,FAR,MRY,CA,34922,3.0,30,1.0
2024,4,FAR,MTJ,CO,33502,3.0,30,0.333
2024,4,FAR,MYR,SC,31135,3.0,30,0.667
2024,4,FAR,OAJ,NC,33795,3.0,30,1.0
2024,4,FAR,RKS,WY,34543,3.0,30,1.0
2024,4,FAR,SHV,LA,30476,3.0,30,1.0
2024,4,FAR,TLH,FL,35249,3.0,30,0.0
2024,4,FAR,TRI,TN,35323,3.0,30,1.0
2024,4,FAR,AZO,MI,30469,2.0,20,1.0
2024,4,FAR,CLL,TX,31049,2.0,20,1.0
2024,4,FAR,COU,MO,32474,2.0,20,0.0
2024,4,FAR,CSG,GA,31150,2.0,20,0.5
2024,4,FAR,CYS,WY,31233,2.0,20,1.0
2024,4,FAR,DLH,MN,31337,2.0,20,1.0
2024,4,FAR,EVV,IN,31612,2.0,20,1.0
2024,4,FAR,FLO,SC,31699,2.0,20,0.5
2024,4,FAR,GCC,WY,31865,2.0,20,0.5
2024,4,FAR,GPT,MS,31973,2.0,20,1.0
2024,4,FAR,JMS,ND,32519,2.0,20,0.0
2024,4,FAR,JNU,AK,32523,2.0,20,0.5
2024,4,FAR,KOA,HI,32758,2.0,20,0.0
2024,4,FAR,LAR,WY,32888,2.0,20,0.5
2024,4,FAR,LCH,LA,31205,2.0,20,0.5
2024,4,FAR,LRD,TX,33038,2.0,20,0.0
2024,4,FAR,LYH,VA,33139,2.0,20,0.0
2024,4,FAR,MHK,KS,33290,2.0,20,0.5
2024,4,FAR,OAK,CA,32457,2.0,20,1.0
2024,4,FAR,PBG,NY,34025,2.0,20,0.5
2024,4,FAR,RIW,WY,34534,2.0,20,1.0
2024,4,FAR,RST,MN,32547,2.0,20,0.0
2024,4,FAR,SBP,CA,34236,2.0,20,0.5
2024,4,FAR,SCE,PA,34711,2.0,20,1.0
2024,4,FAR,SGU,UT,34794,2.0,20,1.0
2024,4,FAR,SWO,OK,35074,2.0,20,1.0
2024,4,FAR,XWA,ND,32389,2.0,20,0.0
2024,4,FAR,ACT,TX,30155,1.0,10,0.0
2024,4,FAR,ACV,CA,30157,1.0,10,0.0
2024,4,FAR,ADQ,AK,30070,1.0,10,0.0
2024,4,FAR,BFF,NE,30558,1.0,10,0.0
2024,4,FAR,BGM,NY,30577,1.0,10,0.0
2024,4,FAR,BPT,TX,30728,1.0,10,0.0
2024,4,FAR,BQK,GA,30731,1.0,10,1.0
2024,4,FAR,BRO,TX,30747,1.0,10,0.0
2024,4,FAR,CMX,MI,31076,1.0,10,1.0
2024,4,FAR,CWA,WI,30424,1.0,10,1.0
2024,4,FAR,DAB,FL,31252,1.0,10,1.0
2024,4,FAR,DVL,ND,31447,1.0,10,0.0
2024,4,FAR,ERI,PA,31577,1.0,10,0.0
2024,4,FAR,GRK,TX,31982,1.0,10,1.0
2024,4,FAR,GUC,CO,32012,1.0,10,1.0
2024,4,FAR,HOB,NM,32177,1.0,10,0.0
2024,4,FAR,HTS,WV,32223,1.0,10,1.0
2024,4,FAR,JAC,WY,32441,1.0,10,1.0
2024,4,FAR,LBL,KS,32902,1.0,10,0.0
2024,4,FAR,LIH,HI,32982,1.0,10,0.0
2024,4,FAR,MHT,NH,30721,1.0,10,0.0
2024,4,FAR,MLU,LA,33377,1.0,10,0.0
2024,4,FAR,MQT,MI,33459,1.0,10,1.0
2024,4,FAR,PHF,VA,33667,1.0,10,0.0
2024,4,FAR,PIH,ID,34113,1.0,10,0.0
2024,4,FAR,PVU,UT,34314,1.0,10,1.0
2024,4,FAR,RDD,CA,33792,1.0,10,1.0
2024,4,FAR,RHI,WI,34520,1.0,10,1.0
2024,4,FAR,SPS,TX,34960,1.0,10,1.0
2024,4,FAR,STT,VI,34945,1.0,10,0.0
2024,4,FAR,STX,VI,34992,1.0,10,0.0
2024,4,FAR,SUN,ID,35041,1.0,10,1.0
2024,4,FAR,TWF,ID,35389,1.0,10,0.0
2024,4,FAR,TXK,AR,35401,1.0,10,0.0
2024,4,FAR,TYR,TX,35411,1.0,10,1.0
2024,4,MOT,AZA,AZ,30466,235.0,2350,0.438
2024,4,MOT,MSP,MN,31650,148.0,1480,0.743
2024,4,MOT,LAS,NV,32211,117.0,1170,0.316
2024,4,MOT,DEN,CO,30325,108.0,1080,0.741
2024,4,MOT,SFB,FL,34761,83.0,830,0.398
2024,4,MOT,IAH,TX,31453,58.0,580,0.741
2024,4,MOT,DFW,TX,30194,35.0,350,0.571
2024,4,MOT,SLC,UT,34614,34.0,340,0.618
2024,4,MOT,ATL,GA,30397,31.0,310,0.806
2024,4,MOT,BNA,TN,30693,31.0,310,0.677
2024,4,MOT,BWI,MD,30852,29.0,290,0.862
2024,4,MOT,RDU,NC,34492,29.0,290,0.862
2024,4,MOT,SAT,TX,33214,29.0,290,0.621
2024,4,MOT,SEA,WA,30559,27.0,270,0.519
2024,4,MOT,OKC,OK,33851,25.0,250,0.6
2024,4,MOT,LAX,CA,32575,24.0,240,0.542
2024,4,MOT,DTW,MI,31295,23.0,230,0.783
2024,4,MOT,SMF,CA,33192,23.0,230,0.565
2024,4,MOT,PDX,OR,34057,22.0,220,0.773
2024,4,MOT,CMH,OH,31066,21.0,210,0.857
2024,4,MOT,GRR,MI,31986,21.0,210,0.619
2024,4,MOT,MCO,FL,31454,20.0,200,0.6
2024,4,MOT,PIT,PA,30198,20.0,200,0.8
2024,4,MOT,PHX,AZ,30466,19.0,190,0.421
2024,4,MOT,DCA,VA,30852,18.0,180,0.833
2024,4,MOT,ORD,IL,30977,18.0,180,0.556
2024,4,MOT,CLT,NC,31057,17.0,170,0.882
2024,4,MOT,BOS,MA,30721,16.0,160,0.562
2024,4,MOT,PHL,PA,34100,16.0,160,0.75
2024,4,MOT,AUS,TX,30423,14.0,140,0.643
2024,4,MOT,BOI,ID,30713,14.0,140,0.571
2024,4,MOT,COS,CO,30189,14.0,140,0.643
2024,4,MOT,IND,IN,32337,14.0,140,0.571
2024,4,MOT,MCI,MO,33198,14.0,140,0.714
2024,4,MOT,SHV,LA,30476,14.0,140,0.714
2024,4,MOT,SFO,CA,32457,13.0,130,0.692
2024,4,MOT,MSY,LA,33495,12.0,120,0.5
2024,4,MOT,STL,MO,31123,12.0,120,0.833
2024,4,MOT,ELP,TX,30615,11.0,110,0.545
2024,4,MOT,MSN,WI,33485,11.0,110,0.636
2024,4,MOT,OMA,NE,33316,11.0,110,0.727
2024,4,MOT,SAN,CA,33570,11.0,110,0.727
2024,4,MOT,TPA,FL,33195,11.0,110,0.545
2024,4,MOT,CLE,OH,30647,10.0,100,0.8
2024,4,MOT,CVG,KY,33105,10.0,100,0.6
2024,4,MOT,FLL,FL,32467,10.0,100,0.8
2024,4,MOT,IAD,VA,30852,10.0,100,0.5
2024,4,MOT,MAF,TX,33158,10.0,100,0.8
2024,4,MOT,MEM,TN,33244,10.0,100,0.7
2024,4,MOT,ORF,VA,33667,10.0,100,0.9
2024,4,MOT,ANC,AK,30299,9.0,90,0.333
2024,4,MOT,BDL,CT,30529,9.0,90,0.667
2024,4,MOT,GEG,WA,31884,9.0,90,0.889
2024,4,MOT,LIT,AR,32600,9.0,90,0.667
2024,4,MOT,MIA,FL,32467,9.0,90,0.556
2024,4,MOT,RIC,VA,34524,9.0,90,0.444
2024,4,MOT,RSW,FL,31714,9.0,90,0.556
2024,4,MOT,BHM,AL,30599,8.0,80,0.875
2024,4,MOT,FSD,SD,31775,8.0,80,0.375
2024,4,MOT,ICT,KS,30928,8.0,80,0.75
2024,4,MOT,MKE,WI,33342,8.0,80,0.75
2024,4,MOT,ABQ,NM,30140,7.0,70,0.571
2024,4,MOT,CHS,SC,30994,7.0,70,1.0
2024,4,MOT,DSM,IA,31423,7.0,70,0.571
2024,4,MOT,EWR,NJ,31703,7.0,70,0.714
2024,4,MOT,JAX,FL,31136,7.0,70,0.714
2024,4,MOT,LFT,LA,32951,7.0,70,0.429
2024,4,MOT,LGA,NY,31703,7.0,70,0.429
2024,4,MOT,SDF,KY,33044,7.0,70,0.429
2024,4,MOT,TUS,AZ,30436,7.0,70,0.714
2024,4,MOT,AMA,TX,30279,6.0,60,0.833
2024,4,MOT,ONT,CA,32575,6.0,60,0.833
2024,4,MOT,PNS,FL,33728,6.0,60,0.333
2024,4,MOT,SNA,CA,32575,6.0,60,0.333
2024,4,MOT,TYS,TN,35412,6.0,60,0.667
2024,4,MOT,VPS,FL,31504,6.0,60,1.0
2024,4,MOT,ALB,NY,30257,5.0,50,1.0
2024,4,MOT,CID,IA,31003,5.0,50,0.6
2024,4,MOT,ECP,FL,31481,5.0,50,0.8
2024,4,MOT,GSP,SC,31871,5.0,50,0.8
2024,4,MOT,HNL,HI,32134,5.0,50,0.4
2024,4,MOT,HSV,AL,30255,5.0,50,0.8
2024,4,MOT,SJU,PR,34819,5.0,50,0.0
2024,4,MOT,SYR,NY,35096,5.0,50,0.6
2024,4,MOT,ATW,WI,30408,4.0,40,1.0
2024,4,MOT,AVL,NC,30431,4.0,40,0.5
2024,4,MOT,BZN,MT,30849,4.0,40,0.75
2024,4,MOT,FCA,MT,31648,4.0,40,0.5
2024,4,MOT,FWA,IN,31823,4.0,40,0.75
2024,4,MOT,GPT,MS,31973,4.0,40,0.25
2024,4,MOT,GRB,WI,31977,4.0,40,0.25
2024,4,MOT,IDA,ID,32280,4.0,40,0.5
2024,4,MOT,MSO,MT,33486,4.0,40,0.5
2024,4,MOT,RDM,OR,34489,4.0,40,1.0
2024,4,MOT,RNO,NV,34570,4.0,40,0.5
2024,4,MOT,ROC,NY,34576,4.0,40,1.0
2024,4,MOT,SJC,CA,32457,4.0,40,0.25
2024,4,MOT,XNA,AR,31834,4.0,40,0.0
2024,4,MOT,BFL,CA,30561,3.0,30,1.0
2024,4,MOT,BGR,ME,30581,3.0,30,1.0
2024,4,MOT,BUF,NY,30792,3.0,30,0.0
2024,4,MOT,CHA,TN,30980,3.0,30,0.333
2024,4,MOT,CPR,WY,31122,3.0,30,0.667
2024,4,MOT,DRO,CO,30285,3.0,30,0.667
2024,4,MOT,FAT,CA,31638,3.0,30,0.667
2024,4,MOT,GTF,MT,31895,3.0,30,0.667
2024,4,MOT,MDW,IL,30977,3.0,30,0.667
2024,4,MOT,MOB,AL,30562,3.0,30,0.667
2024,4,MOT,PSP,CA,34262,3.0,30,0.667
2024,4,MOT,RST,MN,32547,3.0,30,0.667
2024,4,MOT,SBA,CA,34689,3.0,30,0.667
2024,4,MOT,SGF,MO,34783,3.0,30,0.667
2024,4,MOT,TUL,OK,34653,3.0,30,0.333
2024,4,MOT,BUR,CA,32575,2.0,20,0.5
2024,4,MOT,CAE,SC,30868,2.0,20,1.0
2024,4,MOT,CRP,TX,31140,2.0,20,0.5
2024,4,MOT,DHN,AL,31308,2.0,20,0.0
2024,4,MOT,FAI,AK,31517,2.0,20,0.5
2024,4,MOT,HOB,NM,32177,2.0,20,0.5
2024,4,MOT,HRL,TX,32206,2.0,20,0.5
2024,4,MOT,JAN,MS,32448,2.0,20,0.5
2024,4,MOT,JFK,NY,31703,2.0,20,1.0
2024,4,MOT,LBB,TX,32896,2.0,20,1.0
2024,4,MOT,MFE,TX,33256,2.0,20,0.0
2024,4,MOT,OAJ,NC,33795,2.0,20,0.5
2024,4,MOT,PBI,FL,34027,2.0,20,0.5
2024,4,MOT,PSC,WA,34252,2.0,20,0.0
2024,4,MOT,PWM,ME,34321,2.0,20,1.0
2024,4,MOT,RAP,SD,34457,2.0,20,1.0
2024,4,MOT,SAV,GA,34685,2.0,20,0.5
2024,4,MOT,SLN,KS,34877,2.0,20,1.0
2024,4,MOT,ABY,GA,30146,1.0,10,0.0
2024,4,MOT,AGS,GA,30208,1.0,10,1.0
2024,4,MOT,APN,MI,30333,1.0,10,1.0
2024,4,MOT,BGM,NY,30577,1.0,10,1.0
2024,4,MOT,BQN,PR,30732,1.0,10,0.0
2024,4,MOT,BTV,VT,30785,1.0,10,0.0
2024,4,MOT,EUG,OR,31603,1.0,10,1.0
2024,4,MOT,GNV,FL,31953,1.0,10,1.0
2024,4,MOT,GTR,MS,30894,1.0,10,1.0
2024,4,MOT,HDN,CO,34699,1.0,10,0.0
2024,4,MOT,JAC,WY,32441,1.0,10,1.0
2024,4,MOT,LAR,WY,32888,1.0,10,0.0
2024,4,MOT,LEX,KY,32945,1.0,10,1.0
2024,4,MOT,LNK,NE,33029,1.0,10,1.0
2024,4,MOT,MBS,MI,33184,1.0,10,1.0
2024,4,MOT,MDT,PA,32070,1.0,10,1.0
2024,4,MOT,MFR,OR,33264,1.0,10,1.0
2024,4,MOT,MGM,AL,33277,1.0,10,0.0
2024,4,MOT,MHT,NH,30721,1.0,10,0.0
2024,4,MOT,PIH,ID,34113,1.0,10,0.0
2024,4,MOT,ROA,VA,34574,1.0,10,1.0
2024,4,MOT,SBN,IN,34696,1.0,10,0.0
2024,4,MOT,SBP,CA,34236,1.0,10,0.0
2024,4,MOT,SGU,UT,34794,1.0,10,0.0
2024,4,MOT,TRI,TN,35323,1.0,10,1.0
2024,4,MOT,TWF,ID,35389,1.0,10,1.0
2024,4,MOT,VLD,GA,35550,1.0,10,0.0
2024,4,MOT,XWA,ND,32389,1.0,10,0.0
2025,1,BIS,AZA,AZ,30466,320.0,3200,0.4
2025,1,BIS,MSP,MN,31650,210.0,2100,0.762
2025,1,BIS,DEN,CO,30325,143.0,1430,0.741
2025,1,BIS,LAS,NV,32211,102.0,1020,0.255
2025,1,BIS,DFW,TX,30194,93.0,930,0.441
2025,1,BIS,IAH,TX,31453,51.0,510,0.647
2025,1,BIS,ORD,IL,30977,41.0,410,0.732
2025,1,BIS,SEA,WA,30559,41.0,410,0.585
2025,1,BIS,SLC,UT,34614,41.0,410,0.707
2025,1,BIS,SFB,FL,34761,38.0,380,0.158
2025,1,BIS,PIE,FL,33195,37.0,370,0.486
2025,1,BIS,PHX,AZ,30466,36.0,360,0.278
2025,1,BIS,SMF,CA,33192,34.0,340,0.676
2025,1,BIS,MCO,FL,31454,30.0,300,0.267
2025,1,BIS,RSW,FL,31714,29.0,290,0.31
2025,1,BIS,FLL,FL,32467,28.0,280,0.321
2025,1,BIS,STL,MO,31123,28.0,280,0.75
2025,1,BIS,LGA,NY,31703,27.0,270,0.556
2025,1,BIS,MCI,MO,33198,27.0,270,0.63
2025,1,BIS,OMA,NE,33316,26.0,260,0.615
2025,1,BIS,DTW,MI,31295,24.0,240,0.833
2025,1,BIS,TPA,FL,33195,23.0,230,0.478
2025,1,BIS,PDX,OR,34057,22.0,220,0.545
2025,1,BIS,SAN,CA,33570,22.0,220,0.636
2025,1,BIS,SAT,TX,33214,22.0,220,0.636
2025,1,BIS,BNA,TN,30693,21.0,210,0.524
2025,1,BIS,AUS,TX,30423,20.0,200,0.65
2025,1,BIS,EWR,NJ,31703,19.0,190,0.474
2025,1,BIS,MIA,FL,32467,19.0,190,0.211
2025,1,BIS,SJU,PR,34819,19.0,190,0.158
2025,1,BIS,BOS,MA,30721,18.0,180,0.389
2025,1,BIS,OKC,OK,33851,18.0,180,0.333
2025,1,BIS,RDU,NC,34492,18.0,180,0.778
2025,1,BIS,CLT,NC,31057,17.0,170,0.765
2025,1,BIS,LAX,CA,32575,17.0,170,0.412
2025,1,BIS,CMH,OH,31066,16.0,160,0.438
2025,1,BIS,DCA,VA,30852,16.0,160,0.438
2025,1,BIS,ATL,GA,30397,15.0,150,0.8
2025,1,BIS,BOI,ID,30713,15.0,150,0.733
2025,1,BIS,SNA,CA,32575,15.0,150,0.533
2025,1,BIS,CLE,OH,30647,14.0,140,0.714
2025,1,BIS,SFO,CA,32457,14.0,140,0.429
2025,1,BIS,DSM,IA,31423,13.0,130,0.846
2025,1,BIS,IND,IN,32337,13.0,130,0.538
2025,1,BIS,MSY,LA,33495,13.0,130,0.308
2025,1,BIS,PSP,CA,34262,13.0,130,0.308
2025,1,BIS,GEG,WA,31884,12.0,120,0.5
2025,1,BIS,GRR,MI,31986,12.0,120,0.667
2025,1,BIS,IAD,VA,30852,12.0,120,0.75
2025,1,BIS,ABQ,NM,30140,11.0,110,0.455
2025,1,BIS,MSN,WI,33485,11.0,110,0.909
2025,1,BIS,PHL,PA,34100,11.0,110,0.727
2025,1,BIS,PIT,PA,30198,11.0,110,1.0
2025,1,BIS,ANC,AK,30299,10.0,100,0.4
2025,1,BIS,COS,CO,30189,10.0,100,0.9
2025,1,BIS,ICT,KS,30928,10.0,100,0.8
2025,1,BIS,MEM,TN,33244,10.0,100,0.5
2025,1,BIS,MSO,MT,33486,10.0,100,0.8
2025,1,BIS,TUL,OK,34653,10.0,100,0.7
2025,1,BIS,BDL,CT,30529,9.0,90,0.333
2025,1,BIS,BWI,MD,30852,9.0,90,0.556
2025,1,BIS,CID,IA,31003,9.0,90,0.889
2025,1,BIS,MKE,WI,33342,9.0,90,0.667
2025,1,BIS,ONT,CA,32575,9.0,90,0.444
2025,1,BIS,TUS,AZ,30436,9.0,90,0.222
2025,1,BIS,ELP,TX,30615,8.0,80,0.75
2025,1,BIS,FAT,CA,31638,8.0,80,0.5
2025,1,BIS,MDW,IL,30977,8.0,80,0.375
2025,1,BIS,MFE,TX,33256,8.0,80,0.5
2025,1,BIS,PBI,FL,34027,8.0,80,0.25
2025,1,BIS,SGF,MO,34783,8.0,80,0.75
2025,1,BIS,FCA,MT,31648,7.0,70,0.571
2025,1,BIS,HRL,TX,32206,7.0,70,0.286
2025,1,BIS,IDA,ID,32280,7.0,70,0.429
2025,1,BIS,JAX,FL,31136,7.0,70,0.571
2025,1,BIS,TYS,TN,35412,7.0,70,0.714
2025,1,BIS,ABI,TX,30136,6.0,60,0.5
2025,1,BIS,ATW,WI,30408,6.0,60,0.833
2025,1,BIS,BIL,MT,30620,6.0,60,0.667
2025,1,BIS,BUR,CA,32575,6.0,60,1.0
2025,1,BIS,MFR,OR,33264,6.0,60,0.5
2025,1,BIS,OGG,HI,33830,6.0,60,0.0
2025,1,BIS,RIC,VA,34524,6.0,60,0.5
2025,1,BIS,SDF,KY,33044,6.0,60,0.5
2025,1,BIS,SHV,LA,30476,6.0,60,0.167
2025,1,BIS,AMA,TX,30279,5.0,50,0.6
2025,1,BIS,BHM,AL,30599,5.0,50,0.8
2025,1,BIS,BRO,TX,30747,5.0,50,0.4
2025,1,BIS,BZN,MT,30849,5.0,50,0.8
2025,1,BIS,CHS,SC,30994,5.0,50,0.6
2025,1,BIS,DRO,CO,30285,5.0,50,0.8
2025,1,BIS,GTF,MT,31895,5.0,50,1.0
2025,1,BIS,HOU,TX,31453,5.0,50,0.4
2025,1,BIS,LIT,AR,32600,5.0,50,0.4
2025,1,BIS,PNS,FL,33728,5.0,50,0.8
2025,1,BIS,RNO,NV,34570,5.0,50,0.6
2025,1,BIS,SBN,IN,34696,5.0,50,0.2
2025,1,BIS,SJC,CA,32457,5.0,50,0.8
2025,1,BIS,XNA,AR,31834,5.0,50,0.6
2025,1,BIS,BTR,LA,30781,4.0,40,0.75
2025,1,BIS,CAE,SC,30868,4.0,40,0.5
2025,1,BIS,CVG,KY,33105,4.0,40,0.75
2025,1,BIS,DAY,OH,31267,4.0,40,0.5
2025,1,BIS,ECP,FL,31481,4.0,40,0.0
2025,1,BIS,FSD,SD,31775,4.0,40,0.75
2025,1,BIS,GRB,WI,31977,4.0,40,1.0
2025,1,BIS,ILM,NC,32323,4.0,40,0.25
2025,1,BIS,JFK,NY,31703,4.0,40,0.25
2025,1,BIS,LEX,KY,32945,4.0,40,0.75
2025,1,BIS,LNK,NE,33029,4.0,40,0.75
2025,1,BIS,PSC,WA,34252,4.0,40,0.75
2025,1,BIS,SAV,GA,34685,4.0,40,0.5
2025,1,BIS,SYR,NY,35096,4.0,40,0.5
2025,1,BIS,BFL,CA,30561,3.0,30,0.667
2025,1,BIS,BTV,VT,30785,3.0,30,0.667
2025,1,BIS,BUF,NY,30792,3.0,30,0.667
2025,1,BIS,EUG,OR,31603,3.0,30,0.667
2025,1,BIS,GSP,SC,31871,3.0,30,0.667
2025,1,BIS,HNL,HI,32134,3.0,30,0.333
2025,1,BIS,KOA,HI,32758,3.0,30,0.0
2025,1,BIS,LFT,LA,32951,3.0,30,0.333
2025,1,BIS,MDT,PA,32070,3.0,30,0.667
2025,1,BIS,ORF,VA,33667,3.0,30,0.333
2025,1,BIS,PIA,IL,34108,3.0,30,1.0
2025,1,BIS,RDM,OR,34489,3.0,30,0.333
2025,1,BIS,SRQ,FL,34986,3.0,30,0.667
2025,1,BIS,TVC,MI,35380,3.0,30,0.0
2025,1,BIS,AGS,GA,30208,2.0,20,1.0
2025,1,BIS,ALB,NY,30257,2.0,20,0.5
2025,1,BIS,AVL,NC,30431,2.0,20,1.0
2025,1,BIS,BGR,ME,30581,2.0,20,0.0
2025,1,BIS,CHA,TN,30980,2.0,20,0.5
2025,1,BIS,CPR,WY,31122,2.0,20,1.0
2025,1,BIS,CRP,TX,31140,2.0,20,1.0
2025,1,BIS,DLH,MN,31337,2.0,20,1.0
2025,1,BIS,EAR,NE,31468,2.0,20,0.5
2025,1,BIS,EVV,IN,31612,2.0,20,0.0
2025,1,BIS,EYW,FL,31624,2.0,20,0.5
2025,1,BIS,GJT,CO,31921,2.0,20,1.0
2025,1,BIS,GSO,NC,31995,2.0,20,0.5
2025,1,BIS,MAF,TX,33158,2.0,20,0.5
2025,1,BIS,MBS,MI,33184,2.0,20,0.5
2025,1,BIS,MGM,AL,33277,2.0,20,0.5
2025,1,BIS,MLI,IL,33367,2.0,20,1.0
2025,1,BIS,MOB,AL,30562,2.0,20,0.0
2025,1,BIS,MTJ,CO,33502,2.0,20,1.0
2025,1,BIS,MYR,SC,31135,2.0,20,0.5
2025,1,BIS,PWM,ME,34321,2.0,20,0.5
2025,1,BIS,RIW,WY,34534,2.0,20,1.0
2025,1,BIS,ROW,NM,34588,2.0,20,1.0
2025,1,BIS,RST,MN,32547,2.0,20,1.0
2025,1,BIS,SAF,NM,34674,2.0,20,0.0
2025,1,BIS,SGU,UT,34794,2.0,20,1.0
2025,1,BIS,STT,VI,34945,2.0,20,0.0
2025,1,BIS,TLH,FL,35249,2.0,20,0.5
2025,1,BIS,VPS,FL,31504,2.0,20,0.5
2025,1,BIS,AEX,LA,30185,1.0,10,1.0
2025,1,BIS,BJI,MN,30631,1.0,10,1.0
2025,1,BIS,BRD,MN,30739,1.0,10,1.0
2025,1,BIS,CDC,UT,30918,1.0,10,1.0
2025,1,BIS,CHO,VA,30990,1.0,10,1.0
2025,1,BIS,CLL,TX,31049,1.0,10,1.0
2025,1,BIS,COU,MO,32474,1.0,10,0.0
2025,1,BIS,CWA,WI,30424,1.0,10,1.0
2025,1,BIS,FLG,AZ,31695,1.0,10,1.0
2025,1,BIS,GFK,ND,31898,1.0,10,0.0
2025,1,BIS,GNV,FL,31953,1.0,10,1.0
2025,1,BIS,GRK,TX,31982,1.0,10,1.0
2025,1,BIS,GUM,TT,32016,1.0,10,0.0
2025,1,BIS,HDN,CO,34699,1.0,10,0.0
2025,1,BIS,HLN,MT,32156,1.0,10,1.0
2025,1,BIS,HSV,AL,30255,1.0,10,1.0
2025,1,BIS,LAN,MI,32884,1.0,10,1.0
2025,1,BIS,LBB,TX,32896,1.0,10,1.0
2025,1,BIS,LCH,LA,31205,1.0,10,1.0
2025,1,BIS,MAZ,PR,33176,1.0,10,0.0
2025,1,BIS,MHT,NH,30721,1.0,10,0.0
2025,1,BIS,MLU,LA,33377,1.0,10,0.0
2025,1,BIS,MQT,MI,33459,1.0,10,1.0
2025,1,BIS,OTH,OR,33964,1.0,10,0.0
2025,1,BIS,RAP,SD,34457,1.0,10,0.0
2025,1,BIS,ROA,VA,34574,1.0,10,1.0
2025,1,BIS,ROC,NY,34576,1.0,10,1.0
2025,1,BIS,SBA,CA,34689,1.0,10,0.0
2025,1,BIS,SBP,CA,34236,1.0,10,1.0
2025,1,BIS,SCE,PA,34711,1.0,10,1.0
2025,1,BIS,SHR,WY,34812,1.0,10,0.0
2025,1,BIS,SUX,IA,35048,1.0,10,1.0
2025,1,BIS,SWO,OK,35074,1.0,10,1.0
2025,1,BIS,TUP,MS,35374,1.0,10,0.0
2025,1,BIS,VCT,TX,35569,1.0,10,0.0
2025,1,BIS,XWA,ND,32389,1.0,10,0.0
2025,1,DIK,IAH,TX,31453,14.0,140,0.643
2025,1,DIK,PHX,AZ,30466,10.0,100,0.7
2025,1,DIK,DFW,TX,30194,9.0,90,0.556
2025,1,DIK,OKC,OK,33851,9.0,90,0.556
2025,1,DIK,BFL,CA,30561,7.0,70,0.857
2025,1,DIK,ORD,IL,30977,7.0,70,0.571
2025,1,DIK,AUS,TX,30423,6.0,60,0.5
2025,1,DIK,LAX,CA,32575,6.0,60,0.167
2025,1,DIK,OMA,NE,33316,6.0,60,0.333
2025,1,DIK,SEA,WA,30559,6.0,60,0.833
2025,1,DIK,ATL,GA,30397,5.0,50,1.0
2025,1,DIK,MAF,TX,33158,5.0,50,0.6
2025,1,DIK,MSO,MT,33486,5.0,50,0.8
2025,1,DIK,PDX,OR,34057,5.0,50,0.8
2025,1,DIK,SFO,CA,32457,5.0,50,0.8
2025,1,DIK,SLC,UT,34614,5.0,50,1.0
2025,1,DIK,COS,CO,30189,4.0,40,0.75
2025,1,DIK,ELP,TX,30615,4.0,40,0.75
2025,1,DIK,MCI,MO,33198,4.0,40,0.0
2025,1,DIK,TUS,AZ,30436,4.0,40,0.25
2025,1,DIK,ABQ,NM,30140,3.0,30,0.667
2025,1,DIK,BOI,ID,30713,3.0,30,1.0
2025,1,DIK,DEN,CO,30325,3.0,30,0.333
2025,1,DIK,DRO,CO,30285,3.0,30,0.667
2025,1,DIK,FSD,SD,31775,3.0,30,1.0
2025,1,DIK,GEG,WA,31884,3.0,30,1.0
2025,1,DIK,GJT,CO,31921,3.0,30,0.333
2025,1,DIK,IAD,VA,30852,3.0,30,0.667
2025,1,DIK,LAS,NV,32211,3.0,30,0.0
2025,1,DIK,MEM,TN,33244,3.0,30,1.0
2025,1,DIK,MSP,MN,31650,3.0,30,0.667
2025,1,DIK,MSY,LA,33495,3.0,30,0.0
2025,1,DIK,SMF,CA,33192,3.0,30,0.667
2025,1,DIK,TUL,OK,34653,3.0,30,1.0
2025,1,DIK,BHM,AL,30599,2.0,20,0.0
2025,1,DIK,BOS,MA,30721,2.0,20,0.5
2025,1,DIK,BUR,CA,32575,2.0,20,0.5
2025,1,DIK,BZN,MT,30849,2.0,20,1.0
2025,1,DIK,EWR,NJ,31703,2.0,20,0.5
2025,1,DIK,FLL,FL,32467,2.0,20,0.5
2025,1,DIK,HNL,HI,32134,2.0,20,0.0
2025,1,DIK,IDA,ID,32280,2.0,20,0.0
2025,1,DIK,LCH,LA,31205,2.0,20,1.0
2025,1,DIK,LGA,NY,31703,2.0,20,0.0
2025,1,DIK,LIT,AR,32600,2.0,20,1.0
2025,1,DIK,PSP,CA,34262,2.0,20,1.0
2025,1,DIK,RNO,NV,34570,2.0,20,0.5
2025,1,DIK,RSW,FL,31714,2.0,20,0.0
2025,1,DIK,SCE,PA,34711,2.0,20,0.5
2025,1,DIK,STL,MO,31123,2.0,20,0.5
2025,1,DIK,TPA,FL,33195,2.0,20,1.0
2025,1,DIK,XNA,AR,31834,2.0,20,0.5
2025,1,DIK,BNA,TN,30693,1.0,10,1.0
2025,1,DIK,CLE,OH,30647,1.0,10,1.0
2025,1,DIK,CPR,WY,31122,1.0,10,1.0
2025,1,DIK,CVG,KY,33105,1.0,10,0.0
2025,1,DIK,DAY,OH,31267,1.0,10,1.0
2025,1,DIK,DTW,MI,31295,1.0,10,1.0
2025,1,DIK,FAT,CA,31638,1.0,10,0.0
2025,1,DIK,FCA,MT,31648,1.0,10,1.0
2025,1,DIK,GSP,SC,31871,1.0,10,0.0
2025,1,DIK,HRL,TX,32206,1.0,10,0.0
2025,1,DIK,IND,IN,32337,1.0,10,1.0
2025,1,DIK,JAC,WY,32441,1.0,10,0.0
2025,1,DIK,JAX,FL,31136,1.0,10,1.0
2025,1,DIK,LIH,HI,32982,1.0,10,0.0
2025,1,DIK,LNK,NE,33029,1.0,10,1.0
2025,1,DIK,MCO,FL,31454,1.0,10,1.0
2025,1,DIK,MDT,PA,32070,1.0,10,1.0
2025,1,DIK,MFE,TX,33256,1.0,10,1.0
2025,1,DIK,MFR,OR,33264,1.0,10,0.0
2025,1,DIK,MIA,FL,32467,1.0,10,1.0
2025,1,DIK,MSN,WI,33485,1.0,10,0.0
2025,1,DIK,ONT,CA,32575,1.0,10,0.0
2025,1,DIK,PHL,PA,34100,1.0,10,1.0
2025,1,DIK,RIC,VA,34524,1.0,10,0.0
2025,1,DIK,ROC,NY,34576,1.0,10,1.0
2025,1,DIK,SAT,TX,33214,1.0,10,1.0
2025,1,DIK,SAV,GA,34685,1.0,10,1.0
2025,1,DIK,SGF,MO,34783,1.0,10,0.0
2025,1,DIK,SHV,LA,30476,1.0,10,1.0
2025,1,DIK,SJC,CA,32457,1.0,10,1.0
2025,1,DIK,SNA,CA,32575,1.0,10,1.0
2025,1,DIK,SYR,NY,35096,1.0,10,0.0
2025,1,DIK,VCT,TX,35569,1.0,10,0.0
2025,1,FAR,AZA,AZ,30466,481.0,4810,0.426
2025,1,FAR,DEN,CO,30325,326.0,3260,0.699
2025,1,FAR,ORD,IL,30977,256.0,2560,0.516
2025,1,FAR,DFW,TX,30194,207.0,2070,0.686
2025,1,FAR,LAS,NV,32211,189.0,1890,0.296
2025,1,FAR,PHX,AZ,30466,162.0,1620,0.333
2025,1,FAR,MSP,MN,31650,141.0,1410,0.504
2025,1,FAR,MCO,FL,31454,110.0,1100,0.136
2025,1,FAR,BNA,TN,30693,96.0,960,0.562
2025,1,FAR,SEA,WA,30559,92.0,920,0.652
2025,1,FAR,SFB,FL,34761,87.0,870,0.299
2025,1,FAR,PIE,FL,33195,86.0,860,0.267
2025,1,FAR,LAX,CA,32575,84.0,840,0.488
2025,1,FAR,RSW,FL,31714,78.0,780,0.295
2025,1,FAR,ATL,GA,30397,61.0,610,0.59
2025,1,FAR,SAN,CA,33570,59.0,590,0.305
2025,1,FAR,IAH,TX,31453,58.0,580,0.603
2025,1,FAR,AUS,TX,30423,57.0,570,0.491
2025,1,FAR,STL,MO,31123,57.0,570,0.526
2025,1,FAR,PHL,PA,34100,56.0,560,0.571
2025,1,FAR,IND,IN,32337,51.0,510,0.647
2025,1,FAR,PDX,OR,34057,51.0,510,0.765
2025,1,FAR,DCA,VA,30852,48.0,480,0.479
2025,1,FAR,EWR,NJ,31703,45.0,450,0.467
2025,1,FAR,SLC,UT,34614,45.0,450,0.667
2025,1,FAR,SFO,CA,32457,44.0,440,0.477
2025,1,FAR,DTW,MI,31295,41.0,410,0.683
2025,1,FAR,RDU,NC,34492,41.0,410,0.756
2025,1,FAR,TPA,FL,33195,39.0,390,0.487
2025,1,FAR,LGA,NY,31703,38.0,380,0.5
2025,1,FAR,BOS,MA,30721,37.0,370,0.459
2025,1,FAR,MCI,MO,33198,37.0,370,0.568
2025,1,FAR,MIA,FL,32467,33.0,330,0.121
2025,1,FAR,BOI,ID,30713,32.0,320,0.719
2025,1,FAR,CLT,NC,31057,32.0,320,0.375
2025,1,FAR,FLL,FL,32467,32.0,320,0.25
2025,1,FAR,CMH,OH,31066,31.0,310,0.548
2025,1,FAR,CVG,KY,33105,31.0,310,0.516
2025,1,FAR,SNA,CA,32575,31.0,310,0.613
2025,1,FAR,MEM,TN,33244,30.0,300,0.533
2025,1,FAR,MKE,WI,33342,30.0,300,0.7
2025,1,FAR,SAT,TX,33214,29.0,290,0.448
2025,1,FAR,ELP,TX,30615,27.0,270,0.407
2025,1,FAR,GRR,MI,31986,26.0,260,0.692
2025,1,FAR,PIT,PA,30198,26.0,260,0.654
2025,1,FAR,TUL,OK,34653,26.0,260,0.692
2025,1,FAR,CLE,OH,30647,24.0,240,0.708
2025,1,FAR,ONT,CA,32575,24.0,240,0.375
2025,1,FAR,SMF,CA,33192,24.0,240,0.583
2025,1,FAR,BWI,MD,30852,23.0,230,0.652
2025,1,FAR,OMA,NE,33316,23.0,230,0.565
2025,1,FAR,GEG,WA,31884,22.0,220,0.591
2025,1,FAR,OKC,OK,33851,22.0,220,0.682
2025,1,FAR,TUS,AZ,30436,22.0,220,0.273
2025,1,FAR,DSM,IA,31423,21.0,210,0.667
2025,1,FAR,IAD,VA,30852,21.0,210,0.476
2025,1,FAR,BUF,NY,30792,20.0,200,0.65
2025,1,FAR,MSY,LA,33495,20.0,200,0.25
2025,1,FAR,MSN,WI,33485,19.0,190,0.789
2025,1,FAR,BZN,MT,30849,18.0,180,0.667
2025,1,FAR,BIL,MT,30620,17.0,170,0.647
2025,1,FAR,RNO,NV,34570,17.0,170,0.588
2025,1,FAR,SJU,PR,34819,17.0,170,0.0
2025,1,FAR,COS,CO,30189,16.0,160,0.75
2025,1,FAR,HNL,HI,32134,16.0,160,0.125
2025,1,FAR,JAX,FL,31136,16.0,160,0.562
2025,1,FAR,RAP,SD,34457,16.0,160,0.875
2025,1,FAR,SDF,KY,33044,16.0,160,0.688
2025,1,FAR,ABQ,NM,30140,15.0,150,0.467
2025,1,FAR,PNS,FL,33728,15.0,150,0.133
2025,1,FAR,SAV,GA,34685,15.0,150,0.6
2025,1,FAR,BDL,CT,30529,14.0,140,0.643
2025,1,FAR,GSP,SC,31871,14.0,140,0.857
2025,1,FAR,PSP,CA,34262,14.0,140,0.357
2025,1,FAR,CHS,SC,30994,13.0,130,0.538
2025,1,FAR,MFE,TX,33256,13.0,130,0.462
2025,1,FAR,MSO,MT,33486,13.0,130,0.692
2025,1,FAR,SGF,MO,34783,13.0,130,0.769
2025,1,FAR,GSO,NC,31995,12.0,120,0.583
2025,1,FAR,JFK,NY,31703,12.0,120,0.333
2025,1,FAR,LIT,AR,32600,12.0,120,0.5
2025,1,FAR,CID,IA,31003,11.0,110,0.818
2025,1,FAR,LBB,TX,32896,11.0,110,0.273
2025,1,FAR,MLI,IL,33367,11.0,110,0.909
2025,1,FAR,TYS,TN,35412,11.0,110,0.727
2025,1,FAR,BUR,CA,32575,10.0,100,0.5
2025,1,FAR,FCA,MT,31648,10.0,100,0.8
2025,1,FAR,LEX,KY,32945,10.0,100,0.6
2025,1,FAR,MDT,PA,32070,10.0,100,0.5
2025,1,FAR,ORF,VA,33667,10.0,100,0.7
2025,1,FAR,BTV,VT,30785,9.0,90,0.667
2025,1,FAR,ROC,NY,34576,9.0,90,0.778
2025,1,FAR,SJC,CA,32457,9.0,90,0.444
2025,1,FAR,SRQ,FL,34986,9.0,90,0.444
2025,1,FAR,ECP,FL,31481,8.0,80,0.5
2025,1,FAR,FAT,CA,31638,8.0,80,0.5
2025,1,FAR,HLN,MT,32156,8.0,80,0.75
2025,1,FAR,HRL,TX,32206,8.0,80,0.375
2025,1,FAR,PBI,FL,34027,8.0,80,0.625
2025,1,FAR,PSC,WA,34252,8.0,80,0.5
2025,1,FAR,SBN,IN,34696,8.0,80,0.625
2025,1,FAR,VPS,FL,31504,8.0,80,0.25
2025,1,FAR,AMA,TX,30279,7.0,70,0.714
2025,1,FAR,ANC,AK,30299,7.0,70,0.429
2025,1,FAR,CAE,SC,30868,7.0,70,0.714
2025,1,FAR,EUG,OR,31603,7.0,70,0.714
2025,1,FAR,GJT,CO,31921,7.0,70,0.571
2025,1,FAR,RDM,OR,34489,7.0,70,0.714
2025,1,FAR,RIC,VA,34524,7.0,70,0.571
2025,1,FAR,XNA,AR,31834,7.0,70,0.857
2025,1,FAR,YUM,AZ,33785,7.0,70,0.857
2025,1,FAR,BFL,CA,30561,6.0,60,0.333
2025,1,FAR,CPR,WY,31122,6.0,60,0.333
2025,1,FAR,DAY,OH,31267,6.0,60,0.833
2025,1,FAR,FWA,IN,31823,6.0,60,0.5
2025,1,FAR,GRB,WI,31977,6.0,60,0.833
2025,1,FAR,ICT,KS,30928,6.0,60,0.5
2025,1,FAR,IDA,ID,32280,6.0,60,0.5
2025,1,FAR,MAF,TX,33158,6.0,60,0.667
2025,1,FAR,MFR,OR,33264,6.0,60,0.5
2025,1,FAR,MRY,CA,34922,6.0,60,0.5
2025,1,FAR,OGG,HI,33830,6.0,60,0.167
2025,1,FAR,PIA,IL,34108,6.0,60,0.667
2025,1,FAR,SYR,NY,35096,6.0,60,0.5
2025,1,FAR,DRO,CO,30285,5.0,50,0.6
2025,1,FAR,EGE,CO,31503,5.0,50,0.6
2025,1,FAR,HOU,TX,31453,5.0,50,0.0
2025,1,FAR,ILM,NC,32323,5.0,50,0.6
2025,1,FAR,KOA,HI,32758,5.0,50,0.2
2025,1,FAR,SBA,CA,34689,5.0,50,0.2
2025,1,FAR,TVC,MI,35380,5.0,50,1.0
2025,1,FAR,BTR,LA,30781,4.0,40,0.25
2025,1,FAR,CHO,VA,30990,4.0,40,1.0
2025,1,FAR,CMI,IL,31067,4.0,40,0.75
2025,1,FAR,EYW,FL,31624,4.0,40,0.25
2025,1,FAR,GFK,ND,31898,4.0,40,0.0
2025,1,FAR,JAN,MS,32448,4.0,40,0.0
2025,1,FAR,LNK,NE,33029,4.0,40,1.0
2025,1,FAR,MDW,IL,30977,4.0,40,0.0
2025,1,FAR,PVD,RI,30721,4.0,40,0.5
2025,1,FAR,ROA,VA,34574,4.0,40,0.75
2025,1,FAR,RST,MN,32547,4.0,40,0.5
2025,1,FAR,SGU,UT,34794,4.0,40,0.5
2025,1,FAR,SHV,LA,30476,4.0,40,0.5
2025,1,FAR,SJT,TX,34842,4.0,40,1.0
2025,1,FAR,TLH,FL,35249,4.0,40,0.25
2025,1,FAR,ALB,NY,30257,3.0,30,0.333
2025,1,FAR,ASE,CO,30372,3.0,30,0.333
2025,1,FAR,BHM,AL,30599,3.0,30,0.333
2025,1,FAR,BMI,IL,30685,3.0,30,0.333
2025,1,FAR,DLH,MN,31337,3.0,30,0.667
2025,1,FAR,FNT,MI,31721,3.0,30,0.667
2025,1,FAR,GNV,FL,31953,3.0,30,0.333
2025,1,FAR,HDN,CO,34699,3.0,30,0.333
2025,1,FAR,HSV,AL,30255,3.0,30,0.333
2025,1,FAR,LIH,HI,32982,3.0,30,0.0
2025,1,FAR,MBS,MI,33184,3.0,30,1.0
2025,1,FAR,MYR,SC,31135,3.0,30,0.667
2025,1,FAR,PWM,ME,34321,3.0,30,1.0
2025,1,FAR,ABI,TX,30136,2.0,20,0.5
2025,1,FAR,ATW,WI,30408,2.0,20,0.5
2025,1,FAR,AVL,NC,30431,2.0,20,0.5
2025,1,FAR,AZO,MI,30469,2.0,20,0.5
2025,1,FAR,CHA,TN,30980,2.0,20,1.0
2025,1,FAR,CRP,TX,31140,2.0,20,0.0
2025,1,FAR,CRW,WV,31146,2.0,20,0.5
2025,1,FAR,FAI,AK,31517,2.0,20,0.0
2025,1,FAR,FAY,NC,31641,2.0,20,0.5
2025,1,FAR,FLG,AZ,31695,2.0,20,1.0
2025,1,FAR,FSD,SD,31775,2.0,20,0.0
2025,1,FAR,GPT,MS,31973,2.0,20,0.0
2025,1,FAR,GTF,MT,31895,2.0,20,0.5
2025,1,FAR,JAC,WY,32441,2.0,20,0.5
2025,1,FAR,LCH,LA,31205,2.0,20,0.5
2025,1,FAR,LRD,TX,33038,2.0,20,0.5
2025,1,FAR,MHK,KS,33290,2.0,20,1.0
2025,1,FAR,MOB,AL,30562,2.0,20,0.0
2025,1,FAR,PIH,ID,34113,2.0,20,0.5
2025,1,FAR,RIW,WY,34534,2.0,20,0.5
2025,1,FAR,SBP,CA,34236,2.0,20,0.5
2025,1,FAR,SPS,TX,34960,2.0,20,0.5
2025,1,FAR,TRI,TN,35323,2.0,20,0.5
2025,1,FAR,TXK,AR,35401,2.0,20,0.5
2025,1,FAR,TYR,TX,35411,2.0,20,1.0
2025,1,FAR,ABR,SD,30141,1.0,10,0.0
2025,1,FAR,ACT,TX,30155,1.0,10,1.0
2025,1,FAR,ALO,IA,30268,1.0,10,1.0
2025,1,FAR,AVP,PA,30434,1.0,10,1.0
2025,1,FAR,BPT,TX,30728,1.0,10,0.0
2025,1,FAR,BQN,PR,30732,1.0,10,0.0
2025,1,FAR,BRO,TX,30747,1.0,10,1.0
2025,1,FAR,BTM,MT,30779,1.0,10,1.0
2025,1,FAR,CAK,OH,30647,1.0,10,0.0
2025,1,FAR,CLL,TX,31049,1.0,10,1.0
2025,1,FAR,COD,WY,31097,1.0,10,1.0
2025,1,FAR,COU,MO,32474,1.0,10,1.0
2025,1,FAR,CVN,NM,31197,1.0,10,0.0
2025,1,FAR,CWA,WI,30424,1.0,10,1.0
2025,1,FAR,CYS,WY,31233,1.0,10,1.0
2025,1,FAR,DAB,FL,31252,1.0,10,1.0
2025,1,FAR,DAL,TX,30194,1.0,10,0.0
2025,1,FAR,DBQ,IA,31274,1.0,10,0.0
2025,1,FAR,DDC,KS,31283,1.0,10,1.0
2025,1,FAR,DEC,IL,31288,1.0,10,1.0
2025,1,FAR,DHN,AL,31308,1.0,10,0.0
2025,1,FAR,ELM,NY,31537,1.0,10,1.0
2025,1,FAR,EVV,IN,31612,1.0,10,1.0
2025,1,FAR,FSM,AR,31778,1.0,10,0.0
2025,1,FAR,GCC,WY,31865,1.0,10,1.0
2025,1,FAR,GGG,TX,31905,1.0,10,1.0
2025,1,FAR,GRK,TX,31982,1.0,10,0.0
2025,1,FAR,HOB,NM,32177,1.0,10,1.0
2025,1,FAR,HPN,NY,31703,1.0,10,0.0
2025,1,FAR,ITH,NY,32397,1.0,10,0.0
2025,1,FAR,LFT,LA,32951,1.0,10,1.0
2025,1,FAR,LYH,VA,33139,1.0,10,0.0
2025,1,FAR,MLB,FL,33360,1.0,10,1.0
2025,1,FAR,MLU,LA,33377,1.0,10,1.0
2025,1,FAR,MQT,MI,33459,1.0,10,0.0
2025,1,FAR,MTJ,CO,33502,1.0,10,1.0
2025,1,FAR,MWA,IL,33543,1.0,10,0.0
2025,1,FAR,OAJ,NC,33795,1.0,10,0.0
2025,1,FAR,OTH,OR,33964,1.0,10,0.0
2025,1,FAR,PRC,AZ,34237,1.0,10,1.0
2025,1,FAR,SAF,NM,34674,1.0,10,1.0
2025,1,FAR,SBY,MD,34704,1.0,10,0.0
2025,1,FAR,SPI,IL,34952,1.0,10,0.0
2025,1,FAR,STS,CA,34433,1.0,10,1.0
2025,1,FAR,TWF,ID,35389,1.0,10,1.0
2025,1,FAR,XWA,ND,32389,1.0,10,0.0
2025,1,MOT,AZA,AZ,30466,192.0,1920,0.406
2025,1,MOT,MSP,MN,31650,97.0,970,0.763
2025,1,MOT,LAS,NV,32211,93.0,930,0.355
2025,1,MOT,SFB,FL,34761,82.0,820,0.232
2025,1,MOT,DEN,CO,30325,78.0,780,0.731
2025,1,MOT,IAH,TX,31453,40.0,400,0.525
2025,1,MOT,DFW,TX,30194,29.0,290,0.69
2025,1,MOT,SLC,UT,34614,23.0,230,0.696
2025,1,MOT,PHX,AZ,30466,22.0,220,0.545
2025,1,MOT,SHV,LA,30476,19.0,190,0.895
2025,1,MOT,ATL,GA,30397,18.0,180,0.667
2025,1,MOT,MCO,FL,31454,18.0,180,0.5
2025,1,MOT,SAT,TX,33214,18.0,180,0.222
2025,1,MOT,MCI,MO,33198,17.0,170,0.706
2025,1,MOT,STL,MO,31123,17.0,170,0.765
2025,1,MOT,FLL,FL,32467,16.0,160,0.312
2025,1,MOT,SEA,WA,30559,16.0,160,0.688
2025,1,MOT,BOI,ID,30713,15.0,150,0.733
2025,1,MOT,DTW,MI,31295,15.0,150,0.667
2025,1,MOT,ORD,IL,30977,15.0,150,0.733
2025,1,MOT,OKC,OK,33851,14.0,140,0.571
2025,1,MOT,SMF,CA,33192,14.0,140,0.643
2025,1,MOT,LAX,CA,32575,13.0,130,0.462
2025,1,MOT,PDX,OR,34057,13.0,130,0.615
2025,1,MOT,AUS,TX,30423,12.0,120,0.667
2025,1,MOT,LGA,NY,31703,12.0,120,0.75
2025,1,MOT,OMA,NE,33316,12.0,120,0.75
2025,1,MOT,PHL,PA,34100,12.0,120,0.583
2025,1,MOT,PIT,PA,30198,12.0,120,0.667
2025,1,MOT,RDU,NC,34492,12.0,120,0.667
2025,1,MOT,SAN,CA,33570,12.0,120,0.833
2025,1,MOT,BNA,TN,30693,11.0,110,0.455
2025,1,MOT,RSW,FL,31714,11.0,110,0.636
2025,1,MOT,BOS,MA,30721,10.0,100,0.5
2025,1,MOT,GEG,WA,31884,10.0,100,0.4
2025,1,MOT,SJU,PR,34819,10.0,100,0.1
2025,1,MOT,CLT,NC,31057,9.0,90,0.444
2025,1,MOT,CMH,OH,31066,9.0,90,0.778
2025,1,MOT,IAD,VA,30852,9.0,90,0.333
2025,1,MOT,MEM,TN,33244,9.0,90,0.556
2025,1,MOT,MKE,WI,33342,9.0,90,1.0
2025,1,MOT,TPA,FL,33195,9.0,90,0.556
2025,1,MOT,BFL,CA,30561,8.0,80,0.875
2025,1,MOT,CLE,OH,30647,8.0,80,0.875
2025,1,MOT,DCA,VA,30852,8.0,80,0.5
2025,1,MOT,GSP,SC,31871,8.0,80,0.875
2025,1,MOT,ABQ,NM,30140,7.0,70,1.0
2025,1,MOT,CID,IA,31003,7.0,70,0.857
2025,1,MOT,FSD,SD,31775,7.0,70,0.429
2025,1,MOT,GRR,MI,31986,7.0,70,0.571
2025,1,MOT,IND,IN,32337,7.0,70,0.857
2025,1,MOT,JAX,FL,31136,7.0,70,0.714
2025,1,MOT,JFK,NY,31703,7.0,70,0.0
2025,1,MOT,MAF,TX,33158,7.0,70,0.143
2025,1,MOT,ANC,AK,30299,6.0,60,0.667
2025,1,MOT,BDL,CT,30529,6.0,60,0.5
2025,1,MOT,DSM,IA,31423,6.0,60,0.833
2025,1,MOT,HSV,AL,30255,6.0,60,0.667
2025,1,MOT,MSN,WI,33485,6.0,60,0.833
2025,1,MOT,SGF,MO,34783,6.0,60,0.333
2025,1,MOT,SNA,CA,32575,6.0,60,0.333
2025,1,MOT,ATW,WI,30408,5.0,50,1.0
2025,1,MOT,BHM,AL,30599,5.0,50,0.8
2025,1,MOT,ELP,TX,30615,5.0,50,0.2
2025,1,MOT,EWR,NJ,31703,5.0,50,1.0
2025,1,MOT,RNO,NV,34570,5.0,50,0.6
2025,1,MOT,SDF,KY,33044,5.0,50,0.8
2025,1,MOT,TYS,TN,35412,5.0,50,0.8
2025,1,MOT,BWI,MD,30852,4.0,40,1.0
2025,1,MOT,BZN,MT,30849,4.0,40,0.5
2025,1,MOT,CHS,SC,30994,4.0,40,0.75
2025,1,MOT,COS,CO,30189,4.0,40,0.5
2025,1,MOT,ICT,KS,30928,4.0,40,0.75
2025,1,MOT,IDA,ID,32280,4.0,40,1.0
2025,1,MOT,LIT,AR,32600,4.0,40,0.75
2025,1,MOT,MIA,FL,32467,4.0,40,0.5
2025,1,MOT,MSY,LA,33495,4.0,40,0.25
2025,1,MOT,PBI,FL,34027,4.0,40,0.5
2025,1,MOT,RIC,VA,34524,4.0,40,1.0
2025,1,MOT,SFO,CA,32457,4.0,40,0.5
2025,1,MOT,TUS,AZ,30436,4.0,40,0.5
2025,1,MOT,CPR,WY,31122,3.0,30,1.0
2025,1,MOT,CRW,WV,31146,3.0,30,0.0
2025,1,MOT,ECP,FL,31481,3.0,30,0.667
2025,1,MOT,FCA,MT,31648,3.0,30,0.667
2025,1,MOT,GSO,NC,31995,3.0,30,0.333
2025,1,MOT,HNL,HI,32134,3.0,30,0.0
2025,1,MOT,HOB,NM,32177,3.0,30,0.667
2025,1,MOT,LFT,LA,32951,3.0,30,0.333
2025,1,MOT,MOB,AL,30562,3.0,30,0.333
2025,1,MOT,ONT,CA,32575,3.0,30,0.667
2025,1,MOT,PNS,FL,33728,3.0,30,0.333
2025,1,MOT,PSC,WA,34252,3.0,30,0.667
2025,1,MOT,ROC,NY,34576,3.0,30,1.0
2025,1,MOT,SPS,TX,34960,3.0,30,0.0
2025,1,MOT,SRQ,FL,34986,3.0,30,0.0
2025,1,MOT,AMA,TX,30279,2.0,20,1.0
2025,1,MOT,BTV,VT,30785,2.0,20,1.0
2025,1,MOT,CAE,SC,30868,2.0,20,1.0
2025,1,MOT,CVG,KY,33105,2.0,20,1.0
2025,1,MOT,ELM,NY,31537,2.0,20,0.5
2025,1,MOT,FAT,CA,31638,2.0,20,0.5
2025,1,MOT,GJT,CO,31921,2.0,20,0.5
2025,1,MOT,GNV,FL,31953,2.0,20,0.5
2025,1,MOT,GRB,WI,31977,2.0,20,1.0
2025,1,MOT,GTF,MT,31895,2.0,20,0.0
2025,1,MOT,JAN,MS,32448,2.0,20,0.0
2025,1,MOT,MSO,MT,33486,2.0,20,0.0
2025,1,MOT,OGG,HI,33830,2.0,20,0.0
2025,1,MOT,ORF,VA,33667,2.0,20,0.5
2025,1,MOT,PVD,RI,30721,2.0,20,0.5
2025,1,MOT,PWM,ME,34321,2.0,20,0.0
2025,1,MOT,RST,MN,32547,2.0,20,0.0
2025,1,MOT,SBA,CA,34689,2.0,20,0.5
2025,1,MOT,SGU,UT,34794,2.0,20,1.0
2025,1,MOT,SJC,CA,32457,2.0,20,1.0
2025,1,MOT,SYR,NY,35096,2.0,20,1.0
2025,1,MOT,ABY,GA,30146,1.0,10,1.0
2025,1,MOT,ALB,NY,30257,1.0,10,0.0
2025,1,MOT,AVL,NC,30431,1.0,10,0.0
2025,1,MOT,BGR,ME,30581,1.0,10,0.0
2025,1,MOT,BIL,MT,30620,1.0,10,1.0
2025,1,MOT,BJI,MN,30631,1.0,10,0.0
2025,1,MOT,BUF,NY,30792,1.0,10,1.0
2025,1,MOT,CHA,TN,30980,1.0,10,1.0
2025,1,MOT,COD,WY,31097,1.0,10,1.0
2025,1,MOT,CRP,TX,31140,1.0,10,1.0
2025,1,MOT,DAY,OH,31267,1.0,10,1.0
2025,1,MOT,DLH,MN,31337,1.0,10,0.0
2025,1,MOT,DRO,CO,30285,1.0,10,0.0
2025,1,MOT,GFK,ND,31898,1.0,10,0.0
2025,1,MOT,GPT,MS,31973,1.0,10,0.0
2025,1,MOT,GUC,CO,32012,1.0,10,1.0
2025,1,MOT,ILM,NC,32323,1.0,10,0.0
2025,1,MOT,JNU,AK,32523,1.0,10,0.0
2025,1,MOT,LBB,TX,32896,1.0,10,0.0
2025,1,MOT,LWS,ID,33127,1.0,10,1.0
2025,1,MOT,MBS,MI,33184,1.0,10,0.0
2025,1,MOT,MDW,IL,30977,1.0,10,1.0
2025,1,MOT,MFR,OR,33264,1.0,10,1.0
2025,1,MOT,MGM,AL,33277,1.0,10,0.0
2025,1,MOT,MLI,IL,33367,1.0,10,1.0
2025,1,MOT,MRY,CA,34922,1.0,10,1.0
2025,1,MOT,MYR,SC,31135,1.0,10,0.0
2025,1,MOT,OAJ,NC,33795,1.0,10,0.0
2025,1,MOT,RAP,SD,34457,1.0,10,0.0
2025,1,MOT,RDM,OR,34489,1.0,10,0.0
2025,1,MOT,RKS,WY,34543,1.0,10,1.0
2025,1,MOT,ROA,VA,34574,1.0,10,0.0
2025,1,MOT,SAV,GA,34685,1.0,10,0.0
2025,1,MOT,TUL,OK,34653,1.0,10,1.0
2025,1,MOT,VPS,FL,31504,1.0,10,1.0
2025,1,MOT,XWA,ND,32389,1.0,10,0.0
2025,2,BIS,AZA,AZ,30466,424.0,4240,0.413
2025,2,BIS,MSP,MN,31650,293.0,2930,0.758
2025,2,BIS,DEN,CO,30325,207.0,2070,0.758
2025,2,BIS,DFW,TX,30194,135.0,1350,0.696
2025,2,BIS,LAS,NV,32211,125.0,1250,0.288
2025,2,BIS,ORD,IL,30977,76.0,760,0.592
2025,2,BIS,IAH,TX,31453,73.0,730,0.685
2025,2,BIS,PHX,AZ,30466,73.0,730,0.452
2025,2,BIS,MCO,FL,31454,69.0,690,0.377
2025,2,BIS,ATL,GA,30397,67.0,670,0.731
2025,2,BIS,SEA,WA,30559,63.0,630,0.667
2025,2,BIS,TPA,FL,33195,55.0,550,0.418
2025,2,BIS,SLC,UT,34614,51.0,510,0.608
2025,2,BIS,BOS,MA,30721,50.0,500,0.64
2025,2,BIS,PDX,OR,34057,50.0,500,0.74
2025,2,BIS,LGA,NY,31703,46.0,460,0.435
2025,2,BIS,BNA,TN,30693,45.0,450,0.511
2025,2,BIS,SAN,CA,33570,45.0,450,0.689
2025,2,BIS,STL,MO,31123,42.0,420,0.524
2025,2,BIS,DTW,MI,31295,40.0,400,0.775
2025,2,BIS,SMF,CA,33192,40.0,400,0.7
2025,2,BIS,RDU,NC,34492,39.0,390,0.744
2025,2,BIS,EWR,NJ,31703,38.0,380,0.5
2025,2,BIS,AUS,TX,30423,37.0,370,0.514
2025,2,BIS,BWI,MD,30852,36.0,360,0.778
2025,2,BIS,MCI,MO,33198,36.0,360,0.583
2025,2,BIS,DCA,VA,30852,35.0,350,0.486
2025,2,BIS,LAX,CA,32575,33.0,330,0.485
2025,2,BIS,PHL,PA,34100,33.0,330,0.818
2025,2,BIS,CLT,NC,31057,31.0,310,0.71
2025,2,BIS,GRR,MI,31986,31.0,310,0.806
2025,2,BIS,IND,IN,32337,30.0,300,0.733
2025,2,BIS,MSY,LA,33495,29.0,290,0.414
2025,2,BIS,ONT,CA,32575,28.0,280,0.607
2025,2,BIS,SJU,PR,34819,28.0,280,0.036
2025,2,BIS,FLL,FL,32467,27.0,270,0.593
2025,2,BIS,PIT,PA,30198,27.0,270,0.593
2025,2,BIS,RSW,FL,31714,27.0,270,0.407
2025,2,BIS,OKC,OK,33851,26.0,260,0.731
2025,2,BIS,SFO,CA,32457,26.0,260,0.538
2025,2,BIS,CLE,OH,30647,25.0,250,0.72
2025,2,BIS,CMH,OH,31066,25.0,250,0.64
2025,2,BIS,CVG,KY,33105,23.0,230,0.652
2025,2,BIS,SAT,TX,33214,23.0,230,0.609
2025,2,BIS,BOI,ID,30713,22.0,220,0.636
2025,2,BIS,MSN,WI,33485,22.0,220,0.773
2025,2,BIS,SNA,CA,32575,21.0,210,0.381
2025,2,BIS,BDL,CT,30529,20.0,200,0.85
2025,2,BIS,JAX,FL,31136,20.0,200,0.4
2025,2,BIS,OMA,NE,33316,20.0,200,0.65
2025,2,BIS,GEG,WA,31884,19.0,190,0.526
2025,2,BIS,MKE,WI,33342,19.0,190,0.632
2025,2,BIS,PNS,FL,33728,19.0,190,0.421
2025,2,BIS,ABQ,NM,30140,18.0,180,0.611
2025,2,BIS,PIE,FL,33195,18.0,180,0.278
2025,2,BIS,TUL,OK,34653,18.0,180,0.722
2025,2,BIS,ELP,TX,30615,17.0,170,0.588
2025,2,BIS,IAD,VA,30852,17.0,170,0.706
2025,2,BIS,RNO,NV,34570,16.0,160,0.812
2025,2,BIS,TUS,AZ,30436,16.0,160,0.688
2025,2,BIS,DSM,IA,31423,15.0,150,0.8
2025,2,BIS,GSP,SC,31871,15.0,150,0.6
2025,2,BIS,ANC,AK,30299,14.0,140,0.5
2025,2,BIS,BUR,CA,32575,14.0,140,0.857
2025,2,BIS,MIA,FL,32467,14.0,140,0.5
2025,2,BIS,ATW,WI,30408,13.0,130,1.0
2025,2,BIS,CHS,SC,30994,13.0,130,0.538
2025,2,BIS,SDF,KY,33044,13.0,130,0.692
2025,2,BIS,SFB,FL,34761,13.0,130,0.154
2025,2,BIS,SHV,LA,30476,12.0,120,0.583
2025,2,BIS,BHM,AL,30599,11.0,110,0.455
2025,2,BIS,GJT,CO,31921,11.0,110,0.818
2025,2,BIS,RIC,VA,34524,11.0,110,0.727
2025,2,BIS,TYS,TN,35412,11.0,110,0.636
2025,2,BIS,ICT,KS,30928,10.0,100,0.6
2025,2,BIS,MAF,TX,33158,10.0,100,0.6
2025,2,BIS,MEM,TN,33244,10.0,100,0.7
2025,2,BIS,MSO,MT,33486,10.0,100,0.9
2025,2,BIS,SJC,CA,32457,10.0,100,0.6
2025,2,BIS,SYR,NY,35096,10.0,100,0.8
2025,2,BIS,COS,CO,30189,9.0,90,1.0
2025,2,BIS,LNK,NE,33029,9.0,90,0.889
2025,2,BIS,PBI,FL,34027,9.0,90,0.444
2025,2,BIS,PSC,WA,34252,9.0,90,0.556
2025,2,BIS,PSP,CA,34262,9.0,90,0.667
2025,2,BIS,SAV,GA,34685,9.0,90,0.333
2025,2,BIS,BZN,MT,30849,8.0,80,0.625
2025,2,BIS,EUG,OR,31603,8.0,80,0.5
2025,2,BIS,FSD,SD,31775,8.0,80,0.75
2025,2,BIS,MDT,PA,32070,8.0,80,0.625
2025,2,BIS,SGF,MO,34783,8.0,80,0.5
2025,2,BIS,CID,IA,31003,7.0,70,0.857
2025,2,BIS,DLH,MN,31337,7.0,70,0.571
2025,2,BIS,HNL,HI,32134,7.0,70,0.286
2025,2,BIS,HOU,TX,31453,7.0,70,0.429
2025,2,BIS,MDW,IL,30977,7.0,70,0.571
2025,2,BIS,MFE,TX,33256,7.0,70,0.143
2025,2,BIS,ORF,VA,33667,7.0,70,0.857
2025,2,BIS,AMA,TX,30279,6.0,60,0.667
2025,2,BIS,BUF,NY,30792,6.0,60,0.5
2025,2,BIS,CHA,TN,30980,6.0,60,0.5
2025,2,BIS,CWA,WI,30424,6.0,60,0.667
2025,2,BIS,FAT,CA,31638,6.0,60,0.667
2025,2,BIS,IDA,ID,32280,6.0,60,0.333
2025,2,BIS,JFK,NY,31703,6.0,60,0.167
2025,2,BIS,LBB,TX,32896,6.0,60,0.5
2025,2,BIS,LIT,AR,32600,6.0,60,0.667
2025,2,BIS,VPS,FL,31504,6.0,60,0.167
2025,2,BIS,XNA,AR,31834,6.0,60,0.667
2025,2,BIS,ECP,FL,31481,5.0,50,0.8
2025,2,BIS,GRB,WI,31977,5.0,50,0.8
2025,2,BIS,HSV,AL,30255,5.0,50,0.6
2025,2,BIS,MFR,OR,33264,5.0,50,0.6
2025,2,BIS,MYR,SC,31135,5.0,50,0.6
2025,2,BIS,PIA,IL,34108,5.0,50,0.4
2025,2,BIS,PWM,ME,34321,5.0,50,0.2
2025,2,BIS,SBA,CA,34689,5.0,50,0.8
2025,2,BIS,SBN,IN,34696,5.0,50,0.6
2025,2,BIS,SRQ,FL,34986,5.0,50,0.4
2025,2,BIS,TVC,MI,35380,5.0,50,0.2
2025,2,BIS,HLN,MT,32156,4.0,40,0.5
2025,2,BIS,ROC,NY,34576,4.0,40,0.75
2025,2,BIS,RST,MN,32547,4.0,40,0.75
2025,2,BIS,AEX,LA,30185,3.0,30,0.667
2025,2,BIS,BFL,CA,30561,3.0,30,0.333
2025,2,BIS,CRP,TX,31140,3.0,30,0.333
2025,2,BIS,FWA,IN,31823,3.0,30,0.667
2025,2,BIS,GPT,MS,31973,3.0,30,0.333
2025,2,BIS,HRL,TX,32206,3.0,30,0.0
2025,2,BIS,JAN,MS,32448,3.0,30,1.0
2025,2,BIS,LFT,LA,32951,3.0,30,0.667
2025,2,BIS,MOB,AL,30562,3.0,30,0.667
2025,2,BIS,RDM,OR,34489,3.0,30,0.0
2025,2,BIS,SAF,NM,34674,3.0,30,0.333
2025,2,BIS,SGU,UT,34794,3.0,30,0.667
2025,2,BIS,TRI,TN,35323,3.0,30,1.0
2025,2,BIS,ABE,PA,30135,2.0,20,0.0
2025,2,BIS,APN,MI,30333,2.0,20,1.0
2025,2,BIS,AVL,NC,30431,2.0,20,1.0
2025,2,BIS,BIL,MT,30620,2.0,20,0.0
2025,2,BIS,BMI,IL,30685,2.0,20,0.5
2025,2,BIS,BPT,TX,30728,2.0,20,0.5
2025,2,BIS,BRO,TX,30747,2.0,20,0.5
2025,2,BIS,BTR,LA,30781,2.0,20,0.5
2025,2,BIS,BTV,VT,30785,2.0,20,1.0
2025,2,BIS,CIU,MI,31013,2.0,20,1.0
2025,2,BIS,COU,MO,32474,2.0,20,0.5
2025,2,BIS,CYS,WY,31233,2.0,20,1.0
2025,2,BIS,DRO,CO,30285,2.0,20,1.0
2025,2,BIS,FAI,AK,31517,2.0,20,0.5
2025,2,BIS,FCA,MT,31648,2.0,20,0.5
2025,2,BIS,FMN,NM,31711,2.0,20,1.0
2025,2,BIS,FSM,AR,31778,2.0,20,0.5
2025,2,BIS,GCC,WY,31865,2.0,20,0.5
2025,2,BIS,GNV,FL,31953,2.0,20,0.0
2025,2,BIS,GSO,NC,31995,2.0,20,0.5
2025,2,BIS,GTF,MT,31895,2.0,20,1.0
2025,2,BIS,GUM,TT,32016,2.0,20,0.0
2025,2,BIS,HDN,CO,34699,2.0,20,1.0
2025,2,BIS,HOB,NM,32177,2.0,20,1.0
2025,2,BIS,ILM,NC,32323,2.0,20,0.5
2025,2,BIS,IMT,MI,32335,2.0,20,0.0
2025,2,BIS,KOA,HI,32758,2.0,20,0.0
2025,2,BIS,LEX,KY,32945,2.0,20,1.0
2025,2,BIS,MLI,IL,33367,2.0,20,1.0
2025,2,BIS,MRY,CA,34922,2.0,20,0.5
2025,2,BIS,MTJ,CO,33502,2.0,20,1.0
2025,2,BIS,OAJ,NC,33795,2.0,20,0.5
2025,2,BIS,PRC,AZ,34237,2.0,20,0.5
2025,2,BIS,PVD,RI,30721,2.0,20,1.0
2025,2,BIS,RKS,WY,34543,2.0,20,1.0
2025,2,BIS,ABI,TX,30136,1.0,10,1.0
2025,2,BIS,ACT,TX,30155,1.0,10,1.0
2025,2,BIS,AGS,GA,30208,1.0,10,0.0
2025,2,BIS,ALB,NY,30257,1.0,10,0.0
2025,2,BIS,AVP,PA,30434,1.0,10,0.0
2025,2,BIS,BFF,NE,30558,1.0,10,1.0
2025,2,BIS,CAE,SC,30868,1.0,10,0.0
2025,2,BIS,CMI,IL,31067,1.0,10,1.0
2025,2,BIS,CPR,WY,31122,1.0,10,0.0
2025,2,BIS,CRW,WV,31146,1.0,10,1.0
2025,2,BIS,DAY,OH,31267,1.0,10,1.0
2025,2,BIS,DVL,ND,31447,1.0,10,0.0
2025,2,BIS,EAR,NE,31468,1.0,10,0.0
2025,2,BIS,EVV,IN,31612,1.0,10,0.0
2025,2,BIS,FLG,AZ,31695,1.0,10,0.0
2025,2,BIS,GRK,TX,31982,1.0,10,0.0
2025,2,BIS,HPN,NY,31703,1.0,10,1.0
2025,2,BIS,HYS,KS,32255,1.0,10,1.0
2025,2,BIS,JAC,WY,32441,1.0,10,1.0
2025,2,BIS,LIH,HI,32982,1.0,10,0.0
2025,2,BIS,LYH,VA,33139,1.0,10,0.0
2025,2,BIS,MBS,MI,33184,1.0,10,1.0
2025,2,BIS,MGM,AL,33277,1.0,10,1.0
2025,2,BIS,MHT,NH,30721,1.0,10,1.0
2025,2,BIS,MLB,FL,33360,1.0,10,0.0
2025,2,BIS,MLU,LA,33377,1.0,10,1.0
2025,2,BIS,MQT,MI,33459,1.0,10,1.0
2025,2,BIS,OTH,OR,33964,1.0,10,1.0
2025,2,BIS,SBP,CA,34236,1.0,10,1.0
2025,2,BIS,SJT,TX,34842,1.0,10,1.0
2025,2,BIS,STT,VI,34945,1.0,10,0.0
2025,2,BIS,SUN,ID,35041,1.0,10,1.0
2025,2,BIS,SUX,IA,35048,1.0,10,1.0
2025,2,BIS,TLH,FL,35249,1.0,10,0.0
2025,2,BIS,TWF,ID,35389,1.0,10,1.0
2025,2,BIS,TYR,TX,35411,1.0,10,1.0
2025,2,BIS,VCT,TX,35569,1.0,10,1.0
2025,2,DIK,IAH,TX,31453,23.0,230,0.522
2025,2,DIK,PHX,AZ,30466,13.0,130,0.462
2025,2,DIK,SLC,UT,34614,13.0,130,0.692
2025,2,DIK,DFW,TX,30194,11.0,110,0.727
2025,2,DIK,SEA,WA,30559,11.0,110,0.636
2025,2,DIK,SMF,CA,33192,11.0,110,0.909
2025,2,DIK,OKC,OK,33851,9.0,90,0.778
2025,2,DIK,GJT,CO,31921,8.0,80,0.75
2025,2,DIK,MAF,TX,33158,8.0,80,0.5
2025,2,DIK,MCI,MO,33198,8.0,80,0.625
2025,2,DIK,PDX,OR,34057,8.0,80,0.75
2025,2,DIK,SAN,CA,33570,7.0,70,0.714
2025,2,DIK,LAS,NV,32211,6.0,60,0.333
2025,2,DIK,LAX,CA,32575,6.0,60,0.833
2025,2,DIK,RNO,NV,34570,6.0,60,0.833
2025,2,DIK,SAT,TX,33214,6.0,60,0.833
2025,2,DIK,SNA,CA,32575,6.0,60,1.0
2025,2,DIK,BFL,CA,30561,5.0,50,0.4
2025,2,DIK,EWR,NJ,31703,5.0,50,0.4
2025,2,DIK,HNL,HI,32134,5.0,50,0.2
2025,2,DIK,OMA,NE,33316,5.0,50,0.8
2025,2,DIK,ONT,CA,32575,5.0,50,0.8
2025,2,DIK,PHL,PA,34100,5.0,50,0.2
2025,2,DIK,DEN,CO,30325,4.0,40,0.5
2025,2,DIK,DRO,CO,30285,4.0,40,0.5
2025,2,DIK,FAT,CA,31638,4.0,40,0.25
2025,2,DIK,FLL,FL,32467,4.0,40,0.5
2025,2,DIK,IAD,VA,30852,4.0,40,0.25
2025,2,DIK,MCO,FL,31454,4.0,40,0.5
2025,2,DIK,MSY,LA,33495,4.0,40,0.25
2025,2,DIK,ORD,IL,30977,4.0,40,0.75
2025,2,DIK,SFO,CA,32457,4.0,40,0.25
2025,2,DIK,STL,MO,31123,4.0,40,1.0
2025,2,DIK,TUL,OK,34653,4.0,40,0.75
2025,2,DIK,ATL,GA,30397,3.0,30,0.333
2025,2,DIK,BNA,TN,30693,3.0,30,1.0
2025,2,DIK,BOI,ID,30713,3.0,30,0.333
2025,2,DIK,BWI,MD,30852,3.0,30,0.667
2025,2,DIK,COS,CO,30189,3.0,30,0.333
2025,2,DIK,GEG,WA,31884,3.0,30,0.667
2025,2,DIK,LBB,TX,32896,3.0,30,0.667
2025,2,DIK,RDM,OR,34489,3.0,30,0.333
2025,2,DIK,TYS,TN,35412,3.0,30,0.333
2025,2,DIK,ABQ,NM,30140,2.0,20,0.5
2025,2,DIK,BTR,LA,30781,2.0,20,0.0
2025,2,DIK,CLE,OH,30647,2.0,20,1.0
2025,2,DIK,CRP,TX,31140,2.0,20,0.0
2025,2,DIK,CVG,KY,33105,2.0,20,0.5
2025,2,DIK,ELP,TX,30615,2.0,20,0.0
2025,2,DIK,GRR,MI,31986,2.0,20,0.5
2025,2,DIK,GSP,SC,31871,2.0,20,0.5
2025,2,DIK,ICT,KS,30928,2.0,20,1.0
2025,2,DIK,JAC,WY,32441,2.0,20,0.5
2025,2,DIK,MSP,MN,31650,2.0,20,1.0
2025,2,DIK,SAF,NM,34674,2.0,20,1.0
2025,2,DIK,SHV,LA,30476,2.0,20,0.0
2025,2,DIK,SJU,PR,34819,2.0,20,0.5
2025,2,DIK,TUS,AZ,30436,2.0,20,0.5
2025,2,DIK,BIL,MT,30620,1.0,10,0.0
2025,2,DIK,BTV,VT,30785,1.0,10,0.0
2025,2,DIK,BUR,CA,32575,1.0,10,1.0
2025,2,DIK,CLT,NC,31057,1.0,10,0.0
2025,2,DIK,CPR,WY,31122,1.0,10,1.0
2025,2,DIK,DAY,OH,31267,1.0,10,0.0
2025,2,DIK,DSM,IA,31423,1.0,10,0.0
2025,2,DIK,DTW,MI,31295,1.0,10,0.0
2025,2,DIK,ECP,FL,31481,1.0,10,0.0
2025,2,DIK,EUG,OR,31603,1.0,10,0.0
2025,2,DIK,FCA,MT,31648,1.0,10,1.0
2025,2,DIK,IDA,ID,32280,1.0,10,1.0
2025,2,DIK,IND,IN,32337,1.0,10,1.0
2025,2,DIK,LEX,KY,32945,1.0,10,1.0
2025,2,DIK,LGA,NY,31703,1.0,10,0.0
2025,2,DIK,LIT,AR,32600,1.0,10,1.0
2025,2,DIK,LNK,NE,33029,1.0,10,1.0
2025,2,DIK,MEM,TN,33244,1.0,10,0.0
2025,2,DIK,MFE,TX,33256,1.0,10,1.0
2025,2,DIK,MFR,OR,33264,1.0,10,1.0
2025,2,DIK,MIA,FL,32467,1.0,10,0.0
2025,2,DIK,MSO,MT,33486,1.0,10,0.0
2025,2,DIK,PIT,PA,30198,1.0,10,0.0
2025,2,DIK,PWM,ME,34321,1.0,10,1.0
2025,2,DIK,RDU,NC,34492,1.0,10,0.0
2025,2,DIK,ROC,NY,34576,1.0,10,1.0
2025,2,DIK,SCE,PA,34711,1.0,10,1.0
2025,2,DIK,SGF,MO,34783,1.0,10,1.0
2025,2,DIK,SJC,CA,32457,1.0,10,0.0
2025,2,DIK,SRQ,FL,34986,1.0,10,1.0
2025,2,DIK,TPA,FL,33195,1.0,10,1.0
2025,2,DIK,XNA,AR,31834,1.0,10,0.0
2025,2,FAR,AZA,AZ,30466,743.0,7430,0.42
2025,2,FAR,DEN,CO,30325,605.0,6050,0.669
2025,2,FAR,ORD,IL,30977,354.0,3540,0.633
2025,2,FAR,DFW,TX,30194,283.0,2830,0.728
2025,2,FAR,LAS,NV,32211,240.0,2400,0.3
2025,2,FAR,BNA,TN,30693,177.0,1770,0.429
2025,2,FAR,IAH,TX,31453,153.0,1530,0.556
2025,2,FAR,SEA,WA,30559,145.0,1450,0.497
2025,2,FAR,MSP,MN,31650,144.0,1440,0.472
2025,2,FAR,SFB,FL,34761,143.0,1430,0.378
2025,2,FAR,PHX,AZ,30466,141.0,1410,0.418
2025,2,FAR,LAX,CA,32575,122.0,1220,0.5
2025,2,FAR,ATL,GA,30397,118.0,1180,0.619
2025,2,FAR,SLC,UT,34614,111.0,1110,0.577
2025,2,FAR,SAN,CA,33570,101.0,1010,0.475
2025,2,FAR,PDX,OR,34057,93.0,930,0.591
2025,2,FAR,TPA,FL,33195,86.0,860,0.535
2025,2,FAR,PHL,PA,34100,85.0,850,0.6
2025,2,FAR,SFO,CA,32457,84.0,840,0.571
2025,2,FAR,MCO,FL,31454,82.0,820,0.488
2025,2,FAR,RDU,NC,34492,82.0,820,0.756
2025,2,FAR,BOS,MA,30721,79.0,790,0.62
2025,2,FAR,DTW,MI,31295,79.0,790,0.734
2025,2,FAR,LGA,NY,31703,79.0,790,0.519
2025,2,FAR,RSW,FL,31714,77.0,770,0.39
2025,2,FAR,SAT,TX,33214,74.0,740,0.635
2025,2,FAR,IND,IN,32337,73.0,730,0.658
2025,2,FAR,SMF,CA,33192,73.0,730,0.658
2025,2,FAR,STL,MO,31123,72.0,720,0.583
2025,2,FAR,DCA,VA,30852,71.0,710,0.521
2025,2,FAR,AUS,TX,30423,70.0,700,0.571
2025,2,FAR,BWI,MD,30852,68.0,680,0.441
2025,2,FAR,CLT,NC,31057,66.0,660,0.576
2025,2,FAR,MCI,MO,33198,61.0,610,0.639
2025,2,FAR,SNA,CA,32575,60.0,600,0.667
2025,2,FAR,TUS,AZ,30436,58.0,580,0.586
2025,2,FAR,BOI,ID,30713,55.0,550,0.655
2025,2,FAR,EWR,NJ,31703,55.0,550,0.455
2025,2,FAR,CLE,OH,30647,50.0,500,0.64
2025,2,FAR,FLL,FL,32467,50.0,500,0.32
2025,2,FAR,MKE,WI,33342,48.0,480,0.583
2025,2,FAR,CMH,OH,31066,44.0,440,0.75
2025,2,FAR,GEG,WA,31884,44.0,440,0.523
2025,2,FAR,ONT,CA,32575,43.0,430,0.535
2025,2,FAR,PIT,PA,30198,43.0,430,0.628
2025,2,FAR,ABQ,NM,30140,40.0,400,0.725
2025,2,FAR,BDL,CT,30529,40.0,400,0.625
2025,2,FAR,SDF,KY,33044,40.0,400,0.575
2025,2,FAR,JAX,FL,31136,39.0,390,0.487
2025,2,FAR,PIE,FL,33195,37.0,370,0.243
2025,2,FAR,CVG,KY,33105,33.0,330,0.848
2025,2,FAR,ELP,TX,30615,32.0,320,0.531
2025,2,FAR,MSY,LA,33495,32.0,320,0.594
2025,2,FAR,IAD,VA,30852,31.0,310,0.581
2025,2,FAR,MIA,FL,32467,31.0,310,0.419
2025,2,FAR,ORF,VA,33667,30.0,300,0.767
2025,2,FAR,ANC,AK,30299,29.0,290,0.586
2025,2,FAR,FAT,CA,31638,29.0,290,0.69
2025,2,FAR,COS,CO,30189,27.0,270,0.704
2025,2,FAR,GRR,MI,31986,27.0,270,0.815
2025,2,FAR,RNO,NV,34570,26.0,260,0.577
2025,2,FAR,MEM,TN,33244,25.0,250,0.68
2025,2,FAR,OMA,NE,33316,25.0,250,0.48
2025,2,FAR,MSN,WI,33485,24.0,240,0.458
2025,2,FAR,BZN,MT,30849,23.0,230,0.783
2025,2,FAR,MDT,PA,32070,23.0,230,0.783
2025,2,FAR,PSP,CA,34262,22.0,220,0.5
2025,2,FAR,BIL,MT,30620,21.0,210,0.429
2025,2,FAR,EUG,OR,31603,21.0,210,0.714
2025,2,FAR,OKC,OK,33851,21.0,210,0.429
2025,2,FAR,RIC,VA,34524,21.0,210,0.524
2025,2,FAR,SGF,MO,34783,21.0,210,0.762
2025,2,FAR,SJU,PR,34819,21.0,210,0.238
2025,2,FAR,BUR,CA,32575,20.0,200,0.65
2025,2,FAR,CHS,SC,30994,20.0,200,0.45
2025,2,FAR,GJT,CO,31921,20.0,200,0.75
2025,2,FAR,MFE,TX,33256,20.0,200,0.45
2025,2,FAR,SAV,GA,34685,20.0,200,0.6
2025,2,FAR,TYS,TN,35412,20.0,200,0.6
2025,2,FAR,MSO,MT,33486,19.0,190,0.579
2025,2,FAR,SJC,CA,32457,19.0,190,0.632
2025,2,FAR,TUL,OK,34653,19.0,190,0.632
2025,2,FAR,BHM,AL,30599,18.0,180,0.722
2025,2,FAR,CID,IA,31003,17.0,170,0.412
2025,2,FAR,GSO,NC,31995,17.0,170,0.588
2025,2,FAR,JFK,NY,31703,17.0,170,0.353
2025,2,FAR,DAY,OH,31267,16.0,160,0.625
2025,2,FAR,DSM,IA,31423,16.0,160,0.625
2025,2,FAR,GSP,SC,31871,16.0,160,0.812
2025,2,FAR,ICT,KS,30928,16.0,160,0.5
2025,2,FAR,PBI,FL,34027,16.0,160,0.562
2025,2,FAR,PIA,IL,34108,16.0,160,0.562
2025,2,FAR,XNA,AR,31834,16.0,160,0.625
2025,2,FAR,FCA,MT,31648,15.0,150,0.667
2025,2,FAR,MFR,OR,33264,15.0,150,0.6
2025,2,FAR,PNS,FL,33728,15.0,150,0.667
2025,2,FAR,ROA,VA,34574,15.0,150,0.733
2025,2,FAR,ROC,NY,34576,15.0,150,0.533
2025,2,FAR,BUF,NY,30792,14.0,140,0.714
2025,2,FAR,GFK,ND,31898,14.0,140,0.0
2025,2,FAR,HRL,TX,32206,14.0,140,0.429
2025,2,FAR,HNL,HI,32134,13.0,130,0.615
2025,2,FAR,MAF,TX,33158,13.0,130,0.615
2025,2,FAR,SYR,NY,35096,13.0,130,0.538
2025,2,FAR,LBB,TX,32896,12.0,120,0.833
2025,2,FAR,LIT,AR,32600,12.0,120,0.667
2025,2,FAR,PSC,WA,34252,12.0,120,0.583
2025,2,FAR,PVD,RI,30721,12.0,120,0.833
2025,2,FAR,PWM,ME,34321,12.0,120,0.583
2025,2,FAR,RAP,SD,34457,12.0,120,0.667
2025,2,FAR,SBN,IN,34696,12.0,120,0.917
2025,2,FAR,HOU,TX,31453,11.0,110,0.545
2025,2,FAR,SBP,CA,34236,11.0,110,0.818
2025,2,FAR,ALB,NY,30257,10.0,100,0.5
2025,2,FAR,CHA,TN,30980,10.0,100,0.5
2025,2,FAR,FWA,IN,31823,10.0,100,0.6
2025,2,FAR,HSV,AL,30255,10.0,100,0.8
2025,2,FAR,LEX,KY,32945,10.0,100,0.3
2025,2,FAR,SBA,CA,34689,10.0,100,0.7
2025,2,FAR,SRQ,FL,34986,10.0,100,0.4
2025,2,FAR,ATW,WI,30408,9.0,90,0.778
2025,2,FAR,BTR,LA,30781,9.0,90,0.667
2025,2,FAR,BTV,VT,30785,9.0,90,0.444
2025,2,FAR,MYR,SC,31135,9.0,90,0.222
2025,2,FAR,AVL,NC,30431,8.0,80,0.75
2025,2,FAR,BFL,CA,30561,8.0,80,0.5
2025,2,FAR,CAE,SC,30868,8.0,80,0.5
2025,2,FAR,CPR,WY,31122,8.0,80,0.625
2025,2,FAR,CRP,TX,31140,8.0,80,0.875
2025,2,FAR,GPT,MS,31973,8.0,80,0.25
2025,2,FAR,LFT,LA,32951,8.0,80,0.25
2025,2,FAR,RDM,OR,34489,8.0,80,0.875
2025,2,FAR,AMA,TX,30279,7.0,70,0.571
2025,2,FAR,DRO,CO,30285,7.0,70,0.429
2025,2,FAR,ECP,FL,31481,7.0,70,0.143
2025,2,FAR,EGE,CO,31503,7.0,70,0.714
2025,2,FAR,FAI,AK,31517,7.0,70,0.143
2025,2,FAR,GTF,MT,31895,7.0,70,0.286
2025,2,FAR,HLN,MT,32156,7.0,70,0.286
2025,2,FAR,IDA,ID,32280,7.0,70,0.714
2025,2,FAR,JAN,MS,32448,7.0,70,0.429
2025,2,FAR,MLI,IL,33367,7.0,70,0.857
2025,2,FAR,SHV,LA,30476,7.0,70,0.429
2025,2,FAR,VPS,FL,31504,7.0,70,0.143
2025,2,FAR,ABI,TX,30136,6.0,60,0.667
2025,2,FAR,CMI,IL,31067,6.0,60,0.833
2025,2,FAR,COU,MO,32474,6.0,60,0.833
2025,2,FAR,LNK,NE,33029,6.0,60,0.333
2025,2,FAR,MDW,IL,30977,6.0,60,0.333
2025,2,FAR,RKS,WY,34543,6.0,60,0.667
2025,2,FAR,SAF,NM,34674,6.0,60,0.5
2025,2,FAR,AGS,GA,30208,5.0,50,0.6
2025,2,FAR,CHO,VA,30990,5.0,50,0.6
2025,2,FAR,GNV,FL,31953,5.0,50,0.2
2025,2,FAR,GRB,WI,31977,5.0,50,0.6
2025,2,FAR,HDN,CO,34699,5.0,50,0.4
2025,2,FAR,ILM,NC,32323,5.0,50,1.0
2025,2,FAR,LAN,MI,32884,5.0,50,0.6
2025,2,FAR,TLH,FL,35249,5.0,50,0.4
2025,2,FAR,TRI,TN,35323,5.0,50,0.4
2025,2,FAR,ACV,CA,30157,4.0,40,1.0
2025,2,FAR,AVP,PA,30434,4.0,40,0.25
2025,2,FAR,AZO,MI,30469,4.0,40,1.0
2025,2,FAR,CYS,WY,31233,4.0,40,0.5
2025,2,FAR,FAY,NC,31641,4.0,40,0.25
2025,2,FAR,FSD,SD,31775,4.0,40,0.0
2025,2,FAR,MBS,MI,33184,4.0,40,0.75
2025,2,FAR,MGM,AL,33277,4.0,40,0.75
2025,2,FAR,MHK,KS,33290,4.0,40,0.5
2025,2,FAR,MHT,NH,30721,4.0,40,0.5
2025,2,FAR,MTJ,CO,33502,4.0,40,0.75
2025,2,FAR,OAJ,NC,33795,4.0,40,1.0
2025,2,FAR,SCE,PA,34711,4.0,40,0.75
2025,2,FAR,SJT,TX,34842,4.0,40,1.0
2025,2,FAR,TVC,MI,35380,4.0,40,0.5
2025,2,FAR,YUM,AZ,33785,4.0,40,0.0
2025,2,FAR,ABE,PA,30135,3.0,30,1.0
2025,2,FAR,ASE,CO,30372,3.0,30,1.0
2025,2,FAR,BGR,ME,30581,3.0,30,0.333
2025,2,FAR,BMI,IL,30685,3.0,30,0.667
2025,2,FAR,CAK,OH,30647,3.0,30,1.0
2025,2,FAR,CLL,TX,31049,3.0,30,0.667
2025,2,FAR,CWA,WI,30424,3.0,30,1.0
2025,2,FAR,EVV,IN,31612,3.0,30,0.0
2025,2,FAR,FNT,MI,31721,3.0,30,0.667
2025,2,FAR,GCK,KS,31867,3.0,30,1.0
2025,2,FAR,GRK,TX,31982,3.0,30,0.333
2025,2,FAR,HPN,NY,31703,3.0,30,1.0
2025,2,FAR,JAC,WY,32441,3.0,30,0.333
2025,2,FAR,LRD,TX,33038,3.0,30,0.333
2025,2,FAR,MLU,LA,33377,3.0,30,1.0
2025,2,FAR,MRY,CA,34922,3.0,30,0.333
2025,2,FAR,SPS,TX,34960,3.0,30,0.0
2025,2,FAR,AEX,LA,30185,2.0,20,0.0
2025,2,FAR,BQN,PR,30732,2.0,20,0.5
2025,2,FAR,CRW,WV,31146,2.0,20,0.5
2025,2,FAR,EYW,FL,31624,2.0,20,0.5
2025,2,FAR,FSM,AR,31778,2.0,20,0.5
2025,2,FAR,GUC,CO,32012,2.0,20,1.0
2025,2,FAR,LAR,WY,32888,2.0,20,0.5
2025,2,FAR,LBL,KS,32902,2.0,20,0.5
2025,2,FAR,LCH,LA,31205,2.0,20,1.0
2025,2,FAR,OGG,HI,33830,2.0,20,0.0
2025,2,FAR,ROW,NM,34588,2.0,20,1.0
2025,2,FAR,SLN,KS,34877,2.0,20,0.5
2025,2,FAR,SPI,IL,34952,2.0,20,1.0
2025,2,FAR,TYR,TX,35411,2.0,20,0.5
2025,2,FAR,ACT,TX,30155,1.0,10,0.0
2025,2,FAR,BFF,NE,30558,1.0,10,1.0
2025,2,FAR,BGM,NY,30577,1.0,10,0.0
2025,2,FAR,BLI,WA,30666,1.0,10,1.0
2025,2,FAR,BPT,TX,30728,1.0,10,1.0
2025,2,FAR,BRO,TX,30747,1.0,10,0.0
2025,2,FAR,CDC,UT,30918,1.0,10,0.0
2025,2,FAR,CSG,GA,31150,1.0,10,1.0
2025,2,FAR,DDC,KS,31283,1.0,10,0.0
2025,2,FAR,DEC,IL,31288,1.0,10,1.0
2025,2,FAR,DHN,AL,31308,1.0,10,1.0
2025,2,FAR,EAU,WI,31471,1.0,10,0.0
2025,2,FAR,ELM,NY,31537,1.0,10,1.0
2025,2,FAR,ESC,MI,31587,1.0,10,0.0
2025,2,FAR,FLO,SC,31699,1.0,10,1.0
2025,2,FAR,GCC,WY,31865,1.0,10,0.0
2025,2,FAR,GGG,TX,31905,1.0,10,1.0
2025,2,FAR,ITH,NY,32397,1.0,10,0.0
2025,2,FAR,JLN,MO,32511,1.0,10,0.0
2025,2,FAR,KOA,HI,32758,1.0,10,1.0
2025,2,FAR,LAW,OK,32891,1.0,10,0.0
2025,2,FAR,LGB,CA,32575,1.0,10,0.0
2025,2,FAR,LIH,HI,32982,1.0,10,0.0
2025,2,FAR,MCK,NE,33200,1.0,10,1.0
2025,2,FAR,MGW,WV,33282,1.0,10,1.0
2025,2,FAR,MQT,MI,33459,1.0,10,0.0
2025,2,FAR,OAK,CA,32457,1.0,10,1.0
2025,2,FAR,OTH,OR,33964,1.0,10,0.0
2025,2,FAR,PGV,NC,34092,1.0,10,1.0
2025,2,FAR,PHF,VA,33667,1.0,10,1.0
2025,2,FAR,PIH,ID,34113,1.0,10,1.0
2025,2,FAR,PLN,MI,34150,1.0,10,1.0
2025,2,FAR,RST,MN,32547,1.0,10,0.0
2025,2,FAR,SGU,UT,34794,1.0,10,0.0
2025,2,FAR,SIT,AK,34828,1.0,10,0.0
2025,2,FAR,SUN,ID,35041,1.0,10,1.0
2025,2,FAR,SWO,OK,35074,1.0,10,1.0
2025,2,FAR,TWF,ID,35389,1.0,10,0.0
2025,2,FAR,TXK,AR,35401,1.0,10,1.0
2025,2,FAR,WRG,AK,35841,1.0,10,0.0
2025,2,FAR,XWA,ND,32389,1.0,10,0.0
2025,2,MOT,AZA,AZ,30466,249.0,2490,0.349
2025,2,MOT,MSP,MN,31650,143.0,1430,0.741
2025,2,MOT,LAS,NV,32211,132.0,1320,0.333
2025,2,MOT,DEN,CO,30325,126.0,1260,0.794
2025,2,MOT,IAH,TX,31453,70.0,700,0.586
2025,2,MOT,DFW,TX,30194,43.0,430,0.744
2025,2,MOT,SLC,UT,34614,39.0,390,0.821
2025,2,MOT,PHX,AZ,30466,35.0,350,0.6
2025,2,MOT,MCO,FL,31454,34.0,340,0.676
2025,2,MOT,SAT,TX,33214,34.0,340,0.559
2025,2,MOT,DTW,MI,31295,30.0,300,0.633
2025,2,MOT,SMF,CA,33192,30.0,300,0.667
2025,2,MOT,SEA,WA,30559,29.0,290,0.621
2025,2,MOT,LAX,CA,32575,27.0,270,0.481
2025,2,MOT,TPA,FL,33195,26.0,260,0.808
2025,2,MOT,BOS,MA,30721,25.0,250,0.56
2025,2,MOT,MSY,LA,33495,25.0,250,0.68
2025,2,MOT,PDX,OR,34057,25.0,250,0.64
2025,2,MOT,ATL,GA,30397,24.0,240,0.75
2025,2,MOT,BOI,ID,30713,23.0,230,0.652
2025,2,MOT,BWI,MD,30852,23.0,230,0.783
2025,2,MOT,ORD,IL,30977,23.0,230,0.522
2025,2,MOT,EWR,NJ,31703,22.0,220,0.591
2025,2,MOT,PHL,PA,34100,22.0,220,0.682
2025,2,MOT,RDU,NC,34492,22.0,220,0.864
2025,2,MOT,SAN,CA,33570,22.0,220,0.364
2025,2,MOT,STL,MO,31123,21.0,210,0.571
2025,2,MOT,CMH,OH,31066,19.0,190,0.737
2025,2,MOT,SHV,LA,30476,19.0,190,0.789
2025,2,MOT,IND,IN,32337,18.0,180,0.833
2025,2,MOT,OKC,OK,33851,18.0,180,0.722
2025,2,MOT,FLL,FL,32467,17.0,170,0.353
2025,2,MOT,GEG,WA,31884,17.0,170,0.706
2025,2,MOT,GRR,MI,31986,17.0,170,0.529
2025,2,MOT,ABQ,NM,30140,16.0,160,0.625
2025,2,MOT,ANC,AK,30299,16.0,160,0.688
2025,2,MOT,MCI,MO,33198,16.0,160,0.625
2025,2,MOT,OMA,NE,33316,16.0,160,0.625
2025,2,MOT,ONT,CA,32575,16.0,160,0.438
2025,2,MOT,SFB,FL,34761,16.0,160,0.25
2025,2,MOT,AUS,TX,30423,15.0,150,0.8
2025,2,MOT,CLE,OH,30647,15.0,150,0.667
2025,2,MOT,DCA,VA,30852,15.0,150,0.533
2025,2,MOT,BNA,TN,30693,14.0,140,0.571
2025,2,MOT,IAD,VA,30852,14.0,140,0.714
2025,2,MOT,LGA,NY,31703,14.0,140,0.357
2025,2,MOT,PIT,PA,30198,14.0,140,0.857
2025,2,MOT,BDL,CT,30529,13.0,130,0.846
2025,2,MOT,MAF,TX,33158,13.0,130,0.538
2025,2,MOT,SFO,CA,32457,13.0,130,0.923
2025,2,MOT,RSW,FL,31714,12.0,120,0.667
2025,2,MOT,SNA,CA,32575,12.0,120,0.75
2025,2,MOT,CLT,NC,31057,11.0,110,0.727
2025,2,MOT,CVG,KY,33105,11.0,110,0.909
2025,2,MOT,BFL,CA,30561,9.0,90,0.556
2025,2,MOT,MEM,TN,33244,9.0,90,0.667
2025,2,MOT,ORF,VA,33667,9.0,90,0.556
2025,2,MOT,TUL,OK,34653,9.0,90,0.889
2025,2,MOT,TYS,TN,35412,9.0,90,0.556
2025,2,MOT,DSM,IA,31423,8.0,80,1.0
2025,2,MOT,ICT,KS,30928,8.0,80,0.5
2025,2,MOT,JAX,FL,31136,8.0,80,0.75
2025,2,MOT,LIT,AR,32600,8.0,80,0.875
2025,2,MOT,SAV,GA,34685,8.0,80,0.75
2025,2,MOT,TUS,AZ,30436,8.0,80,0.75
2025,2,MOT,BHM,AL,30599,7.0,70,0.857
2025,2,MOT,EUG,OR,31603,7.0,70,0.714
2025,2,MOT,GSP,SC,31871,7.0,70,1.0
2025,2,MOT,LFT,LA,32951,7.0,70,0.714
2025,2,MOT,RIC,VA,34524,7.0,70,0.714
2025,2,MOT,RNO,NV,34570,7.0,70,0.857
2025,2,MOT,ELP,TX,30615,6.0,60,0.333
2025,2,MOT,FAT,CA,31638,6.0,60,0.333
2025,2,MOT,FSD,SD,31775,6.0,60,0.667
2025,2,MOT,MDW,IL,30977,6.0,60,0.667
2025,2,MOT,MKE,WI,33342,6.0,60,0.667
2025,2,MOT,MSN,WI,33485,6.0,60,0.667
2025,2,MOT,SBA,CA,34689,6.0,60,1.0
2025,2,MOT,SDF,KY,33044,6.0,60,0.833
2025,2,MOT,AVL,NC,30431,5.0,50,0.6
2025,2,MOT,COS,CO,30189,5.0,50,0.8
2025,2,MOT,CPR,WY,31122,5.0,50,1.0
2025,2,MOT,LBB,TX,32896,5.0,50,0.6
2025,2,MOT,PNS,FL,33728,5.0,50,0.8
2025,2,MOT,RST,MN,32547,5.0,50,0.2
2025,2,MOT,SGF,MO,34783,5.0,50,1.0
2025,2,MOT,BUF,NY,30792,4.0,40,0.25
2025,2,MOT,BUR,CA,32575,4.0,40,0.75
2025,2,MOT,BZN,MT,30849,4.0,40,0.5
2025,2,MOT,CID,IA,31003,4.0,40,0.75
2025,2,MOT,HSV,AL,30255,4.0,40,0.25
2025,2,MOT,SYR,NY,35096,4.0,40,0.75
2025,2,MOT,AGS,GA,30208,3.0,30,0.667
2025,2,MOT,DLH,MN,31337,3.0,30,1.0
2025,2,MOT,DRO,CO,30285,3.0,30,1.0
2025,2,MOT,FCA,MT,31648,3.0,30,0.667
2025,2,MOT,GPT,MS,31973,3.0,30,0.667
2025,2,MOT,HNL,HI,32134,3.0,30,0.333
2025,2,MOT,IDA,ID,32280,3.0,30,0.667
2025,2,MOT,KOA,HI,32758,3.0,30,0.333
2025,2,MOT,LEX,KY,32945,3.0,30,1.0
2025,2,MOT,MFE,TX,33256,3.0,30,0.667
2025,2,MOT,PBI,FL,34027,3.0,30,0.667
2025,2,MOT,PSP,CA,34262,3.0,30,0.333
2025,2,MOT,PVD,RI,30721,3.0,30,0.333
2025,2,MOT,SGU,UT,34794,3.0,30,0.667
2025,2,MOT,SJC,CA,32457,3.0,30,1.0
2025,2,MOT,VPS,FL,31504,3.0,30,1.0
2025,2,MOT,XNA,AR,31834,3.0,30,1.0
2025,2,MOT,ALB,NY,30257,2.0,20,0.0
2025,2,MOT,AMA,TX,30279,2.0,20,0.5
2025,2,MOT,BTR,LA,30781,2.0,20,0.5
2025,2,MOT,CHS,SC,30994,2.0,20,0.5
2025,2,MOT,CRP,TX,31140,2.0,20,0.5
2025,2,MOT,CWA,WI,30424,2.0,20,0.5
2025,2,MOT,ECP,FL,31481,2.0,20,0.5
2025,2,MOT,ELM,NY,31537,2.0,20,1.0
2025,2,MOT,GSO,NC,31995,2.0,20,1.0
2025,2,MOT,GTF,MT,31895,2.0,20,0.5
2025,2,MOT,ILM,NC,32323,2.0,20,0.5
2025,2,MOT,JFK,NY,31703,2.0,20,0.0
2025,2,MOT,LIH,HI,32982,2.0,20,0.5
2025,2,MOT,LNK,NE,33029,2.0,20,1.0
2025,2,MOT,LWS,ID,33127,2.0,20,1.0
2025,2,MOT,MGM,AL,33277,2.0,20,0.0
2025,2,MOT,MSO,MT,33486,2.0,20,0.0
2025,2,MOT,MYR,SC,31135,2.0,20,0.5
2025,2,MOT,PIH,ID,34113,2.0,20,0.5
2025,2,MOT,PWM,ME,34321,2.0,20,0.0
2025,2,MOT,ROA,VA,34574,2.0,20,1.0
2025,2,MOT,SBN,IN,34696,2.0,20,0.5
2025,2,MOT,SBP,CA,34236,2.0,20,1.0
2025,2,MOT,SCE,PA,34711,2.0,20,0.5
2025,2,MOT,TRI,TN,35323,2.0,20,1.0
2025,2,MOT,TVC,MI,35380,2.0,20,1.0
2025,2,MOT,ACV,CA,30157,1.0,10,1.0
2025,2,MOT,ATW,WI,30408,1.0,10,1.0
2025,2,MOT,BIL,MT,30620,1.0,10,0.0
2025,2,MOT,BMI,IL,30685,1.0,10,1.0
2025,2,MOT,BTV,VT,30785,1.0,10,1.0
2025,2,MOT,CAE,SC,30868,1.0,10,1.0
2025,2,MOT,CDR,NE,30925,1.0,10,1.0
2025,2,MOT,CHA,TN,30980,1.0,10,1.0
2025,2,MOT,CIU,MI,31013,1.0,10,0.0
2025,2,MOT,COD,WY,31097,1.0,10,0.0
2025,2,MOT,DHN,AL,31308,1.0,10,1.0
2025,2,MOT,EVV,IN,31612,1.0,10,1.0
2025,2,MOT,FAI,AK,31517,1.0,10,0.0
2025,2,MOT,FMN,NM,31711,1.0,10,0.0
2025,2,MOT,FWA,IN,31823,1.0,10,0.0
2025,2,MOT,GJT,CO,31921,1.0,10,1.0
2025,2,MOT,GRB,WI,31977,1.0,10,1.0
2025,2,MOT,HRL,TX,32206,1.0,10,0.0
2025,2,MOT,JAC,WY,32441,1.0,10,0.0
2025,2,MOT,JAN,MS,32448,1.0,10,1.0
2025,2,MOT,JST,PA,32559,1.0,10,1.0
2025,2,MOT,LBL,KS,32902,1.0,10,1.0
2025,2,MOT,LCH,LA,31205,1.0,10,1.0
2025,2,MOT,MDT,PA,32070,1.0,10,1.0
2025,2,MOT,MFR,OR,33264,1.0,10,1.0
2025,2,MOT,MIA,FL,32467,1.0,10,0.0
2025,2,MOT,MLI,IL,33367,1.0,10,1.0
2025,2,MOT,OAK,CA,32457,1.0,10,1.0
2025,2,MOT,OGG,HI,33830,1.0,10,0.0
2025,2,MOT,PIA,IL,34108,1.0,10,0.0
2025,2,MOT,PLN,MI,34150,1.0,10,1.0
2025,2,MOT,RIW,WY,34534,1.0,10,1.0
2025,2,MOT,ROC,NY,34576,1.0,10,1.0
2025,2,MOT,SAF,NM,34674,1.0,10,1.0
2025,2,MOT,SJU,PR,34819,1.0,10,0.0
2025,2,MOT,STX,VI,34992,1.0,10,0.0
2025,2,MOT,TWF,ID,35389,1.0,10,1.0
2025,2,MOT,VLD,GA,35550,1.0,10,1.0
2025,2,MOT,XWA,ND,32389,1.0,10,0.0
