year,month,zip,tickets
2026,6,10475,5
2026,6,10747,2
2026,6,11215,8
2026,6,11305,3
2026,6,33217,1
2026,6,55311,2
2026,6,58016,1
2026,6,58104,3
2026,6,58503,4
2026,6,58504,3
2026,6,58554,6
2026,6,58601,64
2026,6,58621,12
2026,6,58623,9
2026,6,58645,12
2026,6,58703,6
2026,6,59101,4
2026,6,59327,4
2026,6,59353,10
2026,6,59602,3
2026,6,59608,1
2026,6,6,2
2026,6,85016,2
2026,6,85061,2
2026,7,00802,1
2026,7,00851,2
2026,7,01036,2
2026,7,01037,2
2026,7,01075,2
2026,7,01095,2
2026,7,01201,1
2026,7,01267,1
2026,7,01450,2
2026,7,01463,2
2026,7,01469,7
2026,7,01535,1
2026,7,01545,2
2026,7,01588,2
2026,7,01701,3
2026,7,01720,4
2026,7,01746,1
2026,7,01748,8
2026,7,01756,2
2026,7,01810,5
2026,7,01845,6
2026,7,01852,2
2026,7,01854,2
2026,7,01864,4
2026,7,01890,3
2026,7,01930,6
2026,7,01944,3
2026,7,01945,2
2026,7,02043,2
2026,7,02052,2
2026,7,02066,2
2026,7,02108,4
2026,7,02124,4
2026,7,02128,3
2026,7,02130,2
2026,7,02131,2
2026,7,02139,2
2026,7,02140,4
2026,7,02155,2
2026,7,02171,4
2026,7,02176,2
2026,7,02465,2
2026,7,02466,3
2026,7,02467,2
2026,7,02472,2
2026,7,02481,1
2026,7,02492,2
2026,7,02536,4
2026,7,02663,1
2026,7,02719,3
2026,7,02760,9
2026,7,02771,2
2026,7,02779,2
2026,7,02790,1
2026,7,02809,3
2026,7,02860,2
2026,7,02865,5
2026,7,02871,6
2026,7,02888,2
2026,7,03031,2
2026,7,03043,3
2026,7,03049,2
2026,7,03053,3
2026,7,03064,2
2026,7,03101,4
2026,7,03110,6
2026,7,03215,2
2026,7,03229,1
2026,7,03301,2
2026,7,03303,4
2026,7,03440,1
2026,7,03442,3
2026,7,03570,1
2026,7,03584,1
2026,7,03748,2
2026,7,03820,4
2026,7,03833,4
2026,7,03855,5
2026,7,03911,4
2026,7,04011,2
2026,7,04043,2
2026,7,04086,2
2026,7,04102,2
2026,7,04105,3
2026,7,04210,4
2026,7,04217,2
2026,7,04353,3
2026,7,04412,2
2026,7,04568,2
2026,7,04864,2
2026,7,04901,1
2026,7,04967,2
2026,7,05089,2
2026,7,05091,2
2026,7,05396,1
2026,7,05445,4
2026,7,05452,2
2026,7,05478,3
2026,7,05495,2
2026,7,05672,3
2026,7,06029,2
2026,7,06069,2
2026,7,06078,5
2026,7,06084,2
2026,7,06110,4
2026,7,06241,2
2026,7,06249,5
2026,7,06268,2
2026,7,06351,8
2026,7,06415,1
2026,7,06437,2
2026,7,06441,2
2026,7,06480,4
2026,7,06483,2
2026,7,06511,3
2026,7,06612,4
2026,7,06793,2
2026,7,06794,4
2026,7,06830,1
2026,7,06840,1
2026,7,06850,4
2026,7,06853,4
2026,7,06902,2
2026,7,07004,2
2026,7,07006,11
2026,7,07014,2
2026,7,07030,2
2026,7,07039,4
2026,7,07042,2
2026,7,07046,4
2026,7,07078,4
2026,7,07079,2
2026,7,07090,4
2026,7,07307,1
2026,7,07401,2
2026,7,07422,6
2026,7,07424,2
2026,7,07438,1
2026,7,07662,2
2026,7,07675,2
2026,7,07712,8
2026,7,07724,2
2026,7,07726,1
2026,7,07731,2
2026,7,07735,2
2026,7,07840,6
2026,7,07869,2
2026,7,07940,2
2026,7,08033,4
2026,7,08036,2
2026,7,08050,4
2026,7,08053,5
2026,7,08054,6
2026,7,08067,2
2026,7,08071,3
2026,7,08077,2
2026,7,08079,2
2026,7,08202,2
2026,7,08302,2
2026,7,08502,2
2026,7,08528,1
2026,7,08534,1
2026,7,08648,1
2026,7,08690,2
2026,7,08723,1
2026,7,08736,4
2026,7,08742,3
2026,7,08750,3
2026,7,08753,6
2026,7,08816,8
2026,7,08817,2
2026,7,08844,1
2026,7,08848,2
2026,7,08865,2
2026,7,08902,2
2026,7,09630,4
2026,7,10003,14
2026,7,10009,1
2026,7,10021,4
2026,7,10022,27
2026,7,10023,4
2026,7,10024,3
2026,7,10025,3
2026,7,10028,1
2026,7,10029,1
2026,7,10031,15
2026,7,10034,3
2026,7,10040,6
2026,7,10065,2
2026,7,10075,4
2026,7,10128,4
2026,7,10156,1
2026,7,10307,2
2026,7,10314,1
2026,7,10512,3
2026,7,10514,1
2026,7,10522,2
2026,7,10538,4
2026,7,10547,2
2026,7,10562,2
2026,7,10570,4
2026,7,10580,1
2026,7,10591,3
2026,7,10804,1
2026,7,10970,7
2026,7,11040,2
2026,7,11050,4
2026,7,11104,2
2026,7,11105,2
2026,7,11209,4
2026,7,11215,3
2026,7,11217,4
2026,7,11221,3
2026,7,11225,5
2026,7,11231,10
2026,7,11238,4
2026,7,11363,2
2026,7,11375,4
2026,7,11530,19
2026,7,11561,2
2026,7,11566,1
2026,7,11572,2
2026,7,11577,2
2026,7,11702,2
2026,7,11714,6
2026,7,11718,4
2026,7,11731,2
2026,7,11735,1
2026,7,11755,6
2026,7,11757,8
2026,7,11758,12
2026,7,11772,1
2026,7,11778,1
2026,7,11795,13
2026,7,11798,1
2026,7,11804,2
2026,7,11848,2
2026,7,11949,3
2026,7,12009,3
2026,7,12144,3
2026,7,12148,2
2026,7,12180,2
2026,7,12182,2
2026,7,12197,2
2026,7,12211,1
2026,7,12306,1
2026,7,12404,2
2026,7,12446,2
2026,7,12545,2
2026,7,12561,3
2026,7,12586,2
2026,7,12603,7
2026,7,12804,3
2026,7,12843,2
2026,7,12865,2
2026,7,12953,2
2026,7,12989,14
2026,7,13037,2
2026,7,13084,4
2026,7,13104,3
2026,7,13126,1
2026,7,13152,4
2026,7,13224,2
2026,7,13367,4
2026,7,13421,6
2026,7,14032,28
2026,7,14052,2
2026,7,14062,4
2026,7,14063,4
2026,7,14068,4
2026,7,14080,2
2026,7,14085,2
2026,7,14094,2
2026,7,14127,2
2026,7,14150,2
2026,7,14221,2
2026,7,14222,2
2026,7,14224,4
2026,7,14226,5
2026,7,14424,5
2026,7,14425,2
2026,7,14428,6
2026,7,14480,2
2026,7,14534,4
2026,7,14580,3
2026,7,14609,1
2026,7,14612,2
2026,7,14616,1
2026,7,14618,2
2026,7,14710,2
2026,7,14727,2
2026,7,14850,3
2026,7,14860,3
2026,7,14869,3
2026,7,15010,4
2026,7,15017,1
2026,7,15044,2
2026,7,15074,4
2026,7,15102,4
2026,7,15106,3
2026,7,15108,3
2026,7,15206,2
2026,7,15207,2
2026,7,15218,2
2026,7,15220,4
2026,7,15227,4
2026,7,15229,2
2026,7,15238,2
2026,7,15301,4
2026,7,15330,2
2026,7,15360,2
2026,7,15370,5
2026,7,15401,10
2026,7,15533,2
2026,7,15601,1
2026,7,15642,2
2026,7,15663,2
2026,7,15701,2
2026,7,15857,2
2026,7,15868,0
2026,7,15904,2
2026,7,15940,2
2026,7,15963,2
2026,7,16037,2
2026,7,16053,2
2026,7,16063,4
2026,7,16141,2
2026,7,16142,5
2026,7,16254,2
2026,7,16314,3
2026,7,16403,6
2026,7,16404,2
2026,7,16433,2
2026,7,16505,3
2026,7,16738,2
2026,7,16844,3
2026,7,16866,1
2026,7,16875,5
2026,7,16901,1
2026,7,16923,2
2026,7,16936,2
2026,7,17011,12
2026,7,17025,2
2026,7,17042,7
2026,7,17050,2
2026,7,17201,2
2026,7,17202,12
2026,7,17225,2
2026,7,17301,3
2026,7,17325,1
2026,7,17327,4
2026,7,17331,1
2026,7,17353,2
2026,7,17406,3
2026,7,17512,2
2026,7,17522,2
2026,7,17538,2
2026,7,17543,3
2026,7,17566,4
2026,7,17601,13
2026,7,17602,4
2026,7,17603,2
2026,7,17701,1
2026,7,17747,4
2026,7,17844,2
2026,7,18011,2
2026,7,18017,8
2026,7,18037,2
2026,7,18041,4
2026,7,18042,2
2026,7,18049,2
2026,7,18055,2
2026,7,18072,1
2026,7,18076,2
2026,7,18078,3
2026,7,18088,2
2026,7,18092,2
2026,7,18202,2
2026,7,18218,2
2026,7,18229,1
2026,7,18302,2
2026,7,18328,1
2026,7,18337,4
2026,7,18343,4
2026,7,18346,2
2026,7,18428,2
2026,7,18431,2
2026,7,18504,6
2026,7,18612,1
2026,7,18660,6
2026,7,18810,2
2026,7,18840,4
2026,7,18851,3
2026,7,18923,4
2026,7,18938,4
2026,7,18940,10
2026,7,18966,4
2026,7,18974,5
2026,7,19002,2
2026,7,19010,2
2026,7,19014,2
2026,7,19020,2
2026,7,19060,2
2026,7,19073,2
2026,7,19075,3
2026,7,19083,6
2026,7,19103,7
2026,7,19335,4
2026,7,19342,4
2026,7,19355,6
2026,7,19380,1
2026,7,19382,9
2026,7,19403,4
2026,7,19438,1
2026,7,19446,7
2026,7,19460,1
2026,7,19465,5
2026,7,19468,1
2026,7,19473,1
2026,7,19510,4
2026,7,19522,2
2026,7,19526,1
2026,7,19555,2
2026,7,19560,2
2026,7,19605,2
2026,7,19608,2
2026,7,19709,5
2026,7,19806,2
2026,7,19807,2
2026,7,19810,2
2026,7,19904,2
2026,7,19951,2
2026,7,19958,2
2026,7,19966,8
2026,7,19968,2
2026,7,19971,2
2026,7,19975,4
2026,7,19979,3
2026,7,2000,2
2026,7,20001,3
2026,7,20002,21
2026,7,20003,16
2026,7,20005,1
2026,7,20007,3
2026,7,20008,4
2026,7,20010,8
2026,7,20012,2
2026,7,20015,2
2026,7,20016,11
2026,7,20019,2
2026,7,20037,6
2026,7,20120,2
2026,7,20121,5
2026,7,20147,1
2026,7,20148,3
2026,7,20187,1
2026,7,20189,2
2026,7,20190,2
2026,7,20198,1
2026,7,20602,1
2026,7,20607,11
2026,7,20619,6
2026,7,2067,2
2026,7,20678,1
2026,7,20685,3
2026,7,20692,2
2026,7,20723,2
2026,7,20732,3
2026,7,20751,4
2026,7,20769,7
2026,7,20772,3
2026,7,20814,8
2026,7,20815,4
2026,7,20816,5
2026,7,20817,4
2026,7,20818,2
2026,7,20832,13
2026,7,20852,2
2026,7,20854,10
2026,7,20855,2
2026,7,20874,6
2026,7,20876,4
2026,7,20878,6
2026,7,20882,3
2026,7,20886,6
2026,7,20902,6
2026,7,20905,4
2026,7,20906,5
2026,7,20912,5
2026,7,21014,7
2026,7,21015,6
2026,7,21030,2
2026,7,21034,4
2026,7,21035,2
2026,7,21037,5
2026,7,21043,10
2026,7,21044,2
2026,7,21046,1
2026,7,21048,2
2026,7,21061,3
2026,7,21077,2
2026,7,21093,3
2026,7,21113,8
2026,7,21140,4
2026,7,21146,2
2026,7,21201,1
2026,7,21209,8
2026,7,21210,1
2026,7,21212,5
2026,7,21214,2
2026,7,21215,1
2026,7,21217,2
2026,7,21226,2
2026,7,21228,6
2026,7,21234,3
2026,7,21286,2
2026,7,21401,2
2026,7,21403,3
2026,7,21619,1
2026,7,21635,4
2026,7,21701,5
2026,7,21702,4
2026,7,21703,6
2026,7,21704,3
2026,7,21771,2
2026,7,21774,2
2026,7,21783,2
2026,7,21784,5
2026,7,21797,2
2026,7,21811,2
2026,7,22003,8
2026,7,22015,4
2026,7,22025,6
2026,7,22030,2
2026,7,22031,3
2026,7,22032,1
2026,7,22033,2
2026,7,22044,2
2026,7,22046,3
2026,7,22066,2
2026,7,22102,5
2026,7,22124,3
2026,7,22151,2
2026,7,22153,4
2026,7,22180,2
2026,7,22181,1
2026,7,22182,3
2026,7,22193,4
2026,7,22201,2
2026,7,22202,9
2026,7,22203,1
2026,7,22205,4
2026,7,22206,2
2026,7,22207,13
2026,7,22301,4
2026,7,22302,11
2026,7,22303,3
2026,7,22304,2
2026,7,22305,2
2026,7,22308,2
2026,7,22310,2
2026,7,22314,3
2026,7,22315,2
2026,7,22405,3
2026,7,22551,2
2026,7,22601,4
2026,7,22611,2
2026,7,22824,2
2026,7,22901,8
2026,7,22903,17
2026,7,22920,3
2026,7,22922,2
2026,7,22932,2
2026,7,22947,5
2026,7,22963,2
2026,7,22971,2
2026,7,22980,2
2026,7,23005,3
2026,7,23027,4
2026,7,23059,6
2026,7,23063,2
2026,7,23102,2
2026,7,23112,2
2026,7,23117,4
2026,7,23139,4
2026,7,23185,3
2026,7,23188,3
2026,7,23221,6
2026,7,23222,1
2026,7,23225,1
2026,7,23226,6
2026,7,23233,2
2026,7,23235,2
2026,7,23238,2
2026,7,23322,2
2026,7,23434,3
2026,7,23450,3
2026,7,23452,6
2026,7,23454,2
2026,7,23456,2
2026,7,23464,2
2026,7,23602,1
2026,7,23666,2
2026,7,23693,2
2026,7,23838,1
2026,7,24017,3
2026,7,24018,4
2026,7,24060,4
2026,7,24153,2
2026,7,24176,2
2026,7,24211,4
2026,7,24333,4
2026,7,24363,1
2026,7,24426,1
2026,7,24503,4
2026,7,24520,3
2026,7,24556,2
2026,7,24558,6
2026,7,24963,2
2026,7,24966,3
2026,7,24986,1
2026,7,25314,2
2026,7,25411,2
2026,7,25414,5
2026,7,25526,2
2026,7,25529,5
2026,7,25541,2
2026,7,25560,2
2026,7,25801,2
2026,7,26105,2
2026,7,26378,2
2026,7,26404,2
2026,7,27006,2
2026,7,27009,4
2026,7,27030,5
2026,7,27041,7
2026,7,27101,1
2026,7,27104,1
2026,7,27105,3
2026,7,27106,2
2026,7,27203,9
2026,7,27205,4
2026,7,27239,2
2026,7,27278,1
2026,7,27284,6
2026,7,27312,2
2026,7,27320,2
2026,7,27330,5
2026,7,27404,4
2026,7,27455,2
2026,7,27502,2
2026,7,27510,4
2026,7,27514,7
2026,7,27516,6
2026,7,27518,3
2026,7,27519,2
2026,7,27526,2
2026,7,27539,3
2026,7,27540,10
2026,7,27571,2
2026,7,27587,6
2026,7,27589,2
2026,7,27604,3
2026,7,27612,8
2026,7,27613,2
2026,7,27615,2
2026,7,27703,2
2026,7,27705,4
2026,7,27707,12
2026,7,27858,3
2026,7,27889,2
2026,7,27896,4
2026,7,27954,2
2026,7,28016,2
2026,7,28023,2
2026,7,28027,1
2026,7,28031,1
2026,7,28075,2
2026,7,28079,4
2026,7,28115,2
2026,7,28120,6
2026,7,28124,2
2026,7,28139,1
2026,7,28144,1
2026,7,28166,2
2026,7,28173,8
2026,7,28203,6
2026,7,28205,6
2026,7,28209,3
2026,7,28210,1
2026,7,28211,4
2026,7,28212,2
2026,7,28228,3
2026,7,28236,2
2026,7,28277,6
2026,7,28304,3
2026,7,28306,1
2026,7,28327,6
2026,7,28339,2
2026,7,28352,2
2026,7,28374,5
2026,7,28376,2
2026,7,28390,2
2026,7,28401,1
2026,7,28412,1
2026,7,28429,2
2026,7,28443,11
2026,7,28449,2
2026,7,28451,8
2026,7,28461,7
2026,7,28467,2
2026,7,28469,6
2026,7,28501,1
2026,7,28530,1
2026,7,28562,2
2026,7,28570,4
2026,7,28584,2
2026,7,28621,2
2026,7,28630,2
2026,7,28638,4
2026,7,28677,2
2026,7,28683,2
2026,7,28689,2
2026,7,28691,2
2026,7,28701,2
2026,7,28702,2
2026,7,28715,6
2026,7,28717,2
2026,7,28734,1
2026,7,28739,4
2026,7,28751,2
2026,7,28752,2
2026,7,28753,2
2026,7,28761,2
2026,7,28782,1
2026,7,28786,8
2026,7,28787,2
2026,7,28789,2
2026,7,28792,1
2026,7,28803,4
2026,7,28805,2
2026,7,28806,1
2026,7,28904,2
2026,7,29036,10
2026,7,29045,5
2026,7,29055,6
2026,7,29063,10
2026,7,29072,2
2026,7,29108,3
2026,7,29170,2
2026,7,29201,2
2026,7,29209,2
2026,7,29212,1
2026,7,29229,4
2026,7,29301,2
2026,7,29323,2
2026,7,29349,2
2026,7,29388,2
2026,7,29401,1
2026,7,29412,2
2026,7,29455,2
2026,7,29461,2
2026,7,29464,9
2026,7,29466,3
2026,7,29470,2
2026,7,29483,1
2026,7,29486,2
2026,7,29487,5
2026,7,29501,2
2026,7,29544,4
2026,7,29550,2
2026,7,29576,2
2026,7,29577,4
2026,7,29579,2
2026,7,29582,1
2026,7,29585,2
2026,7,29607,1
2026,7,29608,1
2026,7,29615,2
2026,7,29617,9
2026,7,29631,6
2026,7,29641,2
2026,7,29642,2
2026,7,29644,2
2026,7,29646,2
2026,7,29650,6
2026,7,29670,1
2026,7,29671,5
2026,7,29681,1
2026,7,29687,2
2026,7,29690,7
2026,7,29730,7
2026,7,29803,4
2026,7,29902,5
2026,7,29909,14
2026,7,29924,2
2026,7,29926,4
2026,7,29928,6
2026,7,30002,1
2026,7,30004,24
2026,7,30005,4
2026,7,30022,2
2026,7,30024,4
2026,7,30028,4
2026,7,30030,3
2026,7,30033,17
2026,7,30039,7
2026,7,30040,6
2026,7,30041,2
2026,7,30047,2
2026,7,30052,2
2026,7,30058,2
2026,7,30064,2
2026,7,30066,9
2026,7,30068,5
2026,7,30075,3
2026,7,30080,2
2026,7,30096,2
2026,7,30101,5
2026,7,30105,4
2026,7,30114,5
2026,7,30120,4
2026,7,30132,12
2026,7,30143,8
2026,7,30153,5
2026,7,30161,4
2026,7,30188,10
2026,7,30224,2
2026,7,30233,3
2026,7,30240,2
2026,7,30256,4
2026,7,30269,11
2026,7,30273,3
2026,7,30277,5
2026,7,30306,12
2026,7,30307,2
2026,7,30309,6
2026,7,30312,1
2026,7,30318,3
2026,7,30319,8
2026,7,30328,6
2026,7,30342,1
2026,7,30344,2
2026,7,30345,3
2026,7,30349,2
2026,7,30420,2
2026,7,30501,4
2026,7,30506,4
2026,7,30512,4
2026,7,30521,2
2026,7,30523,13
2026,7,30526,2
2026,7,30533,3
2026,7,30534,4
2026,7,30537,2
2026,7,30541,2
2026,7,30542,2
2026,7,30546,2
2026,7,30548,6
2026,7,30549,2
2026,7,30552,2
2026,7,30577,1
2026,7,30605,2
2026,7,30606,9
2026,7,30621,2
2026,7,30625,2
2026,7,30633,3
2026,7,30642,7
2026,7,30677,4
2026,7,30680,2
2026,7,30705,4
2026,7,30720,2
2026,7,30747,2
2026,7,30809,4
2026,7,30817,3
2026,7,30907,2
2026,7,30909,2
2026,7,30917,4
2026,7,31008,2
2026,7,31015,2
2026,7,31024,1
2026,7,31027,2
2026,7,31032,2
2026,7,31047,6
2026,7,31069,12
2026,7,312,2
2026,7,31210,2
2026,7,31216,2
2026,7,31331,4
2026,7,31407,1
2026,7,31419,6
2026,7,31522,2
2026,7,31523,3
2026,7,31629,5
2026,7,31822,2
2026,7,31904,4
2026,7,31907,2
2026,7,32011,2
2026,7,32033,2
2026,7,32034,10
2026,7,32043,7
2026,7,32060,2
2026,7,32068,6
2026,7,32073,1
2026,7,32081,2
2026,7,32082,4
2026,7,32084,3
2026,7,32086,2
2026,7,32087,4
2026,7,32091,4
2026,7,32092,4
2026,7,32095,8
2026,7,32097,1
2026,7,32102,2
2026,7,32118,1
2026,7,32128,4
2026,7,32129,4
2026,7,32134,1
2026,7,32137,2
2026,7,32159,4
2026,7,32162,19
2026,7,32163,18
2026,7,32168,2
2026,7,32174,4
2026,7,32176,0
2026,7,32195,2
2026,7,32221,2
2026,7,32225,1
2026,7,32250,1
2026,7,32259,6
2026,7,32301,1
2026,7,32303,2
2026,7,32308,2
2026,7,32309,8
2026,7,32312,2
2026,7,32350,2
2026,7,32407,1
2026,7,32408,2
2026,7,32409,4
2026,7,32413,6
2026,7,32439,2
2026,7,32446,2
2026,7,32456,5
2026,7,32507,2
2026,7,32526,2
2026,7,32534,2
2026,7,32536,13
2026,7,32539,2
2026,7,32541,2
2026,7,32561,1
2026,7,32566,2
2026,7,32571,4
2026,7,32583,10
2026,7,32605,3
2026,7,32607,2
2026,7,32608,8
2026,7,32653,2
2026,7,32656,2
2026,7,32703,1
2026,7,32707,7
2026,7,32708,3
2026,7,32724,4
2026,7,32732,1
2026,7,32746,7
2026,7,32757,4
2026,7,32763,2
2026,7,32765,8
2026,7,32779,8
2026,7,32780,8
2026,7,32792,1
2026,7,32798,2
2026,7,32801,1
2026,7,32803,7
2026,7,32806,4
2026,7,32810,2
2026,7,32818,8
2026,7,32824,2
2026,7,32827,3
2026,7,32828,2
2026,7,32833,2
2026,7,32836,6
2026,7,32901,6
2026,7,32903,4
2026,7,32904,2
2026,7,32920,2
2026,7,32923,2
2026,7,32926,2
2026,7,32927,2
2026,7,32931,5
2026,7,32934,8
2026,7,32935,1
2026,7,32937,2
2026,7,32940,7
2026,7,32951,2
2026,7,32953,4
2026,7,32958,1
2026,7,32962,1
2026,7,32966,2
2026,7,33019,2
2026,7,33026,8
2026,7,33040,8
2026,7,33062,6
2026,7,33065,7
2026,7,33140,4
2026,7,33154,2
2026,7,33173,10
2026,7,33176,17
2026,7,33301,1
2026,7,33309,2
2026,7,33311,4
2026,7,33312,2
2026,7,33328,2
2026,7,33332,5
2026,7,33408,4
2026,7,33409,2
2026,7,33411,5
2026,7,33412,5
2026,7,33415,2
2026,7,33418,2
2026,7,33428,3
2026,7,33432,14
2026,7,33433,2
2026,7,33436,1
2026,7,33437,2
2026,7,33440,2
2026,7,33442,2
2026,7,33444,0
2026,7,33446,6
2026,7,33455,3
2026,7,33462,1
2026,7,33470,1
2026,7,33478,2
2026,7,33487,5
2026,7,33511,2
2026,7,33513,6
2026,7,33514,2
2026,7,33523,2
2026,7,33542,1
2026,7,33547,2
2026,7,33556,2
2026,7,33569,4
2026,7,33572,4
2026,7,33573,1
2026,7,33578,4
2026,7,33594,4
2026,7,33596,8
2026,7,33597,2
2026,7,33598,5
2026,7,33605,3
2026,7,33617,4
2026,7,33618,2
2026,7,33626,4
2026,7,33647,2
2026,7,33687,3
2026,7,33694,2
2026,7,33705,2
2026,7,33707,2
2026,7,33762,4
2026,7,33764,2
2026,7,33767,2
2026,7,33770,2
2026,7,33774,1
2026,7,33776,2
2026,7,33781,8
2026,7,33810,3
2026,7,33813,2
2026,7,33823,9
2026,7,33837,2
2026,7,33843,2
2026,7,33852,2
2026,7,33860,4
2026,7,33868,4
2026,7,33881,5
2026,7,33884,2
2026,7,33898,2
2026,7,33908,10
2026,7,33909,2
2026,7,33912,2
2026,7,33913,6
2026,7,33914,11
2026,7,33919,8
2026,7,33920,2
2026,7,33921,2
2026,7,33931,2
2026,7,33935,4
2026,7,33947,4
2026,7,33950,7
2026,7,33952,2
2026,7,33953,2
2026,7,33980,2
2026,7,33991,2
2026,7,33993,7
2026,7,34102,2
2026,7,34103,2
2026,7,34104,2
2026,7,34105,2
2026,7,34108,1
2026,7,34110,2
2026,7,34113,2
2026,7,34114,2
2026,7,34119,2
2026,7,34120,2
2026,7,3413,2
2026,7,34135,6
2026,7,34145,5
2026,7,34202,6
2026,7,34205,1
2026,7,34210,6
2026,7,34212,3
2026,7,34215,2
2026,7,34217,3
2026,7,34219,2
2026,7,34221,5
2026,7,34223,2
2026,7,34231,4
2026,7,34232,1
2026,7,34233,6
2026,7,34239,1
2026,7,34241,4
2026,7,34243,6
2026,7,34265,2
2026,7,34266,6
2026,7,34275,2
2026,7,34293,5
2026,7,34420,2
2026,7,34432,2
2026,7,34442,11
2026,7,34446,2
2026,7,34475,2
2026,7,34476,2
2026,7,34481,3
2026,7,34609,5
2026,7,34610,1
2026,7,34637,4
2026,7,34654,2
2026,7,34655,4
2026,7,34668,2
2026,7,34685,8
2026,7,34688,1
2026,7,34698,6
2026,7,34711,11
2026,7,34714,2
2026,7,34736,4
2026,7,34748,3
2026,7,34756,4
2026,7,34760,1
2026,7,34761,1
2026,7,34786,5
2026,7,34787,3
2026,7,34949,1
2026,7,34951,1
2026,7,34953,1
2026,7,34957,5
2026,7,34979,2
2026,7,34981,1
2026,7,34990,3
2026,7,34996,2
2026,7,34997,4
2026,7,35007,2
2026,7,35023,1
2026,7,35040,1
2026,7,35055,17
2026,7,35077,3
2026,7,35080,2
2026,7,35126,6
2026,7,35150,2
2026,7,35173,8
2026,7,35209,2
2026,7,35216,4
2026,7,35242,11
2026,7,35244,5
2026,7,35253,1
2026,7,35405,2
2026,7,35406,2
2026,7,35475,2
2026,7,35563,2
2026,7,35603,1
2026,7,35613,5
2026,7,35633,2
2026,7,35643,4
2026,7,35650,6
2026,7,35661,4
2026,7,35749,2
2026,7,35750,1
2026,7,35758,2
2026,7,35763,4
2026,7,35801,2
2026,7,35802,2
2026,7,35803,5
2026,7,35806,4
2026,7,35811,4
2026,7,35956,2
2026,7,35961,12
2026,7,35967,2
2026,7,36037,2
2026,7,36064,6
2026,7,36067,2
2026,7,36089,2
2026,7,36092,2
2026,7,36104,5
2026,7,36109,2
2026,7,36116,10
2026,7,36117,3
2026,7,36207,1
2026,7,36262,2
2026,7,36274,4
2026,7,36330,6
2026,7,36360,1
2026,7,36527,1
2026,7,36532,9
2026,7,36535,6
2026,7,36542,2
2026,7,36587,2
2026,7,36619,5
2026,7,36801,2
2026,7,36862,2
2026,7,37010,7
2026,7,37014,2
2026,7,37025,2
2026,7,37027,7
2026,7,37032,2
2026,7,37043,4
2026,7,37046,2
2026,7,37055,4
2026,7,37062,2
2026,7,37064,13
2026,7,37066,1
2026,7,37067,4
2026,7,37068,2
2026,7,37069,6
2026,7,37075,5
2026,7,37076,14
2026,7,37080,2
2026,7,37087,5
2026,7,37098,4
2026,7,37115,1
2026,7,37122,2
2026,7,37128,10
2026,7,37130,4
2026,7,37153,6
2026,7,37166,2
2026,7,37167,4
2026,7,37174,1
2026,7,37179,2
2026,7,37204,2
2026,7,37205,1
2026,7,37209,5
2026,7,37211,2
2026,7,37216,4
2026,7,37219,3
2026,7,37220,3
2026,7,37221,7
2026,7,37310,2
2026,7,37312,10
2026,7,37318,2
2026,7,37323,2
2026,7,37327,10
2026,7,37334,7
2026,7,37343,2
2026,7,37347,4
2026,7,37354,3
2026,7,37363,2
2026,7,37373,2
2026,7,37377,1
2026,7,37379,1
2026,7,37388,2
2026,7,37398,6
2026,7,37405,10
2026,7,37408,2
2026,7,37415,7
2026,7,37416,5
2026,7,37421,1
2026,7,37616,7
2026,7,37620,4
2026,7,37645,1
2026,7,37660,2
2026,7,37663,6
2026,7,37664,2
2026,7,37716,6
2026,7,37742,4
2026,7,37745,2
2026,7,37748,2
2026,7,37769,2
2026,7,37774,8
2026,7,37777,3
2026,7,37803,5
2026,7,37804,8
2026,7,37841,2
2026,7,37849,1
2026,7,37854,4
2026,7,37865,2
2026,7,37869,2
2026,7,37873,2
2026,7,37876,8
2026,7,37885,2
2026,7,37917,2
2026,7,37918,9
2026,7,37921,2
2026,7,37922,2
2026,7,37923,6
2026,7,37931,1
2026,7,37934,6
2026,7,37938,2
2026,7,38011,3
2026,7,38017,47
2026,7,38019,2
2026,7,38040,4
2026,7,38053,1
2026,7,38060,2
2026,7,38068,0
2026,7,38080,1
2026,7,38103,1
2026,7,38128,6
2026,7,38134,6
2026,7,38135,2
2026,7,38230,4
2026,7,38261,2
2026,7,38281,5
2026,7,38305,4
2026,7,38343,4
2026,7,38358,2
2026,7,38368,5
2026,7,38382,6
2026,7,38401,3
2026,7,38464,4
2026,7,38478,4
2026,7,38506,2
2026,7,38557,2
2026,7,38558,2
2026,7,38632,4
2026,7,38655,8
2026,7,38663,4
2026,7,38672,2
2026,7,38821,4
2026,7,38855,1
2026,7,38857,5
2026,7,38858,2
2026,7,38863,2
2026,7,39047,2
2026,7,39073,2
2026,7,39110,3
2026,7,39120,4
2026,7,39211,6
2026,7,39216,12
2026,7,39350,3
2026,7,39401,2
2026,7,39426,6
2026,7,39452,4
2026,7,39475,2
2026,7,39520,2
2026,7,39601,4
2026,7,39629,3
2026,7,39661,4
2026,7,39759,2
2026,7,39842,2
2026,7,40004,4
2026,7,40023,6
2026,7,40026,3
2026,7,40047,6
2026,7,40065,4
2026,7,40069,2
2026,7,40204,5
2026,7,40205,2
2026,7,40207,5
2026,7,40220,1
2026,7,40222,6
2026,7,40223,1
2026,7,40242,10
2026,7,40245,0
2026,7,40250,3
2026,7,40258,2
2026,7,40324,2
2026,7,40351,3
2026,7,40361,2
2026,7,40391,4
2026,7,40475,3
2026,7,40502,6
2026,7,40509,4
2026,7,40513,4
2026,7,40515,4
2026,7,40516,1
2026,7,40601,4
2026,7,41001,4
2026,7,41003,2
2026,7,41018,3
2026,7,41035,4
2026,7,4104,4
2026,7,41040,4
2026,7,41048,4
2026,7,41071,3
2026,7,41075,2
2026,7,41091,2
2026,7,41094,2
2026,7,41129,2
2026,7,41701,2
2026,7,4171,3
2026,7,41837,2
2026,7,42001,5
2026,7,42048,4
2026,7,42071,2
2026,7,42101,2
2026,7,42103,15
2026,7,42122,3
2026,7,42134,6
2026,7,42211,2
2026,7,42220,2
2026,7,42240,8
2026,7,42261,2
2026,7,42276,2
2026,7,42301,2
2026,7,42303,4
2026,7,42348,6
2026,7,42718,3
2026,7,42754,2
2026,7,43015,13
2026,7,43016,5
2026,7,43017,0
2026,7,43025,4
2026,7,43033,3
2026,7,43035,6
2026,7,43040,9
2026,7,43055,2
2026,7,43065,1
2026,7,43068,4
2026,7,43072,4
2026,7,43074,2
2026,7,43078,2
2026,7,43081,6
2026,7,43082,7
2026,7,43107,5
2026,7,43110,3
2026,7,43113,2
2026,7,43123,4
2026,7,43130,2
2026,7,43138,0
2026,7,43140,4
2026,7,43146,10
2026,7,43147,11
2026,7,43164,4
2026,7,43201,3
2026,7,43202,2
2026,7,43219,4
2026,7,43220,4
2026,7,43221,13
2026,7,43228,5
2026,7,43230,6
2026,7,43235,6
2026,7,43302,6
2026,7,43311,2
2026,7,43338,2
2026,7,43351,2
2026,7,43402,4
2026,7,43420,2
2026,7,43443,2
2026,7,43452,5
2026,7,43502,1
2026,7,43522,2
2026,7,43528,2
2026,7,43549,9
2026,7,43551,9
2026,7,43566,7
2026,7,43567,4
2026,7,43608,4
2026,7,43614,4
2026,7,43724,2
2026,7,43804,4
2026,7,43845,1
2026,7,43950,2
2026,7,43952,1
2026,7,44017,2
2026,7,44021,3
2026,7,44023,2
2026,7,44039,4
2026,7,44047,1
2026,7,44048,2
2026,7,44053,1
2026,7,44056,1
2026,7,44067,5
2026,7,44072,6
2026,7,44089,2
2026,7,44090,2
2026,7,44094,2
2026,7,44102,1
2026,7,44106,2
2026,7,44107,2
2026,7,44113,3
2026,7,44116,2
2026,7,44118,4
2026,7,44122,6
2026,7,44134,6
2026,7,44136,5
2026,7,44138,2
2026,7,44142,1
2026,7,44146,2
2026,7,44216,2
2026,7,44224,2
2026,7,44226,2
2026,7,44233,6
2026,7,44236,6
2026,7,44240,2
2026,7,44256,20
2026,7,44260,3
2026,7,44264,1
2026,7,44266,4
2026,7,44278,2
2026,7,44313,1
2026,7,44319,2
2026,7,44333,2
2026,7,44440,2
2026,7,44460,2
2026,7,44473,4
2026,7,44601,2
2026,7,44646,1
2026,7,44676,4
2026,7,44681,2
2026,7,44720,8
2026,7,44735,1
2026,7,44805,2
2026,7,44811,6
2026,7,44813,7
2026,7,44814,2
2026,7,44824,4
2026,7,44830,2
2026,7,44851,2
2026,7,44857,7
2026,7,45036,4
2026,7,45040,6
2026,7,45042,1
2026,7,45050,1
2026,7,45056,3
2026,7,45066,2
2026,7,45067,2
2026,7,45069,2
2026,7,45102,2
2026,7,45103,2
2026,7,45113,6
2026,7,45140,8
2026,7,45150,6
2026,7,45152,2
2026,7,45174,2
2026,7,45177,2
2026,7,45206,1
2026,7,45208,4
2026,7,45215,5
2026,7,45226,2
2026,7,45227,4
2026,7,45230,7
2026,7,45233,2
2026,7,45236,2
2026,7,45241,3
2026,7,45244,10
2026,7,45246,2
2026,7,45247,3
2026,7,45249,2
2026,7,45255,2
2026,7,45305,5
2026,7,45320,2
2026,7,45322,1
2026,7,45323,2
2026,7,45326,3
2026,7,45327,2
2026,7,45344,2
2026,7,45347,2
2026,7,45380,2
2026,7,45387,1
2026,7,45405,2
2026,7,45409,2
2026,7,45424,1
2026,7,45429,2
2026,7,45431,1
2026,7,45458,12
2026,7,45459,1
2026,7,45503,2
2026,7,45601,6
2026,7,45640,3
2026,7,45652,2
2026,7,45657,2
2026,7,45694,4
2026,7,45701,2
2026,7,45729,14
2026,7,45742,4
2026,7,45750,2
2026,7,45805,1
2026,7,45839,2
2026,7,45840,2
2026,7,45867,3
2026,7,45875,4
2026,7,46032,12
2026,7,46033,10
2026,7,46037,7
2026,7,46038,4
2026,7,46040,4
2026,7,46044,2
2026,7,46060,4
2026,7,46062,16
2026,7,46064,5
2026,7,46068,2
2026,7,46074,22
2026,7,46075,6
2026,7,46077,36
2026,7,46106,4
2026,7,46112,14
2026,7,46122,4
2026,7,46123,2
2026,7,46131,2
2026,7,46140,3
2026,7,46142,2
2026,7,46143,2
2026,7,46145,2
2026,7,46147,2
2026,7,46157,3
2026,7,46160,2
2026,7,46167,1
2026,7,46168,10
2026,7,46184,2
2026,7,46201,2
2026,7,46202,1
2026,7,46203,4
2026,7,46217,3
2026,7,46220,10
2026,7,46228,4
2026,7,46231,5
2026,7,46236,3
2026,7,46239,2
2026,7,46240,2
2026,7,46250,3
2026,7,46256,8
2026,7,46259,4
2026,7,46280,5
2026,7,46304,6
2026,7,46307,2
2026,7,46311,2
2026,7,46321,4
2026,7,46322,2
2026,7,46341,4
2026,7,46342,1
2026,7,46347,1
2026,7,46350,2
2026,7,46356,5
2026,7,46360,3
2026,7,46383,6
2026,7,46501,1
2026,7,46526,1
2026,7,46544,3
2026,7,46550,6
2026,7,46582,9
2026,7,46615,2
2026,7,46617,9
2026,7,46628,4
2026,7,46637,2
2026,7,46701,4
2026,7,46714,2
2026,7,46733,2
2026,7,46750,6
2026,7,46774,4
2026,7,46814,3
2026,7,46815,6
2026,7,46818,2
2026,7,46845,8
2026,7,46901,5
2026,7,46953,2
2026,7,46979,2
2026,7,46982,5
2026,7,46996,3
2026,7,47012,4
2026,7,47037,2
2026,7,47040,2
2026,7,47042,4
2026,7,47112,2
2026,7,47119,8
2026,7,47122,4
2026,7,47130,1
2026,7,47143,2
2026,7,47164,3
2026,7,47172,2
2026,7,47201,13
2026,7,47203,1
2026,7,47240,6
2026,7,47250,9
2026,7,47274,2
2026,7,47356,2
2026,7,47371,2
2026,7,47374,2
2026,7,47403,2
2026,7,47404,3
2026,7,47429,2
2026,7,47448,2
2026,7,47523,2
2026,7,47532,14
2026,7,47550,2
2026,7,47553,4
2026,7,47601,2
2026,7,47630,3
2026,7,47638,3
2026,7,47660,2
2026,7,47711,2
2026,7,47715,5
2026,7,47720,1
2026,7,47803,3
2026,7,47859,4
2026,7,47872,1
2026,7,47905,6
2026,7,47909,2
2026,7,47967,8
2026,7,47990,7
2026,7,48009,4
2026,7,48025,5
2026,7,48038,2
2026,7,48047,2
2026,7,48054,2
2026,7,48065,2
2026,7,48071,3
2026,7,48072,1
2026,7,48080,1
2026,7,48085,11
2026,7,48092,2
2026,7,48098,0
2026,7,48103,16
2026,7,48104,1
2026,7,48108,2
2026,7,48116,3
2026,7,48118,1
2026,7,48130,1
2026,7,48152,2
2026,7,48158,2
2026,7,48165,4
2026,7,48176,3
2026,7,48178,1
2026,7,48179,2
2026,7,48188,2
2026,7,48189,4
2026,7,48192,1
2026,7,48197,1
2026,7,48209,3
2026,7,48220,7
2026,7,48221,3
2026,7,48306,2
2026,7,48307,2
2026,7,48309,9
2026,7,48313,2
2026,7,48328,3
2026,7,48331,2
2026,7,48363,2
2026,7,48367,1
2026,7,48371,1
2026,7,48381,8
2026,7,48382,4
2026,7,48393,4
2026,7,48428,3
2026,7,48439,3
2026,7,48442,2
2026,7,48458,2
2026,7,48462,1
2026,7,48503,1
2026,7,48601,2
2026,7,48603,4
2026,7,48611,3
2026,7,48612,1
2026,7,48614,2
2026,7,48624,4
2026,7,48629,2
2026,7,48634,2
2026,7,48640,9
2026,7,48706,2
2026,7,48708,2
2026,7,48730,2
2026,7,48809,2
2026,7,48823,5
2026,7,48842,2
2026,7,48849,2
2026,7,48858,5
2026,7,48876,2
2026,7,48885,4
2026,7,48893,2
2026,7,48912,2
2026,7,48917,2
2026,7,49021,2
2026,7,49022,4
2026,7,49024,2
2026,7,49058,8
2026,7,49072,2
2026,7,49085,4
2026,7,49087,6
2026,7,49090,4
2026,7,49091,8
2026,7,49093,2
2026,7,49094,10
2026,7,49107,9
2026,7,49111,2
2026,7,49112,8
2026,7,49120,4
2026,7,49203,2
2026,7,49229,9
2026,7,49242,9
2026,7,49251,10
2026,7,49270,4
2026,7,49285,2
2026,7,49306,2
2026,7,49315,6
2026,7,49316,1
2026,7,49319,4
2026,7,49328,2
2026,7,49341,15
2026,7,49404,3
2026,7,49417,4
2026,7,49421,2
2026,7,49424,7
2026,7,49441,2
2026,7,49445,2
2026,7,49451,1
2026,7,49456,2
2026,7,49461,1
2026,7,49464,3
2026,7,49503,5
2026,7,49505,2
2026,7,49506,25
2026,7,49525,5
2026,7,49643,2
2026,7,49686,4
2026,7,49720,3
2026,7,49726,3
2026,7,49727,2
2026,7,49760,4
2026,7,49801,2
2026,7,49802,2
2026,7,49829,1
2026,7,49833,2
2026,7,49837,3
2026,7,49839,2
2026,7,49841,1
2026,7,49855,10
2026,7,49866,2
2026,7,49913,4
2026,7,49919,2
2026,7,49920,2
2026,7,50003,1
2026,7,50009,3
2026,7,50010,8
2026,7,50014,6
2026,7,50021,6
2026,7,50023,12
2026,7,50026,2
2026,7,50046,3
2026,7,50047,2
2026,7,50049,6
2026,7,50054,2
2026,7,50056,2
2026,7,50058,2
2026,7,50061,4
2026,7,50071,2
2026,7,50072,2
2026,7,50074,2
2026,7,50076,2
2026,7,50104,5
2026,7,50111,10
2026,7,50112,2
2026,7,50124,2
2026,7,50125,6
2026,7,50129,6
2026,7,50131,9
2026,7,50149,5
2026,7,50158,2
2026,7,50161,2
2026,7,50208,1
2026,7,50211,2
2026,7,50212,2
2026,7,50219,4
2026,7,50220,2
2026,7,50225,2
2026,7,50234,2
2026,7,50248,4
2026,7,50263,2
2026,7,50265,7
2026,7,50266,9
2026,7,50309,6
2026,7,50310,4
2026,7,50312,3
2026,7,50317,6
2026,7,50320,2
2026,7,50321,2
2026,7,50322,7
2026,7,50323,7
2026,7,50325,4
2026,7,50327,2
2026,7,50401,6
2026,7,50420,1
2026,7,50428,2
2026,7,50450,2
2026,7,50451,2
2026,7,50458,6
2026,7,50459,4
2026,7,50461,2
2026,7,50486,1
2026,7,50501,13
2026,7,50525,8
2026,7,50536,2
2026,7,50542,2
2026,7,50585,3
2026,7,50601,6
2026,7,50613,5
2026,7,50616,4
2026,7,50629,4
2026,7,50647,5
2026,7,50651,2
2026,7,50653,4
2026,7,50677,2
2026,7,50701,8
2026,7,50702,1
2026,7,50715,2
2026,7,50801,2
2026,7,50833,2
2026,7,51002,2
2026,7,51010,2
2026,7,51012,11
2026,7,51022,6
2026,7,51026,2
2026,7,51028,2
2026,7,51031,10
2026,7,51038,4
2026,7,51041,2
2026,7,51047,3
2026,7,51104,6
2026,7,51106,7
2026,7,51108,2
2026,7,51230,2
2026,7,51234,4
2026,7,51237,2
2026,7,51240,2
2026,7,51241,2
2026,7,51243,2
2026,7,51246,4
2026,7,51247,10
2026,7,51250,6
2026,7,51301,5
2026,7,51338,6
2026,7,51360,11
2026,7,51401,6
2026,7,51442,7
2026,7,51449,4
2026,7,51450,2
2026,7,51501,3
2026,7,51503,4
2026,7,51542,4
2026,7,51561,3
2026,7,51575,8
2026,7,51576,3
2026,7,52001,6
2026,7,52002,4
2026,7,52033,2
2026,7,52040,2
2026,7,52060,4
2026,7,52068,2
2026,7,52078,2
2026,7,52093,4
2026,7,52101,2
2026,7,52146,2
2026,7,52151,1
2026,7,52172,4
2026,7,52213,2
2026,7,52218,2
2026,7,52227,2
2026,7,52233,3
2026,7,52240,9
2026,7,52241,2
2026,7,52246,4
2026,7,52255,2
2026,7,52302,16
2026,7,52306,2
2026,7,52317,2
2026,7,52328,2
2026,7,52402,5
2026,7,52403,21
2026,7,52404,2
2026,7,52411,13
2026,7,52531,2
2026,7,52571,3
2026,7,52572,2
2026,7,52577,4
2026,7,52658,2
2026,7,52726,5
2026,7,52732,4
2026,7,52738,2
2026,7,52768,4
2026,7,52769,2
2026,7,52807,4
2026,7,53004,5
2026,7,53005,6
2026,7,53010,5
2026,7,53011,3
2026,7,53017,1
2026,7,53018,12
2026,7,53020,4
2026,7,53021,3
2026,7,53022,2
2026,7,53027,4
2026,7,53035,4
2026,7,53037,4
2026,7,53038,2
2026,7,53040,2
2026,7,53051,2
2026,7,53063,1
2026,7,53066,4
2026,7,53073,2
2026,7,53074,5
2026,7,53075,2
2026,7,53081,7
2026,7,53083,2
2026,7,53085,2
2026,7,53086,2
2026,7,53089,14
2026,7,53090,7
2026,7,53092,4
2026,7,53095,10
2026,7,53097,4
2026,7,53098,4
2026,7,53104,2
2026,7,53105,10
2026,7,53108,2
2026,7,53110,1
2026,7,53114,2
2026,7,53115,5
2026,7,53121,1
2026,7,53122,1
2026,7,53132,6
2026,7,53142,2
2026,7,53143,2
2026,7,53144,2
2026,7,53146,2
2026,7,53153,4
2026,7,53154,4
2026,7,53158,10
2026,7,53172,4
2026,7,53181,2
2026,7,53185,5
2026,7,53186,5
2026,7,53188,8
2026,7,53202,4
2026,7,53204,2
2026,7,53207,9
2026,7,53211,1
2026,7,53213,12
2026,7,53217,6
2026,7,53219,5
2026,7,53222,2
2026,7,53224,1
2026,7,53225,5
2026,7,53226,4
2026,7,53406,1
2026,7,53516,2
2026,7,53517,2
2026,7,53520,6
2026,7,53521,18
2026,7,53527,6
2026,7,53532,2
2026,7,53534,3
2026,7,53536,4
2026,7,53538,2
2026,7,53543,9
2026,7,53545,2
2026,7,53546,6
2026,7,53551,2
2026,7,53555,2
2026,7,53558,2
2026,7,53561,2
2026,7,53562,12
2026,7,53563,11
2026,7,53569,5
2026,7,53572,9
2026,7,53575,7
2026,7,53576,3
2026,7,53578,2
2026,7,53583,2
2026,7,53588,2
2026,7,53589,3
2026,7,53590,18
2026,7,53593,17
2026,7,53594,2
2026,7,53597,2
2026,7,53703,4
2026,7,53704,4
2026,7,53711,10
2026,7,53713,2
2026,7,53716,2
2026,7,53717,14
2026,7,53719,6
2026,7,53818,2
2026,7,53913,11
2026,7,53916,2
2026,7,53925,2
2026,7,53934,2
2026,7,53941,2
2026,7,53949,2
2026,7,53950,1
2026,7,53955,11
2026,7,53959,8
2026,7,53960,4
2026,7,53963,2
2026,7,53965,2
2026,7,54001,4
2026,7,54002,2
2026,7,54005,13
2026,7,54009,4
2026,7,54016,22
2026,7,54017,21
2026,7,54021,2
2026,7,54022,18
2026,7,54023,8
2026,7,54024,2
2026,7,54025,23
2026,7,54082,14
2026,7,54115,15
2026,7,54121,2
2026,7,54130,4
2026,7,54140,5
2026,7,54155,4
2026,7,54208,3
2026,7,54212,2
2026,7,54220,10
2026,7,54241,2
2026,7,54242,2
2026,7,54247,4
2026,7,54301,17
2026,7,54302,2
2026,7,54311,4
2026,7,54313,12
2026,7,54401,7
2026,7,54403,6
2026,7,54406,3
2026,7,54409,1
2026,7,54411,2
2026,7,54412,4
2026,7,54414,2
2026,7,54427,1
2026,7,54449,12
2026,7,54451,3
2026,7,54452,7
2026,7,54455,11
2026,7,54456,4
2026,7,54457,2
2026,7,54473,2
2026,7,54479,4
2026,7,54481,12
2026,7,54487,12
2026,7,54494,6
2026,7,54495,3
2026,7,54501,8
2026,7,54521,7
2026,7,54545,2
2026,7,54559,2
2026,7,54560,2
2026,7,54568,2
2026,7,54601,21
2026,7,54614,2
2026,7,54615,8
2026,7,54619,2
2026,7,54623,2
2026,7,54624,2
2026,7,54628,2
2026,7,54636,3
2026,7,54642,2
2026,7,54650,4
2026,7,54656,2
2026,7,54658,2
2026,7,54661,6
2026,7,54665,5
2026,7,54669,6
2026,7,54701,14
2026,7,54703,5
2026,7,54720,2
2026,7,54722,4
2026,7,54728,4
2026,7,54729,33
2026,7,54734,4
2026,7,54738,2
2026,7,54742,7
2026,7,54749,2
2026,7,54751,8
2026,7,54766,6
2026,7,54767,3
2026,7,54770,5
2026,7,54773,6
2026,7,54801,6
2026,7,54805,5
2026,7,54810,4
2026,7,54817,14
2026,7,54821,4
2026,7,54835,2
2026,7,54837,2
2026,7,54843,2
2026,7,54847,2
2026,7,54849,6
2026,7,54859,2
2026,7,54868,2
2026,7,54875,6
2026,7,54880,7
2026,7,54893,2
2026,7,54901,1
2026,7,54902,8
2026,7,54904,2
2026,7,54911,2
2026,7,54914,2
2026,7,54915,10
2026,7,54922,6
2026,7,54925,2
2026,7,54932,7
2026,7,54935,8
2026,7,54937,2
2026,7,54940,2
2026,7,54941,4
2026,7,54942,1
2026,7,54945,5
2026,7,54947,6
2026,7,54952,2
2026,7,54956,3
2026,7,54963,5
2026,7,54982,2
2026,7,54986,2
2026,7,55003,3
2026,7,55006,5
2026,7,55007,2
2026,7,55008,11
2026,7,55009,5
2026,7,55011,6
2026,7,55012,2
2026,7,55013,2
2026,7,55014,18
2026,7,55016,6
2026,7,55017,2
2026,7,55018,2
2026,7,55021,9
2026,7,55024,10
2026,7,55025,11
2026,7,55032,3
2026,7,55033,16
2026,7,55038,11
2026,7,55040,4
2026,7,55041,9
2026,7,55042,15
2026,7,55043,5
2026,7,55044,52
2026,7,55045,7
2026,7,55047,1
2026,7,55051,2
2026,7,55053,2
2026,7,55056,2
2026,7,55057,2
2026,7,55060,11
2026,7,55063,6
2026,7,55066,7
2026,7,55068,24
2026,7,55069,2
2026,7,55070,6
2026,7,55072,2
2026,7,55073,4
2026,7,55075,4
2026,7,55076,6
2026,7,55077,12
2026,7,55079,4
2026,7,55082,49
2026,7,55084,20
2026,7,55088,2
2026,7,55090,1
2026,7,55092,6
2026,7,55101,3
2026,7,55102,20
2026,7,55104,19
2026,7,55105,19
2026,7,55106,10
2026,7,55107,1
2026,7,55108,6
2026,7,55109,6
2026,7,55110,19
2026,7,55112,48
2026,7,55113,39
2026,7,55115,6
2026,7,55116,6
2026,7,55117,5
2026,7,55118,25
2026,7,55119,17
2026,7,55120,3
2026,7,55121,3
2026,7,55122,38
2026,7,55123,12
2026,7,55124,33
2026,7,55125,22
2026,7,55126,23
2026,7,55127,17
2026,7,55128,9
2026,7,55129,26
2026,7,55130,4
2026,7,55302,8
2026,7,55303,52
2026,7,55304,56
2026,7,55305,30
2026,7,55306,6
2026,7,55307,11
2026,7,55308,15
2026,7,55309,17
2026,7,55311,53
2026,7,55313,30
2026,7,55315,3
2026,7,55316,5
2026,7,55317,9
2026,7,55318,15
2026,7,55319,2
2026,7,55320,2
2026,7,55321,7
2026,7,55325,8
2026,7,55327,3
2026,7,55330,39
2026,7,55331,26
2026,7,55334,3
2026,7,55335,2
2026,7,55336,1
2026,7,55337,13
2026,7,55340,12
2026,7,55341,2
2026,7,55342,2
2026,7,55343,13
2026,7,55344,2
2026,7,55345,21
2026,7,55346,7
2026,7,55347,30
2026,7,55350,16
2026,7,55352,13
2026,7,55353,3
2026,7,55355,15
2026,7,55356,4
2026,7,55357,2
2026,7,55358,16
2026,7,55359,32
2026,7,55362,2
2026,7,55363,4
2026,7,55364,7
2026,7,55368,6
2026,7,55369,39
2026,7,55370,4
2026,7,55371,13
2026,7,55372,28
2026,7,55373,3
2026,7,55374,29
2026,7,55376,10
2026,7,55378,26
2026,7,55379,17
2026,7,55381,2
2026,7,55384,11
2026,7,55385,5
2026,7,55386,9
2026,7,55387,32
2026,7,55388,6
2026,7,55390,8
2026,7,55391,28
2026,7,55396,2
2026,7,55397,5
2026,7,55398,17
2026,7,55401,3
2026,7,55403,9
2026,7,55404,5
2026,7,55405,9
2026,7,55406,16
2026,7,55407,28
2026,7,55408,8
2026,7,55409,14
2026,7,55410,9
2026,7,55412,4
2026,7,55413,9
2026,7,55414,5
2026,7,55415,12
2026,7,55416,40
2026,7,55417,13
2026,7,55418,17
2026,7,55419,20
2026,7,55420,19
2026,7,55421,4
2026,7,55422,19
2026,7,55423,31
2026,7,55424,21
2026,7,55426,6
2026,7,55427,14
2026,7,55428,4
2026,7,55430,5
2026,7,55431,4
2026,7,55432,4
2026,7,55433,4
2026,7,55434,9
2026,7,55436,8
2026,7,55437,16
2026,7,55438,14
2026,7,55439,18
2026,7,55441,24
2026,7,55442,23
2026,7,55443,4
2026,7,55445,1
2026,7,55446,14
2026,7,55447,15
2026,7,55448,21
2026,7,55449,16
2026,7,55501,2
2026,7,55604,1
2026,7,55616,2
2026,7,55667,3
2026,7,55707,2
2026,7,55708,3
2026,7,55718,8
2026,7,55720,6
2026,7,55721,8
2026,7,55733,8
2026,7,55735,2
2026,7,55736,2
2026,7,55741,3
2026,7,55744,7
2026,7,55746,20
2026,7,55750,3
2026,7,55752,3
2026,7,55779,7
2026,7,55782,5
2026,7,55783,4
2026,7,55792,4
2026,7,55795,4
2026,7,55797,2
2026,7,55802,1
2026,7,55803,19
2026,7,55804,22
2026,7,55806,2
2026,7,55807,3
2026,7,55810,9
2026,7,55811,25
2026,7,55901,30
2026,7,55902,21
2026,7,55904,6
2026,7,55906,18
2026,7,55909,5
2026,7,55912,12
2026,7,55931,1
2026,7,55933,4
2026,7,55940,2
2026,7,55941,2
2026,7,55944,2
2026,7,55954,2
2026,7,55960,1
2026,7,55963,14
2026,7,55968,6
2026,7,55971,2
2026,7,55974,2
2026,7,55979,2
2026,7,55981,2
2026,7,55987,13
2026,7,55990,4
2026,7,56001,13
2026,7,56003,6
2026,7,56007,11
2026,7,56011,6
2026,7,56014,3
2026,7,56017,2
2026,7,56024,2
2026,7,56028,3
2026,7,56031,10
2026,7,56034,4
2026,7,56054,2
2026,7,56062,2
2026,7,56065,2
2026,7,56069,2
2026,7,56071,11
2026,7,56073,14
2026,7,56081,2
2026,7,56082,2
2026,7,56083,2
2026,7,56085,6
2026,7,56096,4
2026,7,56098,2
2026,7,56101,2
2026,7,56120,2
2026,7,56121,2
2026,7,56136,7
2026,7,56143,4
2026,7,56156,15
2026,7,56159,5
2026,7,56160,2
2026,7,56164,11
2026,7,56166,2
2026,7,56172,2
2026,7,56176,2
2026,7,56187,4
2026,7,56201,26
2026,7,56208,2
2026,7,56209,2
2026,7,56215,7
2026,7,56220,5
2026,7,56226,6
2026,7,56232,5
2026,7,56235,3
2026,7,56239,12
2026,7,56240,4
2026,7,56241,2
2026,7,56244,12
2026,7,56248,4
2026,7,56249,6
2026,7,56251,6
2026,7,56256,1
2026,7,56258,19
2026,7,56260,4
2026,7,56262,4
2026,7,56266,2
2026,7,56267,18
2026,7,56270,4
2026,7,56273,8
2026,7,56277,3
2026,7,56279,2
2026,7,56283,2
2026,7,56285,2
2026,7,56288,5
2026,7,56292,2
2026,7,56296,3
2026,7,56301,12
2026,7,56303,10
2026,7,56304,2
2026,7,56307,14
2026,7,56308,92
2026,7,56309,7
2026,7,56310,8
2026,7,56311,4
2026,7,56315,10
2026,7,56316,5
2026,7,56319,9
2026,7,56320,10
2026,7,56324,8
2026,7,56326,6
2026,7,56327,5
2026,7,56329,2
2026,7,56331,2
2026,7,56332,2
2026,7,56334,9
2026,7,56338,5
2026,7,56340,6
2026,7,56342,2
2026,7,56345,11
2026,7,56347,5
2026,7,56352,7
2026,7,56358,2
2026,7,56360,3
2026,7,56361,4
2026,7,56362,17
2026,7,56363,2
2026,7,56364,6
2026,7,56367,15
2026,7,56368,4
2026,7,56373,12
2026,7,56374,17
2026,7,56376,8
2026,7,56377,12
2026,7,56378,6
2026,7,56379,7
2026,7,56382,2
2026,7,56387,3
2026,7,56389,4
2026,7,56401,22
2026,7,56425,1
2026,7,56431,19
2026,7,56438,10
2026,7,56440,10
2026,7,56442,4
2026,7,56443,28
2026,7,56444,2
2026,7,56446,4
2026,7,56448,4
2026,7,56449,2
2026,7,56455,2
2026,7,56464,11
2026,7,56465,2
2026,7,56466,2
2026,7,56467,7
2026,7,56468,3
2026,7,56470,21
2026,7,56472,6
2026,7,56473,8
2026,7,56474,2
2026,7,56479,16
2026,7,56481,6
2026,7,56482,4
2026,7,56484,3
2026,7,56501,78
2026,7,56510,24
2026,7,56511,13
2026,7,56514,31
2026,7,56515,28
2026,7,56517,16
2026,7,56519,11
2026,7,56520,10
2026,7,56521,4
2026,7,56522,5
2026,7,56528,12
2026,7,56529,5
2026,7,56531,2
2026,7,56533,1
2026,7,56534,5
2026,7,56535,4
2026,7,56536,8
2026,7,56537,81
2026,7,56540,4
2026,7,56542,20
2026,7,56544,25
2026,7,56547,5
2026,7,56548,10
2026,7,56549,68
2026,7,56551,2
2026,7,56552,9
2026,7,56554,17
2026,7,56557,14
2026,7,56560,152
2026,7,56566,2
2026,7,56567,7
2026,7,56570,2
2026,7,56571,12
2026,7,56572,18
2026,7,56573,28
2026,7,56574,5
2026,7,56576,2
2026,7,56578,3
2026,7,56580,12
2026,7,56581,2
2026,7,56583,5
2026,7,56584,8
2026,7,56585,2
2026,7,56586,14
2026,7,56587,10
2026,7,56589,18
2026,7,56590,5
2026,7,56592,13
2026,7,56594,5
2026,7,56601,84
2026,7,56621,6
2026,7,56623,7
2026,7,56634,3
2026,7,56644,2
2026,7,56651,5
2026,7,56657,4
2026,7,56661,3
2026,7,56667,2
2026,7,56678,4
2026,7,56684,7
2026,7,56701,15
2026,7,56710,2
2026,7,56713,3
2026,7,56716,13
2026,7,56721,27
2026,7,56723,2
2026,7,56725,5
2026,7,56726,16
2026,7,56728,13
2026,7,56731,2
2026,7,56737,7
2026,7,56738,12
2026,7,56748,4
2026,7,56750,15
2026,7,56751,20
2026,7,56757,4
2026,7,56758,2
2026,7,56759,2
2026,7,56760,3
2026,7,56761,1
2026,7,56762,39
2026,7,56763,9
2026,7,57001,2
2026,7,57002,6
2026,7,57004,6
2026,7,57005,14
2026,7,57006,7
2026,7,57020,2
2026,7,57021,2
2026,7,57029,6
2026,7,57030,10
2026,7,57032,21
2026,7,57033,11
2026,7,57035,2
2026,7,57039,2
2026,7,57042,7
2026,7,57049,6
2026,7,57053,2
2026,7,57054,4
2026,7,57058,4
2026,7,57059,8
2026,7,57064,2
2026,7,57066,4
2026,7,57069,5
2026,7,57071,4
2026,7,57075,1
2026,7,57078,6
2026,7,57101,1
2026,7,57103,39
2026,7,57104,27
2026,7,57105,23
2026,7,57106,16
2026,7,57107,13
2026,7,57108,47
2026,7,57110,19
2026,7,57201,41
2026,7,57212,1
2026,7,57216,2
2026,7,57221,2
2026,7,57223,0
2026,7,57224,2
2026,7,57231,3
2026,7,57234,2
2026,7,57235,1
2026,7,57239,6
2026,7,57248,3
2026,7,57249,5
2026,7,57252,11
2026,7,57255,5
2026,7,57260,7
2026,7,57262,3
2026,7,57274,2
2026,7,57276,4
2026,7,57301,9
2026,7,57303,2
2026,7,57313,4
2026,7,57314,4
2026,7,57319,4
2026,7,57325,10
2026,7,57328,2
2026,7,57331,4
2026,7,57342,8
2026,7,57348,4
2026,7,57349,10
2026,7,57350,21
2026,7,57355,1
2026,7,57359,5
2026,7,57369,2
2026,7,57375,4
2026,7,57384,2
2026,7,57385,4
2026,7,57386,2
2026,7,57401,46
2026,7,57437,7
2026,7,57442,27
2026,7,57445,8
2026,7,57450,7
2026,7,57451,2
2026,7,57454,2
2026,7,57474,2
2026,7,57479,2
2026,7,57501,8
2026,7,57523,6
2026,7,57532,5
2026,7,57548,2
2026,7,57552,4
2026,7,57567,4
2026,7,57580,4
2026,7,57601,9
2026,7,57620,9
2026,7,57625,4
2026,7,57626,11
2026,7,57631,2
2026,7,57632,6
2026,7,57633,4
2026,7,57638,14
2026,7,57640,6
2026,7,57644,7
2026,7,57645,2
2026,7,57648,7
2026,7,57649,2
2026,7,57650,10
2026,7,57651,5
2026,7,57657,2
2026,7,57660,5
2026,7,57701,61
2026,7,57702,127
2026,7,57703,34
2026,7,57706,5
2026,7,57717,25
2026,7,57718,9
2026,7,57719,70
2026,7,57720,7
2026,7,57722,10
2026,7,57730,17
2026,7,57732,1
2026,7,57735,4
2026,7,57741,2
2026,7,57747,27
2026,7,57751,8
2026,7,57752,2
2026,7,57754,11
2026,7,57756,2
2026,7,57760,4
2026,7,57761,4
2026,7,57769,17
2026,7,57773,4
2026,7,57783,124
2026,7,57785,51
2026,7,57788,2
2026,7,57793,8
2026,7,58001,4
2026,7,58005,26
2026,7,58006,4
2026,7,58007,2
2026,7,58009,14
2026,7,58011,30
2026,7,58012,27
2026,7,58015,13
2026,7,58016,2
2026,7,58017,7
2026,7,58018,11
2026,7,58021,8
2026,7,58027,33
2026,7,58029,2
2026,7,58030,9
2026,7,58032,9
2026,7,58033,7
2026,7,58036,12
2026,7,58040,16
2026,7,58041,27
2026,7,58042,22
2026,7,58045,34
2026,7,58046,19
2026,7,58047,102
2026,7,58048,6
2026,7,58049,10
2026,7,58051,51
2026,7,58052,16
2026,7,58053,10
2026,7,58054,42
2026,7,58056,6
2026,7,58058,6
2026,7,58059,17
2026,7,58060,9
2026,7,58061,2
2026,7,58062,2
2026,7,58063,13
2026,7,58064,6
2026,7,58067,14
2026,7,58068,6
2026,7,58071,12
2026,7,58072,132
2026,7,58075,83
2026,7,58077,17
2026,7,58078,472
2026,7,58079,2
2026,7,58081,15
2026,7,58102,276
2026,7,58103,328
2026,7,58104,486
2026,7,58106,4
2026,7,58108,1
2026,7,58201,291
2026,7,58203,35
2026,7,58204,10
2026,7,58205,1
2026,7,58208,7
2026,7,58210,2
2026,7,58212,6
2026,7,58214,2
2026,7,58216,9
2026,7,58218,2
2026,7,58220,22
2026,7,58222,7
2026,7,58224,4
2026,7,58225,17
2026,7,58227,14
2026,7,58230,10
2026,7,58231,9
2026,7,58235,4
2026,7,58237,26
2026,7,58238,2
2026,7,58240,32
2026,7,58241,12
2026,7,58243,2
2026,7,58244,2
2026,7,58249,33
2026,7,58250,7
2026,7,58251,25
2026,7,58254,15
2026,7,58256,6
2026,7,58257,35
2026,7,58258,3
2026,7,58259,8
2026,7,58261,6
2026,7,58265,2
2026,7,58266,5
2026,7,58267,6
2026,7,58270,30
2026,7,58272,2
2026,7,58274,40
2026,7,58275,10
2026,7,58276,7
2026,7,58277,13
2026,7,58278,36
2026,7,58282,19
2026,7,58301,160
2026,7,58311,4
2026,7,58313,5
2026,7,58316,7
2026,7,58317,2
2026,7,58318,40
2026,7,58321,7
2026,7,58324,15
2026,7,58325,0
2026,7,58327,2
2026,7,58329,2
2026,7,58330,6
2026,7,58332,3
2026,7,58341,32
2026,7,58344,19
2026,7,58345,2
2026,7,58346,12
2026,7,58348,31
2026,7,58351,15
2026,7,58352,7
2026,7,58353,4
2026,7,58356,18
2026,7,58361,2
2026,7,58362,10
2026,7,58363,9
2026,7,58366,13
2026,7,58367,26
2026,7,58368,62
2026,7,58369,2
2026,7,58374,16
2026,7,58377,5
2026,7,58380,2
2026,7,58381,3
2026,7,58384,21
2026,7,58385,4
2026,7,58401,267
2026,7,58402,27
2026,7,58413,24
2026,7,58415,2
2026,7,58416,13
2026,7,58418,9
2026,7,58420,10
2026,7,58421,60
2026,7,58424,11
2026,7,58425,25
2026,7,58428,4
2026,7,58429,21
2026,7,58433,15
2026,7,58436,35
2026,7,58438,13
2026,7,58439,10
2026,7,58442,11
2026,7,58444,8
2026,7,58448,6
2026,7,58451,4
2026,7,58454,8
2026,7,58455,4
2026,7,58458,30
2026,7,58461,16
2026,7,58463,3
2026,7,58464,8
2026,7,58466,4
2026,7,58467,16
2026,7,58472,2
2026,7,58474,49
2026,7,58475,4
2026,7,58476,3
2026,7,58478,11
2026,7,58479,4
2026,7,58480,4
2026,7,58481,14
2026,7,58482,27
2026,7,58483,7
2026,7,58484,3
2026,7,58487,16
2026,7,58490,2
2026,7,58492,8
2026,7,58494,5
2026,7,58495,23
2026,7,58496,7
2026,7,58497,6
2026,7,58501,520
2026,7,58502,36
2026,7,58503,1527
2026,7,58504,598
2026,7,58507,13
2026,7,58513,8
2026,7,58520,7
2026,7,58521,20
2026,7,58523,79
2026,7,58524,6
2026,7,58529,14
2026,7,58530,49
2026,7,58531,17
2026,7,58532,7
2026,7,58533,41
2026,7,58535,12
2026,7,58538,3
2026,7,58540,44
2026,7,58541,3
2026,7,58542,2
2026,7,58543,2
2026,7,58544,16
2026,7,58545,80
2026,7,58549,10
2026,7,58552,28
2026,7,58554,697
2026,7,58558,28
2026,7,58559,4
2026,7,58561,16
2026,7,58562,6
2026,7,58563,28
2026,7,58565,9
2026,7,58566,6
2026,7,58570,6
2026,7,58571,4
2026,7,58572,8
2026,7,58573,14
2026,7,58575,16
2026,7,58576,23
2026,7,58577,35
2026,7,58579,22
2026,7,58580,2
2026,7,58581,2
2026,7,58601,1571
2026,7,58602,27
2026,7,58604,3
2026,7,58609,2
2026,7,58621,120
2026,7,58622,93
2026,7,58623,95
2026,7,58626,5
2026,7,58630,32
2026,7,58631,44
2026,7,58632,20
2026,7,58634,14
2026,7,58636,35
2026,7,58638,37
2026,7,58639,41
2026,7,58640,79
2026,7,58642,26
2026,7,58644,9
2026,7,58645,134
2026,7,58646,35
2026,7,58647,44
2026,7,58649,14
2026,7,58650,21
2026,7,58651,13
2026,7,58652,49
2026,7,58653,25
2026,7,58654,36
2026,7,58655,62
2026,7,58656,22
2026,7,58671,2
2026,7,58681,1
2026,7,58701,385
2026,7,58702,5
2026,7,58703,314
2026,7,58704,42
2026,7,58711,4
2026,7,58712,8
2026,7,58716,8
2026,7,58718,29
2026,7,58721,11
2026,7,58722,30
2026,7,58725,8
2026,7,58727,25
2026,7,58730,35
2026,7,58733,9
2026,7,58734,5
2026,7,58735,6
2026,7,58736,10
2026,7,58740,24
2026,7,58741,20
2026,7,58744,3
2026,7,58746,21
2026,7,58748,1
2026,7,58750,2
2026,7,58752,7
2026,7,58755,5
2026,7,58756,8
2026,7,58757,16
2026,7,58758,8
2026,7,58759,25
2026,7,58760,6
2026,7,58761,10
2026,7,58762,4
2026,7,58763,14
2026,7,58765,8
2026,7,58768,7
2026,7,58770,18
2026,7,58771,27
2026,7,58772,3
2026,7,58776,4
2026,7,58778,2
2026,7,58779,16
2026,7,58781,9
2026,7,58782,12
2026,7,58783,4
2026,7,58784,54
2026,7,58785,8
2026,7,58787,6
2026,7,58788,18
2026,7,58789,5
2026,7,58790,21
2026,7,58792,7
2026,7,58793,6
2026,7,58794,12
2026,7,58795,17
2026,7,58801,656
2026,7,58802,24
2026,7,58830,1
2026,7,58831,8
2026,7,58835,19
2026,7,58838,16
2026,7,58840,9
2026,7,58843,33
2026,7,58845,22
2026,7,58847,6
2026,7,58849,44
2026,7,58852,60
2026,7,58854,310
2026,7,58856,6
2026,7,58884,1
2026,7,59001,3
2026,7,59003,2
2026,7,59006,5
2026,7,59008,1
2026,7,59011,8
2026,7,59014,4
2026,7,59019,2
2026,7,59027,3
2026,7,59034,8
2026,7,59036,2
2026,7,59041,7
2026,7,59044,50
2026,7,59047,14
2026,7,59057,2
2026,7,59063,13
2026,7,59068,26
2026,7,59072,4
2026,7,59079,12
2026,7,59082,1
2026,7,59101,52
2026,7,59102,66
2026,7,59105,61
2026,7,59106,88
2026,7,5915,8
2026,7,59201,42
2026,7,59212,4
2026,7,59215,7
2026,7,59217,2
2026,7,59218,47
2026,7,59221,22
2026,7,59223,10
2026,7,59225,13
2026,7,59226,3
2026,7,59230,30
2026,7,59243,9
2026,7,59244,1
2026,7,59247,8
2026,7,59248,1
2026,7,59254,31
2026,7,59259,16
2026,7,59262,12
2026,7,59263,4
2026,7,59270,161
2026,7,59274,2
2026,7,59275,7
2026,7,59301,86
2026,7,59313,45
2026,7,59315,19
2026,7,59317,1
2026,7,59318,7
2026,7,59320,1
2026,7,59324,7
2026,7,59326,2
2026,7,59327,10
2026,7,59330,208
2026,7,59336,11
2026,7,59339,3
2026,7,59344,4
2026,7,59349,14
2026,7,59353,12
2026,7,59403,1
2026,7,59404,40
2026,7,59405,3
2026,7,59412,4
2026,7,59421,4
2026,7,59427,4
2026,7,59435,1
2026,7,59457,19
2026,7,59462,8
2026,7,59474,10
2026,7,59483,1
2026,7,59501,11
2026,7,59503,2
2026,7,59522,2
2026,7,59601,37
2026,7,59602,27
2026,7,59634,7
2026,7,59635,9
2026,7,59644,2
2026,7,59645,4
2026,7,59647,2
2026,7,59648,2
2026,7,59701,16
2026,7,59711,4
2026,7,59714,22
2026,7,59715,39
2026,7,59716,10
2026,7,59718,57
2026,7,59722,4
2026,7,59725,8
2026,7,59729,4
2026,7,59730,1
2026,7,59741,3
2026,7,59749,6
2026,7,59752,6
2026,7,59754,2
2026,7,59759,2
2026,7,59771,5
2026,7,59801,13
2026,7,59802,11
2026,7,59803,18
2026,7,59807,2
2026,7,59808,10
2026,7,59820,4
2026,7,59821,1
2026,7,59829,2
2026,7,59833,1
2026,7,59834,3
2026,7,59837,2
2026,7,59840,12
2026,7,59845,2
2026,7,59847,15
2026,7,59860,5
2026,7,59868,1
2026,7,59870,2
2026,7,59873,5
2026,7,59875,6
2026,7,59901,20
2026,7,59911,6
2026,7,59912,12
2026,7,59913,2
2026,7,59922,1
2026,7,59929,3
2026,7,59930,5
2026,7,59932,3
2026,7,59937,4
2026,7,60004,9
2026,7,60005,11
2026,7,60007,6
2026,7,60010,4
2026,7,60012,13
2026,7,60013,2
2026,7,60014,7
2026,7,60015,5
2026,7,60016,2
2026,7,60025,2
2026,7,60031,5
2026,7,60035,4
2026,7,60042,2
2026,7,60045,4
2026,7,60046,7
2026,7,60047,8
2026,7,60048,4
2026,7,60050,10
2026,7,60051,6
2026,7,60056,12
2026,7,60060,5
2026,7,60062,3
2026,7,60068,4
2026,7,60073,4
2026,7,60089,5
2026,7,60090,4
2026,7,60102,6
2026,7,60107,2
2026,7,60118,2
2026,7,60126,4
2026,7,60134,7
2026,7,60137,8
2026,7,60140,2
2026,7,60151,2
2026,7,60154,4
2026,7,60156,5
2026,7,60172,18
2026,7,60173,2
2026,7,60174,12
2026,7,60175,4
2026,7,60178,7
2026,7,60187,3
2026,7,60189,5
2026,7,60192,4
2026,7,60193,4
2026,7,60201,10
2026,7,60202,1
2026,7,60302,9
2026,7,60304,4
2026,7,60401,1
2026,7,60402,2
2026,7,6042,1
2026,7,60420,1
2026,7,60422,2
2026,7,60423,5
2026,7,60445,3
2026,7,60448,4
2026,7,60450,4
2026,7,60451,8
2026,7,60452,3
2026,7,60462,4
2026,7,60463,2
2026,7,60470,2
2026,7,60473,2
2026,7,60477,7
2026,7,60487,3
2026,7,60504,2
2026,7,60510,14
2026,7,60512,2
2026,7,60513,2
2026,7,60514,4
2026,7,60515,7
2026,7,60516,7
2026,7,60521,4
2026,7,60526,9
2026,7,60527,2
2026,7,60538,1
2026,7,60540,8
2026,7,60542,4
2026,7,60546,4
2026,7,60558,2
2026,7,60559,2
2026,7,60560,1
2026,7,60564,1
2026,7,60565,11
2026,7,60605,2
2026,7,60610,1
2026,7,60611,9
2026,7,60614,8
2026,7,60618,5
2026,7,60623,1
2026,7,60626,5
2026,7,60630,4
2026,7,60631,7
2026,7,60634,1
2026,7,60637,5
2026,7,60639,2
2026,7,60640,9
2026,7,60642,6
2026,7,60654,2
2026,7,60655,5
2026,7,60656,4
2026,7,60657,1
2026,7,60660,4
2026,7,60661,8
2026,7,60803,2
2026,7,60901,4
2026,7,60914,4
2026,7,6095,2
2026,7,61021,10
2026,7,61081,1
2026,7,61088,2
2026,7,61103,2
2026,7,61107,5
2026,7,61108,3
2026,7,61109,4
2026,7,61114,2
2026,7,61230,1
2026,7,61240,2
2026,7,61254,3
2026,7,61265,4
2026,7,61282,1
2026,7,61350,2
2026,7,61421,1
2026,7,61441,2
2026,7,61479,2
2026,7,61530,2
2026,7,61548,6
2026,7,61550,13
2026,7,61554,7
2026,7,61571,8
2026,7,61607,2
2026,7,61611,4
2026,7,61614,9
2026,7,61615,1
2026,7,61701,6
2026,7,61704,7
2026,7,61725,2
2026,7,61728,3
2026,7,61732,2
2026,7,61736,2
2026,7,61738,7
2026,7,61739,6
2026,7,61748,1
2026,7,61755,1
2026,7,61761,2
2026,7,61764,2
2026,7,61774,2
2026,7,61821,2
2026,7,61822,4
2026,7,61834,2
2026,7,61856,10
2026,7,61873,2
2026,7,61884,2
2026,7,61919,1
2026,7,61928,5
2026,7,61938,2
2026,7,61943,1
2026,7,62001,2
2026,7,62012,2
2026,7,62025,4
2026,7,62034,6
2026,7,62035,4
2026,7,62040,6
2026,7,62046,3
2026,7,62129,2
2026,7,62231,4
2026,7,62234,5
2026,7,62249,6
2026,7,62254,7
2026,7,62260,5
2026,7,62269,13
2026,7,62278,6
2026,7,62285,2
2026,7,62293,7
2026,7,62294,5
2026,7,62301,8
2026,7,62305,3
2026,7,62321,2
2026,7,62351,1
2026,7,62401,4
2026,7,62467,4
2026,7,62521,8
2026,7,62554,8
2026,7,62558,2
2026,7,62568,9
2026,7,62635,2
2026,7,62643,4
2026,7,62674,6
2026,7,62677,2
2026,7,62685,2
2026,7,62693,2
2026,7,62704,2
2026,7,62881,2
2026,7,62902,4
2026,7,62907,2
2026,7,62932,2
2026,7,62959,4
2026,7,62960,2
2026,7,62994,5
2026,7,63005,3
2026,7,63011,12
2026,7,63017,16
2026,7,63021,4
2026,7,63026,3
2026,7,63031,4
2026,7,63038,3
2026,7,63043,2
2026,7,63050,6
2026,7,63052,2
2026,7,63069,1
2026,7,63072,1
2026,7,63077,2
2026,7,63080,4
2026,7,63084,4
2026,7,63108,2
2026,7,63109,5
2026,7,63110,4
2026,7,63112,1
2026,7,63117,1
2026,7,63119,8
2026,7,63122,3
2026,7,63123,2
2026,7,63124,4
2026,7,63129,7
2026,7,63130,9
2026,7,63131,15
2026,7,63301,4
2026,7,63304,14
2026,7,63341,2
2026,7,63351,2
2026,7,63366,6
2026,7,63367,4
2026,7,63368,3
2026,7,63376,13
2026,7,63385,3
2026,7,63401,1
2026,7,63461,2
2026,7,63501,6
2026,7,63531,2
2026,7,63536,2
2026,7,63640,5
2026,7,63701,3
2026,7,63751,2
2026,7,63755,2
2026,7,63944,4
2026,7,64015,2
2026,7,64055,2
2026,7,64057,6
2026,7,64060,2
2026,7,64061,2
2026,7,64062,8
2026,7,64063,3
2026,7,64064,8
2026,7,64068,16
2026,7,64071,3
2026,7,64075,2
2026,7,64082,3
2026,7,64083,4
2026,7,64086,8
2026,7,64089,2
2026,7,64097,2
2026,7,64106,2
2026,7,64112,2
2026,7,64114,15
2026,7,64116,10
2026,7,64118,5
2026,7,64119,6
2026,7,64131,2
2026,7,64151,6
2026,7,64154,6
2026,7,64155,8
2026,7,64157,6
2026,7,64423,4
2026,7,64436,4
2026,7,64459,5
2026,7,64465,2
2026,7,64482,4
2026,7,64483,2
2026,7,64485,2
2026,7,64490,2
2026,7,64493,2
2026,7,64498,2
2026,7,64505,2
2026,7,64661,2
2026,7,64671,2
2026,7,64673,2
2026,7,64725,4
2026,7,64730,8
2026,7,64734,1
2026,7,64735,6
2026,7,64832,4
2026,7,64834,2
2026,7,64836,2
2026,7,64843,5
2026,7,64856,2
2026,7,64865,4
2026,7,65010,2
2026,7,65026,2
2026,7,65037,2
2026,7,65043,2
2026,7,65079,2
2026,7,65101,8
2026,7,65109,4
2026,7,65201,5
2026,7,65202,6
2026,7,65203,14
2026,7,65233,2
2026,7,65236,2
2026,7,65240,2
2026,7,65251,2
2026,7,65325,3
2026,7,65340,2
2026,7,65347,4
2026,7,65401,2
2026,7,65453,4
2026,7,65613,2
2026,7,65646,1
2026,7,65672,1
2026,7,65682,4
2026,7,65689,4
2026,7,65692,2
2026,7,65708,2
2026,7,65711,7
2026,7,65721,2
2026,7,65737,5
2026,7,65747,2
2026,7,65753,2
2026,7,65795,1
2026,7,65802,2
2026,7,65804,9
2026,7,65806,2
2026,7,65807,12
2026,7,65810,4
2026,7,66007,4
2026,7,66014,2
2026,7,66018,6
2026,7,66020,3
2026,7,66021,4
2026,7,66030,4
2026,7,66032,10
2026,7,66040,2
2026,7,66044,2
2026,7,66046,2
2026,7,66049,2
2026,7,66053,2
2026,7,66061,10
2026,7,66064,2
2026,7,66067,1
2026,7,66070,2
2026,7,66071,10
2026,7,66083,3
2026,7,66109,2
2026,7,66112,2
2026,7,66203,2
2026,7,66204,2
2026,7,66205,11
2026,7,66206,4
2026,7,66208,10
2026,7,66210,4
2026,7,66211,1
2026,7,66213,4
2026,7,66214,7
2026,7,66215,4
2026,7,66216,9
2026,7,66218,4
2026,7,66220,5
2026,7,66221,6
2026,7,66223,2
2026,7,66227,2
2026,7,66409,2
2026,7,66436,2
2026,7,66441,2
2026,7,66502,6
2026,7,66503,5
2026,7,66509,3
2026,7,66534,14
2026,7,66538,12
2026,7,66547,2
2026,7,66605,4
2026,7,66606,2
2026,7,66609,7
2026,7,66611,2
2026,7,66614,6
2026,7,66617,4
2026,7,66618,2
2026,7,66720,2
2026,7,66725,2
2026,7,66736,2
2026,7,66749,3
2026,7,66753,2
2026,7,66760,2
2026,7,66762,6
2026,7,66770,4
2026,7,66833,1
2026,7,66839,4
2026,7,66858,9
2026,7,67002,2
2026,7,67003,1
2026,7,67029,2
2026,7,67037,4
2026,7,67045,5
2026,7,67047,3
2026,7,67138,2
2026,7,67175,2
2026,7,67202,1
2026,7,67203,2
2026,7,67205,4
2026,7,67206,13
2026,7,67209,4
2026,7,67212,9
2026,7,67230,2
2026,7,67235,9
2026,7,67301,2
2026,7,67344,2
2026,7,67401,2
2026,7,67410,2
2026,7,67432,2
2026,7,67444,4
2026,7,67502,10
2026,7,67522,2
2026,7,67546,1
2026,7,67601,7
2026,7,67661,4
2026,7,67730,2
2026,7,67735,9
2026,7,67749,0
2026,7,67801,6
2026,7,67846,3
2026,7,67860,2
2026,7,68003,7
2026,7,68004,2
2026,7,68007,6
2026,7,68008,15
2026,7,68022,26
2026,7,68023,2
2026,7,68025,4
2026,7,68028,9
2026,7,68030,1
2026,7,68045,8
2026,7,68046,2
2026,7,68047,8
2026,7,68048,10
2026,7,68066,12
2026,7,68069,2
2026,7,68102,3
2026,7,68104,4
2026,7,68105,8
2026,7,68106,8
2026,7,68114,17
2026,7,68116,3
2026,7,68118,4
2026,7,68122,2
2026,7,68123,10
2026,7,68124,5
2026,7,68127,2
2026,7,68128,6
2026,7,68130,12
2026,7,68131,19
2026,7,68133,14
2026,7,68134,8
2026,7,68135,12
2026,7,68136,13
2026,7,68137,8
2026,7,68138,7
2026,7,68142,6
2026,7,68144,14
2026,7,68154,11
2026,7,68157,17
2026,7,68164,13
2026,7,68305,2
2026,7,68347,8
2026,7,68358,2
2026,7,68359,8
2026,7,68361,2
2026,7,68372,2
2026,7,68378,4
2026,7,68402,2
2026,7,68404,2
2026,7,68407,4
2026,7,68410,6
2026,7,68428,2
2026,7,68434,2
2026,7,68441,2
2026,7,68446,2
2026,7,68452,4
2026,7,68455,3
2026,7,68456,2
2026,7,68462,2
2026,7,68502,13
2026,7,68503,2
2026,7,68506,4
2026,7,68507,8
2026,7,68508,2
2026,7,68510,4
2026,7,68512,5
2026,7,68516,40
2026,7,68522,2
2026,7,68523,2
2026,7,68526,2
2026,7,68527,15
2026,7,68601,12
2026,7,68620,2
2026,7,68624,2
2026,7,68638,2
2026,7,68648,6
2026,7,68666,6
2026,7,68701,10
2026,7,68731,6
2026,7,68739,8
2026,7,68757,2
2026,7,68758,3
2026,7,68763,4
2026,7,68769,3
2026,7,68791,4
2026,7,68801,2
2026,7,68803,14
2026,7,68822,3
2026,7,68825,2
2026,7,68838,2
2026,7,68845,1
2026,7,68847,11
2026,7,68850,2
2026,7,68873,4
2026,7,68901,6
2026,7,68941,2
2026,7,68949,4
2026,7,68970,1
2026,7,68978,2
2026,7,69001,2
2026,7,69021,4
2026,7,69033,2
2026,7,69101,12
2026,7,69151,4
2026,7,69155,2
2026,7,69156,2
2026,7,69162,2
2026,7,69201,6
2026,7,69301,2
2026,7,69339,2
2026,7,69341,2
2026,7,69357,2
2026,7,69361,2
2026,7,70001,4
2026,7,70047,2
2026,7,70062,4
2026,7,70072,2
2026,7,70115,6
2026,7,70118,2
2026,7,70122,6
2026,7,70123,2
2026,7,70130,2
2026,7,70131,5
2026,7,70301,1
2026,7,70343,5
2026,7,70360,3
2026,7,70380,2
2026,7,70403,9
2026,7,70426,2
2026,7,70427,2
2026,7,70433,2
2026,7,70437,1
2026,7,70438,4
2026,7,70446,2
2026,7,70461,4
2026,7,70462,3
2026,7,70508,1
2026,7,70546,10
2026,7,70563,3
2026,7,70570,3
2026,7,70578,1
2026,7,70591,4
2026,7,70605,3
2026,7,70607,2
2026,7,70633,2
2026,7,70648,3
2026,7,70710,2
2026,7,70744,6
2026,7,70769,9
2026,7,70809,5
2026,7,70810,7
2026,7,70816,1
2026,7,70817,2
2026,7,71104,0
2026,7,71112,2
2026,7,71119,1
2026,7,71235,5
2026,7,71263,3
2026,7,71295,2
2026,7,71303,2
2026,7,71341,1
2026,7,71360,2
2026,7,71720,8
2026,7,71730,1
2026,7,71854,3
2026,7,71909,1
2026,7,71913,6
2026,7,71941,2
2026,7,71945,2
2026,7,71953,2
2026,7,71973,1
2026,7,72007,2
2026,7,72015,2
2026,7,72020,2
2026,7,72022,5
2026,7,72023,2
2026,7,72039,6
2026,7,72058,9
2026,7,72067,2
2026,7,72081,5
2026,7,72103,6
2026,7,72113,6
2026,7,72116,4
2026,7,72117,15
2026,7,72126,2
2026,7,72143,5
2026,7,72173,2
2026,7,72205,4
2026,7,72207,7
2026,7,72212,4
2026,7,72223,11
2026,7,72324,2
2026,7,72364,1
2026,7,72401,2
2026,7,72404,6
2026,7,72405,2
2026,7,72417,2
2026,7,72450,3
2026,7,72473,5
2026,7,72501,4
2026,7,72530,2
2026,7,72579,1
2026,7,72601,2
2026,7,72632,4
2026,7,72638,2
2026,7,72701,6
2026,7,72703,6
2026,7,72704,4
2026,7,72712,19
2026,7,72713,5
2026,7,72714,6
2026,7,72715,12
2026,7,72719,2
2026,7,72730,2
2026,7,72740,2
2026,7,72758,6
2026,7,72762,2
2026,7,72764,4
2026,7,72801,2
2026,7,72802,4
2026,7,72823,2
2026,7,72901,6
2026,7,72908,2
2026,7,72916,6
2026,7,72918,4
2026,7,72921,5
2026,7,72941,2
2026,7,72949,2
2026,7,72956,2
2026,7,73010,8
2026,7,73012,6
2026,7,73013,6
2026,7,73020,2
2026,7,73025,2
2026,7,73034,4
2026,7,73036,2
2026,7,73044,2
2026,7,73049,4
2026,7,73055,2
2026,7,73057,1
2026,7,73065,7
2026,7,73068,4
2026,7,73069,4
2026,7,73071,3
2026,7,73072,4
2026,7,73079,2
2026,7,73089,4
2026,7,73095,2
2026,7,73096,4
2026,7,73099,3
2026,7,73114,1
2026,7,73116,4
2026,7,73120,4
2026,7,73139,2
2026,7,73165,2
2026,7,73170,2
2026,7,73223,3
2026,7,73401,4
2026,7,73521,4
2026,7,73530,2
2026,7,73533,6
2026,7,73541,2
2026,7,73614,2
2026,7,73703,3
2026,7,73717,2
2026,7,73747,6
2026,7,73750,4
2026,7,73758,2
2026,7,73772,5
2026,7,74010,3
2026,7,74012,3
2026,7,74014,4
2026,7,74017,4
2026,7,74021,4
2026,7,74036,4
2026,7,74037,2
2026,7,74055,1
2026,7,74061,2
2026,7,74075,18
2026,7,74105,1
2026,7,74112,4
2026,7,74114,24
2026,7,74132,11
2026,7,74133,0
2026,7,74134,2
2026,7,74331,2
2026,7,74340,2
2026,7,74344,2
2026,7,74355,5
2026,7,74462,2
2026,7,74501,2
2026,7,74525,2
2026,7,74733,2
2026,7,74745,2
2026,7,74804,2
2026,7,74820,2
2026,7,74851,1
2026,7,74940,2
2026,7,75007,8
2026,7,75013,2
2026,7,75019,2
2026,7,75022,5
2026,7,75024,8
2026,7,75025,5
2026,7,75028,5
2026,7,75032,4
2026,7,75033,9
2026,7,75034,5
2026,7,75035,11
2026,7,75038,1
2026,7,75044,4
2026,7,75050,2
2026,7,75061,6
2026,7,75063,7
2026,7,75067,3
2026,7,75068,5
2026,7,75069,4
2026,7,75070,5
2026,7,75071,11
2026,7,75074,8
2026,7,75075,1
2026,7,75077,4
2026,7,75078,4
2026,7,75082,5
2026,7,75087,10
2026,7,75092,2
2026,7,75093,5
2026,7,75098,4
2026,7,75103,2
2026,7,75109,2
2026,7,75115,2
2026,7,75119,2
2026,7,75125,2
2026,7,75149,3
2026,7,75167,6
2026,7,75181,1
2026,7,75189,2
2026,7,75201,3
2026,7,75204,3
2026,7,75205,12
2026,7,75206,8
2026,7,75208,7
2026,7,75214,5
2026,7,75218,12
2026,7,75219,5
2026,7,75220,32
2026,7,75225,8
2026,7,75228,5
2026,7,75229,2
2026,7,75230,6
2026,7,75234,2
2026,7,75238,6
2026,7,75240,4
2026,7,75248,2
2026,7,75252,2
2026,7,75287,3
2026,7,75402,1
2026,7,75417,1
2026,7,75454,2
2026,7,75455,2
2026,7,75462,4
2026,7,75494,2
2026,7,75651,5
2026,7,75672,4
2026,7,75701,6
2026,7,75703,18
2026,7,75707,1
2026,7,75709,5
2026,7,75754,4
2026,7,75762,2
2026,7,75763,2
2026,7,75765,4
2026,7,75766,2
2026,7,75840,2
2026,7,75901,2
2026,7,75925,2
2026,7,75961,1
2026,7,75963,4
2026,7,76006,2
2026,7,76008,5
2026,7,76010,2
2026,7,76012,4
2026,7,76016,2
2026,7,76020,5
2026,7,76021,5
2026,7,76034,3
2026,7,76039,2
2026,7,76040,2
2026,7,76044,8
2026,7,76048,7
2026,7,76049,7
2026,7,76051,2
2026,7,76052,6
2026,7,76054,3
2026,7,76063,12
2026,7,76067,2
2026,7,76070,2
2026,7,76073,2
2026,7,76086,3
2026,7,76088,5
2026,7,76092,8
2026,7,76102,3
2026,7,76107,1
2026,7,76108,5
2026,7,76109,4
2026,7,76114,9
2026,7,76116,2
2026,7,76123,2
2026,7,76126,4
2026,7,76131,6
2026,7,76132,1
2026,7,76137,2
2026,7,76177,2
2026,7,76182,14
2026,7,76207,5
2026,7,76208,2
2026,7,76209,2
2026,7,76226,6
2026,7,76227,4
2026,7,76230,2
2026,7,76240,13
2026,7,76244,5
2026,7,76245,2
2026,7,76248,6
2026,7,76258,3
2026,7,76262,8
2026,7,76272,4
2026,7,76302,2
2026,7,76308,2
2026,7,76354,2
2026,7,76424,2
2026,7,76433,2
2026,7,76455,2
2026,7,76458,2
2026,7,76502,8
2026,7,76513,2
2026,7,76522,5
2026,7,76537,2
2026,7,76538,6
2026,7,76541,1
2026,7,76548,3
2026,7,76550,1
2026,7,76559,3
2026,7,76571,2
2026,7,76641,2
2026,7,76653,4
2026,7,76655,2
2026,7,76692,2
2026,7,76712,18
2026,7,76801,3
2026,7,76841,2
2026,7,76877,2
2026,7,76901,2
2026,7,76904,2
2026,7,77005,4
2026,7,77007,10
2026,7,77008,11
2026,7,77018,10
2026,7,77019,8
2026,7,77024,7
2026,7,77027,11
2026,7,77040,1
2026,7,77043,4
2026,7,77049,2
2026,7,77055,11
2026,7,77057,3
2026,7,77058,4
2026,7,77063,2
2026,7,77066,10
2026,7,77068,10
2026,7,77069,8
2026,7,77070,7
2026,7,77079,2
2026,7,77082,1
2026,7,77095,4
2026,7,77110,1
2026,7,77301,4
2026,7,77304,2
2026,7,77316,4
2026,7,77318,4
2026,7,77340,13
2026,7,77346,2
2026,7,77351,4
2026,7,77354,3
2026,7,77355,4
2026,7,77356,16
2026,7,77358,1
2026,7,77365,2
2026,7,77375,5
2026,7,77379,3
2026,7,77381,6
2026,7,77384,8
2026,7,77385,2
2026,7,77386,7
2026,7,77388,2
2026,7,77399,55
2026,7,77401,2
2026,7,77406,4
2026,7,77414,2
2026,7,77429,4
2026,7,77433,15
2026,7,77447,4
2026,7,77450,6
2026,7,77459,4
2026,7,77469,3
2026,7,77476,2
2026,7,77477,2
2026,7,77478,1
2026,7,77479,9
2026,7,77488,4
2026,7,77494,8
2026,7,77505,2
2026,7,77515,3
2026,7,77521,7
2026,7,77532,3
2026,7,77534,2
2026,7,77546,2
2026,7,77551,2
2026,7,77554,3
2026,7,77566,6
2026,7,77568,2
2026,7,77586,3
2026,7,77598,1
2026,7,77657,8
2026,7,77662,2
2026,7,77665,2
2026,7,77706,2
2026,7,77802,9
2026,7,77808,4
2026,7,77831,2
2026,7,77833,6
2026,7,77835,1
2026,7,77836,6
2026,7,77840,4
2026,7,77845,13
2026,7,77856,2
2026,7,77868,4
2026,7,77905,3
2026,7,77979,8
2026,7,78006,13
2026,7,78010,1
2026,7,78013,5
2026,7,78023,5
2026,7,78027,2
2026,7,78028,5
2026,7,78052,2
2026,7,78064,4
2026,7,78102,2
2026,7,78108,9
2026,7,78114,1
2026,7,78130,2
2026,7,78132,4
2026,7,78133,5
2026,7,78152,2
2026,7,78155,2
2026,7,78201,5
2026,7,78209,7
2026,7,78215,2
2026,7,78230,2
2026,7,78231,10
2026,7,78232,5
2026,7,78237,2
2026,7,78239,2
2026,7,78240,6
2026,7,78245,3
2026,7,78248,2
2026,7,78250,4
2026,7,78253,5
2026,7,78254,3
2026,7,78259,4
2026,7,78260,9
2026,7,78332,2
2026,7,78368,3
2026,7,78370,2
2026,7,78374,3
2026,7,78382,2
2026,7,78404,6
2026,7,78428,2
2026,7,78521,1
2026,7,78526,6
2026,7,78550,4
2026,7,78552,2
2026,7,78566,2
2026,7,78572,4
2026,7,78578,2
2026,7,78602,3
2026,7,78611,2
2026,7,78619,4
2026,7,78620,10
2026,7,78624,1
2026,7,78626,3
2026,7,78628,4
2026,7,78633,30
2026,7,78634,6
2026,7,78639,3
2026,7,78642,4
2026,7,78644,3
2026,7,78645,2
2026,7,78653,1
2026,7,78654,4
2026,7,78664,4
2026,7,78665,2
2026,7,78666,3
2026,7,78676,2
2026,7,78681,3
2026,7,78702,4
2026,7,78704,5
2026,7,78722,2
2026,7,78725,2
2026,7,78727,2
2026,7,78728,6
2026,7,78731,6
2026,7,78734,11
2026,7,78736,1
2026,7,78737,6
2026,7,78738,11
2026,7,78739,5
2026,7,78746,2
2026,7,78748,6
2026,7,78750,2
2026,7,78751,4
2026,7,78753,3
2026,7,78757,2
2026,7,78759,2
2026,7,78933,2
2026,7,78945,6
2026,7,78956,2
2026,7,78962,3
2026,7,79015,7
2026,7,79022,20
2026,7,79027,4
2026,7,79036,2
2026,7,79072,5
2026,7,79106,1
2026,7,79119,9
2026,7,79331,2
2026,7,79356,2
2026,7,79423,2
2026,7,79424,2
2026,7,79501,2
2026,7,79510,5
2026,7,79549,2
2026,7,79606,4
2026,7,79720,2
2026,7,79838,4
2026,7,79852,2
2026,7,79912,2
2026,7,79934,1
2026,7,79936,1
2026,7,79938,2
2026,7,80002,7
2026,7,80003,2
2026,7,80004,12
2026,7,80005,6
2026,7,80007,6
2026,7,80010,2
2026,7,80011,3
2026,7,80013,4
2026,7,80015,17
2026,7,80016,37
2026,7,80017,1
2026,7,80018,3
2026,7,80020,10
2026,7,80021,9
2026,7,80022,2
2026,7,80023,4
2026,7,80026,9
2026,7,80027,11
2026,7,80033,3
2026,7,80101,2
2026,7,80102,6
2026,7,80104,7
2026,7,80107,6
2026,7,80108,9
2026,7,80109,13
2026,7,80110,3
2026,7,80111,5
2026,7,80112,4
2026,7,80113,2
2026,7,80120,10
2026,7,80121,11
2026,7,80122,1
2026,7,80123,26
2026,7,80124,9
2026,7,80125,5
2026,7,80126,17
2026,7,80127,25
2026,7,80128,17
2026,7,80129,4
2026,7,80130,7
2026,7,80132,11
2026,7,80133,3
2026,7,80134,38
2026,7,80138,8
2026,7,80202,3
2026,7,80204,6
2026,7,80205,8
2026,7,80206,5
2026,7,80207,5
2026,7,80209,18
2026,7,80210,15
2026,7,80211,8
2026,7,80214,1
2026,7,80215,7
2026,7,80216,1
2026,7,80219,6
2026,7,80220,6
2026,7,80221,1
2026,7,80222,1
2026,7,80226,10
2026,7,80227,21
2026,7,80228,13
2026,7,80230,2
2026,7,80231,4
2026,7,80232,5
2026,7,80234,12
2026,7,80235,2
2026,7,80237,1
2026,7,80238,8
2026,7,80241,7
2026,7,80246,2
2026,7,80247,4
2026,7,80260,2
2026,7,80301,1
2026,7,80302,13
2026,7,80303,5
2026,7,80304,4
2026,7,80305,9
2026,7,80401,31
2026,7,80403,5
2026,7,80422,1
2026,7,80424,2
2026,7,80433,3
2026,7,80439,10
2026,7,80443,2
2026,7,80446,2
2026,7,80465,1
2026,7,80466,1
2026,7,80470,2
2026,7,80487,5
2026,7,80498,18
2026,7,80501,2
2026,7,80503,11
2026,7,80504,28
2026,7,8051,1
2026,7,80513,16
2026,7,80516,13
2026,7,80517,15
2026,7,80521,1
2026,7,80524,20
2026,7,80525,25
2026,7,80526,2
2026,7,80528,38
2026,7,80530,3
2026,7,80534,2
2026,7,80536,2
2026,7,80537,13
2026,7,80538,20
2026,7,80540,2
2026,7,80542,2
2026,7,80546,5
2026,7,80547,4
2026,7,80549,4
2026,7,80550,36
2026,7,80601,3
2026,7,80602,7
2026,7,80610,10
2026,7,80615,4
2026,7,80620,2
2026,7,80621,6
2026,7,8062P,2
2026,7,80634,27
2026,7,80751,3
2026,7,80757,17
2026,7,80758,3
2026,7,80808,2
2026,7,80817,2
2026,7,80827,2
2026,7,80831,5
2026,7,80863,5
2026,7,80904,4
2026,7,80905,6
2026,7,80906,7
2026,7,80907,11
2026,7,80908,13
2026,7,80910,4
2026,7,80911,4
2026,7,80916,4
2026,7,80917,15
2026,7,80918,9
2026,7,80919,17
2026,7,80920,11
2026,7,80921,5
2026,7,80922,2
2026,7,80923,16
2026,7,80924,5
2026,7,80927,6
2026,7,81001,3
2026,7,81007,5
2026,7,81008,2
2026,7,81054,2
2026,7,81055,2
2026,7,81147,2
2026,7,81212,3
2026,7,81230,2
2026,7,81301,3
2026,7,81303,1
2026,7,81401,11
2026,7,81402,2
2026,7,81432,2
2026,7,81435,0
2026,7,81501,1
2026,7,81504,7
2026,7,81505,2
2026,7,81506,2
2026,7,81507,9
2026,7,81521,3
2026,7,81611,1
2026,7,81615,2
2026,7,81620,2
2026,7,81621,2
2026,7,81625,6
2026,7,81632,1
2026,7,81650,2
2026,7,8200,2
2026,7,82001,20
2026,7,82003,2
2026,7,82007,1
2026,7,82009,16
2026,7,82021,1
2026,7,82070,5
2026,7,82072,2
2026,7,82240,6
2026,7,82331,6
2026,7,82414,22
2026,7,82422,4
2026,7,82435,20
2026,7,82443,3
2026,7,82501,7
2026,7,82520,3
2026,7,82601,7
2026,7,82604,7
2026,7,82609,4
2026,7,82633,7
2026,7,82636,1
2026,7,82637,2
2026,7,82701,4
2026,7,82712,2
2026,7,82716,2
2026,7,82717,2
2026,7,82718,20
2026,7,82720,2
2026,7,82721,6
2026,7,82727,2
2026,7,82729,13
2026,7,82732,4
2026,7,82801,62
2026,7,82834,10
2026,7,82836,4
2026,7,82839,5
2026,7,82901,2
2026,7,82930,2
2026,7,83001,2
2026,7,83024,1
2026,7,83118,2
2026,7,83128,2
2026,7,8316 CJ,1
2026,7,83201,3
2026,7,83204,8
2026,7,83211,3
2026,7,83221,16
2026,7,83237,1
2026,7,83241,2
2026,7,83251,2
2026,7,83301,6
2026,7,83313,4
2026,7,83318,2
2026,7,83328,2
2026,7,83332,2
2026,7,83338,2
2026,7,83340,1
2026,7,83341,3
2026,7,83361,2
2026,7,83401,14
2026,7,83402,12
2026,7,83404,2
2026,7,83406,2
2026,7,83414,4
2026,7,83442,2
2026,7,83452,6
2026,7,83501,8
2026,7,83530,2
2026,7,83535,2
2026,7,83604,4
2026,7,83607,4
2026,7,83616,12
2026,7,83629,2
2026,7,83634,5
2026,7,83641,2
2026,7,83642,8
2026,7,83644,8
2026,7,83646,18
2026,7,83647,11
2026,7,83653,1
2026,7,83654,4
2026,7,83661,4
2026,7,83676,3
2026,7,83686,6
2026,7,83702,4
2026,7,83704,9
2026,7,83705,2
2026,7,83706,12
2026,7,83707,3
2026,7,83709,6
2026,7,83712,3
2026,7,83713,9
2026,7,83714,6
2026,7,83716,2
2026,7,83804,2
2026,7,83814,7
2026,7,83815,5
2026,7,83822,3
2026,7,83835,17
2026,7,83836,4
2026,7,83843,2
2026,7,83854,11
2026,7,83856,6
2026,7,83858,2
2026,7,83861,2
2026,7,83864,2
2026,7,83872,2
2026,7,84003,3
2026,7,84009,2
2026,7,84014,4
2026,7,84020,5
2026,7,84029,2
2026,7,84032,9
2026,7,84040,1
2026,7,84041,6
2026,7,84045,2
2026,7,84047,8
2026,7,84048,2
2026,7,84049,2
2026,7,84050,8
2026,7,84054,5
2026,7,84055,4
2026,7,84058,2
2026,7,84060,6
2026,7,84062,8
2026,7,84065,1
2026,7,84075,4
2026,7,84092,4
2026,7,84093,11
2026,7,84095,2
2026,7,84096,1
2026,7,84097,4
2026,7,84101,2
2026,7,84102,9
2026,7,84103,1
2026,7,84105,1
2026,7,84107,3
2026,7,84108,1
2026,7,84111,2
2026,7,84115,1
2026,7,84116,6
2026,7,84117,6
2026,7,84121,9
2026,7,84123,3
2026,7,84124,4
2026,7,84129,4
2026,7,84302,2
2026,7,84310,2
2026,7,84317,6
2026,7,84319,3
2026,7,84321,4
2026,7,84333,6
2026,7,84335,4
2026,7,84339,4
2026,7,84401,9
2026,7,84403,2
2026,7,84405,3
2026,7,84414,2
2026,7,84501,2
2026,7,84532,8
2026,7,84604,5
2026,7,84606,2
2026,7,84627,4
2026,7,84637,2
2026,7,84648,2
2026,7,84651,1
2026,7,84653,2
2026,7,84660,2
2026,7,84663,5
2026,7,84713,5
2026,7,84721,10
2026,7,84737,4
2026,7,84738,4
2026,7,84757,2
2026,7,84770,13
2026,7,84780,3
2026,7,84784,2
2026,7,84790,13
2026,7,85004,1
2026,7,85009,2
2026,7,85013,6
2026,7,85014,2
2026,7,85016,10
2026,7,85018,4
2026,7,85020,5
2026,7,85023,11
2026,7,85024,3
2026,7,85028,8
2026,7,85032,4
2026,7,85040,1
2026,7,85041,3
2026,7,85044,8
2026,7,85045,2
2026,7,85050,2
2026,7,85053,2
2026,7,85083,6
2026,7,85086,4
2026,7,85117,2
2026,7,85118,20
2026,7,85119,2
2026,7,85120,5
2026,7,85122,11
2026,7,85131,12
2026,7,85132,8
2026,7,85138,8
2026,7,85139,5
2026,7,85140,13
2026,7,85142,6
2026,7,85143,6
2026,7,85144,2
2026,7,85194,5
2026,7,85203,3
2026,7,85204,3
2026,7,85205,4
2026,7,85206,12
2026,7,85207,10
2026,7,85208,5
2026,7,85209,14
2026,7,85212,17
2026,7,85213,13
2026,7,85215,4
2026,7,85224,6
2026,7,85226,1
2026,7,85233,9
2026,7,85234,10
2026,7,85248,18
2026,7,85249,28
2026,7,85254,10
2026,7,85255,26
2026,7,85257,3
2026,7,85258,4
2026,7,85259,6
2026,7,85260,21
2026,7,85262,10
2026,7,85263,10
2026,7,85264,4
2026,7,85266,12
2026,7,85268,18
2026,7,85282,6
2026,7,85283,1
2026,7,85284,15
2026,7,85286,5
2026,7,85295,4
2026,7,85296,10
2026,7,85297,2
2026,7,85298,14
2026,7,85304,4
2026,7,85305,2
2026,7,85306,9
2026,7,85307,3
2026,7,85308,9
2026,7,85324,4
2026,7,85326,6
2026,7,85331,18
2026,7,85338,13
2026,7,85340,3
2026,7,85345,2
2026,7,85351,18
2026,7,85361,2
2026,7,85364,2
2026,7,85367,9
2026,7,85373,9
2026,7,85374,24
2026,7,85375,29
2026,7,85377,7
2026,7,85379,2
2026,7,85382,17
2026,7,85383,30
2026,7,85387,13
2026,7,85390,1
2026,7,85392,13
2026,7,85395,13
2026,7,85396,23
2026,7,85541,6
2026,7,85602,2
2026,7,85614,16
2026,7,85615,2
2026,7,85622,2
2026,7,85623,4
2026,7,85635,12
2026,7,85637,2
2026,7,85650,4
2026,7,85653,1
2026,7,85704,7
2026,7,85710,7
2026,7,85711,2
2026,7,85713,2
2026,7,85715,5
2026,7,85716,1
2026,7,85718,11
2026,7,85719,3
2026,7,85737,3
2026,7,85738,2
2026,7,85739,8
2026,7,85741,2
2026,7,85742,4
2026,7,85743,8
2026,7,85745,5
2026,7,85749,13
2026,7,85750,5
2026,7,85755,2
2026,7,85756,7
2026,7,85925,2
2026,7,85933,2
2026,7,86001,4
2026,7,86021,7
2026,7,86022,3
2026,7,86301,8
2026,7,86303,3
2026,7,86305,10
2026,7,86314,2
2026,7,86315,2
2026,7,86322,3
2026,7,86326,8
2026,7,86327,4
2026,7,86336,6
2026,7,86351,2
2026,7,86401,2
2026,7,86403,11
2026,7,86404,11
2026,7,86406,11
2026,7,86426,2
2026,7,87031,2
2026,7,87043,2
2026,7,87047,3
2026,7,87056,1
2026,7,87104,2
2026,7,87108,3
2026,7,87109,3
2026,7,87110,12
2026,7,87111,8
2026,7,87114,2
2026,7,87120,4
2026,7,87122,2
2026,7,87123,4
2026,7,87124,6
2026,7,87125,1
2026,7,87144,2
2026,7,87301,2
2026,7,87402,2
2026,7,87410,2
2026,7,87505,2
2026,7,87508,1
2026,7,87532,3
2026,7,87535,2
2026,7,87539,2
2026,7,87544,1
2026,7,87571,6
2026,7,87574,2
2026,7,87740,6
2026,7,87935,2
2026,7,88001,2
2026,7,88011,6
2026,7,88012,6
2026,7,88030,2
2026,7,88042,1
2026,7,88044,1
2026,7,88062,2
2026,7,88081,2
2026,7,88201,2
2026,7,88220,2
2026,7,88888,0
2026,7,89002,10
2026,7,89005,2
2026,7,89011,2
2026,7,89015,3
2026,7,89021,2
2026,7,89027,8
2026,7,89029,1
2026,7,89034,16
2026,7,89048,2
2026,7,89052,7
2026,7,89053,2
2026,7,89060,2
2026,7,89061,2
2026,7,89081,0
2026,7,89102,4
2026,7,89107,1
2026,7,89113,8
2026,7,89117,17
2026,7,89119,7
2026,7,89123,3
2026,7,89128,2
2026,7,89129,3
2026,7,89130,6
2026,7,89131,2
2026,7,89133,2
2026,7,89134,2
2026,7,89135,3
2026,7,89138,2
2026,7,89139,4
2026,7,89145,6
2026,7,89147,2
2026,7,89166,2
2026,7,89178,4
2026,7,89201,2
2026,7,89406,4
2026,7,89410,8
2026,7,89423,12
2026,7,89431,2
2026,7,89434,2
2026,7,89436,3
2026,7,89445,1
2026,7,89460,2
2026,7,89503,2
2026,7,89507,2
2026,7,89511,4
2026,7,89519,4
2026,7,89521,6
2026,7,89523,2
2026,7,89706,5
2026,7,89815,4
2026,7,90019,1
2026,7,90020,2
2026,7,90027,2
2026,7,90036,2
2026,7,90039,4
2026,7,90045,1
2026,7,90046,2
2026,7,90049,6
2026,7,90067,1
2026,7,90068,1
2026,7,90069,4
2026,7,90241,6
2026,7,90245,3
2026,7,90249,4
2026,7,90265,3
2026,7,90275,2
2026,7,90277,4
2026,7,90291,3
2026,7,90293,2
2026,7,90402,8
2026,7,90422,1
2026,7,90501,2
2026,7,90503,2
2026,7,90505,2
2026,7,90601,1
2026,7,90603,2
2026,7,90630,1
2026,7,90638,2
2026,7,90639,3
2026,7,90713,4
2026,7,90717,4
2026,7,90732,2
2026,7,90806,2
2026,7,90808,2
2026,7,91006,4
2026,7,91030,4
2026,7,91040,2
2026,7,91105,4
2026,7,91106,9
2026,7,91206,3
2026,7,91214,2
2026,7,91320,4
2026,7,91326,2
2026,7,91343,2
2026,7,91352,1
2026,7,91361,3
2026,7,91367,2
2026,7,91390,2
2026,7,91423,4
2026,7,91426,3
2026,7,91501,3
2026,7,91506,2
2026,7,91709,3
2026,7,91730,2
2026,7,91754,2
2026,7,91773,2
2026,7,91775,5
2026,7,91776,2
2026,7,91780,2
2026,7,91784,3
2026,7,91786,4
2026,7,91913,4
2026,7,91932,1
2026,7,91941,8
2026,7,91942,13
2026,7,92007,2
2026,7,92008,2
2026,7,92009,9
2026,7,92010,3
2026,7,92014,2
2026,7,92020,3
2026,7,92024,11
2026,7,92026,5
2026,7,92027,2
2026,7,92028,1
2026,7,92037,1
2026,7,92040,5
2026,7,92054,1
2026,7,92056,8
2026,7,92057,4
2026,7,92064,9
2026,7,92067,3
2026,7,92069,3
2026,7,92082,2
2026,7,92091,8
2026,7,92101,3
2026,7,92104,1
2026,7,92106,4
2026,7,92109,11
2026,7,92114,2
2026,7,92115,2
2026,7,92116,2
2026,7,92118,2
2026,7,92119,2
2026,7,92128,2
2026,7,92130,2
2026,7,92131,9
2026,7,92203,10
2026,7,92210,1
2026,7,92223,9
2026,7,92234,10
2026,7,92247,3
2026,7,92260,11
2026,7,92261,2
2026,7,92262,6
2026,7,92263,1
2026,7,92264,2
2026,7,92270,4
2026,7,92284,8
2026,7,92305,1
2026,7,92308,4
2026,7,92317,2
2026,7,92320,2
2026,7,92345,3
2026,7,92373,11
2026,7,92376,2
2026,7,92399,2
2026,7,92404,2
2026,7,92503,4
2026,7,92506,5
2026,7,92507,2
2026,7,92508,2
2026,7,92545,3
2026,7,92551,1
2026,7,92557,10
2026,7,92563,5
2026,7,92567,3
2026,7,92570,3
2026,7,92586,2
2026,7,92590,3
2026,7,92591,6
2026,7,92603,2
2026,7,92620,6
2026,7,92627,9
2026,7,92630,2
2026,7,92646,3
2026,7,92647,1
2026,7,92649,5
2026,7,92651,2
2026,7,92653,10
2026,7,92657,1
2026,7,92660,5
2026,7,92676,4
2026,7,92683,5
2026,7,92691,1
2026,7,92692,4
2026,7,92694,2
2026,7,92705,16
2026,7,92708,6
2026,7,92804,2
2026,7,92832,2
2026,7,92860,1
2026,7,92867,3
2026,7,92869,2
2026,7,92870,3
2026,7,92882,7
2026,7,92883,4
2026,7,92886,8
2026,7,93003,2
2026,7,93010,7
2026,7,93012,2
2026,7,93015,2
2026,7,93021,6
2026,7,93022,3
2026,7,93023,3
2026,7,93035,1
2026,7,93060,6
2026,7,93063,4
2026,7,93065,6
2026,7,93066,1
2026,7,93108,4
2026,7,93117,2
2026,7,93210,2
2026,7,93247,2
2026,7,93265,2
2026,7,93277,6
2026,7,93293,2
2026,7,93306,2
2026,7,93311,3
2026,7,93314,7
2026,7,93390,2
2026,7,93401,5
2026,7,93405,2
2026,7,93422,3
2026,7,93436,4
2026,7,93442,2
2026,7,93451,2
2026,7,93455,5
2026,7,93465,2
2026,7,93536,2
2026,7,93546,1
2026,7,93551,2
2026,7,93561,16
2026,7,93611,3
2026,7,93614,2
2026,7,93619,3
2026,7,93620,10
2026,7,93631,2
2026,7,93636,13
2026,7,93654,2
2026,7,93657,8
2026,7,93705,6
2026,7,93711,2
2026,7,93906,3
2026,7,93907,5
2026,7,93923,2
2026,7,93924,2
2026,7,93940,2
2026,7,94010,2
2026,7,94019,2
2026,7,94024,4
2026,7,94025,2
2026,7,94028,1
2026,7,94043,2
2026,7,94044,2
2026,7,94065,2
2026,7,94107,2
2026,7,94112,1
2026,7,94114,2
2026,7,94117,2
2026,7,94118,4
2026,7,94121,36
2026,7,94122,2
2026,7,94123,1
2026,7,94129,3
2026,7,94158,2
2026,7,94404,3
2026,7,94510,6
2026,7,94513,1
2026,7,94517,6
2026,7,94519,2
2026,7,94526,4
2026,7,94539,4
2026,7,94546,2
2026,7,94549,4
2026,7,94550,7
2026,7,94551,6
2026,7,94552,2
2026,7,94553,2
2026,7,94558,4
2026,7,94561,8
2026,7,94565,3
2026,7,94566,2
2026,7,94571,3
2026,7,94582,2
2026,7,94588,2
2026,7,94591,2
2026,7,94598,2
2026,7,94601,4
2026,7,94605,1
2026,7,94606,2
2026,7,94619,1
2026,7,94705,4
2026,7,94706,2
2026,7,94708,4
2026,7,94710,2
2026,7,94903,1
2026,7,94925,1
2026,7,94941,7
2026,7,94947,7
2026,7,94964,1
2026,7,94965,2
2026,7,95018,3
2026,7,95020,4
2026,7,95030,2
2026,7,95032,5
2026,7,95051,2
2026,7,95060,3
2026,7,95066,3
2026,7,95073,2
2026,7,95076,3
2026,7,95110,2
2026,7,95119,5
2026,7,95122,1
2026,7,95209,3
2026,7,95215,10
2026,7,95246,2
2026,7,95252,6
2026,7,95316,2
2026,7,95340,2
2026,7,95346,2
2026,7,95355,2
2026,7,95370,2
2026,7,95380,9
2026,7,95403,2
2026,7,95404,2
2026,7,95405,2
2026,7,95425,1
2026,7,95457,2
2026,7,95461,3
2026,7,95492,6
2026,7,95521,2
2026,7,95603,2
2026,7,95608,4
2026,7,95618,6
2026,7,95624,2
2026,7,95628,6
2026,7,95630,27
2026,7,95632,4
2026,7,95640,1
2026,7,95648,8
2026,7,95650,2
2026,7,95662,8
2026,7,95669,2
2026,7,95678,2
2026,7,95682,8
2026,7,95687,3
2026,7,95688,10
2026,7,95694,3
2026,7,95695,1
2026,7,95746,6
2026,7,95747,9
2026,7,95758,1
2026,7,95762,8
2026,7,95765,7
2026,7,95814,2
2026,7,95816,3
2026,7,95819,8
2026,7,95821,11
2026,7,95823,2
2026,7,95826,8
2026,7,95828,5
2026,7,95832,2
2026,7,95835,7
2026,7,95864,2
2026,7,95918,4
2026,7,95926,5
2026,7,95945,2
2026,7,95959,12
2026,7,95973,2
2026,7,95992,1
2026,7,96002,4
2026,7,96080,2
2026,7,96093,4
2026,7,96096,1
2026,7,96218,2
2026,7,96720,4
2026,7,96743,2
2026,7,96744,1
2026,7,96790,1
2026,7,96793,3
2026,7,96797,4
2026,7,96813,6
2026,7,96815,5
2026,7,96816,1
2026,7,96826,7
2026,7,97003,2
2026,7,97005,6
2026,7,97006,8
2026,7,97007,2
2026,7,97013,4
2026,7,97015,3
2026,7,97017,2
2026,7,97022,2
2026,7,97027,4
2026,7,97034,5
2026,7,97035,4
2026,7,97045,10
2026,7,97053,2
2026,7,97055,5
2026,7,97056,4
2026,7,97062,7
2026,7,97064,2
2026,7,97070,10
2026,7,97078,4
2026,7,97116,5
2026,7,97119,6
2026,7,97123,5
2026,7,97124,2
2026,7,97128,3
2026,7,97132,5
2026,7,97136,2
2026,7,97138,1
2026,7,97140,8
2026,7,97141,1
2026,7,97201,2
2026,7,97202,2
2026,7,97203,2
2026,7,97206,4
2026,7,97207,1
2026,7,97209,2
2026,7,97211,6
2026,7,97212,4
2026,7,97213,3
2026,7,97214,3
2026,7,97215,1
2026,7,97218,4
2026,7,97219,2
2026,7,97221,4
2026,7,97223,3
2026,7,97224,11
2026,7,97225,2
2026,7,97227,4
2026,7,97229,6
2026,7,97231,3
2026,7,97232,2
2026,7,97292,2
2026,7,97294,8
2026,7,97298,2
2026,7,97301,2
2026,7,97302,9
2026,7,97304,2
2026,7,97305,3
2026,7,97306,8
2026,7,97321,4
2026,7,97330,5
2026,7,97333,3
2026,7,97344,2
2026,7,97361,8
2026,7,97370,2
2026,7,97391,2
2026,7,97396,5
2026,7,97405,6
2026,7,97417,2
2026,7,97424,5
2026,7,97444,2
2026,7,97470,6
2026,7,97471,2
2026,7,97475,9
2026,7,97501,3
2026,7,97502,3
2026,7,97520,2
2026,7,97526,6
2026,7,97534,2
2026,7,97601,2
2026,7,97603,9
2026,7,97682,2
2026,7,97701,4
2026,7,97703,7
2026,7,97707,2
2026,7,97741,2
2026,7,97754,2
2026,7,97756,9
2026,7,97759,1
2026,7,97760,8
2026,7,97818,5
2026,7,97824,5
2026,7,97836,4
2026,7,97838,4
2026,7,97914,7
2026,7,97918,2
2026,7,98004,3
2026,7,98005,4
2026,7,98006,5
2026,7,98007,3
2026,7,98008,2
2026,7,98011,2
2026,7,98012,2
2026,7,98019,4
2026,7,98020,9
2026,7,98029,2
2026,7,98031,6
2026,7,98032,2
2026,7,98033,2
2026,7,98036,8
2026,7,98037,3
2026,7,98038,12
2026,7,98039,2
2026,7,98042,8
2026,7,98043,8
2026,7,98045,10
2026,7,98052,13
2026,7,98053,7
2026,7,98058,3
2026,7,98059,8
2026,7,98065,2
2026,7,98072,6
2026,7,98087,9
2026,7,98092,3
2026,7,98101,3
2026,7,98102,24
2026,7,98103,2
2026,7,98104,1
2026,7,98106,4
2026,7,98107,5
2026,7,98109,8
2026,7,98110,2
2026,7,98112,3
2026,7,98115,7
2026,7,98116,2
2026,7,98119,3
2026,7,98125,5
2026,7,98126,4
2026,7,98136,1
2026,7,98144,8
2026,7,98146,4
2026,7,98166,1
2026,7,98188,2
2026,7,98199,6
2026,7,98201,2
2026,7,98208,4
2026,7,98221,2
2026,7,98223,2
2026,7,98225,7
2026,7,98230,1
2026,7,98236,2
2026,7,98239,2
2026,7,98248,6
2026,7,98253,4
2026,7,98258,2
2026,7,98260,2
2026,7,98261,4
2026,7,98264,4
2026,7,98265,5
2026,7,98270,4
2026,7,98272,1
2026,7,98273,19
2026,7,98274,12
2026,7,98275,2
2026,7,98282,2
2026,7,98284,2
2026,7,98296,14
2026,7,98310,1
2026,7,98311,3
2026,7,98312,4
2026,7,98321,2
2026,7,98325,4
2026,7,98328,2
2026,7,98332,5
2026,7,98333,2
2026,7,98335,2
2026,7,98338,3
2026,7,98346,6
2026,7,98354,2
2026,7,98362,4
2026,7,98365,2
2026,7,98367,7
2026,7,98368,2
2026,7,98372,4
2026,7,98373,3
2026,7,98380,2
2026,7,98382,15
2026,7,98383,4
2026,7,98387,2
2026,7,98390,8
2026,7,98391,12
2026,7,98393,4
2026,7,98407,2
2026,7,98408,2
2026,7,98424,2
2026,7,98443,2
2026,7,98465,2
2026,7,98466,2
2026,7,98499,2
2026,7,98502,4
2026,7,98506,4
2026,7,98512,4
2026,7,98513,11
2026,7,98524,6
2026,7,98570,4
2026,7,98579,10
2026,7,98584,9
2026,7,98597,2
2026,7,98604,4
2026,7,98606,2
2026,7,98607,4
2026,7,98620,3
2026,7,98623,1
2026,7,98625,2
2026,7,98629,4
2026,7,98632,4
2026,7,98642,3
2026,7,98662,2
2026,7,98664,5
2026,7,98672,3
2026,7,98674,1
2026,7,98682,8
2026,7,98683,1
2026,7,98687,5
2026,7,98704,1
2026,7,98801,3
2026,7,98815,8
2026,7,98826,4
2026,7,98833,3
2026,7,98837,13
2026,7,98848,4
2026,7,98856,1
2026,7,98903,2
2026,7,98908,14
2026,7,98926,4
2026,7,98930,2
2026,7,98936,15
2026,7,98940,2
2026,7,98942,6
2026,7,99004,11
2026,7,99011,8
2026,7,99012,2
2026,7,99016,6
2026,7,99022,4
2026,7,99025,2
2026,7,99026,6
2026,7,99027,2
2026,7,99114,2
2026,7,99121,2
2026,7,99141,4
2026,7,99153,3
2026,7,99156,2
2026,7,99163,3
2026,7,99185,2
2026,7,99202,4
2026,7,99203,3
2026,7,99205,4
2026,7,99206,16
2026,7,99207,2
2026,7,99208,18
2026,7,99212,2
2026,7,99217,10
2026,7,99218,2
2026,7,99223,2
2026,7,99224,4
2026,7,99301,1
2026,7,99324,6
2026,7,99336,2
2026,7,99338,2
2026,7,99344,4
2026,7,99352,17
2026,7,99353,17
2026,7,99354,4
2026,7,99362,4
2026,7,99501,8
2026,7,99502,2
2026,7,99507,2
2026,7,99515,4
2026,7,99567,1
2026,7,99577,4
2026,7,99615,4
2026,7,99645,15
2026,7,99654,4
2026,7,99664,3
2026,7,99669,2
2026,7,99712,3
2026,7,99725,1
2026,7,99737,2
2026,7,99801,5
2026,7,99835,4
2026,7,B3E 1L5,3
2026,7,BETHLEHEM,6
2026,7,BR7 6BF,2
2026,7,G1S 0A8,2
2026,7,G1X 2X8,2
2026,7,IT,2
2026,7,J0S 1A0,5
2026,7,J2W 1M2,3
2026,7,N2A 1L9,1
2026,7,R0E 1A0,4
2026,7,R0G 0B0,2
2026,7,R0K 1G0,5
2026,7,R0M 1Y0,3
2026,7,R1A 2S6,2
2026,7,R2G 2L1,2
2026,7,R3L 0C6,1
2026,7,R3R 3Y8,2
2026,7,R3T 4A7,4
2026,7,R3T 6K4,2
2026,7,R3Y 2K4,5
2026,7,R7B 3A1,2
2026,7,S0A 4T0,2
2026,7,S0C 0B0,7
2026,7,S0C 0R0,2
2026,7,S0C 1P0,4
2026,7,S0C 2L0,2
2026,7,S0G 4E0,1
2026,7,S0G 4G0,2
2026,7,S0H 0Z0,2
2026,7,S0K 2A0,3
2026,7,S4A 1G7,2
2026,7,S4A 2R3,4
2026,7,S4A 2X5,6
2026,7,S4H 3M5,2
2026,7,S4M 0A3,2
2026,7,S4R 6M5,1
2026,7,S4T 2R6,2
2026,7,S4V 0N2,2
2026,7,S4V 1M6,2
2026,7,S4W 0T6,3
2026,7,S4Y 0A7,10
2026,7,S4Y 1H7,4
2026,7,S6H 7B2,2
2026,7,S6J 1N7,6
2026,7,S7T 0E6,2
2026,7,S7T 0V9,2
2026,7,S7W 0E3,2
2026,7,S9X 1Y7,2
2026,7,ST216AX,3
2026,7,T,3
2026,7,T0H 0C0,2
2026,7,T0K 1W0,4
2026,7,T0L 2A0,4
2026,7,T1A 8P9,2
2026,7,T1G 2E1,3
2026,7,T2T 0H6,2
2026,7,T3Z 2S8,4
2026,7,T4B 3Y5,7
2026,7,T4H 1W2,4
2026,7,T7Y 1B8,2
2026,7,V1T 2C5,2
2026,7,Y,2
2026,8,01027,4
2026,8,01040,1
2026,8,01062,2
2026,8,01081,1
2026,8,01201,1
2026,8,01267,1
2026,8,01301,2
2026,8,01344,2
2026,8,01460,2
2026,8,01462,2
2026,8,01469,2
2026,8,01510,2
2026,8,01581,2
2026,8,01583,5
2026,8,01754,1
2026,8,01776,4
2026,8,01810,2
2026,8,01824,2
2026,8,01826,2
2026,8,01851,4
2026,8,01852,2
2026,8,01864,5
2026,8,01890,2
2026,8,01945,3
2026,8,01970,2
2026,8,02019,11
2026,8,02025,6
2026,8,02038,1
2026,8,02053,2
2026,8,02054,2
2026,8,02128,3
2026,8,02129,4
2026,8,02130,2
2026,8,02138,4
2026,8,02141,1
2026,8,02143,4
2026,8,02145,2
2026,8,02169,2
2026,8,02186,2
2026,8,02324,2
2026,8,02330,2
2026,8,02332,2
2026,8,02346,1
2026,8,02347,2
2026,8,02375,2
2026,8,02420,4
2026,8,02445,12
2026,8,02451,4
2026,8,02452,2
2026,8,02459,3
2026,8,02493,5
2026,8,02553,2
2026,8,02631,2
2026,8,02748,4
2026,8,02806,1
2026,8,02816,9
2026,8,02818,2
2026,8,02828,7
2026,8,02842,4
2026,8,02878,4
2026,8,02904,2
2026,8,02906,5
2026,8,03042,2
2026,8,03051,1
2026,8,03055,8
2026,8,03082,6
2026,8,03087,2
2026,8,03110,6
2026,8,03220,1
2026,8,03226,0
2026,8,03253,2
2026,8,03256,3
2026,8,03281,2
2026,8,03301,6
2026,8,03455,1
2026,8,03466,0
2026,8,03743,2
2026,8,03766,3
2026,8,03839,2
2026,8,03845,4
2026,8,03846,2
2026,8,03849,2
2026,8,03867,2
2026,8,04005,2
2026,8,04043,4
2026,8,04073,2
2026,8,04086,2
2026,8,04092,2
2026,8,04096,3
2026,8,04103,1
2026,8,04239,2
2026,8,04240,2
2026,8,04265,2
2026,8,04284,2
2026,8,04287,2
2026,8,04353,2
2026,8,04357,1
2026,8,04429,2
2026,8,04530,1
2026,8,04537,2
2026,8,04757,2
2026,8,04769,2
2026,8,04843,2
2026,8,04849,2
2026,8,04949,2
2026,8,04989,4
2026,8,05047,3
2026,8,05048,1
2026,8,05201,2
2026,8,05356,4
2026,8,05443,2
2026,8,05491,4
2026,8,05495,1
2026,8,05851,2
2026,8,06013,5
2026,8,06018,2
2026,8,06019,13
2026,8,06029,2
2026,8,06032,2
2026,8,06035,2
2026,8,06040,4
2026,8,06070,5
2026,8,06085,3
2026,8,06105,2
2026,8,06117,2
2026,8,06226,1
2026,8,06238,14
2026,8,06248,2
2026,8,06278,2
2026,8,06281,5
2026,8,06282,2
2026,8,06371,0
2026,8,06416,2
2026,8,06437,2
2026,8,06457,2
2026,8,06477,2
2026,8,06492,2
2026,8,06511,8
2026,8,06512,2
2026,8,06518,2
2026,8,06752,2
2026,8,06759,2
2026,8,06776,1
2026,8,06777,4
2026,8,06786,2
2026,8,06790,1
2026,8,06796,2
2026,8,06811,3
2026,8,06820,2
2026,8,06830,13
2026,8,06840,4
2026,8,06850,2
2026,8,06870,1
2026,8,06877,22
2026,8,06878,18
2026,8,06880,4
2026,8,06890,2
2026,8,06896,2
2026,8,06897,8
2026,8,07021,2
2026,8,07024,2
2026,8,07035,2
2026,8,07040,5
2026,8,07076,2
2026,8,07090,5
2026,8,07310,1
2026,8,07410,1
2026,8,07416,2
2026,8,07481,2
2026,8,07630,4
2026,8,07631,2
2026,8,07632,1
2026,8,07640,2
2026,8,07666,2
2026,8,07712,2
2026,8,07716,4
2026,8,07719,2
2026,8,07739,2
2026,8,07753,2
2026,8,07826,4
2026,8,07834,6
2026,8,07836,3
2026,8,07840,3
2026,8,07860,3
2026,8,07876,2
2026,8,07901,4
2026,8,07920,4
2026,8,07921,2
2026,8,07928,5
2026,8,07945,5
2026,8,07960,5
2026,8,08002,4
2026,8,08019,2
2026,8,08024,4
2026,8,08034,2
2026,8,08054,2
2026,8,08075,1
2026,8,08077,2
2026,8,08084,2
2026,8,08088,2
2026,8,08108,2
2026,8,08203,2
2026,8,08205,2
2026,8,08234,1
2026,8,08270,2
2026,8,08310,2
2026,8,08330,2
2026,8,08332,4
2026,8,08505,2
2026,8,08514,2
2026,8,08535,2
2026,8,08536,4
2026,8,08540,6
2026,8,08550,2
2026,8,08551,10
2026,8,08610,2
2026,8,08619,2
2026,8,08690,2
2026,8,08732,4
2026,8,08735,2
2026,8,08742,3
2026,8,08758,2
2026,8,08820,5
2026,8,08824,4
2026,8,08831,4
2026,8,08844,10
2026,8,08848,2
2026,8,08876,1
2026,8,08879,3
2026,8,09123,4
2026,8,10002,6
2026,8,10003,2
2026,8,10007,1
2026,8,10010,2
2026,8,10011,13
2026,8,10014,4
2026,8,10016,2
2026,8,10019,2
2026,8,10021,3
2026,8,10023,5
2026,8,10024,3
2026,8,10025,6
2026,8,10028,1
2026,8,10030,2
2026,8,10036,8
2026,8,10038,6
2026,8,10075,9
2026,8,10305,1
2026,8,10306,2
2026,8,10471,4
2026,8,10502,2
2026,8,10509,1
2026,8,10514,2
2026,8,10518,3
2026,8,10567,3
2026,8,10576,2
2026,8,10598,4
2026,8,10605,9
2026,8,10803,8
2026,8,10950,1
2026,8,10954,2
2026,8,10977,2
2026,8,10990,2
2026,8,10992,2
2026,8,10998,1
2026,8,11021,4
2026,8,11040,2
2026,8,11101,4
2026,8,11105,2
2026,8,11201,4
2026,8,11209,2
2026,8,11213,2
2026,8,11215,4
2026,8,11216,1
2026,8,11218,4
2026,8,11222,3
2026,8,11225,2
2026,8,11226,2
2026,8,11237,4
2026,8,11238,2
2026,8,11375,2
2026,8,11377,2
2026,8,11385,2
2026,8,11418,4
2026,8,11559,2
2026,8,11561,4
2026,8,11572,2
2026,8,11598,1
2026,8,11701,1
2026,8,11703,2
2026,8,11721,2
2026,8,11729,1
2026,8,11731,1
2026,8,11733,1
2026,8,11743,5
2026,8,11746,3
2026,8,11747,0
2026,8,11756,2
2026,8,11757,1
2026,8,11764,2
2026,8,11767,2
2026,8,11789,2
2026,8,11793,2
2026,8,11795,2
2026,8,11803,2
2026,8,12018,4
2026,8,12027,1
2026,8,12037,2
2026,8,12054,4
2026,8,12060,2
2026,8,12084,2
2026,8,12159,4
2026,8,12180,2
2026,8,12198,4
2026,8,12205,1
2026,8,12303,4
2026,8,12533,4
2026,8,12545,2
2026,8,12546,2
2026,8,12571,3
2026,8,12589,2
2026,8,12603,7
2026,8,12828,2
2026,8,12845,2
2026,8,12866,5
2026,8,12874,2
2026,8,12942,2
2026,8,13021,5
2026,8,13027,7
2026,8,13029,2
2026,8,13041,2
2026,8,13066,3
2026,8,13077,3
2026,8,13090,2
2026,8,13114,2
2026,8,13210,4
2026,8,13329,4
2026,8,13416,2
2026,8,13601,2
2026,8,13658,3
2026,8,13760,2
2026,8,13830,2
2026,8,13841,2
2026,8,13862,2
2026,8,14040,2
2026,8,14043,2
2026,8,14063,2
2026,8,14075,4
2026,8,14080,1
2026,8,14086,2
2026,8,14094,8
2026,8,14126,2
2026,8,14127,2
2026,8,14174,2
2026,8,14202,2
2026,8,14209,2
2026,8,14216,2
2026,8,14221,5
2026,8,14304,2
2026,8,14420,2
2026,8,14424,3
2026,8,14425,4
2026,8,14428,2
2026,8,14450,4
2026,8,14471,2
2026,8,14514,4
2026,8,14532,1
2026,8,14559,4
2026,8,14568,11
2026,8,14604,2
2026,8,14606,2
2026,8,14624,1
2026,8,14625,1
2026,8,14701,6
2026,8,14843,2
2026,8,14845,2
2026,8,14883,2
2026,8,15005,2
2026,8,15044,8
2026,8,15057,2
2026,8,15061,3
2026,8,15084,2
2026,8,15090,4
2026,8,15101,2
2026,8,15133,2
2026,8,15143,2
2026,8,15208,5
2026,8,15211,2
2026,8,15216,2
2026,8,15217,2
2026,8,15221,2
2026,8,15224,2
2026,8,15235,4
2026,8,15236,6
2026,8,15237,6
2026,8,15241,1
2026,8,15437,4
2026,8,15501,4
2026,8,15545,2
2026,8,15551,4
2026,8,15636,2
2026,8,15650,2
2026,8,15668,3
2026,8,15683,2
2026,8,15701,2
2026,8,15736,2
2026,8,15801,4
2026,8,15856,2
2026,8,16033,2
2026,8,16046,4
2026,8,16059,3
2026,8,16066,6
2026,8,16127,2
2026,8,16137,2
2026,8,16235,2
2026,8,16314,2
2026,8,16322,2
2026,8,16345,3
2026,8,16365,1
2026,8,16508,1
2026,8,16601,1
2026,8,16602,4
2026,8,16648,2
2026,8,16662,2
2026,8,16673,2
2026,8,16678,2
2026,8,16801,8
2026,8,16803,2
2026,8,16870,2
2026,8,17011,4
2026,8,17013,2
2026,8,17015,6
2026,8,17019,2
2026,8,17036,6
2026,8,17037,2
2026,8,17053,4
2026,8,17070,3
2026,8,17109,4
2026,8,17111,3
2026,8,17201,1
2026,8,17222,2
2026,8,17225,5
2026,8,17325,2
2026,8,17331,2
2026,8,17349,8
2026,8,17350,1
2026,8,17360,2
2026,8,17372,2
2026,8,17401,3
2026,8,17402,2
2026,8,17403,2
2026,8,17407,2
2026,8,17517,2
2026,8,17519,1
2026,8,17522,4
2026,8,17543,18
2026,8,17545,2
2026,8,17547,5
2026,8,17552,2
2026,8,17557,4
2026,8,17562,7
2026,8,17566,6
2026,8,17572,4
2026,8,17584,2
2026,8,17601,6
2026,8,17602,2
2026,8,17603,2
2026,8,17821,2
2026,8,17836,2
2026,8,18017,2
2026,8,18045,2
2026,8,18051,1
2026,8,18064,2
2026,8,18076,7
2026,8,18078,2
2026,8,18222,6
2026,8,18426,3
2026,8,18436,1
2026,8,18458,5
2026,8,18466,2
2026,8,18603,2
2026,8,18634,2
2026,8,18810,3
2026,8,18901,6
2026,8,18902,2
2026,8,18947,1
2026,8,18966,2
2026,8,18969,2
2026,8,18974,3
2026,8,18976,9
2026,8,19001,4
2026,8,19002,5
2026,8,19008,1
2026,8,19026,2
2026,8,19038,4
2026,8,19041,4
2026,8,19046,8
2026,8,19047,2
2026,8,19063,4
2026,8,19064,5
2026,8,19087,4
2026,8,19128,2
2026,8,19147,6
2026,8,19312,4
2026,8,19342,1
2026,8,19363,3
2026,8,19380,6
2026,8,19382,19
2026,8,19421,4
2026,8,19426,5
2026,8,19428,4
2026,8,19446,2
2026,8,19464,3
2026,8,19465,8
2026,8,19507,2
2026,8,19508,2
2026,8,19522,0
2026,8,19525,8
2026,8,19526,1
2026,8,19540,3
2026,8,19541,2
2026,8,19551,2
2026,8,19701,2
2026,8,19707,1
2026,8,19709,2
2026,8,19711,6
2026,8,19713,1
2026,8,19803,3
2026,8,19806,3
2026,8,19904,4
2026,8,19934,2
2026,8,19952,2
2026,8,19958,5
2026,8,19962,2
2026,8,19963,3
2026,8,19970,4
2026,8,20001,11
2026,8,20002,13
2026,8,20003,19
2026,8,20005,2
2026,8,20007,17
2026,8,20008,2
2026,8,20009,4
2026,8,20011,4
2026,8,20015,13
2026,8,20016,3
2026,8,20018,1
2026,8,20024,2
2026,8,20036,1
2026,8,20037,4
2026,8,20105,2
2026,8,20111,3
2026,8,20120,4
2026,8,20136,2
2026,8,20141,2
2026,8,20147,1
2026,8,20148,2
2026,8,20155,4
2026,8,20158,2
2026,8,20169,2
2026,8,20171,2
2026,8,20175,2
2026,8,20187,2
2026,8,20189,3
2026,8,20613,2
2026,8,20636,5
2026,8,20646,3
2026,8,20659,3
2026,8,20676,2
2026,8,20695,4
2026,8,20723,4
2026,8,20732,2
2026,8,20736,4
2026,8,20754,2
2026,8,20785,8
2026,8,20814,7
2026,8,20815,7
2026,8,20816,7
2026,8,20817,13
2026,8,20837,7
2026,8,20850,2
2026,8,20852,1
2026,8,20854,8
2026,8,20877,4
2026,8,20878,6
2026,8,20901,5
2026,8,20902,4
2026,8,20906,6
2026,8,20910,7
2026,8,21001,2
2026,8,21015,3
2026,8,21032,2
2026,8,21035,2
2026,8,21036,4
2026,8,21042,2
2026,8,21043,2
2026,8,21044,2
2026,8,21045,2
2026,8,21046,7
2026,8,21054,11
2026,8,21074,2
2026,8,21075,3
2026,8,21093,8
2026,8,21102,2
2026,8,21113,5
2026,8,21114,6
2026,8,21117,0
2026,8,21122,3
2026,8,21128,2
2026,8,21131,2
2026,8,21144,2
2026,8,21155,1
2026,8,21157,1
2026,8,21161,2
2026,8,21202,1
2026,8,21210,6
2026,8,21214,4
2026,8,21215,1
2026,8,21218,2
2026,8,21220,1
2026,8,21222,2
2026,8,21230,6
2026,8,21234,4
2026,8,21236,8
2026,8,21401,5
2026,8,21409,6
2026,8,21531,5
2026,8,21601,2
2026,8,21632,2
2026,8,21671,2
2026,8,21701,3
2026,8,21702,10
2026,8,21703,2
2026,8,21758,1
2026,8,21769,4
2026,8,21774,7
2026,8,21784,10
2026,8,21813,2
2026,8,21842,2
2026,8,22003,2
2026,8,22015,4
2026,8,22032,2
2026,8,22033,3
2026,8,22039,6
2026,8,22042,3
2026,8,22043,8
2026,8,22046,2
2026,8,22066,6
2026,8,22101,3
2026,8,22152,6
2026,8,22180,6
2026,8,22182,2
2026,8,22193,5
2026,8,22201,1
2026,8,22202,7
2026,8,22203,1
2026,8,22204,8
2026,8,22205,5
2026,8,22207,4
2026,8,22236,2
2026,8,22301,1
2026,8,22303,4
2026,8,22304,3
2026,8,22307,2
2026,8,22308,4
2026,8,22310,6
2026,8,22312,2
2026,8,22314,7
2026,8,22315,2
2026,8,22405,2
2026,8,22406,4
2026,8,22407,2
2026,8,22443,2
2026,8,22554,4
2026,8,22556,2
2026,8,22567,2
2026,8,22610,2
2026,8,22611,0
2026,8,22630,3
2026,8,22701,4
2026,8,22740,2
2026,8,22812,4
2026,8,22901,2
2026,8,22902,2
2026,8,22920,1
2026,8,22932,8
2026,8,22947,2
2026,8,22949,2
2026,8,22952,2
2026,8,22963,4
2026,8,22967,2
2026,8,23059,3
2026,8,23060,2
2026,8,23103,5
2026,8,23109,2
2026,8,23111,2
2026,8,23112,8
2026,8,23113,2
2026,8,23114,6
2026,8,23117,1
2026,8,23120,4
2026,8,23138,2
2026,8,23139,2
2026,8,23177,2
2026,8,23185,10
2026,8,23188,2
2026,8,23219,2
2026,8,23221,9
2026,8,23223,1
2026,8,23224,4
2026,8,23225,1
2026,8,23229,11
2026,8,23233,1
2026,8,23310,2
2026,8,23314,1
2026,8,23320,2
2026,8,23322,2
2026,8,23356,4
2026,8,23417,2
2026,8,23433,3
2026,8,23434,2
2026,8,23435,1
2026,8,23451,4
2026,8,23454,4
2026,8,23455,2
2026,8,23505,4
2026,8,23508,2
2026,8,23509,6
2026,8,23518,6
2026,8,23601,0
2026,8,23602,2
2026,8,23608,2
2026,8,23696,2
2026,8,23803,3
2026,8,23831,2
2026,8,23838,4
2026,8,23851,2
2026,8,24018,5
2026,8,24060,10
2026,8,24079,2
2026,8,24085,3
2026,8,24121,4
2026,8,24134,3
2026,8,24175,2
2026,8,24202,6
2026,8,24266,2
2026,8,24368,4
2026,8,24378,4
2026,8,24402,4
2026,8,24503,3
2026,8,24504,2
2026,8,24521,2
2026,8,24541,2
2026,8,25071,2
2026,8,25073,4
2026,8,25142,3
2026,8,25245,2
2026,8,25304,9
2026,8,25311,3
2026,8,25414,6
2026,8,25420,1
2026,8,25504,2
2026,8,25508,5
2026,8,26104,7
2026,8,26161,1
2026,8,26206,2
2026,8,26229,2
2026,8,26301,1
2026,8,26554,2
2026,8,26764,2
2026,8,27017,2
2026,8,27023,4
2026,8,27043,2
2026,8,27104,3
2026,8,27106,2
2026,8,27217,2
2026,8,27262,2
2026,8,27265,4
2026,8,27278,1
2026,8,27284,2
2026,8,27312,2
2026,8,27330,10
2026,8,27403,4
2026,8,27405,4
2026,8,27408,2
2026,8,27410,16
2026,8,27514,3
2026,8,27516,5
2026,8,27517,8
2026,8,27518,1
2026,8,27519,4
2026,8,27520,2
2026,8,27525,2
2026,8,27526,6
2026,8,27527,2
2026,8,27541,2
2026,8,27542,2
2026,8,27560,9
2026,8,27587,2
2026,8,27592,4
2026,8,27597,2
2026,8,27607,4
2026,8,27609,8
2026,8,27612,2
2026,8,27613,6
2026,8,27614,4
2026,8,27615,6
2026,8,27704,3
2026,8,27705,1
2026,8,27817,2
2026,8,27858,4
2026,8,27938,2
2026,8,27944,2
2026,8,27949,2
2026,8,27959,2
2026,8,28012,2
2026,8,28031,2
2026,8,28036,2
2026,8,28037,7
2026,8,28075,2
2026,8,28078,2
2026,8,28104,10
2026,8,28105,1
2026,8,28110,2
2026,8,28115,1
2026,8,28117,2
2026,8,28120,8
2026,8,28144,2
2026,8,28202,6
2026,8,28208,2
2026,8,28210,1
2026,8,28226,2
2026,8,28227,2
2026,8,28270,6
2026,8,28278,4
2026,8,28303,3
2026,8,28304,1
2026,8,28311,1
2026,8,28327,6
2026,8,28334,2
2026,8,28358,3
2026,8,28365,3
2026,8,28374,2
2026,8,28387,2
2026,8,28411,2
2026,8,28412,1
2026,8,28425,2
2026,8,28443,3
2026,8,28451,4
2026,8,28462,4
2026,8,28465,6
2026,8,28468,9
2026,8,28502,2
2026,8,28512,2
2026,8,28516,2
2026,8,28557,2
2026,8,28560,2
2026,8,28562,6
2026,8,28564,2
2026,8,28584,2
2026,8,28602,4
2026,8,28607,2
2026,8,28625,2
2026,8,28645,4
2026,8,28653,4
2026,8,28678,2
2026,8,28704,3
2026,8,28730,2
2026,8,28732,1
2026,8,28734,4
2026,8,28766,4
2026,8,28771,2
2026,8,28779,2
2026,8,28786,4
2026,8,28787,4
2026,8,28791,1
2026,8,28803,6
2026,8,28804,1
2026,8,28906,5
2026,8,29036,2
2026,8,29072,4
2026,8,29075,4
2026,8,29102,2
2026,8,29150,2
2026,8,29154,2
2026,8,29201,2
2026,8,29209,6
2026,8,29316,2
2026,8,29322,2
2026,8,29324,2
2026,8,29334,4
2026,8,29349,4
2026,8,29403,1
2026,8,29410,1
2026,8,29412,7
2026,8,29445,5
2026,8,29449,2
2026,8,29455,4
2026,8,29464,4
2026,8,29466,2
2026,8,29483,4
2026,8,29485,3
2026,8,29486,2
2026,8,29492,2
2026,8,29501,2
2026,8,29526,2
2026,8,29566,2
2026,8,29572,2
2026,8,29577,1
2026,8,29579,3
2026,8,29582,2
2026,8,29585,3
2026,8,29605,2
2026,8,29607,4
2026,8,29609,1
2026,8,29615,2
2026,8,29621,2
2026,8,29625,5
2026,8,29670,4
2026,8,29671,2
2026,8,29676,2
2026,8,29678,2
2026,8,29680,2
2026,8,29689,5
2026,8,29690,7
2026,8,29708,10
2026,8,29730,2
2026,8,29745,2
2026,8,29803,2
2026,8,29829,2
2026,8,29841,1
2026,8,29906,2
2026,8,29909,2
2026,8,29926,6
2026,8,29928,2
2026,8,30002,4
2026,8,30004,2
2026,8,30009,2
2026,8,30017,2
2026,8,30019,2
2026,8,30022,4
2026,8,30024,4
2026,8,30030,5
2026,8,30033,3
2026,8,30034,1
2026,8,30040,4
2026,8,30041,6
2026,8,30049,2
2026,8,30062,3
2026,8,30064,6
2026,8,30066,1
2026,8,30068,2
2026,8,30075,4
2026,8,30078,2
2026,8,30084,2
2026,8,30087,2
2026,8,30101,1
2026,8,30102,2
2026,8,30115,4
2026,8,30120,2
2026,8,30127,5
2026,8,30132,4
2026,8,30143,4
2026,8,30152,2
2026,8,30153,2
2026,8,30157,4
2026,8,30178,2
2026,8,30183,2
2026,8,30187,2
2026,8,30189,2
2026,8,30215,2
2026,8,30217,4
2026,8,30223,2
2026,8,30224,2
2026,8,30240,4
2026,8,30263,2
2026,8,30265,11
2026,8,30268,2
2026,8,30269,2
2026,8,30276,2
2026,8,30286,2
2026,8,30309,4
2026,8,30317,4
2026,8,30318,2
2026,8,30319,7
2026,8,30327,5
2026,8,30345,9
2026,8,30349,1
2026,8,30350,4
2026,8,30471,2
2026,8,30506,4
2026,8,30512,4
2026,8,30525,2
2026,8,30534,2
2026,8,30546,4
2026,8,30548,2
2026,8,30549,2
2026,8,30559,2
2026,8,30601,6
2026,8,30606,2
2026,8,30642,10
2026,8,30677,6
2026,8,30680,2
2026,8,30701,4
2026,8,30705,8
2026,8,30707,2
2026,8,30710,2
2026,8,30725,2
2026,8,30736,2
2026,8,30739,2
2026,8,30752,4
2026,8,30824,4
2026,8,30904,3
2026,8,30909,1
2026,8,31008,2
2026,8,31021,2
2026,8,31024,2
2026,8,31029,4
2026,8,31082,2
2026,8,31088,4
2026,8,31401,2
2026,8,31406,2
2026,8,31410,2
2026,8,31411,12
2026,8,31419,2
2026,8,31523,2
2026,8,31535,2
2026,8,31763,4
2026,8,31768,1
2026,8,31792,2
2026,8,31793,2
2026,8,32003,1
2026,8,32034,6
2026,8,32040,1
2026,8,32043,31
2026,8,32054,3
2026,8,32068,3
2026,8,3207,1
2026,8,32073,2
2026,8,32081,3
2026,8,32082,2
2026,8,32084,2
2026,8,32092,9
2026,8,32095,2
2026,8,32114,2
2026,8,32117,7
2026,8,32127,2
2026,8,32129,2
2026,8,32136,3
2026,8,32137,7
2026,8,32140,2
2026,8,32141,2
2026,8,32159,8
2026,8,32162,13
2026,8,32163,29
2026,8,32168,2
2026,8,32174,8
2026,8,32193,2
2026,8,32205,10
2026,8,32218,2
2026,8,32223,1
2026,8,32224,6
2026,8,32225,3
2026,8,32233,5
2026,8,32250,6
2026,8,32257,2
2026,8,32258,2
2026,8,32259,4
2026,8,32277,2
2026,8,32308,2
2026,8,32309,2
2026,8,32311,6
2026,8,32312,2
2026,8,32333,3
2026,8,32355,2
2026,8,32359,2
2026,8,32408,3
2026,8,32413,2
2026,8,32439,3
2026,8,32456,4
2026,8,32461,9
2026,8,32503,4
2026,8,32507,2
2026,8,32514,2
2026,8,32516,2
2026,8,32526,7
2026,8,32533,2
2026,8,32536,17
2026,8,32539,2
2026,8,32547,2
2026,8,32548,6
2026,8,32566,2
2026,8,32571,8
2026,8,32580,1
2026,8,32608,2
2026,8,32615,2
2026,8,32625,2
2026,8,32626,1
2026,8,32656,2
2026,8,32669,2
2026,8,32708,2
2026,8,32712,2
2026,8,32720,2
2026,8,32724,4
2026,8,32725,27
2026,8,32726,2
2026,8,32751,3
2026,8,32757,2
2026,8,32763,1
2026,8,32765,1
2026,8,32766,2
2026,8,32773,2
2026,8,32778,6
2026,8,32780,4
2026,8,32784,2
2026,8,32789,3
2026,8,32792,5
2026,8,32804,2
2026,8,32809,2
2026,8,32814,2
2026,8,32819,4
2026,8,32822,4
2026,8,32824,2
2026,8,32832,7
2026,8,32837,2
2026,8,32903,2
2026,8,32904,4
2026,8,32907,3
2026,8,32922,2
2026,8,32931,1
2026,8,32934,9
2026,8,32935,4
2026,8,32937,4
2026,8,32940,2
2026,8,32949,3
2026,8,32953,2
2026,8,32958,3
2026,8,32963,1
2026,8,32976,2
2026,8,33004,2
2026,8,33037,2
2026,8,33040,2
2026,8,33042,11
2026,8,33062,2
2026,8,33064,4
2026,8,33133,2
2026,8,33137,2
2026,8,33155,3
2026,8,33160,3
2026,8,33162,2
2026,8,33166,6
2026,8,33176,4
2026,8,33181,2
2026,8,33256,2
2026,8,33301,2
2026,8,33304,2
2026,8,33314,2
2026,8,33316,2
2026,8,33324,3
2026,8,33328,4
2026,8,33330,2
2026,8,33331,2
2026,8,33404,2
2026,8,33408,8
2026,8,33411,6
2026,8,33414,2
2026,8,33418,5
2026,8,33432,6
2026,8,33435,5
2026,8,33437,2
2026,8,33444,3
2026,8,33455,4
2026,8,33458,10
2026,8,33471,2
2026,8,33473,6
2026,8,33477,1
2026,8,33478,6
2026,8,33487,2
2026,8,33511,7
2026,8,33513,1
2026,8,33523,2
2026,8,33542,2
2026,8,33544,2
2026,8,33556,6
2026,8,33563,3
2026,8,33565,2
2026,8,33572,4
2026,8,33576,3
2026,8,33596,2
2026,8,33597,2
2026,8,33598,2
2026,8,33602,2
2026,8,33604,3
2026,8,33609,10
2026,8,33611,2
2026,8,33617,2
2026,8,33624,9
2026,8,33629,2
2026,8,33634,2
2026,8,33702,2
2026,8,33705,1
2026,8,33706,9
2026,8,33708,2
2026,8,33712,1
2026,8,33760,2
2026,8,33763,3
2026,8,33767,2
2026,8,33773,2
2026,8,33774,2
2026,8,33781,2
2026,8,33785,3
2026,8,33813,6
2026,8,33825,2
2026,8,33837,8
2026,8,33844,8
2026,8,33859,8
2026,8,33868,8
2026,8,33884,2
2026,8,33896,3
2026,8,33903,6
2026,8,33904,4
2026,8,33907,2
2026,8,33908,5
2026,8,33912,4
2026,8,33913,4
2026,8,33914,4
2026,8,33922,1
2026,8,33928,4
2026,8,33946,2
2026,8,33948,2
2026,8,33950,6
2026,8,33952,2
2026,8,33953,1
2026,8,33954,2
2026,8,33955,2
2026,8,33957,4
2026,8,33981,2
2026,8,33982,9
2026,8,33983,6
2026,8,33990,4
2026,8,33991,2
2026,8,33993,1
2026,8,34104,2
2026,8,34105,4
2026,8,34108,7
2026,8,34109,7
2026,8,34110,5
2026,8,34112,11
2026,8,34113,10
2026,8,34114,9
2026,8,34120,4
2026,8,34134,4
2026,8,34135,2
2026,8,34142,2
2026,8,34202,2
2026,8,34203,2
2026,8,34209,4
2026,8,34210,2
2026,8,34212,2
2026,8,34217,4
2026,8,34221,1
2026,8,34231,4
2026,8,34239,6
2026,8,34242,2
2026,8,34251,2
2026,8,34266,8
2026,8,34269,2
2026,8,34275,5
2026,8,34281,4
2026,8,34286,4
2026,8,34288,2
2026,8,34292,7
2026,8,34446,2
2026,8,34448,2
2026,8,34459,2
2026,8,34471,2
2026,8,34481,8
2026,8,34488,2
2026,8,34491,4
2026,8,34606,2
2026,8,34609,4
2026,8,34638,3
2026,8,34652,5
2026,8,34655,2
2026,8,34667,2
2026,8,34668,4
2026,8,34677,5
2026,8,34683,2
2026,8,34684,2
2026,8,34685,3
2026,8,34688,4
2026,8,34695,2
2026,8,34698,4
2026,8,34714,2
2026,8,34736,4
2026,8,34743,3
2026,8,34744,7
2026,8,34746,2
2026,8,34747,6
2026,8,34748,4
2026,8,34759,4
2026,8,34762,2
2026,8,34786,2
2026,8,34787,4
2026,8,34788,3
2026,8,34949,6
2026,8,34951,2
2026,8,34957,5
2026,8,34987,4
2026,8,34990,2
2026,8,34996,4
2026,8,34997,10
2026,8,35031,1
2026,8,35079,2
2026,8,35080,2
2026,8,35121,2
2026,8,35143,6
2026,8,35150,2
2026,8,35179,2
2026,8,35203,2
2026,8,35205,2
2026,8,35216,8
2026,8,3522 HV,6
2026,8,35226,4
2026,8,35242,6
2026,8,35244,2
2026,8,35406,2
2026,8,35555,2
2026,8,35585,2
2026,8,35611,2
2026,8,35613,4
2026,8,35614,1
2026,8,35622,2
2026,8,35634,8
2026,8,35645,4
2026,8,35749,1
2026,8,35757,4
2026,8,35758,6
2026,8,35763,2
2026,8,35801,4
2026,8,35803,2
2026,8,35806,4
2026,8,35810,1
2026,8,35824,2
2026,8,35863,2
2026,8,35950,1
2026,8,35951,2
2026,8,35953,4
2026,8,35956,1
2026,8,35971,4
2026,8,36022,2
2026,8,36054,3
2026,8,36064,2
2026,8,36078,2
2026,8,36080,2
2026,8,36081,1
2026,8,36093,2
2026,8,36280,3
2026,8,36425,2
2026,8,36526,2
2026,8,36535,6
2026,8,36542,2
2026,8,36543,2
2026,8,36561,2
2026,8,36604,7
2026,8,36608,2
2026,8,36830,6
2026,8,36832,2
2026,8,36855,7
2026,8,37010,1
2026,8,37015,2
2026,8,37025,2
2026,8,37027,6
2026,8,37029,1
2026,8,37046,10
2026,8,37048,3
2026,8,37060,2
2026,8,37064,12
2026,8,37066,9
2026,8,37067,2
2026,8,37069,4
2026,8,37072,2
2026,8,37090,2
2026,8,37122,4
2026,8,37128,5
2026,8,37129,4
2026,8,37130,2
2026,8,37135,2
2026,8,37138,2
2026,8,37144,2
2026,8,37179,4
2026,8,37188,4
2026,8,37203,1
2026,8,37204,4
2026,8,37205,12
2026,8,37209,3
2026,8,37211,2
2026,8,37215,2
2026,8,37221,2
2026,8,37303,7
2026,8,37312,6
2026,8,37334,4
2026,8,37341,3
2026,8,37343,4
2026,8,37353,2
2026,8,37357,2
2026,8,37363,5
2026,8,37367,2
2026,8,37377,2
2026,8,37381,2
2026,8,37383,0
2026,8,37398,2
2026,8,37409,2
2026,8,37411,2
2026,8,37416,5
2026,8,37419,2
2026,8,37421,4
2026,8,37604,2
2026,8,37620,4
2026,8,37659,2
2026,8,37660,4
2026,8,37681,2
2026,8,37683,2
2026,8,37686,1
2026,8,37687,2
2026,8,37721,4
2026,8,37738,2
2026,8,37748,3
2026,8,37771,5
2026,8,37774,4
2026,8,37777,4
2026,8,37803,4
2026,8,37807,2
2026,8,37846,1
2026,8,37848,2
2026,8,37857,2
2026,8,37860,2
2026,8,37874,2
2026,8,37882,4
2026,8,37885,2
2026,8,37909,3
2026,8,37917,2
2026,8,37918,1
2026,8,37919,2
2026,8,37920,7
2026,8,37923,4
2026,8,37924,4
2026,8,37931,2
2026,8,37934,9
2026,8,38011,4
2026,8,38017,2
2026,8,38023,2
2026,8,38028,2
2026,8,38057,2
2026,8,38103,2
2026,8,38104,4
2026,8,38117,3
2026,8,38120,1
2026,8,38135,2
2026,8,38138,2
2026,8,38237,2
2026,8,38251,2
2026,8,38261,2
2026,8,38305,2
2026,8,38351,9
2026,8,38401,10
2026,8,38463,2
2026,8,38468,2
2026,8,38478,2
2026,8,38501,0
2026,8,38555,4
2026,8,38556,2
2026,8,38558,6
2026,8,38583,2
2026,8,38585,2
2026,8,38632,2
2026,8,38654,6
2026,8,38663,2
2026,8,38671,2
2026,8,38857,4
2026,8,38860,2
2026,8,39047,2
2026,8,39073,4
2026,8,39110,4
2026,8,39116,5
2026,8,39168,1
2026,8,39218,2
2026,8,39305,2
2026,8,39402,2
2026,8,39426,4
2026,8,39429,2
2026,8,39440,2
2026,8,39441,4
2026,8,39452,2
2026,8,39476,6
2026,8,39520,2
2026,8,39532,1
2026,8,39540,2
2026,8,39553,2
2026,8,39555,2
2026,8,39562,2
2026,8,39565,6
2026,8,39574,2
2026,8,39705,4
2026,8,39759,2
2026,8,39834,2
2026,8,40047,2
2026,8,40150,2
2026,8,40205,3
2026,8,40206,2
2026,8,40207,4
2026,8,40217,4
2026,8,40219,4
2026,8,40220,2
2026,8,40223,7
2026,8,40241,3
2026,8,40291,3
2026,8,40330,1
2026,8,40353,2
2026,8,40356,4
2026,8,40361,2
2026,8,40383,8
2026,8,40422,3
2026,8,40475,2
2026,8,40502,4
2026,8,40503,3
2026,8,40505,2
2026,8,40744,7
2026,8,41001,4
2026,8,41005,4
2026,8,41011,18
2026,8,41017,2
2026,8,41018,2
2026,8,41031,1
2026,8,41039,2
2026,8,41042,2
2026,8,41071,2
2026,8,41091,14
2026,8,41102,3
2026,8,41129,2
2026,8,42001,2
2026,8,42003,3
2026,8,42101,7
2026,8,42261,2
2026,8,42301,1
2026,8,42302,2
2026,8,42303,2
2026,8,42320,2
2026,8,42352,2
2026,8,42420,2
2026,8,42456,2
2026,8,42503,2
2026,8,42519,2
2026,8,42544,2
2026,8,42718,2
2026,8,42726,4
2026,8,42765,2
2026,8,43011,6
2026,8,43015,1
2026,8,43016,7
2026,8,43017,6
2026,8,43019,1
2026,8,43021,2
2026,8,43026,5
2026,8,43031,2
2026,8,43035,3
2026,8,43050,5
2026,8,43054,4
2026,8,43055,8
2026,8,43056,2
2026,8,43061,6
2026,8,43062,6
2026,8,43064,2
2026,8,43065,10
2026,8,43068,2
2026,8,43070,2
2026,8,43071,2
2026,8,43074,2
2026,8,43076,2
2026,8,43081,2
2026,8,43085,4
2026,8,43107,3
2026,8,43112,2
2026,8,43130,2
2026,8,43140,4
2026,8,43143,3
2026,8,43209,2
2026,8,43215,1
2026,8,43220,2
2026,8,43221,8
2026,8,43224,4
2026,8,43230,5
2026,8,43235,7
2026,8,43311,2
2026,8,43318,2
2026,8,43337,4
2026,8,43338,1
2026,8,43351,5
2026,8,43449,2
2026,8,43452,5
2026,8,43537,2
2026,8,43551,2
2026,8,43560,3
2026,8,43567,3
2026,8,43701,2
2026,8,43713,2
2026,8,43772,3
2026,8,43920,1
2026,8,43973,5
2026,8,44012,2
2026,8,44026,2
2026,8,44040,1
2026,8,44056,2
2026,8,44057,2
2026,8,44060,5
2026,8,44062,2
2026,8,44067,10
2026,8,44074,2
2026,8,44077,7
2026,8,44087,2
2026,8,44089,2
2026,8,44094,2
2026,8,44107,7
2026,8,44108,2
2026,8,44118,2
2026,8,44122,5
2026,8,44131,2
2026,8,44136,1
2026,8,44139,8
2026,8,44141,6
2026,8,44202,4
2026,8,44203,2
2026,8,44224,6
2026,8,44236,4
2026,8,44240,6
2026,8,44255,2
2026,8,44256,7
2026,8,44273,2
2026,8,44278,2
2026,8,44286,2
2026,8,44410,0
2026,8,44514,1
2026,8,44622,3
2026,8,44626,2
2026,8,44654,2
2026,8,44656,2
2026,8,44672,2
2026,8,44685,6
2026,8,44691,2
2026,8,44705,2
2026,8,44706,6
2026,8,44720,4
2026,8,44811,2
2026,8,44820,2
2026,8,44833,1
2026,8,44857,5
2026,8,44904,3
2026,8,45002,2
2026,8,45005,2
2026,8,45011,2
2026,8,45013,4
2026,8,45030,4
2026,8,45040,4
2026,8,45066,2
2026,8,45069,6
2026,8,45103,6
2026,8,45133,2
2026,8,45150,5
2026,8,45152,1
2026,8,45154,2
2026,8,45202,3
2026,8,45204,3
2026,8,45208,3
2026,8,45212,1
2026,8,45215,1
2026,8,45220,2
2026,8,45230,2
2026,8,45236,3
2026,8,45241,2
2026,8,45245,2
2026,8,45247,1
2026,8,45248,6
2026,8,45251,2
2026,8,45255,3
2026,8,45318,2
2026,8,45335,2
2026,8,45344,4
2026,8,45369,2
2026,8,45371,2
2026,8,45373,7
2026,8,45377,2
2026,8,45385,2
2026,8,45402,3
2026,8,45404,3
2026,8,45409,2
2026,8,45424,2
2026,8,45429,2
2026,8,45430,2
2026,8,45449,2
2026,8,45458,3
2026,8,45459,2
2026,8,45502,2
2026,8,45662,1
2026,8,45663,2
2026,8,45732,2
2026,8,45761,2
2026,8,45822,4
2026,8,45839,1
2026,8,45846,4
2026,8,45895,2
2026,8,46001,4
2026,8,46032,2
2026,8,46033,6
2026,8,46034,7
2026,8,46037,4
2026,8,46052,5
2026,8,46060,2
2026,8,46062,2
2026,8,46064,13
2026,8,46072,2
2026,8,46077,12
2026,8,46106,2
2026,8,46118,4
2026,8,46121,2
2026,8,46123,4
2026,8,46124,2
2026,8,46128,2
2026,8,46135,5
2026,8,46140,1
2026,8,46142,2
2026,8,46143,2
2026,8,46151,6
2026,8,46157,2
2026,8,46158,5
2026,8,46164,2
2026,8,46168,4
2026,8,46173,2
2026,8,46176,4
2026,8,46203,4
2026,8,46214,2
2026,8,46219,3
2026,8,46220,1
2026,8,46227,6
2026,8,46228,2
2026,8,46231,2
2026,8,46235,2
2026,8,46236,4
2026,8,46239,4
2026,8,46240,2
2026,8,46256,14
2026,8,46259,2
2026,8,46260,3
2026,8,46303,3
2026,8,46311,3
2026,8,46321,3
2026,8,46341,2
2026,8,46360,2
2026,8,46368,3
2026,8,46383,6
2026,8,46385,5
2026,8,46511,4
2026,8,46514,2
2026,8,46526,4
2026,8,46530,2
2026,8,46545,5
2026,8,46552,2
2026,8,46563,2
2026,8,46574,2
2026,8,46580,2
2026,8,46615,2
2026,8,46617,2
2026,8,46635,2
2026,8,46723,2
2026,8,46730,2
2026,8,46761,1
2026,8,46777,3
2026,8,46804,2
2026,8,46808,1
2026,8,46814,2
2026,8,46815,1
2026,8,46818,4
2026,8,46845,2
2026,8,46987,2
2026,8,46992,2
2026,8,47024,2
2026,8,47119,2
2026,8,47122,7
2026,8,47130,3
2026,8,47136,2
2026,8,47138,1
2026,8,47150,3
2026,8,47201,2
2026,8,47274,2
2026,8,47304,1
2026,8,47334,2
2026,8,47346,3
2026,8,47362,2
2026,8,47401,2
2026,8,47407,2
2026,8,47408,2
2026,8,47459,2
2026,8,47531,8
2026,8,47546,2
2026,8,47557,2
2026,8,47615,2
2026,8,47620,6
2026,8,47631,2
2026,8,47639,2
2026,8,47640,8
2026,8,47711,2
2026,8,47725,2
2026,8,47750,3
2026,8,47802,2
2026,8,47805,2
2026,8,47885,2
2026,8,47905,6
2026,8,47906,2
2026,8,47920,4
2026,8,47933,2
2026,8,47960,3
2026,8,47968,2
2026,8,47970,2
2026,8,47978,2
2026,8,48038,2
2026,8,48047,5
2026,8,48060,2
2026,8,48065,8
2026,8,48066,1
2026,8,48080,1
2026,8,48084,4
2026,8,48093,2
2026,8,48098,4
2026,8,48101,9
2026,8,48103,17
2026,8,48105,2
2026,8,48106,2
2026,8,48108,2
2026,8,48114,2
2026,8,48116,4
2026,8,48118,8
2026,8,48130,12
2026,8,48138,2
2026,8,48152,2
2026,8,48160,10
2026,8,48164,2
2026,8,48167,6
2026,8,48168,11
2026,8,48170,7
2026,8,48173,2
2026,8,48176,7
2026,8,48178,4
2026,8,48182,2
2026,8,48187,2
2026,8,48192,3
2026,8,48197,1
2026,8,48198,2
2026,8,48236,4
2026,8,48239,1
2026,8,48301,4
2026,8,48302,2
2026,8,48304,3
2026,8,48306,6
2026,8,48309,2
2026,8,48320,2
2026,8,48328,2
2026,8,48335,4
2026,8,48336,2
2026,8,48348,9
2026,8,48357,2
2026,8,48370,4
2026,8,48374,2
2026,8,48375,2
2026,8,48377,4
2026,8,48380,4
2026,8,48386,4
2026,8,48393,4
2026,8,48420,4
2026,8,48423,5
2026,8,48430,2
2026,8,48455,4
2026,8,48461,2
2026,8,48507,2
2026,8,48602,3
2026,8,48603,2
2026,8,48623,4
2026,8,48624,2
2026,8,48640,2
2026,8,48642,9
2026,8,48653,2
2026,8,48655,4
2026,8,48706,6
2026,8,48734,6
2026,8,48739,2
2026,8,48741,4
2026,8,48746,2
2026,8,48759,2
2026,8,48820,4
2026,8,48823,2
2026,8,48837,4
2026,8,48843,1
2026,8,48858,2
2026,8,48867,3
2026,8,48871,2
2026,8,48875,2
2026,8,48879,0
2026,8,48912,8
2026,8,48917,2
2026,8,49002,2
2026,8,49006,2
2026,8,49009,2
2026,8,49010,2
2026,8,49019,1
2026,8,49024,3
2026,8,49033,2
2026,8,49036,4
2026,8,49070,2
2026,8,49094,2
2026,8,49095,4
2026,8,49097,5
2026,8,49111,2
2026,8,49112,2
2026,8,49120,9
2026,8,49232,2
2026,8,49251,3
2026,8,49277,2
2026,8,49305,3
2026,8,49306,5
2026,8,49315,8
2026,8,49316,4
2026,8,49321,2
2026,8,49331,2
2026,8,49333,2
2026,8,49341,3
2026,8,49343,4
2026,8,49348,4
2026,8,49349,2
2026,8,49418,6
2026,8,49419,4
2026,8,49423,4
2026,8,49426,3
2026,8,49431,0
2026,8,49437,2
2026,8,49445,4
2026,8,49446,5
2026,8,49505,7
2026,8,49506,3
2026,8,49546,2
2026,8,49616,2
2026,8,49621,2
2026,8,49630,2
2026,8,49635,2
2026,8,49651,3
2026,8,49659,1
2026,8,49684,4
2026,8,49686,2
2026,8,49690,4
2026,8,49707,2
2026,8,49712,7
2026,8,49720,5
2026,8,49727,2
2026,8,49734,3
2026,8,49738,2
2026,8,49747,5
2026,8,49749,1
2026,8,49755,4
2026,8,49756,3
2026,8,49760,2
2026,8,49770,4
2026,8,49801,4
2026,8,49803,1
2026,8,49825,4
2026,8,49829,1
2026,8,49836,3
2026,8,49841,2
2026,8,49854,4
2026,8,49925,3
2026,8,50009,4
2026,8,50010,6
2026,8,50014,3
2026,8,50020,2
2026,8,50021,4
2026,8,50022,2
2026,8,50023,18
2026,8,50025,1
2026,8,50036,6
2026,8,50058,2
2026,8,50076,2
2026,8,50111,4
2026,8,50118,4
2026,8,50124,4
2026,8,50125,8
2026,8,50126,2
2026,8,50129,2
2026,8,50131,33
2026,8,50134,2
2026,8,50135,2
2026,8,50140,2
2026,8,50156,4
2026,8,50158,4
2026,8,50211,8
2026,8,50219,5
2026,8,50220,4
2026,8,50230,2
2026,8,50248,2
2026,8,50263,2
2026,8,50265,17
2026,8,50266,14
2026,8,50273,2
2026,8,50310,3
2026,8,50312,27
2026,8,50313,2
2026,8,50315,3
2026,8,50317,6
2026,8,50321,2
2026,8,50322,8
2026,8,50323,10
2026,8,50325,14
2026,8,50327,4
2026,8,50401,10
2026,8,50423,2
2026,8,50424,4
2026,8,50428,7
2026,8,50440,2
2026,8,50447,2
2026,8,50456,2
2026,8,50457,2
2026,8,50461,1
2026,8,50466,4
2026,8,50475,4
2026,8,50480,2
2026,8,50501,8
2026,8,50511,4
2026,8,50524,6
2026,8,50536,6
2026,8,50539,2
2026,8,50548,3
2026,8,50561,2
2026,8,50563,2
2026,8,50565,2
2026,8,50575,2
2026,8,50583,2
2026,8,50613,12
2026,8,50619,2
2026,8,50643,4
2026,8,50654,4
2026,8,50660,2
2026,8,50672,2
2026,8,50677,5
2026,8,50701,9
2026,8,50702,8
2026,8,50707,2
2026,8,50801,2
2026,8,50830,2
2026,8,50854,2
2026,8,51003,6
2026,8,51010,2
2026,8,51012,2
2026,8,51013,2
2026,8,51023,2
2026,8,51025,2
2026,8,51027,2
2026,8,51031,8
2026,8,51039,2
2026,8,51041,7
2026,8,51050,2
2026,8,51054,5
2026,8,51055,2
2026,8,51103,2
2026,8,51104,15
2026,8,51106,2
2026,8,51201,2
2026,8,51234,2
2026,8,51239,2
2026,8,51240,4
2026,8,51241,3
2026,8,51246,8
2026,8,51250,12
2026,8,51301,2
2026,8,51334,2
2026,8,51345,2
2026,8,51350,4
2026,8,51355,2
2026,8,51360,14
2026,8,51401,6
2026,8,51430,6
2026,8,51442,4
2026,8,51443,2
2026,8,51445,4
2026,8,51450,2
2026,8,51453,2
2026,8,51462,2
2026,8,51463,2
2026,8,51501,8
2026,8,51503,6
2026,8,51521,2
2026,8,51526,2
2026,8,51532,2
2026,8,51534,2
2026,8,51535,2
2026,8,51537,5
2026,8,51542,2
2026,8,51555,2
2026,8,51556,2
2026,8,51559,2
2026,8,51566,2
2026,8,51576,2
2026,8,51601,4
2026,8,52001,3
2026,8,52002,2
2026,8,52003,2
2026,8,52031,2
2026,8,52035,2
2026,8,52060,2
2026,8,52101,15
2026,8,52141,6
2026,8,52151,2
2026,8,52175,2
2026,8,52205,2
2026,8,52208,2
2026,8,52213,4
2026,8,52227,4
2026,8,52228,4
2026,8,52233,4
2026,8,52241,2
2026,8,52245,7
2026,8,52246,6
2026,8,52248,10
2026,8,52254,2
2026,8,52301,2
2026,8,52302,8
2026,8,52310,6
2026,8,52317,4
2026,8,52327,5
2026,8,52328,8
2026,8,52329,2
2026,8,52330,2
2026,8,52333,4
2026,8,52334,3
2026,8,52338,2
2026,8,52356,2
2026,8,52358,2
2026,8,52402,6
2026,8,52403,6
2026,8,52405,2
2026,8,52411,11
2026,8,52556,1
2026,8,52577,8
2026,8,52601,8
2026,8,52632,2
2026,8,52637,2
2026,8,52722,17
2026,8,52726,2
2026,8,52727,3
2026,8,52738,2
2026,8,52748,2
2026,8,52751,2
2026,8,52753,2
2026,8,52761,2
2026,8,52772,4
2026,8,52803,4
2026,8,52806,2
2026,8,53011,2
2026,8,53012,9
2026,8,53014,2
2026,8,53018,2
2026,8,53020,2
2026,8,53024,4
2026,8,53027,6
2026,8,53029,2
2026,8,53037,3
2026,8,53044,1
2026,8,53045,6
2026,8,53058,5
2026,8,53066,6
2026,8,53070,5
2026,8,53072,2
2026,8,53073,5
2026,8,53074,6
2026,8,53078,2
2026,8,53081,6
2026,8,53085,2
2026,8,53086,2
2026,8,53089,2
2026,8,53092,1
2026,8,53095,6
2026,8,53097,4
2026,8,53098,2
2026,8,53104,2
2026,8,53105,4
2026,8,53120,1
2026,8,53121,2
2026,8,53122,4
2026,8,53130,2
2026,8,53132,4
2026,8,53142,4
2026,8,53144,4
2026,8,53146,6
2026,8,53147,8
2026,8,53150,2
2026,8,53151,13
2026,8,53153,5
2026,8,53158,5
2026,8,53168,5
2026,8,53172,6
2026,8,53181,6
2026,8,53185,2
2026,8,53186,2
2026,8,53188,6
2026,8,53190,6
2026,8,53191,2
2026,8,53202,1
2026,8,53207,4
2026,8,53209,2
2026,8,53211,4
2026,8,53213,2
2026,8,53217,2
2026,8,53219,2
2026,8,53221,4
2026,8,53222,1
2026,8,53223,2
2026,8,53402,3
2026,8,53403,5
2026,8,53502,3
2026,8,53504,2
2026,8,53511,4
2026,8,53520,3
2026,8,53523,2
2026,8,53531,4
2026,8,53532,16
2026,8,53533,2
2026,8,53538,2
2026,8,53545,2
2026,8,53546,6
2026,8,53551,9
2026,8,53555,2
2026,8,53558,4
2026,8,53559,5
2026,8,53560,2
2026,8,53562,22
2026,8,53563,2
2026,8,53565,2
2026,8,53572,7
2026,8,53574,2
2026,8,53575,9
2026,8,53578,6
2026,8,53581,2
2026,8,53589,6
2026,8,53590,15
2026,8,53593,11
2026,8,53597,6
2026,8,53666,2
2026,8,53703,4
2026,8,53704,7
2026,8,53705,7
2026,8,53711,12
2026,8,53713,2
2026,8,53714,2
2026,8,53715,1
2026,8,53716,14
2026,8,53717,5
2026,8,53719,6
2026,8,53726,1
2026,8,53901,5
2026,8,53913,2
2026,8,53916,5
2026,8,53925,2
2026,8,53932,2
2026,8,53935,2
2026,8,53954,2
2026,8,54001,1
2026,8,54002,4
2026,8,54009,4
2026,8,54013,2
2026,8,54016,32
2026,8,54017,4
2026,8,54020,4
2026,8,54021,2
2026,8,54022,28
2026,8,54023,2
2026,8,54024,10
2026,8,54025,6
2026,8,54106,3
2026,8,54112,4
2026,8,54114,2
2026,8,54115,26
2026,8,54120,3
2026,8,54129,5
2026,8,54130,4
2026,8,54140,5
2026,8,54141,6
2026,8,54143,1
2026,8,54156,2
2026,8,54157,2
2026,8,54162,9
2026,8,54166,3
2026,8,54171,2
2026,8,54180,4
2026,8,54217,2
2026,8,54220,3
2026,8,54229,2
2026,8,54235,5
2026,8,54241,4
2026,8,54301,3
2026,8,54304,2
2026,8,54311,2
2026,8,54313,27
2026,8,54401,14
2026,8,54408,6
2026,8,54409,2
2026,8,54426,7
2026,8,54440,2
2026,8,54448,11
2026,8,54449,16
2026,8,54451,2
2026,8,54452,2
2026,8,54456,2
2026,8,54457,4
2026,8,54460,2
2026,8,54467,9
2026,8,54470,3
2026,8,54474,5
2026,8,54476,2
2026,8,54481,5
2026,8,54482,4
2026,8,54484,1
2026,8,54494,6
2026,8,54498,4
2026,8,54501,4
2026,8,54514,3
2026,8,54521,9
2026,8,54529,2
2026,8,54539,2
2026,8,54545,2
2026,8,54547,1
2026,8,54548,8
2026,8,54601,11
2026,8,54603,2
2026,8,54622,2
2026,8,54629,2
2026,8,54636,6
2026,8,54650,13
2026,8,54656,12
2026,8,54660,3
2026,8,54664,2
2026,8,54665,2
2026,8,54669,3
2026,8,54701,22
2026,8,54703,7
2026,8,54721,1
2026,8,54723,1
2026,8,54724,7
2026,8,54727,2
2026,8,54729,12
2026,8,54730,4
2026,8,54736,2
2026,8,54738,2
2026,8,54739,12
2026,8,54742,2
2026,8,54745,13
2026,8,54751,10
2026,8,54754,3
2026,8,54757,4
2026,8,54758,2
2026,8,54772,7
2026,8,54773,2
2026,8,54805,5
2026,8,54806,18
2026,8,54810,2
2026,8,54814,1
2026,8,54820,2
2026,8,54826,2
2026,8,54829,9
2026,8,54840,2
2026,8,54843,19
2026,8,54849,2
2026,8,54853,2
2026,8,54856,6
2026,8,54859,2
2026,8,54864,2
2026,8,54865,5
2026,8,54868,15
2026,8,54874,2
2026,8,54876,4
2026,8,54880,4
2026,8,54891,2
2026,8,54893,8
2026,8,54901,5
2026,8,54902,2
2026,8,54904,15
2026,8,54911,3
2026,8,54913,18
2026,8,54914,4
2026,8,54915,15
2026,8,54932,2
2026,8,54935,8
2026,8,54940,5
2026,8,54942,2
2026,8,54943,2
2026,8,54944,4
2026,8,54947,3
2026,8,54956,8
2026,8,54961,2
2026,8,54963,2
2026,8,54964,2
2026,8,54965,2
2026,8,54971,5
2026,8,54981,6
2026,8,54982,6
2026,8,55003,2
2026,8,55005,4
2026,8,55006,12
2026,8,55008,15
2026,8,55009,2
2026,8,55011,2
2026,8,55013,8
2026,8,55014,56
2026,8,55016,24
2026,8,55017,6
2026,8,55018,2
2026,8,55019,2
2026,8,55020,2
2026,8,55021,24
2026,8,55024,32
2026,8,55025,17
2026,8,55027,9
2026,8,55031,2
2026,8,55032,2
2026,8,55033,9
2026,8,55038,31
2026,8,55040,10
2026,8,55041,10
2026,8,55042,25
2026,8,55043,10
2026,8,55044,69
2026,8,55045,8
2026,8,55046,4
2026,8,55047,10
2026,8,55051,3
2026,8,55055,2
2026,8,55056,7
2026,8,55057,10
2026,8,55060,12
2026,8,55063,8
2026,8,55066,11
2026,8,55068,17
2026,8,55071,2
2026,8,55072,5
2026,8,55075,3
2026,8,55076,6
2026,8,55077,10
2026,8,55079,11
2026,8,55080,7
2026,8,55082,29
2026,8,55087,0
2026,8,55092,5
2026,8,55101,4
2026,8,55102,17
2026,8,55104,6
2026,8,55105,14
2026,8,55107,4
2026,8,55108,16
2026,8,55109,2
2026,8,55110,46
2026,8,55112,25
2026,8,55113,65
2026,8,55115,7
2026,8,55116,22
2026,8,55117,24
2026,8,55118,16
2026,8,55119,7
2026,8,55120,2
2026,8,55121,5
2026,8,55122,20
2026,8,55123,56
2026,8,55124,30
2026,8,55125,39
2026,8,55126,32
2026,8,55127,48
2026,8,55128,15
2026,8,55129,17
2026,8,55220,1
2026,8,55301,5
2026,8,55302,2
2026,8,55303,46
2026,8,55304,29
2026,8,55305,26
2026,8,55306,9
2026,8,55307,4
2026,8,55308,4
2026,8,55309,8
2026,8,55310,2
2026,8,55311,43
2026,8,55313,14
2026,8,55314,2
2026,8,55315,6
2026,8,55316,14
2026,8,55317,24
2026,8,55318,37
2026,8,55320,12
2026,8,55321,6
2026,8,55322,6
2026,8,55325,15
2026,8,55327,22
2026,8,55328,24
2026,8,55330,36
2026,8,55331,43
2026,8,55334,4
2026,8,55335,4
2026,8,55336,6
2026,8,55337,25
2026,8,55340,12
2026,8,55342,2
2026,8,55343,27
2026,8,55344,13
2026,8,55345,39
2026,8,55346,15
2026,8,55347,36
2026,8,55349,4
2026,8,55350,6
2026,8,55352,5
2026,8,55354,6
2026,8,55355,8
2026,8,55356,10
2026,8,55357,6
2026,8,55358,2
2026,8,55359,12
2026,8,55360,10
2026,8,55362,15
2026,8,55363,8
2026,8,55364,11
2026,8,55369,35
2026,8,55371,6
2026,8,55372,46
2026,8,55373,4
2026,8,55374,32
2026,8,55375,3
2026,8,55376,21
2026,8,55378,14
2026,8,55379,35
2026,8,55381,12
2026,8,55382,2
2026,8,55386,19
2026,8,55387,14
2026,8,55388,6
2026,8,55389,4
2026,8,55391,37
2026,8,55395,4
2026,8,55398,2
2026,8,55401,32
2026,8,55403,4
2026,8,55404,2
2026,8,55405,13
2026,8,55406,23
2026,8,55407,25
2026,8,55408,5
2026,8,55409,9
2026,8,55410,6
2026,8,55411,7
2026,8,55412,11
2026,8,55413,11
2026,8,55414,11
2026,8,55415,6
2026,8,55416,7
2026,8,55417,30
2026,8,55418,33
2026,8,55419,22
2026,8,55420,5
2026,8,55421,8
2026,8,55422,21
2026,8,55423,17
2026,8,55424,17
2026,8,55426,9
2026,8,55427,25
2026,8,55428,10
2026,8,55429,6
2026,8,55430,1
2026,8,55431,17
2026,8,55432,12
2026,8,55433,7
2026,8,55434,4
2026,8,55435,5
2026,8,55436,17
2026,8,55437,18
2026,8,55438,15
2026,8,55439,14
2026,8,55441,18
2026,8,55442,15
2026,8,55443,22
2026,8,55444,4
2026,8,55445,1
2026,8,55446,38
2026,8,55447,25
2026,8,55448,8
2026,8,55449,12
2026,8,55604,2
2026,8,55612,3
2026,8,55614,2
2026,8,55616,2
2026,8,55703,2
2026,8,55705,4
2026,8,55707,4
2026,8,55709,4
2026,8,55718,2
2026,8,55720,2
2026,8,55731,5
2026,8,55733,2
2026,8,55734,4
2026,8,55738,3
2026,8,55741,3
2026,8,55744,32
2026,8,55746,5
2026,8,55749,2
2026,8,55750,1
2026,8,55751,4
2026,8,55757,2
2026,8,55760,3
2026,8,55763,3
2026,8,55767,5
2026,8,55769,2
2026,8,55779,5
2026,8,55783,4
2026,8,55787,4
2026,8,55790,2
2026,8,55792,6
2026,8,55793,0
2026,8,55803,16
2026,8,55804,26
2026,8,55805,2
2026,8,55806,1
2026,8,55808,5
2026,8,55811,38
2026,8,55812,8
2026,8,55901,29
2026,8,55902,23
2026,8,55903,2
2026,8,55904,19
2026,8,55906,21
2026,8,55912,1
2026,8,55920,8
2026,8,55921,14
2026,8,55923,7
2026,8,55924,14
2026,8,55926,4
2026,8,55927,9
2026,8,55929,6
2026,8,55934,2
2026,8,55935,2
2026,8,55936,5
2026,8,55940,6
2026,8,55944,2
2026,8,55946,2
2026,8,55947,2
2026,8,55955,4
2026,8,55957,2
2026,8,55960,2
2026,8,55963,2
2026,8,55964,2
2026,8,55974,5
2026,8,55983,2
2026,8,55985,3
2026,8,55987,2
2026,8,55991,2
2026,8,55992,2
2026,8,56001,16
2026,8,56003,11
2026,8,56007,8
2026,8,56011,2
2026,8,56013,2
2026,8,56017,2
2026,8,56024,3
2026,8,56026,2
2026,8,56028,2
2026,8,56029,2
2026,8,56044,6
2026,8,56046,2
2026,8,56048,4
2026,8,56052,2
2026,8,56055,7
2026,8,56057,2
2026,8,56058,6
2026,8,56060,2
2026,8,56062,6
2026,8,56063,9
2026,8,56065,5
2026,8,56071,16
2026,8,56073,8
2026,8,56081,2
2026,8,56082,23
2026,8,56083,3
2026,8,56085,3
2026,8,56087,2
2026,8,56093,4
2026,8,56096,4
2026,8,56098,3
2026,8,56101,6
2026,8,56115,1
2026,8,56122,2
2026,8,56128,2
2026,8,56131,4
2026,8,56136,2
2026,8,56137,2
2026,8,56143,12
2026,8,56156,22
2026,8,56157,2
2026,8,56159,2
2026,8,56171,2
2026,8,56173,7
2026,8,56178,4
2026,8,56180,5
2026,8,56183,6
2026,8,56187,4
2026,8,56201,31
2026,8,56208,4
2026,8,56209,16
2026,8,56211,2
2026,8,56215,10
2026,8,56220,4
2026,8,56221,18
2026,8,56222,2
2026,8,56223,4
2026,8,56224,2
2026,8,56232,6
2026,8,56235,10
2026,8,56236,8
2026,8,56240,2
2026,8,56241,6
2026,8,56243,2
2026,8,56244,18
2026,8,56248,4
2026,8,56258,14
2026,8,56260,2
2026,8,56264,2
2026,8,56265,22
2026,8,56267,11
2026,8,56270,2
2026,8,56273,14
2026,8,56276,2
2026,8,56278,20
2026,8,56281,4
2026,8,56282,2
2026,8,56283,9
2026,8,56288,12
2026,8,56289,6
2026,8,56291,2
2026,8,56294,2
2026,8,56296,3
2026,8,56301,30
2026,8,56302,2
2026,8,56303,13
2026,8,56304,20
2026,8,56307,4
2026,8,56308,106
2026,8,56309,4
2026,8,56310,4
2026,8,56312,5
2026,8,56315,6
2026,8,56316,11
2026,8,56318,4
2026,8,56319,3
2026,8,56320,13
2026,8,56324,9
2026,8,56326,3
2026,8,56327,8
2026,8,56329,6
2026,8,56331,1
2026,8,56332,13
2026,8,56334,28
2026,8,56336,8
2026,8,56338,5
2026,8,56339,4
2026,8,56340,4
2026,8,56342,2
2026,8,56343,2
2026,8,56345,22
2026,8,56347,8
2026,8,56349,2
2026,8,56352,12
2026,8,56353,4
2026,8,56354,6
2026,8,56357,2
2026,8,56358,2
2026,8,56359,2
2026,8,56360,8
2026,8,56362,6
2026,8,56364,21
2026,8,56367,12
2026,8,56368,9
2026,8,56373,13
2026,8,56374,12
2026,8,56377,55
2026,8,56378,17
2026,8,56379,17
2026,8,56381,12
2026,8,56387,4
2026,8,56401,66
2026,8,56425,12
2026,8,56431,10
2026,8,56433,2
2026,8,56435,4
2026,8,56438,7
2026,8,56440,3
2026,8,56441,6
2026,8,56442,2
2026,8,56443,6
2026,8,56444,2
2026,8,56446,45
2026,8,56452,3
2026,8,56455,8
2026,8,56458,4
2026,8,56461,12
2026,8,56464,7
2026,8,56465,9
2026,8,56466,5
2026,8,56467,14
2026,8,56468,31
2026,8,56469,2
2026,8,56470,27
2026,8,56472,19
2026,8,56473,8
2026,8,56474,2
2026,8,56477,11
2026,8,56479,7
2026,8,56481,3
2026,8,56482,8
2026,8,56484,15
2026,8,56501,117
2026,8,56502,4
2026,8,56510,14
2026,8,56511,24
2026,8,56514,34
2026,8,56515,36
2026,8,56518,2
2026,8,56519,2
2026,8,56520,16
2026,8,56521,11
2026,8,56524,4
2026,8,56527,2
2026,8,56528,18
2026,8,56529,32
2026,8,56531,12
2026,8,56534,6
2026,8,56535,27
2026,8,56536,6
2026,8,56537,114
2026,8,56538,2
2026,8,56540,33
2026,8,56542,10
2026,8,56543,4
2026,8,56544,40
2026,8,56545,4
2026,8,56546,6
2026,8,56547,39
2026,8,56548,3
2026,8,56549,63
2026,8,56551,11
2026,8,56554,16
2026,8,56556,12
2026,8,56557,5
2026,8,56560,213
2026,8,56567,17
2026,8,56568,4
2026,8,56569,6
2026,8,56570,12
2026,8,56571,12
2026,8,56572,59
2026,8,56573,53
2026,8,56576,13
2026,8,56578,4
2026,8,56580,18
2026,8,56581,12
2026,8,56584,2
2026,8,56585,18
2026,8,56586,42
2026,8,56587,16
2026,8,56589,10
2026,8,56590,10
2026,8,56594,1
2026,8,56601,87
2026,8,56619,2
2026,8,56621,19
2026,8,56623,4
2026,8,56628,2
2026,8,56630,4
2026,8,56633,6
2026,8,56634,6
2026,8,56636,1
2026,8,56637,8
2026,8,56649,4
2026,8,56650,4
2026,8,56651,2
2026,8,56657,2
2026,8,56661,2
2026,8,56672,2
2026,8,56676,4
2026,8,56678,2
2026,8,56683,2
2026,8,56701,49
2026,8,56710,2
2026,8,56711,2
2026,8,56713,2
2026,8,56714,4
2026,8,56716,39
2026,8,56721,69
2026,8,56722,2
2026,8,56725,9
2026,8,56726,4
2026,8,56727,2
2026,8,56728,8
2026,8,56732,4
2026,8,56736,6
2026,8,56737,9
2026,8,56738,7
2026,8,56742,2
2026,8,56744,14
2026,8,56748,2
2026,8,56750,9
2026,8,56751,23
2026,8,56754,9
2026,8,56757,12
2026,8,56760,5
2026,8,56762,21
2026,8,56763,6
2026,8,57001,2
2026,8,57003,2
2026,8,57004,6
2026,8,57005,8
2026,8,57006,46
2026,8,57015,2
2026,8,57016,4
2026,8,57020,2
2026,8,57022,12
2026,8,57028,5
2026,8,57032,9
2026,8,57033,3
2026,8,57042,6
2026,8,57043,4
2026,8,57048,4
2026,8,57049,11
2026,8,57051,2
2026,8,57055,2
2026,8,57064,6
2026,8,57068,4
2026,8,57069,2
2026,8,57071,5
2026,8,57073,0
2026,8,57075,4
2026,8,57078,21
2026,8,57103,38
2026,8,57104,33
2026,8,57105,35
2026,8,57106,10
2026,8,57107,5
2026,8,57108,61
2026,8,57110,22
2026,8,57137,2
2026,8,57201,35
2026,8,57212,6
2026,8,57219,2
2026,8,57220,4
2026,8,57223,7
2026,8,57226,2
2026,8,57227,4
2026,8,57232,4
2026,8,57233,2
2026,8,57247,12
2026,8,57252,5
2026,8,57259,2
2026,8,57260,4
2026,8,57262,6
2026,8,57271,9
2026,8,57273,8
2026,8,57274,6
2026,8,57276,3
2026,8,57279,6
2026,8,57301,15
2026,8,57312,2
2026,8,57319,10
2026,8,57325,6
2026,8,57334,2
2026,8,57342,2
2026,8,57345,2
2026,8,57349,2
2026,8,57350,13
2026,8,57353,4
2026,8,57355,2
2026,8,57359,2
2026,8,57362,2
2026,8,57366,4
2026,8,57369,19
2026,8,57370,8
2026,8,57376,2
2026,8,57380,4
2026,8,57382,6
2026,8,57383,7
2026,8,57401,65
2026,8,57428,6
2026,8,57430,7
2026,8,57434,8
2026,8,57437,10
2026,8,57438,8
2026,8,57445,4
2026,8,57448,5
2026,8,57450,20
2026,8,57451,15
2026,8,57452,6
2026,8,57460,0
2026,8,57465,4
2026,8,57468,4
2026,8,57471,3
2026,8,57472,2
2026,8,57473,4
2026,8,57476,2
2026,8,57501,31
2026,8,57528,2
2026,8,57529,7
2026,8,57532,9
2026,8,57533,3
2026,8,57551,1
2026,8,57553,3
2026,8,57567,14
2026,8,57601,29
2026,8,57631,32
2026,8,57632,4
2026,8,57633,3
2026,8,57638,49
2026,8,57640,4
2026,8,57641,6
2026,8,57644,17
2026,8,57645,2
2026,8,57646,2
2026,8,57648,12
2026,8,57650,3
2026,8,57651,8
2026,8,57656,15
2026,8,57660,15
2026,8,5770-,3
2026,8,57701,107
2026,8,57702,173
2026,8,57703,39
2026,8,57709,9
2026,8,57717,32
2026,8,57718,31
2026,8,57719,63
2026,8,57720,22
2026,8,57724,13
2026,8,57725,4
2026,8,57730,52
2026,8,57732,17
2026,8,57744,40
2026,8,57745,24
2026,8,57747,23
2026,8,57750,1
2026,8,57751,18
2026,8,57754,28
2026,8,57759,4
2026,8,57760,2
2026,8,57761,7
2026,8,57769,30
2026,8,57783,176
2026,8,57785,34
2026,8,57787,4
2026,8,57788,6
2026,8,57790,6
2026,8,57793,33
2026,8,57802,5
2026,8,58001,8
2026,8,58002,2
2026,8,58004,8
2026,8,58005,14
2026,8,58006,10
2026,8,58007,21
2026,8,58008,1
2026,8,58011,12
2026,8,58012,76
2026,8,58013,2
2026,8,58015,6
2026,8,58016,4
2026,8,58017,6
2026,8,58018,20
2026,8,58021,10
2026,8,58027,37
2026,8,58030,6
2026,8,58031,8
2026,8,58032,19
2026,8,58033,5
2026,8,58035,5
2026,8,58036,4
2026,8,58040,9
2026,8,58041,22
2026,8,58042,37
2026,8,58045,43
2026,8,58046,26
2026,8,58047,111
2026,8,58048,10
2026,8,58051,87
2026,8,58052,31
2026,8,58053,19
2026,8,58054,43
2026,8,58055,5
2026,8,58057,6
2026,8,58058,6
2026,8,58059,51
2026,8,58060,25
2026,8,58061,11
2026,8,58063,4
2026,8,58064,4
2026,8,58067,4
2026,8,58068,7
2026,8,58069,12
2026,8,58071,2
2026,8,58072,174
2026,8,58075,138
2026,8,58077,23
2026,8,58078,589
2026,8,58079,24
2026,8,58081,15
2026,8,58102,387
2026,8,58103,354
2026,8,58104,782
2026,8,58105,5
2026,8,58106,7
2026,8,58107,2
2026,8,58201,423
2026,8,58203,65
2026,8,58208,8
2026,8,58210,7
2026,8,58212,4
2026,8,58214,13
2026,8,58216,2
2026,8,58218,6
2026,8,58220,30
2026,8,58222,13
2026,8,58223,7
2026,8,58227,10
2026,8,58228,7
2026,8,58229,7
2026,8,58230,18
2026,8,58231,3
2026,8,58235,9
2026,8,58237,37
2026,8,58240,40
2026,8,58243,8
2026,8,58249,31
2026,8,58251,6
2026,8,58254,22
2026,8,58256,11
2026,8,58257,41
2026,8,58258,2
2026,8,58259,12
2026,8,58261,9
2026,8,58262,4
2026,8,58267,13
2026,8,58270,29
2026,8,58271,3
2026,8,58272,3
2026,8,58273,2
2026,8,58274,14
2026,8,58275,23
2026,8,58276,2
2026,8,58277,8
2026,8,58278,93
2026,8,58281,2
2026,8,58282,17
2026,8,58301,115
2026,8,58307,4
2026,8,58311,0
2026,8,58316,4
2026,8,58318,66
2026,8,58321,2
2026,8,58323,2
2026,8,58324,15
2026,8,58325,6
2026,8,58327,2
2026,8,58329,2
2026,8,58330,6
2026,8,58332,11
2026,8,58341,33
2026,8,58344,11
2026,8,58345,8
2026,8,58346,9
2026,8,58348,15
2026,8,58351,14
2026,8,58352,15
2026,8,58356,21
2026,8,58357,6
2026,8,58361,12
2026,8,58365,7
2026,8,58366,7
2026,8,58367,11
2026,8,58368,54
2026,8,58369,4
2026,8,58374,8
2026,8,58377,4
2026,8,58380,42
2026,8,58381,2
2026,8,58382,4
2026,8,58384,8
2026,8,58385,4
2026,8,58386,3
2026,8,58401,338
2026,8,58402,10
2026,8,58413,12
2026,8,58415,4
2026,8,58416,13
2026,8,58418,11
2026,8,58420,29
2026,8,58421,79
2026,8,58422,2
2026,8,58424,19
2026,8,58425,29
2026,8,58426,3
2026,8,58428,18
2026,8,58429,14
2026,8,58431,0
2026,8,58433,29
2026,8,58436,48
2026,8,58438,15
2026,8,58439,7
2026,8,58440,5
2026,8,58441,9
2026,8,58442,7
2026,8,58443,11
2026,8,58444,9
2026,8,58445,28
2026,8,58448,2
2026,8,58451,2
2026,8,58454,6
2026,8,58455,2
2026,8,58456,25
2026,8,58458,36
2026,8,58460,7
2026,8,58461,6
2026,8,58463,26
2026,8,58464,2
2026,8,58466,16
2026,8,58467,14
2026,8,58472,12
2026,8,58474,56
2026,8,58478,4
2026,8,58479,14
2026,8,58480,6
2026,8,58481,3
2026,8,58482,47
2026,8,58483,13
2026,8,58486,2
2026,8,58487,22
2026,8,58488,4
2026,8,58490,19
2026,8,58492,6
2026,8,58494,17
2026,8,58495,36
2026,8,58496,8
2026,8,58497,9
2026,8,58501,1097
2026,8,58502,37
2026,8,58503,2328
2026,8,58504,977
2026,8,58505,7
2026,8,58507,12
2026,8,58514,2
2026,8,58520,5
2026,8,58521,59
2026,8,58523,228
2026,8,58524,3
2026,8,58529,5
2026,8,58530,27
2026,8,58531,19
2026,8,58533,38
2026,8,58535,28
2026,8,58540,75
2026,8,58541,5
2026,8,58542,8
2026,8,58544,21
2026,8,58545,156
2026,8,58549,27
2026,8,58552,56
2026,8,58554,1010
2026,8,58558,36
2026,8,58559,8
2026,8,58560,9
2026,8,58561,28
2026,8,58562,15
2026,8,58563,76
2026,8,58565,25
2026,8,58566,8
2026,8,58570,4
2026,8,58571,23
2026,8,58572,23
2026,8,58573,20
2026,8,58575,38
2026,8,58576,23
2026,8,58577,55
2026,8,58579,21
2026,8,58580,9
2026,8,58581,5
2026,8,58601,1643
2026,8,58602,28
2026,8,58620,24
2026,8,58621,60
2026,8,58622,67
2026,8,58623,79
2026,8,58625,9
2026,8,58626,15
2026,8,58627,2
2026,8,58630,32
2026,8,58631,44
2026,8,58632,10
2026,8,58634,11
2026,8,58636,6
2026,8,58638,30
2026,8,58639,73
2026,8,58640,78
2026,8,58642,8
2026,8,58643,7
2026,8,58644,2
2026,8,58645,93
2026,8,58646,53
2026,8,58647,77
2026,8,58649,18
2026,8,58650,29
2026,8,58651,1
2026,8,58652,55
2026,8,58653,16
2026,8,58654,34
2026,8,58655,49
2026,8,58656,16
2026,8,58701,631
2026,8,58702,2
2026,8,58703,357
2026,8,58704,26
2026,8,58716,6
2026,8,58718,50
2026,8,58721,10
2026,8,58722,55
2026,8,58723,8
2026,8,58725,8
2026,8,58727,8
2026,8,58730,48
2026,8,58731,5
2026,8,58733,10
2026,8,58736,9
2026,8,58739,2
2026,8,58740,12
2026,8,58741,17
2026,8,58744,5
2026,8,58746,21
2026,8,58748,11
2026,8,58750,25
2026,8,58752,5
2026,8,58755,4
2026,8,58756,5
2026,8,58757,5
2026,8,58758,10
2026,8,58759,11
2026,8,58760,7
2026,8,58761,28
2026,8,58762,8
2026,8,58763,40
2026,8,58765,2
2026,8,58768,10
2026,8,58769,4
2026,8,58770,8
2026,8,58771,7
2026,8,58772,20
2026,8,58773,22
2026,8,58776,6
2026,8,58778,4
2026,8,58779,13
2026,8,58781,10
2026,8,58782,9
2026,8,58783,4
2026,8,58784,75
2026,8,58785,42
2026,8,58787,7
2026,8,58788,31
2026,8,58789,8
2026,8,58790,60
2026,8,58792,18
2026,8,58793,15
2026,8,58794,4
2026,8,58795,14
2026,8,58801,688
2026,8,58802,51
2026,8,58803,4
2026,8,58830,4
2026,8,58831,34
2026,8,58835,38
2026,8,58838,7
2026,8,58843,28
2026,8,58845,4
2026,8,58847,14
2026,8,58849,40
2026,8,58852,46
2026,8,58853,3
2026,8,58854,323
2026,8,58856,8
2026,8,59002,2
2026,8,59006,7
2026,8,59012,3
2026,8,59019,8
2026,8,59029,6
2026,8,59030,2
2026,8,59034,2
2026,8,59036,3
2026,8,59037,4
2026,8,59038,3
2026,8,59041,5
2026,8,59044,60
2026,8,59047,25
2026,8,59061,3
2026,8,59063,1
2026,8,59068,7
2026,8,59070,2
2026,8,59072,7
2026,8,59079,5
2026,8,59086,4
2026,8,59087,4
2026,8,59101,39
2026,8,59102,126
2026,8,59104,2
2026,8,59105,90
2026,8,59106,127
2026,8,59201,31
2026,8,59211,21
2026,8,59212,6
2026,8,59213,8
2026,8,59215,18
2026,8,59217,3
2026,8,59218,24
2026,8,59221,46
2026,8,59223,4
2026,8,59225,5
2026,8,59226,4
2026,8,59230,34
2026,8,59243,16
2026,8,59244,7
2026,8,59247,2
2026,8,59248,2
2026,8,59252,2
2026,8,59254,21
2026,8,59259,7
2026,8,59260,2
2026,8,59262,24
2026,8,59263,27
2026,8,59270,213
2026,8,59275,9
2026,8,59301,113
2026,8,59313,40
2026,8,59315,5
2026,8,59317,2
2026,8,59321,5
2026,8,59323,3
2026,8,59324,12
2026,8,59326,4
2026,8,59327,28
2026,8,59330,299
2026,8,59336,5
2026,8,59337,2
2026,8,59338,2
2026,8,59339,9
2026,8,59344,2
2026,8,59349,4
2026,8,59353,19
2026,8,59401,12
2026,8,59404,26
2026,8,59405,38
2026,8,59422,2
2026,8,59425,6
2026,8,59430,2
2026,8,59431,2
2026,8,59436,4
2026,8,59457,27
2026,8,59462,7
2026,8,59485,2
2026,8,59487,2
2026,8,59501,7
2026,8,59508,1
2026,8,59523,4
2026,8,59538,11
2026,8,59547,3
2026,8,59601,46
2026,8,59602,22
2026,8,59604,2
2026,8,59634,15
2026,8,59635,8
2026,8,59640,2
2026,8,59647,0
2026,8,59701,2
2026,8,59711,10
2026,8,59714,45
2026,8,59715,56
2026,8,59716,2
2026,8,59717,4
2026,8,59718,47
2026,8,59722,3
2026,8,59725,3
2026,8,59729,4
2026,8,59730,2
2026,8,59740,4
2026,8,59741,8
2026,8,59749,6
2026,8,59752,2
2026,8,59758,1
2026,8,59761,2
2026,8,59771,2
2026,8,59801,5
2026,8,59802,10
2026,8,59803,16
2026,8,59804,2
2026,8,59808,14
2026,8,59821,2
2026,8,59823,2
2026,8,59825,9
2026,8,59827,2
2026,8,59829,2
2026,8,59833,2
2026,8,59840,6
2026,8,59846,4
2026,8,59847,2
2026,8,59858,2
2026,8,59860,9
2026,8,59866,2
2026,8,59868,2
2026,8,59870,16
2026,8,59875,6
2026,8,59901,14
2026,8,59911,11
2026,8,59912,18
2026,8,59922,6
2026,8,59923,20
2026,8,59925,2
2026,8,59926,2
2026,8,59937,24
2026,8,60002,2
2026,8,60004,4
2026,8,60005,9
2026,8,60010,3
2026,8,60012,2
2026,8,60014,6
2026,8,60015,6
2026,8,60020,2
2026,8,60022,4
2026,8,60026,7
2026,8,60030,4
2026,8,60031,9
2026,8,60035,5
2026,8,60045,4
2026,8,60046,6
2026,8,60047,12
2026,8,60051,4
2026,8,60053,3
2026,8,60056,6
2026,8,60060,5
2026,8,60062,2
2026,8,60064,2
2026,8,60067,2
2026,8,60070,3
2026,8,60074,6
2026,8,60084,6
2026,8,60093,2
2026,8,60101,2
2026,8,60103,2
2026,8,60110,4
2026,8,60115,6
2026,8,60118,14
2026,8,60123,3
2026,8,60124,5
2026,8,60126,4
2026,8,60134,5
2026,8,60135,2
2026,8,60137,23
2026,8,60140,2
2026,8,60142,4
2026,8,60146,2
2026,8,60148,3
2026,8,60154,4
2026,8,60160,2
2026,8,60169,2
2026,8,60173,2
2026,8,60174,6
2026,8,60175,4
2026,8,60178,8
2026,8,60187,2
2026,8,60188,4
2026,8,60189,8
2026,8,60190,4
2026,8,60192,8
2026,8,60194,4
2026,8,60201,6
2026,8,60202,4
2026,8,60302,15
2026,8,60304,2
2026,8,60305,2
2026,8,60402,2
2026,8,60409,2
2026,8,60411,3
2026,8,60420,2
2026,8,60422,3
2026,8,60423,16
2026,8,60433,4
2026,8,60435,2
2026,8,60437,3
2026,8,60439,6
2026,8,60446,4
2026,8,60447,2
2026,8,60448,4
2026,8,60450,4
2026,8,60453,2
2026,8,60463,2
2026,8,60465,1
2026,8,60467,2
2026,8,60468,2
2026,8,60477,3
2026,8,60491,5
2026,8,60503,2
2026,8,60510,6
2026,8,60513,1
2026,8,60514,2
2026,8,60515,9
2026,8,60516,5
2026,8,60521,4
2026,8,60525,4
2026,8,60526,4
2026,8,60531,2
2026,8,60532,2
2026,8,60540,2
2026,8,60541,10
2026,8,60543,4
2026,8,60555,13
2026,8,60558,7
2026,8,60560,4
2026,8,60563,6
2026,8,60564,2
2026,8,60565,18
2026,8,60586,2
2026,8,60601,2
2026,8,60605,4
2026,8,60610,4
2026,8,60613,8
2026,8,60614,9
2026,8,60615,5
2026,8,60618,8
2026,8,60631,8
2026,8,60634,4
2026,8,60638,1
2026,8,60640,6
2026,8,60645,6
2026,8,60646,4
2026,8,60647,4
2026,8,60651,2
2026,8,60654,6
2026,8,60655,6
2026,8,60657,6
2026,8,60660,15
2026,8,60661,2
2026,8,60712,2
2026,8,60914,1
2026,8,60924,3
2026,8,60950,2
2026,8,60968,2
2026,8,61010,3
2026,8,61019,0
2026,8,61021,2
2026,8,61032,4
2026,8,61061,2
2026,8,61070,2
2026,8,61072,3
2026,8,61073,4
2026,8,61081,8
2026,8,61085,1
2026,8,61101,1
2026,8,61109,4
2026,8,61114,10
2026,8,61233,2
2026,8,61244,4
2026,8,61256,2
2026,8,61265,7
2026,8,61285,1
2026,8,61341,1
2026,8,61345,2
2026,8,61354,4
2026,8,61401,4
2026,8,61448,2
2026,8,61455,4
2026,8,61469,2
2026,8,61520,2
2026,8,61526,2
2026,8,61537,2
2026,8,61568,4
2026,8,61571,1
2026,8,61611,2
2026,8,61614,1
2026,8,61615,7
2026,8,61701,6
2026,8,61729,2
2026,8,61740,3
2026,8,61752,4
2026,8,61761,2
2026,8,61801,2
2026,8,61821,2
2026,8,61822,6
2026,8,61853,4
2026,8,61856,2
2026,8,61944,8
2026,8,62024,4
2026,8,62025,6
2026,8,62035,5
2026,8,62056,2
2026,8,62063,2
2026,8,62220,2
2026,8,62221,3
2026,8,62223,2
2026,8,62226,4
2026,8,62231,2
2026,8,62234,2
2026,8,62236,4
2026,8,62243,4
2026,8,62260,2
2026,8,62269,2
2026,8,62293,2
2026,8,62298,4
2026,8,62301,6
2026,8,62305,2
2026,8,62312,2
2026,8,62321,2
2026,8,62323,4
2026,8,62330,2
2026,8,62375,5
2026,8,62447,2
2026,8,62449,2
2026,8,62450,2
2026,8,62471,3
2026,8,62476,2
2026,8,62526,2
2026,8,62549,2
2026,8,62554,2
2026,8,62615,4
2026,8,62627,2
2026,8,62629,2
2026,8,62650,4
2026,8,62684,5
2026,8,62704,3
2026,8,62711,3
2026,8,62712,4
2026,8,62791,2
2026,8,62811,4
2026,8,62864,4
2026,8,62918,2
2026,8,62939,4
2026,8,62948,2
2026,8,62952,2
2026,8,62959,2
2026,8,62960,3
2026,8,63010,4
2026,8,63011,7
2026,8,63015,2
2026,8,63016,2
2026,8,63017,12
2026,8,63021,14
2026,8,63023,2
2026,8,63026,2
2026,8,63028,1
2026,8,63031,4
2026,8,63034,2
2026,8,63038,7
2026,8,63043,2
2026,8,63044,4
2026,8,63049,5
2026,8,63052,2
2026,8,63069,8
2026,8,63084,2
2026,8,63090,8
2026,8,63091,4
2026,8,63104,1
2026,8,63109,3
2026,8,63110,2
2026,8,63114,4
2026,8,63119,14
2026,8,63121,4
2026,8,63122,16
2026,8,63123,6
2026,8,63124,2
2026,8,63127,2
2026,8,63129,4
2026,8,63130,2
2026,8,63131,6
2026,8,63134,6
2026,8,63139,5
2026,8,63141,4
2026,8,63143,3
2026,8,63144,6
2026,8,63146,2
2026,8,63285,2
2026,8,63301,13
2026,8,63304,4
2026,8,63341,2
2026,8,63351,1
2026,8,63357,2
2026,8,63366,4
2026,8,63367,3
2026,8,63368,2
2026,8,63376,7
2026,8,63385,6
2026,8,63390,2
2026,8,63401,4
2026,8,63501,6
2026,8,63534,2
2026,8,63552,1
2026,8,63627,4
2026,8,63701,3
2026,8,63801,2
2026,8,63825,2
2026,8,63830,2
2026,8,64012,11
2026,8,64014,4
2026,8,64015,2
2026,8,64016,2
2026,8,64020,2
2026,8,64052,2
2026,8,64056,4
2026,8,64060,4
2026,8,64062,3
2026,8,64063,5
2026,8,64064,8
2026,8,64068,2
2026,8,64075,2
2026,8,64079,11
2026,8,64081,2
2026,8,64082,8
2026,8,64083,4
2026,8,64086,4
2026,8,64089,8
2026,8,64093,5
2026,8,64097,8
2026,8,64108,4
2026,8,64109,5
2026,8,64110,5
2026,8,64111,6
2026,8,64112,12
2026,8,64113,4
2026,8,64114,3
2026,8,64117,2
2026,8,64118,10
2026,8,64119,4
2026,8,64137,3
2026,8,64138,2
2026,8,64151,12
2026,8,64152,6
2026,8,64154,13
2026,8,64155,2
2026,8,64429,2
2026,8,64436,2
2026,8,64489,2
2026,8,64506,13
2026,8,64628,3
2026,8,64673,2
2026,8,64683,2
2026,8,64701,6
2026,8,64735,2
2026,8,64759,2
2026,8,64772,4
2026,8,64801,2
2026,8,64831,2
2026,8,64836,2
2026,8,64843,2
2026,8,64870,4
2026,8,64873,2
2026,8,65020,2
2026,8,65039,3
2026,8,65041,9
2026,8,65049,2
2026,8,65052,2
2026,8,65079,2
2026,8,65101,6
2026,8,65109,3
2026,8,65201,4
2026,8,65202,2
2026,8,65203,13
2026,8,65233,2
2026,8,65240,3
2026,8,65251,2
2026,8,65258,2
2026,8,65265,2
2026,8,65281,2
2026,8,65301,5
2026,8,65350,4
2026,8,65355,3
2026,8,65401,6
2026,8,65536,2
2026,8,65552,2
2026,8,65565,3
2026,8,65583,3
2026,8,65616,7
2026,8,65619,2
2026,8,65622,2
2026,8,65631,2
2026,8,65686,2
2026,8,65712,2
2026,8,65724,3
2026,8,65738,1
2026,8,65742,4
2026,8,65775,8
2026,8,65801,2
2026,8,65802,7
2026,8,65804,2
2026,8,65807,6
2026,8,65809,2
2026,8,65810,3
2026,8,65826,2
2026,8,66007,8
2026,8,66012,2
2026,8,66018,4
2026,8,66027,6
2026,8,66030,2
2026,8,66044,4
2026,8,66047,2
2026,8,66048,2
2026,8,66049,2
2026,8,66053,4
2026,8,66061,14
2026,8,66062,11
2026,8,66067,7
2026,8,66071,2
2026,8,66085,3
2026,8,66086,4
2026,8,66109,2
2026,8,66202,2
2026,8,66203,4
2026,8,66205,4
2026,8,66206,2
2026,8,66207,12
2026,8,66208,5
2026,8,66209,6
2026,8,66210,5
2026,8,66212,5
2026,8,66213,7
2026,8,66214,1
2026,8,66215,10
2026,8,66216,7
2026,8,66218,2
2026,8,66221,2
2026,8,66224,9
2026,8,66226,6
2026,8,66227,2
2026,8,66441,4
2026,8,66502,4
2026,8,66503,9
2026,8,66535,2
2026,8,66539,4
2026,8,66547,2
2026,8,66605,4
2026,8,66610,4
2026,8,66614,2
2026,8,66615,2
2026,8,66617,1
2026,8,66733,2
2026,8,66777,5
2026,8,66783,2
2026,8,66945,3
2026,8,66953,3
2026,8,67001,8
2026,8,67002,6
2026,8,67010,2
2026,8,67037,3
2026,8,67039,2
2026,8,67042,2
2026,8,67062,2
2026,8,67063,2
2026,8,67068,2
2026,8,67070,4
2026,8,67110,4
2026,8,67114,1
2026,8,67119,2
2026,8,67123,2
2026,8,67144,2
2026,8,67147,2
2026,8,67206,2
2026,8,67210,2
2026,8,67212,11
2026,8,67215,2
2026,8,67217,1
2026,8,67218,1
2026,8,67226,8
2026,8,67401,16
2026,8,67410,2
2026,8,67425,2
2026,8,67452,5
2026,8,67456,4
2026,8,67460,13
2026,8,67467,5
2026,8,67480,2
2026,8,67501,3
2026,8,67502,4
2026,8,67524,5
2026,8,67530,3
2026,8,67543,2
2026,8,67574,2
2026,8,67601,12
2026,8,67622,2
2026,8,67658,2
2026,8,67730,4
2026,8,67834,2
2026,8,67876,2
2026,8,68003,4
2026,8,68004,2
2026,8,68005,4
2026,8,68007,10
2026,8,68008,2
2026,8,68017,2
2026,8,68022,11
2026,8,68023,2
2026,8,68025,2
2026,8,68028,14
2026,8,68030,2
2026,8,68037,4
2026,8,68046,11
2026,8,68047,4
2026,8,68048,2
2026,8,68059,5
2026,8,68065,3
2026,8,68066,3
2026,8,68102,16
2026,8,68104,6
2026,8,68106,2
2026,8,68108,3
2026,8,68114,7
2026,8,68116,6
2026,8,68117,7
2026,8,68118,9
2026,8,68122,2
2026,8,68123,10
2026,8,68124,8
2026,8,68127,6
2026,8,68128,2
2026,8,68130,17
2026,8,68131,3
2026,8,68132,10
2026,8,68133,6
2026,8,68135,11
2026,8,68139,2
2026,8,68142,5
2026,8,68144,18
2026,8,68154,13
2026,8,68164,2
2026,8,68303,2
2026,8,68310,6
2026,8,68325,2
2026,8,68341,2
2026,8,68349,4
2026,8,68352,2
2026,8,68357,4
2026,8,68359,2
2026,8,68361,9
2026,8,68365,2
2026,8,68368,4
2026,8,68370,2
2026,8,68372,2
2026,8,68401,2
2026,8,68402,4
2026,8,68404,2
2026,8,68410,4
2026,8,68419,2
2026,8,68424,2
2026,8,68434,7
2026,8,68450,2
2026,8,68456,2
2026,8,68458,2
2026,8,68463,2
2026,8,68504,2
2026,8,68506,12
2026,8,68507,10
2026,8,68508,2
2026,8,68510,8
2026,8,68512,2
2026,8,68516,31
2026,8,68520,4
2026,8,68521,6
2026,8,68524,4
2026,8,68526,7
2026,8,68527,2
2026,8,68601,9
2026,8,68620,2
2026,8,68626,2
2026,8,68627,2
2026,8,68640,6
2026,8,68642,2
2026,8,68643,2
2026,8,68644,4
2026,8,68652,2
2026,8,68701,9
2026,8,68735,2
2026,8,68756,2
2026,8,68765,2
2026,8,68768,2
2026,8,68776,11
2026,8,68783,2
2026,8,68801,11
2026,8,68802,3
2026,8,68803,6
2026,8,68823,4
2026,8,68825,2
2026,8,68845,2
2026,8,68847,6
2026,8,68862,9
2026,8,68872,2
2026,8,68878,2
2026,8,68901,6
2026,8,68940,2
2026,8,68958,2
2026,8,69001,4
2026,8,69022,4
2026,8,69025,6
2026,8,69101,4
2026,8,69123,3
2026,8,69138,3
2026,8,69140,4
2026,8,69145,2
2026,8,69153,1
2026,8,69162,3
2026,8,69168,6
2026,8,69201,1
2026,8,69301,2
2026,8,69343,2
2026,8,69348,4
2026,8,69357,4
2026,8,69361,7
2026,8,70003,6
2026,8,70037,2
2026,8,70053,2
2026,8,70057,2
2026,8,70092,2
2026,8,70115,1
2026,8,70118,2
2026,8,70124,3
2026,8,70130,5
2026,8,70364,2
2026,8,70381,6
2026,8,70390,1
2026,8,70426,2
2026,8,70452,1
2026,8,70501,1
2026,8,70508,4
2026,8,70529,6
2026,8,70575,1
2026,8,70583,2
2026,8,70605,2
2026,8,70663,2
2026,8,70734,3
2026,8,70739,2
2026,8,70775,2
2026,8,70806,3
2026,8,70808,2
2026,8,70810,2
2026,8,70817,4
2026,8,71105,2
2026,8,71111,2
2026,8,71118,5
2026,8,71201,3
2026,8,71203,2
2026,8,71222,2
2026,8,71269,2
2026,8,71280,1
2026,8,71295,2
2026,8,714,1
2026,8,71496,8
2026,8,71740,4
2026,8,71852,2
2026,8,71909,8
2026,8,71913,2
2026,8,71953,2
2026,8,71968,2
2026,8,72015,1
2026,8,72032,2
2026,8,72034,7
2026,8,72046,2
2026,8,72058,2
2026,8,72076,1
2026,8,72088,2
2026,8,72103,7
2026,8,72113,1
2026,8,72120,4
2026,8,72142,0
2026,8,72202,2
2026,8,72207,3
2026,8,72211,2
2026,8,72394,2
2026,8,72437,2
2026,8,72454,2
2026,8,72543,4
2026,8,72560,2
2026,8,72601,2
2026,8,72648,2
2026,8,72653,4
2026,8,72687,2
2026,8,72701,4
2026,8,72703,4
2026,8,72712,24
2026,8,72713,4
2026,8,72714,2
2026,8,72715,4
2026,8,72730,2
2026,8,72751,4
2026,8,72756,6
2026,8,72762,4
2026,8,72764,6
2026,8,72802,2
2026,8,72830,4
2026,8,72847,2
2026,8,72855,4
2026,8,72903,4
2026,8,72923,4
2026,8,72936,4
2026,8,72946,2
2026,8,73003,1
2026,8,73007,5
2026,8,73012,3
2026,8,73013,7
2026,8,73020,8
2026,8,73025,4
2026,8,73034,20
2026,8,73044,2
2026,8,73051,1
2026,8,73065,4
2026,8,73069,1
2026,8,73072,8
2026,8,73077,0
2026,8,73078,2
2026,8,73099,4
2026,8,73101,18
2026,8,73102,5
2026,8,73103,2
2026,8,73112,2
2026,8,73114,1
2026,8,73118,2
2026,8,73120,3
2026,8,73131,2
2026,8,73160,2
2026,8,73170,4
2026,8,73401,2
2026,8,73529,2
2026,8,73533,2
2026,8,73626,4
2026,8,73641,2
2026,8,73703,2
2026,8,73737,4
2026,8,73750,2
2026,8,73760,2
2026,8,73763,2
2026,8,73848,3
2026,8,73860,2
2026,8,74008,2
2026,8,74011,7
2026,8,74012,2
2026,8,74017,3
2026,8,74021,3
2026,8,74037,6
2026,8,74055,6
2026,8,74063,2
2026,8,74070,2
2026,8,74074,2
2026,8,74080,4
2026,8,74105,4
2026,8,74114,5
2026,8,74133,2
2026,8,74136,4
2026,8,74158,2
2026,8,74344,4
2026,8,74401,2
2026,8,74429,3
2026,8,74432,2
2026,8,74464,1
2026,8,74647,5
2026,8,74702,2
2026,8,74804,2
2026,8,74834,1
2026,8,74884,2
2026,8,74955,5
2026,8,75001,10
2026,8,75002,2
2026,8,75013,2
2026,8,75019,7
2026,8,75020,4
2026,8,75022,2
2026,8,75023,4
2026,8,75025,2
2026,8,75028,4
2026,8,75032,2
2026,8,75034,3
2026,8,75041,1
2026,8,75052,2
2026,8,75053,2
2026,8,75056,2
2026,8,75057,2
2026,8,75058,2
2026,8,75062,6
2026,8,75063,2
2026,8,75068,3
2026,8,75069,4
2026,8,75071,2
2026,8,75072,2
2026,8,75076,2
2026,8,75078,15
2026,8,75087,2
2026,8,75088,2
2026,8,75093,6
2026,8,75094,2
2026,8,75098,2
2026,8,75104,2
2026,8,75119,4
2026,8,75132,2
2026,8,75144,4
2026,8,75147,6
2026,8,75160,2
2026,8,75161,2
2026,8,75165,1
2026,8,75206,3
2026,8,75209,16
2026,8,75214,4
2026,8,75218,2
2026,8,75219,2
2026,8,75220,8
2026,8,75225,10
2026,8,75229,5
2026,8,75230,14
2026,8,75231,3
2026,8,75235,2
2026,8,75238,2
2026,8,75243,8
2026,8,75248,8
2026,8,75252,3
2026,8,75254,3
2026,8,7529,2
2026,8,75402,2
2026,8,75409,2
2026,8,75423,2
2026,8,75428,2
2026,8,75440,4
2026,8,75468,2
2026,8,75497,4
2026,8,75551,4
2026,8,75569,2
2026,8,75605,5
2026,8,75652,5
2026,8,75654,2
2026,8,75657,3
2026,8,75701,4
2026,8,75703,2
2026,8,75751,3
2026,8,75752,4
2026,8,75756,4
2026,8,75757,6
2026,8,75771,3
2026,8,75773,2
2026,8,75789,4
2026,8,75802,2
2026,8,75846,2
2026,8,75859,2
2026,8,75904,2
2026,8,75925,3
2026,8,75941,2
2026,8,75949,1
2026,8,75964,2
2026,8,76002,2
2026,8,76010,1
2026,8,76013,2
2026,8,76016,4
2026,8,76021,3
2026,8,76023,2
2026,8,76028,4
2026,8,76034,6
2026,8,76036,4
2026,8,76040,2
2026,8,76049,9
2026,8,76051,14
2026,8,76053,5
2026,8,76063,2
2026,8,76065,14
2026,8,76073,4
2026,8,76085,3
2026,8,76086,3
2026,8,76087,2
2026,8,76088,4
2026,8,76092,2
2026,8,76109,2
2026,8,76114,2
2026,8,76123,2
2026,8,76126,2
2026,8,76131,2
2026,8,76132,2
2026,8,76133,2
2026,8,76147,2
2026,8,76148,2
2026,8,76161,2
2026,8,76179,12
2026,8,76182,6
2026,8,76207,2
2026,8,76209,2
2026,8,76210,2
2026,8,76225,3
2026,8,76226,7
2026,8,76227,2
2026,8,76234,6
2026,8,76244,3
2026,8,76247,2
2026,8,76248,11
2026,8,76258,5
2026,8,76262,15
2026,8,76264,2
2026,8,76308,2
2026,8,76365,2
2026,8,76366,2
2026,8,76401,2
2026,8,76426,2
2026,8,76446,4
2026,8,76453,2
2026,8,76501,4
2026,8,76513,6
2026,8,76520,2
2026,8,76522,2
2026,8,76538,2
2026,8,76550,2
2026,8,76645,19
2026,8,76655,3
2026,8,76671,2
2026,8,76692,2
2026,8,76708,2
2026,8,76904,7
2026,8,77002,4
2026,8,77005,11
2026,8,77007,1
2026,8,77008,14
2026,8,77009,2
2026,8,77018,4
2026,8,77019,4
2026,8,77024,4
2026,8,77025,1
2026,8,77040,2
2026,8,77042,3
2026,8,77056,2
2026,8,77058,6
2026,8,77062,4
2026,8,77064,2
2026,8,77065,2
2026,8,77070,2
2026,8,77077,4
2026,8,77079,2
2026,8,77094,1
2026,8,77096,2
2026,8,77098,2
2026,8,77301,1
2026,8,77304,4
2026,8,77318,2
2026,8,77339,8
2026,8,77345,1
2026,8,77346,4
2026,8,77351,6
2026,8,77354,3
2026,8,77355,2
2026,8,77356,16
2026,8,77373,2
2026,8,77375,2
2026,8,77380,4
2026,8,77381,1
2026,8,77382,10
2026,8,77386,5
2026,8,77389,1
2026,8,77399,48
2026,8,77406,2
2026,8,77422,3
2026,8,77429,8
2026,8,77433,2
2026,8,77435,5
2026,8,77441,4
2026,8,77450,4
2026,8,77459,5
2026,8,77479,5
2026,8,77494,7
2026,8,77505,2
2026,8,77565,5
2026,8,77571,4
2026,8,77573,14
2026,8,77583,2
2026,8,77586,4
2026,8,77590,1
2026,8,77802,2
2026,8,77806,1
2026,8,77845,4
2026,8,77879,1
2026,8,78003,9
2026,8,78006,10
2026,8,78009,4
2026,8,78015,2
2026,8,78028,4
2026,8,78076,3
2026,8,78101,2
2026,8,78109,2
2026,8,78130,9
2026,8,78132,7
2026,8,78133,6
2026,8,78154,2
2026,8,78209,6
2026,8,78216,2
2026,8,78217,3
2026,8,78218,2
2026,8,78223,2
2026,8,78229,2
2026,8,78232,2
2026,8,78244,2
2026,8,78249,2
2026,8,78251,3
2026,8,78253,5
2026,8,78255,6
2026,8,78256,3
2026,8,78257,2
2026,8,78259,5
2026,8,78260,3
2026,8,78266,2
2026,8,78501,2
2026,8,78539,3
2026,8,78566,2
2026,8,78572,8
2026,8,78577,1
2026,8,78586,2
2026,8,78602,2
2026,8,78605,2
2026,8,78606,2
2026,8,78613,4
2026,8,78620,1
2026,8,78621,1
2026,8,78626,4
2026,8,78628,10
2026,8,78633,18
2026,8,78639,2
2026,8,78641,8
2026,8,78654,6
2026,8,78657,4
2026,8,78660,3
2026,8,78664,4
2026,8,78665,2
2026,8,78669,2
2026,8,78681,2
2026,8,78703,5
2026,8,78704,17
2026,8,78717,3
2026,8,78723,2
2026,8,78727,2
2026,8,78731,7
2026,8,78732,2
2026,8,78734,5
2026,8,78738,9
2026,8,78745,2
2026,8,78746,8
2026,8,78748,4
2026,8,78751,7
2026,8,78758,4
2026,8,78759,4
2026,8,78767,2
2026,8,79007,2
2026,8,79015,2
2026,8,79056,2
2026,8,79104,2
2026,8,79118,2
2026,8,79119,2
2026,8,79356,2
2026,8,79407,2
2026,8,79424,6
2026,8,79504,4
2026,8,79508,6
2026,8,79602,7
2026,8,79605,2
2026,8,79705,4
2026,8,79707,3
2026,8,79762,1
2026,8,79924,2
2026,8,79935,1
2026,8,79936,0
2026,8,79938,3
2026,8,80002,13
2026,8,80003,2
2026,8,80004,4
2026,8,80005,10
2026,8,80007,4
2026,8,80011,5
2026,8,80012,4
2026,8,80013,5
2026,8,80014,2
2026,8,80015,64
2026,8,80016,30
2026,8,80017,2
2026,8,80018,6
2026,8,80020,13
2026,8,80022,4
2026,8,80023,10
2026,8,80026,0
2026,8,80027,11
2026,8,80033,4
2026,8,80038,1
2026,8,80104,10
2026,8,80108,16
2026,8,80109,21
2026,8,80110,2
2026,8,80111,4
2026,8,80112,15
2026,8,80113,3
2026,8,80116,6
2026,8,80118,5
2026,8,80120,10
2026,8,80121,4
2026,8,80122,14
2026,8,80123,10
2026,8,80124,7
2026,8,80125,6
2026,8,80126,7
2026,8,80127,16
2026,8,80128,11
2026,8,80129,4
2026,8,80130,8
2026,8,80132,5
2026,8,80134,11
2026,8,80138,6
2026,8,80163,2
2026,8,80203,9
2026,8,80204,3
2026,8,80205,1
2026,8,80206,1
2026,8,80209,6
2026,8,80210,6
2026,8,80211,10
2026,8,80212,6
2026,8,80214,3
2026,8,80218,11
2026,8,80220,5
2026,8,80222,4
2026,8,80226,2
2026,8,80228,8
2026,8,80230,6
2026,8,80231,2
2026,8,80234,7
2026,8,80235,4
2026,8,80237,2
2026,8,80238,12
2026,8,80241,2
2026,8,80247,2
2026,8,80301,4
2026,8,80302,6
2026,8,80303,4
2026,8,80304,11
2026,8,80305,2
2026,8,80307,2
2026,8,80320,2
2026,8,80339,1
2026,8,80401,11
2026,8,80403,9
2026,8,80421,2
2026,8,80433,2
2026,8,80435,5
2026,8,80439,9
2026,8,80443,2
2026,8,80446,1
2026,8,80454,2
2026,8,80471,2
2026,8,80487,5
2026,8,80498,2
2026,8,80501,2
2026,8,80503,16
2026,8,80504,18
2026,8,80512,3
2026,8,80513,13
2026,8,80516,22
2026,8,80517,7
2026,8,80524,20
2026,8,80525,18
2026,8,80526,8
2026,8,80528,7
2026,8,80534,7
2026,8,80536,2
2026,8,80537,11
2026,8,80538,15
2026,8,80540,2
2026,8,80545,2
2026,8,80546,1
2026,8,80549,2
2026,8,80550,30
2026,8,80601,4
2026,8,80602,20
2026,8,80603,2
2026,8,80610,3
2026,8,80615,4
2026,8,80621,13
2026,8,80634,6
2026,8,80642,2
2026,8,80645,5
2026,8,80650,2
2026,8,80701,2
2026,8,80734,1
2026,8,80744,4
2026,8,80751,6
2026,8,80757,7
2026,8,80802,1
2026,8,80808,2
2026,8,80816,6
2026,8,80831,6
2026,8,80905,3
2026,8,80906,4
2026,8,80907,2
2026,8,80908,19
2026,8,80909,6
2026,8,80911,8
2026,8,80917,2
2026,8,80919,8
2026,8,80920,4
2026,8,80921,8
2026,8,80922,6
2026,8,80923,2
2026,8,80924,2
2026,8,81001,3
2026,8,81003,2
2026,8,81006,2
2026,8,81050,2
2026,8,81082,2
2026,8,81089,4
2026,8,81133,4
2026,8,81147,2
2026,8,81201,4
2026,8,81211,2
2026,8,81236,2
2026,8,81240,2
2026,8,81242,2
2026,8,81301,12
2026,8,81302,2
2026,8,81303,2
2026,8,81321,3
2026,8,81326,2
2026,8,81401,6
2026,8,81403,7
2026,8,81410,2
2026,8,81413,2
2026,8,81416,4
2026,8,81501,1
2026,8,81503,3
2026,8,81505,3
2026,8,81506,1
2026,8,81507,2
2026,8,81520,6
2026,8,81521,4
2026,8,81527,2
2026,8,8157,2
2026,8,81621,1
2026,8,81623,16
2026,8,81624,1
2026,8,81632,6
2026,8,81647,2
2026,8,81650,2
2026,8,81654,2
2026,8,81656,2
2026,8,81657,4
2026,8,82001,13
2026,8,82003,2
2026,8,82007,2
2026,8,82009,17
2026,8,82070,1
2026,8,82072,4
2026,8,82212,2
2026,8,82213,6
2026,8,82301,1
2026,8,82325,2
2026,8,82401,1
2026,8,82414,20
2026,8,82426,4
2026,8,82433,4
2026,8,82435,23
2026,8,82443,1
2026,8,82501,1
2026,8,82520,4
2026,8,82601,4
2026,8,82604,21
2026,8,82609,4
2026,8,82633,7
2026,8,82636,2
2026,8,82701,14
2026,8,82710,6
2026,8,82712,5
2026,8,82716,28
2026,8,82717,3
2026,8,82718,38
2026,8,82720,7
2026,8,82721,12
2026,8,82729,26
2026,8,82801,37
2026,8,82833,2
2026,8,82834,18
2026,8,82836,2
2026,8,82839,6
2026,8,82901,6
2026,8,82923,2
2026,8,82930,7
2026,8,82935,1
2026,8,82941,4
2026,8,83001,6
2026,8,83014,12
2026,8,83128,2
2026,8,83201,12
2026,8,83204,7
2026,8,83236,8
2026,8,83250,2
2026,8,83301,6
2026,8,83318,2
2026,8,83327,2
2026,8,83340,3
2026,8,83350,2
2026,8,83401,8
2026,8,83402,6
2026,8,83404,4
2026,8,83405,5
2026,8,83406,2
2026,8,83422,2
2026,8,83440,6
2026,8,83442,4
2026,8,83452,2
2026,8,83501,6
2026,8,83605,5
2026,8,83607,2
2026,8,83616,7
2026,8,83617,4
2026,8,83632,1
2026,8,83642,2
2026,8,83644,6
2026,8,83646,21
2026,8,83647,6
2026,8,83648,2
2026,8,83651,9
2026,8,83656,4
2026,8,83669,3
2026,8,83686,6
2026,8,83687,5
2026,8,83701,2
2026,8,83703,4
2026,8,83704,3
2026,8,83705,1
2026,8,83706,16
2026,8,83709,6
2026,8,83712,6
2026,8,83713,1
2026,8,83714,6
2026,8,83801,2
2026,8,83805,5
2026,8,83813,2
2026,8,83814,4
2026,8,83815,12
2026,8,83833,2
2026,8,83843,2
2026,8,83848,2
2026,8,83854,8
2026,8,83856,4
2026,8,83860,6
2026,8,83871,2
2026,8,84003,2
2026,8,84009,2
2026,8,84010,9
2026,8,84014,1
2026,8,84017,4
2026,8,84029,2
2026,8,84032,8
2026,8,84033,2
2026,8,84041,2
2026,8,84043,0
2026,8,84044,2
2026,8,84045,7
2026,8,84047,5
2026,8,84054,4
2026,8,84060,9
2026,8,84062,3
2026,8,84065,5
2026,8,84067,2
2026,8,84071,3
2026,8,84074,3
2026,8,84078,2
2026,8,84081,2
2026,8,84092,6
2026,8,84093,8
2026,8,84094,4
2026,8,84095,10
2026,8,84096,8
2026,8,84097,2
2026,8,84098,8
2026,8,84103,3
2026,8,84106,6
2026,8,84107,6
2026,8,84108,7
2026,8,84111,4
2026,8,84115,3
2026,8,84117,7
2026,8,84121,1
2026,8,84123,2
2026,8,84124,2
2026,8,84129,4
2026,8,84305,8
2026,8,84310,3
2026,8,84321,5
2026,8,84340,2
2026,8,84403,6
2026,8,84404,2
2026,8,84405,6
2026,8,84414,2
2026,8,84532,2
2026,8,84604,2
2026,8,84624,5
2026,8,84629,2
2026,8,84660,2
2026,8,84663,4
2026,8,84711,1
2026,8,84716,8
2026,8,84720,2
2026,8,84721,4
2026,8,84737,2
2026,8,84738,2
2026,8,84741,2
2026,8,84770,7
2026,8,84775,3
2026,8,84780,5
2026,8,84790,8
2026,8,85004,3
2026,8,85007,3
2026,8,85012,1
2026,8,85013,3
2026,8,85016,20
2026,8,85017,4
2026,8,85022,2
2026,8,85023,2
2026,8,85024,1
2026,8,85028,4
2026,8,85029,2
2026,8,85042,4
2026,8,85044,2
2026,8,85048,4
2026,8,85086,21
2026,8,85098,2
2026,8,85118,21
2026,8,85119,2
2026,8,85120,3
2026,8,85131,4
2026,8,85132,6
2026,8,85138,12
2026,8,85139,10
2026,8,85140,10
2026,8,85142,10
2026,8,85143,15
2026,8,85144,2
2026,8,85194,6
2026,8,85203,1
2026,8,85205,10
2026,8,85206,11
2026,8,85207,17
2026,8,85208,6
2026,8,85209,43
2026,8,85210,1
2026,8,85212,8
2026,8,85213,7
2026,8,85215,6
2026,8,85224,6
2026,8,85226,3
2026,8,85234,5
2026,8,85248,7
2026,8,85249,0
2026,8,85250,2
2026,8,85251,4
2026,8,85253,4
2026,8,85254,8
2026,8,85255,21
2026,8,85258,4
2026,8,85259,8
2026,8,85260,4
2026,8,85262,19
2026,8,85263,6
2026,8,85266,14
2026,8,85268,7
2026,8,85269,2
2026,8,85282,6
2026,8,85286,6
2026,8,85295,6
2026,8,85296,2
2026,8,85298,13
2026,8,85303,2
2026,8,85304,4
2026,8,85308,4
2026,8,85311,2
2026,8,85331,10
2026,8,85338,11
2026,8,85340,9
2026,8,85345,2
2026,8,85349,4
2026,8,85351,8
2026,8,85355,5
2026,8,85356,2
2026,8,85362,2
2026,8,85365,5
2026,8,85367,2
2026,8,85373,2
2026,8,85374,17
2026,8,85375,30
2026,8,85382,4
2026,8,85383,12
2026,8,85387,5
2026,8,85388,4
2026,8,85390,6
2026,8,85392,3
2026,8,85395,16
2026,8,85396,10
2026,8,85541,4
2026,8,85552,0
2026,8,85614,10
2026,8,85622,13
2026,8,85623,4
2026,8,85630,3
2026,8,85635,5
2026,8,85641,2
2026,8,85658,12
2026,8,85710,2
2026,8,85713,1
2026,8,85715,2
2026,8,85716,1
2026,8,85718,7
2026,8,85737,4
2026,8,85739,15
2026,8,85741,2
2026,8,85742,4
2026,8,85743,2
2026,8,85745,2
2026,8,85746,2
2026,8,85747,3
2026,8,85750,13
2026,8,85755,10
2026,8,85756,4
2026,8,85901,4
2026,8,86001,5
2026,8,86004,9
2026,8,86005,4
2026,8,86021,1
2026,8,86301,6
2026,8,86305,19
2026,8,86314,4
2026,8,86315,5
2026,8,86322,2
2026,8,86323,4
2026,8,86326,2
2026,8,86327,1
2026,8,86334,2
2026,8,86351,4
2026,8,86401,2
2026,8,86403,4
2026,8,86404,3
2026,8,86405,2
2026,8,86406,18
2026,8,86426,2
2026,8,86429,2
2026,8,86442,7
2026,8,87005,2
2026,8,87020,3
2026,8,87031,3
2026,8,87047,4
2026,8,87059,2
2026,8,87106,2
2026,8,87111,8
2026,8,87114,1
2026,8,87120,1
2026,8,87121,2
2026,8,87122,9
2026,8,87153,1
2026,8,87191,4
2026,8,87401,2
2026,8,87501,1
2026,8,87505,2
2026,8,87506,5
2026,8,87507,2
2026,8,87508,7
2026,8,87544,2
2026,8,88007,2
2026,8,88011,6
2026,8,88053,2
2026,8,88065,2
2026,8,88310,2
2026,8,88325,1
2026,8,88345,1
2026,8,88352,2
2026,8,89002,2
2026,8,89006,2
2026,8,89011,8
2026,8,89014,1
2026,8,89027,10
2026,8,89034,2
2026,8,89044,4
2026,8,89052,10
2026,8,89061,4
2026,8,89074,2
2026,8,89107,2
2026,8,89119,2
2026,8,89120,2
2026,8,89121,2
2026,8,89123,5
2026,8,89129,2
2026,8,89130,2
2026,8,89131,2
2026,8,89135,12
2026,8,89138,5
2026,8,89143,2
2026,8,89166,5
2026,8,89178,2
2026,8,89183,5
2026,8,89408,2
2026,8,89410,2
2026,8,89413,2
2026,8,89442,2
2026,8,89460,2
2026,8,89501,4
2026,8,89506,1
2026,8,89507,2
2026,8,89509,10
2026,8,89511,3
2026,8,89512,2
2026,8,89519,3
2026,8,89521,1
2026,8,89523,4
2026,8,89570,1
2026,8,89701,4
2026,8,90024,3
2026,8,90032,1
2026,8,90042,2
2026,8,90045,2
2026,8,90049,2
2026,8,90064,2
2026,8,90068,2
2026,8,90240,2
2026,8,90245,4
2026,8,90254,1
2026,8,90265,2
2026,8,90266,11
2026,8,90275,2
2026,8,90291,5
2026,8,90402,1
2026,8,90500,2
2026,8,90503,2
2026,8,90505,1
2026,8,90603,4
2026,8,90604,1
2026,8,90620,2
2026,8,90630,2
2026,8,90638,2
2026,8,90650,3
2026,8,90703,1
2026,8,90710,1
2026,8,90712,1
2026,8,90720,4
2026,8,90731,1
2026,8,90740,5
2026,8,90802,1
2026,8,90803,3
2026,8,90807,2
2026,8,90808,7
2026,8,91006,2
2026,8,91010,1
2026,8,91024,12
2026,8,91101,5
2026,8,91214,4
2026,8,91303,3
2026,8,91320,4
2026,8,91325,2
2026,8,91335,2
2026,8,91360,3
2026,8,91364,3
2026,8,91384,3
2026,8,91387,1
2026,8,91403,2
2026,8,91406,2
2026,8,91502,2
2026,8,91504,9
2026,8,91601,2
2026,8,91711,2
2026,8,91722,5
2026,8,91724,3
2026,8,91737,1
2026,8,91740,2
2026,8,91750,7
2026,8,91762,1
2026,8,91773,5
2026,8,91776,1
2026,8,91789,2
2026,8,91902,4
2026,8,91913,3
2026,8,91932,2
2026,8,91941,4
2026,8,91942,2
2026,8,92008,2
2026,8,92010,2
2026,8,92011,2
2026,8,92019,4
2026,8,92020,2
2026,8,92021,2
2026,8,92025,3
2026,8,92028,2
2026,8,92040,2
2026,8,92056,6
2026,8,92057,4
2026,8,92067,2
2026,8,92082,3
2026,8,92084,4
2026,8,92088,2
2026,8,92103,3
2026,8,92110,4
2026,8,92117,2
2026,8,92120,2
2026,8,92122,2
2026,8,92127,6
2026,8,92129,6
2026,8,92130,4
2026,8,92131,4
2026,8,92201,2
2026,8,92203,5
2026,8,92211,6
2026,8,92220,2
2026,8,92223,4
2026,8,92232,2
2026,8,92234,2
2026,8,92236,2
2026,8,92252,1
2026,8,92253,6
2026,8,92260,2
2026,8,92262,6
2026,8,92264,8
2026,8,92270,2
2026,8,92284,0
2026,8,92307,2
2026,8,92371,2
2026,8,92372,2
2026,8,92392,2
2026,8,92399,2
2026,8,92501,2
2026,8,92503,3
2026,8,92506,5
2026,8,92509,2
2026,8,92545,2
2026,8,92563,4
2026,8,92591,3
2026,8,92592,2
2026,8,92603,8
2026,8,92612,2
2026,8,92614,8
2026,8,92618,2
2026,8,92625,4
2026,8,92627,2
2026,8,92629,8
2026,8,92646,10
2026,8,92649,2
2026,8,92651,2
2026,8,92653,4
2026,8,92660,2
2026,8,92672,2
2026,8,92673,7
2026,8,92674,2
2026,8,92675,8
2026,8,92677,12
2026,8,92688,2
2026,8,92708,2
2026,8,92780,3
2026,8,92807,2
2026,8,92831,2
2026,8,92845,4
2026,8,92865,1
2026,8,92869,5
2026,8,92870,4
2026,8,92886,6
2026,8,93003,5
2026,8,93004,4
2026,8,93010,3
2026,8,93021,3
2026,8,93065,2
2026,8,93101,2
2026,8,93105,2
2026,8,93109,2
2026,8,93110,2
2026,8,93230,4
2026,8,93244,2
2026,8,93274,6
2026,8,93292,2
2026,8,93306,2
2026,8,93309,6
2026,8,93312,4
2026,8,93314,2
2026,8,93401,4
2026,8,93402,2
2026,8,93420,4
2026,8,93427,3
2026,8,93433,3
2026,8,93436,6
2026,8,93442,4
2026,8,93444,4
2026,8,93446,2
2026,8,93455,10
2026,8,93463,2
2026,8,93532,3
2026,8,93536,2
2026,8,93546,2
2026,8,93551,7
2026,8,93611,2
2026,8,93612,2
2026,8,93619,6
2026,8,93620,2
2026,8,93636,6
2026,8,93644,1
2026,8,93704,2
2026,8,93711,6
2026,8,93727,1
2026,8,93908,2
2026,8,93921,6
2026,8,93923,2
2026,8,93953,2
2026,8,94002,6
2026,8,94010,6
2026,8,94014,10
2026,8,94018,2
2026,8,94024,1
2026,8,94025,6
2026,8,94028,2
2026,8,94043,5
2026,8,94070,2
2026,8,94086,4
2026,8,94087,4
2026,8,94109,2
2026,8,94110,5
2026,8,94114,4
2026,8,94115,2
2026,8,94118,1
2026,8,94121,2
2026,8,94131,2
2026,8,94132,2
2026,8,94133,1
2026,8,94158,3
2026,8,94301,8
2026,8,94303,6
2026,8,94339,8
2026,8,94402,5
2026,8,94502,2
2026,8,94505,5
2026,8,94515,2
2026,8,94519,2
2026,8,94521,2
2026,8,94526,8
2026,8,94531,6
2026,8,94544,1
2026,8,94549,2
2026,8,94550,2
2026,8,94556,2
2026,8,94558,5
2026,8,94559,2
2026,8,94568,7
2026,8,94571,2
2026,8,94574,1
2026,8,94580,2
2026,8,94582,1
2026,8,94583,2
2026,8,94588,2
2026,8,94589,3
2026,8,94591,2
2026,8,94595,4
2026,8,94596,2
2026,8,94598,12
2026,8,94602,3
2026,8,94608,2
2026,8,94610,1
2026,8,94611,2
2026,8,94703,2
2026,8,94707,6
2026,8,94903,5
2026,8,94920,1
2026,8,94941,2
2026,8,94945,3
2026,8,94947,2
2026,8,94952,3
2026,8,94953,2
2026,8,95006,2
2026,8,95008,2
2026,8,95010,2
2026,8,95030,2
2026,8,95037,1
2026,8,95067,4
2026,8,95070,2
2026,8,95120,2
2026,8,95123,4
2026,8,95124,7
2026,8,95125,2
2026,8,95133,2
2026,8,95207,2
2026,8,95233,2
2026,8,95252,2
2026,8,95320,4
2026,8,95348,2
2026,8,95354,2
2026,8,95355,2
2026,8,95366,4
2026,8,95370,2
2026,8,95380,4
2026,8,95404,2
2026,8,95405,4
2026,8,95409,4
2026,8,95425,3
2026,8,95446,2
2026,8,95470,5
2026,8,95492,4
2026,8,95585,1
2026,8,95603,4
2026,8,95608,4
2026,8,95613,2
2026,8,95624,2
2026,8,95628,12
2026,8,95630,2
2026,8,95631,2
2026,8,95642,3
2026,8,95648,6
2026,8,95650,2
2026,8,95658,2
2026,8,95664,2
2026,8,95666,2
2026,8,95667,2
2026,8,95677,5
2026,8,95682,1
2026,8,95683,2
2026,8,95687,8
2026,8,95688,1
2026,8,95691,2
2026,8,95742,2
2026,8,95757,2
2026,8,95762,4
2026,8,95765,4
2026,8,95818,1
2026,8,95819,2
2026,8,95821,2
2026,8,95822,6
2026,8,95835,2
2026,8,95842,4
2026,8,95864,4
2026,8,95926,3
2026,8,95927,1
2026,8,95932,2
2026,8,95949,6
2026,8,95959,4
2026,8,95963,2
2026,8,95965,2
2026,8,95973,2
2026,8,96007,3
2026,8,96087,2
2026,8,96097,4
2026,8,96130,4
2026,8,96137,2
2026,8,96145,4
2026,8,96151,2
2026,8,96158,7
2026,8,96161,2
2026,8,96706,3
2026,8,96740,2
2026,8,96768,2
2026,8,96815,2
2026,8,97007,8
2026,8,97009,3
2026,8,97015,4
2026,8,97026,2
2026,8,97030,6
2026,8,97031,3
2026,8,97035,10
2026,8,97038,2
2026,8,97045,2
2026,8,97048,2
2026,8,97058,2
2026,8,97062,4
2026,8,97068,6
2026,8,97070,2
2026,8,97080,2
2026,8,97086,2
2026,8,97089,2
2026,8,97106,3
2026,8,97116,9
2026,8,97119,2
2026,8,97124,2
2026,8,97128,2
2026,8,97132,9
2026,8,97140,2
2026,8,97141,2
2026,8,97143,2
2026,8,97202,6
2026,8,97203,4
2026,8,97205,2
2026,8,97206,9
2026,8,97209,4
2026,8,97212,4
2026,8,97213,7
2026,8,97215,2
2026,8,97217,6
2026,8,97219,9
2026,8,97220,2
2026,8,97221,4
2026,8,97223,8
2026,8,97229,2
2026,8,97230,3
2026,8,97236,3
2026,8,97239,2
2026,8,97267,5
2026,8,97302,2
2026,8,97303,6
2026,8,97305,5
2026,8,97317,1
2026,8,97321,2
2026,8,97330,3
2026,8,97338,6
2026,8,97351,4
2026,8,97355,2
2026,8,97370,2
2026,8,97381,4
2026,8,97401,4
2026,8,97402,4
2026,8,97403,4
2026,8,97404,1
2026,8,97405,2
2026,8,97456,2
2026,8,97477,4
2026,8,97478,5
2026,8,97479,2
2026,8,97504,6
2026,8,97520,3
2026,8,97526,6
2026,8,97527,6
2026,8,97701,2
2026,8,97702,5
2026,8,97703,3
2026,8,97707,2
2026,8,97741,1
2026,8,97756,1
2026,8,97801,4
2026,8,98003,2
2026,8,98004,6
2026,8,98005,6
2026,8,98006,2
2026,8,98008,7
2026,8,98011,6
2026,8,98012,6
2026,8,98019,3
2026,8,98021,11
2026,8,98022,5
2026,8,98023,2
2026,8,98026,6
2026,8,98027,10
2026,8,98030,5
2026,8,98031,9
2026,8,98033,5
2026,8,98034,1
2026,8,98036,2
2026,8,98038,4
2026,8,98042,7
2026,8,98043,2
2026,8,98045,4
2026,8,98052,10
2026,8,98053,1
2026,8,98056,3
2026,8,98058,9
2026,8,98072,8
2026,8,98087,6
2026,8,98092,8
2026,8,98102,2
2026,8,98103,19
2026,8,98105,2
2026,8,98107,5
2026,8,98109,7
2026,8,98110,2
2026,8,98112,4
2026,8,98115,11
2026,8,98116,1
2026,8,98117,10
2026,8,98118,7
2026,8,98119,2
2026,8,98122,8
2026,8,98125,2
2026,8,98133,7
2026,8,98144,3
2026,8,98146,7
2026,8,98155,6
2026,8,98166,9
2026,8,98177,4
2026,8,98178,2
2026,8,98188,2
2026,8,98198,4
2026,8,98199,2
2026,8,98204,5
2026,8,98208,4
2026,8,98221,12
2026,8,98223,3
2026,8,98225,3
2026,8,98226,4
2026,8,98229,3
2026,8,98230,2
2026,8,98239,2
2026,8,98249,2
2026,8,98250,2
2026,8,98257,4
2026,8,98258,2
2026,8,98260,2
2026,8,98270,4
2026,8,98273,1
2026,8,98274,6
2026,8,98275,10
2026,8,98277,1
2026,8,98284,2
2026,8,98290,7
2026,8,98292,2
2026,8,98295,2
2026,8,98296,2
2026,8,98310,2
2026,8,98311,6
2026,8,98312,2
2026,8,98321,6
2026,8,98335,4
2026,8,98340,2
2026,8,98342,2
2026,8,98344,2
2026,8,98346,6
2026,8,98362,2
2026,8,98366,3
2026,8,98367,4
2026,8,98370,2
2026,8,98372,8
2026,8,98375,4
2026,8,98382,7
2026,8,98383,4
2026,8,98384,2
2026,8,98387,2
2026,8,98391,12
2026,8,98405,2
2026,8,98406,2
2026,8,98407,6
2026,8,98422,4
2026,8,98443,2
2026,8,98466,2
2026,8,98499,3
2026,8,98501,18
2026,8,98502,4
2026,8,98509,4
2026,8,98513,23
2026,8,98524,3
2026,8,98527,4
2026,8,98531,2
2026,8,98532,2
2026,8,98563,5
2026,8,98596,2
2026,8,98604,2
2026,8,98661,7
2026,8,98662,2
2026,8,98665,2
2026,8,98671,2
2026,8,98682,2
2026,8,98684,2
2026,8,98686,4
2026,8,98801,18
2026,8,98802,9
2026,8,98826,1
2026,8,98837,7
2026,8,98847,2
2026,8,98848,2
2026,8,98902,4
2026,8,98908,19
2026,8,98909,4
2026,8,98926,7
2026,8,98940,2
2026,8,99003,1
2026,8,99004,13
2026,8,99005,2
2026,8,99019,6
2026,8,99021,5
2026,8,99022,2
2026,8,99026,3
2026,8,99037,8
2026,8,99109,2
2026,8,99116,2
2026,8,99123,2
2026,8,99156,2
2026,8,99163,3
2026,8,99203,4
2026,8,99205,2
2026,8,99206,8
2026,8,99208,6
2026,8,99209,2
2026,8,99212,2
2026,8,99216,4
2026,8,99218,2
2026,8,99223,11
2026,8,99224,5
2026,8,99301,2
2026,8,99320,2
2026,8,99323,2
2026,8,99324,8
2026,8,99336,4
2026,8,99337,6
2026,8,99338,2
2026,8,99349,2
2026,8,99352,3
2026,8,99353,2
2026,8,99354,2
2026,8,99361,2
2026,8,99362,6
2026,8,99504,7
2026,8,99507,2
2026,8,99515,1
2026,8,99516,5
2026,8,99517,1
2026,8,99567,2
2026,8,99574,4
2026,8,99577,3
2026,8,99672,2
2026,8,99706,2
2026,8,99821,1
2026,8,99823,7
2026,8,BD23 3RT,2
2026,8,BS65BL,2
2026,8,J3Y 8J3,1
2026,8,K2P 1N7,1
2026,8,L0L 1L0,2
2026,8,M6S 4Z1,2
2026,8,NN6 7WH,5
2026,8,OX3 0PB,2
2026,8,P0W 1C0,1
2026,8,P7E 1T7,5
2026,8,P9N 1K5,2
2026,8,R0A 1X0,10
2026,8,R0A 2K0,6
2026,8,R0E 0C0,4
2026,8,R0E 1A0,2
2026,8,R0G 0A1,2
2026,8,R0G 0J0,7
2026,8,R0H 0R0,2
2026,8,R0K 0E0,4
2026,8,R0K 1G0,5
2026,8,R0M 2C0,3
2026,8,R1N 3A4,2
2026,8,R1N 3C3,2
2026,8,R1N 3G4,2
2026,8,R2G 0B7,3
2026,8,R2G 3S2,2
2026,8,R2K 0W1,4
2026,8,R2V 2W6,6
2026,8,R2V 3K7,2
2026,8,R2Y 0C2,4
2026,8,R3G 2N3,3
2026,8,R3R 3V4,2
2026,8,R3T 5T3,4
2026,8,R3Y 1X6,3
2026,8,R6W 4B2,2
2026,8,R7A 5Y3,6
2026,8,R7B 4C6,2
2026,8,S0C 0S0,4
2026,8,S0C 1S0,4
2026,8,S0C 2B0,11
2026,8,S0E 1M0,8
2026,8,S0H 0N0,2
2026,8,S0K 1H0,4
2026,8,S3N 3K2,4
2026,8,S4A 0K6,5
2026,8,S4A 2A4,2
2026,8,S4H 0B9,4
2026,8,S4V 0Z8,2
2026,8,S4Y 0A3,2
2026,8,S7H 0P1,5
2026,8,S7K 0K3,3
2026,8,T0E 0N0,3
2026,8,T0J 0M0,2
2026,8,T0L 0Z0,1
2026,8,T0M 0G0,2
2026,8,T0M 2A0,2
2026,8,T1S 0E7,4
2026,8,T3H 3A2,2
2026,8,T4P 3X9,3
2026,8,T5N 2N4,2
2026,8,T5Y 3A4,2
2026,8,T6G 0R7,2
2026,8,T6R 1E3,2
2026,8,T8A 3V6,2
2026,8,V0J 1E2,2
2026,8,V3R 5Y2,2
2026,8,V3Z 0P9,1
2026,8,V6J 2N9,1
2026,8,W3400,2
2026,9,01073,3
2026,9,01077,4
2026,9,01450,2
2026,9,01550,2
2026,9,01566,1
2026,9,01581,2
2026,9,01590,4
2026,9,01604,2
2026,9,01747,2
2026,9,01749,2
2026,9,01754,2
2026,9,01778,8
2026,9,01845,2
2026,9,01915,1
2026,9,01945,7
2026,9,01969,2
2026,9,01970,0
2026,9,01983,4
2026,9,02026,2
2026,9,02043,2
2026,9,02081,2
2026,9,02116,4
2026,9,02128,1
2026,9,02130,1
2026,9,02138,3
2026,9,02139,2
2026,9,02143,1
2026,9,02152,4
2026,9,02191,2
2026,9,02351,1
2026,9,02360,5
2026,9,02459,4
2026,9,02472,2
2026,9,02492,2
2026,9,02556,2
2026,9,02568,2
2026,9,02631,2
2026,9,02813,2
2026,9,02822,2
2026,9,02830,2
2026,9,02840,5
2026,9,02879,2
2026,9,02882,1
2026,9,02891,2
2026,9,02896,2
2026,9,03055,6
2026,9,03062,2
2026,9,03077,2
2026,9,03104,4
2026,9,03106,1
2026,9,03216,3
2026,9,03301,1
2026,9,03431,1
2026,9,03466,2
2026,9,03570,2
2026,9,03748,5
2026,9,03755,2
2026,9,03781,2
2026,9,03782,2
2026,9,03801,4
2026,9,03820,8
2026,9,03825,2
2026,9,03839,1
2026,9,03842,2
2026,9,03848,2
2026,9,03854,2
2026,9,03868,2
2026,9,03872,1
2026,9,03894,2
2026,9,03909,2
2026,9,04021,2
2026,9,04038,2
2026,9,04051,6
2026,9,04073,2
2026,9,04079,2
2026,9,04096,2
2026,9,04270,2
2026,9,04565,2
2026,9,04568,6
2026,9,04634,2
2026,9,04685,2
2026,9,04786,2
2026,9,05156,2
2026,9,05250,2
2026,9,05342,2
2026,9,05462,2
2026,9,05478,3
2026,9,05486,4
2026,9,05495,2
2026,9,05701,4
2026,9,06001,1
2026,9,06019,2
2026,9,06033,4
2026,9,06035,2
2026,9,06070,2
2026,9,06073,2
2026,9,06088,2
2026,9,06089,2
2026,9,06117,8
2026,9,06118,8
2026,9,06277,4
2026,9,06279,2
2026,9,06281,4
2026,9,06333,2
2026,9,06335,2
2026,9,06340,3
2026,9,06371,3
2026,9,06377,2
2026,9,06424,2
2026,9,06443,2
2026,9,06457,2
2026,9,06473,2
2026,9,06477,1
2026,9,06492,2
2026,9,06518,2
2026,9,06604,1
2026,9,06795,12
2026,9,06796,2
2026,9,06820,2
2026,9,06840,5
2026,9,06877,4
2026,9,06897,8
2026,9,06901,2
2026,9,06902,3
2026,9,07059,4
2026,9,07081,4
2026,9,07082,2
2026,9,07086,2
2026,9,07090,2
2026,9,07302,2
2026,9,07304,1
2026,9,07436,2
2026,9,07458,3
2026,9,07470,4
2026,9,07605,1
2026,9,07648,1
2026,9,07666,2
2026,9,07726,3
2026,9,07751,2
2026,9,07825,1
2026,9,07830,2
2026,9,07869,2
2026,9,07933,2
2026,9,07950,3
2026,9,08007,2
2026,9,08022,4
2026,9,08026,2
2026,9,08034,2
2026,9,08077,2
2026,9,08084,2
2026,9,08106,1
2026,9,08108,2
2026,9,08210,3
2026,9,08244,2
2026,9,08502,2
2026,9,08534,5
2026,9,08540,2
2026,9,08691,2
2026,9,08723,2
2026,9,08807,2
2026,9,08844,5
2026,9,08852,2
2026,9,08867,1
2026,9,08889,4
2026,9,10010,2
2026,9,10018,1
2026,9,10019,6
2026,9,10022,2
2026,9,10023,1
2026,9,10024,4
2026,9,10025,8
2026,9,10026,4
2026,9,10028,5
2026,9,10035,3
2026,9,10040,4
2026,9,10065,2
2026,9,10509,4
2026,9,10536,4
2026,9,10562,4
2026,9,10570,2
2026,9,10583,2
2026,9,10597,2
2026,9,10607,2
2026,9,10708,4
2026,9,10710,2
2026,9,10956,2
2026,9,10983,4
2026,9,11050,1
2026,9,11201,1
2026,9,11209,4
2026,9,11218,2
2026,9,11231,4
2026,9,11366,2
2026,9,11377,3
2026,9,11542,2
2026,9,11554,1
2026,9,11563,2
2026,9,11704,6
2026,9,11725,4
2026,9,11731,2
2026,9,11733,2
2026,9,11741,4
2026,9,11743,1
2026,9,11758,2
2026,9,11777,2
2026,9,11782,2
2026,9,11783,2
2026,9,11788,2
2026,9,12019,2
2026,9,12065,2
2026,9,12093,2
2026,9,12401,2
2026,9,12406,2
2026,9,12449,3
2026,9,12501,2
2026,9,12534,3
2026,9,12564,6
2026,9,12590,2
2026,9,12603,2
2026,9,12831,2
2026,9,12834,4
2026,9,12866,2
2026,9,12901,2
2026,9,12936,2
2026,9,12962,2
2026,9,13021,2
2026,9,13031,2
2026,9,13101,4
2026,9,13104,2
2026,9,13159,2
2026,9,13215,2
2026,9,13439,2
2026,9,13440,3
2026,9,13601,2
2026,9,13652,2
2026,9,13820,1
2026,9,14032,2
2026,9,14052,10
2026,9,14075,1
2026,9,14080,2
2026,9,14086,2
2026,9,14094,2
2026,9,14127,2
2026,9,14138,2
2026,9,14172,2
2026,9,14223,3
2026,9,14425,0
2026,9,14526,8
2026,9,14534,4
2026,9,14617,2
2026,9,14626,3
2026,9,14701,3
2026,9,14731,2
2026,9,14806,2
2026,9,14840,2
2026,9,15001,2
2026,9,15042,2
2026,9,15090,4
2026,9,15108,4
2026,9,15136,2
2026,9,15209,2
2026,9,15214,2
2026,9,15227,2
2026,9,15301,2
2026,9,15362,2
2026,9,15601,2
2026,9,15610,3
2026,9,15683,3
2026,9,15717,2
2026,9,15739,4
2026,9,15767,2
2026,9,15868,2
2026,9,15904,2
2026,9,16001,1
2026,9,16053,2
2026,9,16063,4
2026,9,16066,2
2026,9,16117,2
2026,9,16120,3
2026,9,16142,2
2026,9,16345,2
2026,9,16433,2
2026,9,16506,2
2026,9,16617,2
2026,9,16635,4
2026,9,16669,2
2026,9,16686,2
2026,9,16740,2
2026,9,16803,2
2026,9,16828,4
2026,9,16870,2
2026,9,16932,2
2026,9,17013,2
2026,9,17042,2
2026,9,17043,2
2026,9,17046,2
2026,9,17055,2
2026,9,17067,2
2026,9,17090,2
2026,9,17112,2
2026,9,17201,3
2026,9,17268,8
2026,9,17320,2
2026,9,17321,7
2026,9,17325,2
2026,9,17356,2
2026,9,17361,2
2026,9,17402,8
2026,9,17406,2
2026,9,17516,4
2026,9,17517,2
2026,9,17552,4
2026,9,17581,2
2026,9,17601,7
2026,9,17602,4
2026,9,17603,2
2026,9,17821,9
2026,9,17830,2
2026,9,17837,2
2026,9,17960,2
2026,9,17961,2
2026,9,18015,2
2026,9,18017,2
2026,9,18036,2
2026,9,18041,2
2026,9,18045,2
2026,9,18053,2
2026,9,18071,2
2026,9,18076,5
2026,9,18080,1
2026,9,18104,7
2026,9,18301,2
2026,9,18326,2
2026,9,18328,2
2026,9,18353,6
2026,9,18603,2
2026,9,18612,2
2026,9,18707,6
2026,9,18902,3
2026,9,18938,4
2026,9,18944,2
2026,9,19002,2
2026,9,19006,2
2026,9,19054,4
2026,9,19063,3
2026,9,19064,2
2026,9,19067,6
2026,9,19072,2
2026,9,19073,7
2026,9,19086,2
2026,9,19106,2
2026,9,19115,2
2026,9,19129,2
2026,9,19130,2
2026,9,19146,3
2026,9,19311,2
2026,9,19320,4
2026,9,19341,2
2026,9,19352,2
2026,9,19355,2
2026,9,19380,8
2026,9,19382,0
2026,9,19426,1
2026,9,19460,1
2026,9,19465,2
2026,9,19468,4
2026,9,19473,2
2026,9,19533,2
2026,9,19610,4
2026,9,19711,4
2026,9,19803,2
2026,9,19806,2
2026,9,19810,3
2026,9,19958,2
2026,9,19966,8
2026,9,19968,2
2026,9,19971,3
2026,9,19973,2
2026,9,20001,2
2026,9,20002,2
2026,9,20003,8
2026,9,20004,4
2026,9,20009,2
2026,9,20010,7
2026,9,20036,2
2026,9,20148,6
2026,9,20155,4
2026,9,20165,2
2026,9,20170,2
2026,9,20171,2
2026,9,20175,4
2026,9,20186,1
2026,9,20187,6
2026,9,20191,2
2026,9,20197,1
2026,9,20607,6
2026,9,20657,2
2026,9,20678,2
2026,9,20685,2
2026,9,20688,4
2026,9,20692,2
2026,9,20770,2
2026,9,20814,3
2026,9,20815,11
2026,9,20837,2
2026,9,20850,1
2026,9,20852,3
2026,9,20871,4
2026,9,20878,1
2026,9,20895,2
2026,9,20901,4
2026,9,20910,6
2026,9,21014,1
2026,9,21015,2
2026,9,21037,2
2026,9,21042,6
2026,9,21043,4
2026,9,21044,4
2026,9,21045,2
2026,9,21050,2
2026,9,21084,3
2026,9,21093,2
2026,9,21104,2
2026,9,21117,2
2026,9,21144,2
2026,9,21157,2
2026,9,21209,2
2026,9,21210,2
2026,9,21217,2
2026,9,21219,3
2026,9,21221,2
2026,9,21228,5
2026,9,21230,2
2026,9,21239,2
2026,9,21401,1
2026,9,21409,2
2026,9,21502,4
2026,9,21601,4
2026,9,21619,2
2026,9,21634,2
2026,9,21665,2
2026,9,21702,7
2026,9,21703,1
2026,9,21704,2
2026,9,21733,2
2026,9,21740,2
2026,9,21781,2
2026,9,21784,2
2026,9,21787,2
2026,9,21788,2
2026,9,21794,4
2026,9,21797,2
2026,9,21801,2
2026,9,21817,1
2026,9,21921,3
2026,9,22003,2
2026,9,22015,5
2026,9,22025,4
2026,9,22033,2
2026,9,22039,2
2026,9,22042,1
2026,9,22043,2
2026,9,22066,2
2026,9,22102,2
2026,9,22152,1
2026,9,22180,2
2026,9,22201,1
2026,9,22202,2
2026,9,22204,2
2026,9,22205,6
2026,9,22207,7
2026,9,22213,4
2026,9,22308,5
2026,9,22312,2
2026,9,22314,8
2026,9,22315,2
2026,9,22407,10
2026,9,22408,2
2026,9,22508,2
2026,9,22551,2
2026,9,22601,4
2026,9,22630,5
2026,9,22656,2
2026,9,22712,2
2026,9,22815,2
2026,9,22901,6
2026,9,22932,10
2026,9,23060,2
2026,9,23061,2
2026,9,23103,2
2026,9,23113,1
2026,9,23116,8
2026,9,23227,2
2026,9,23229,2
2026,9,23233,2
2026,9,23322,3
2026,9,23455,2
2026,9,23505,2
2026,9,23602,1
2026,9,23666,2
2026,9,23703,4
2026,9,23805,2
2026,9,23851,2
2026,9,23919,3
2026,9,24018,2
2026,9,24079,2
2026,9,24128,2
2026,9,24134,0
2026,9,24137,1
2026,9,24360,2
2026,9,24401,1
2026,9,24550,2
2026,9,24551,2
2026,9,24556,4
2026,9,24572,1
2026,9,24605,4
2026,9,25241,1
2026,9,25303,4
2026,9,25526,4
2026,9,25639,2
2026,9,25801,4
2026,9,25901,5
2026,9,26003,2
2026,9,27023,2
2026,9,27040,2
2026,9,27104,2
2026,9,27106,6
2026,9,27107,2
2026,9,27217,4
2026,9,27244,6
2026,9,27253,4
2026,9,27284,2
2026,9,27312,4
2026,9,27330,2
2026,9,27360,3
2026,9,27407,2
2026,9,27408,6
2026,9,27410,2
2026,9,27455,3
2026,9,27511,2
2026,9,27513,1
2026,9,27514,3
2026,9,27518,2
2026,9,27523,3
2026,9,27526,2
2026,9,27527,5
2026,9,27529,2
2026,9,27539,2
2026,9,27540,4
2026,9,27559,2
2026,9,27592,3
2026,9,27606,2
2026,9,27607,4
2026,9,27609,2
2026,9,27613,4
2026,9,27614,1
2026,9,27615,2
2026,9,27703,3
2026,9,27707,4
2026,9,27712,2
2026,9,27713,5
2026,9,27808,2
2026,9,27958,0
2026,9,28027,2
2026,9,28081,6
2026,9,28104,6
2026,9,28105,8
2026,9,28110,2
2026,9,28115,2
2026,9,28144,2
2026,9,28146,4
2026,9,28147,1
2026,9,28203,5
2026,9,28204,2
2026,9,28205,5
2026,9,28209,2
2026,9,28210,6
2026,9,28214,2
2026,9,28215,2
2026,9,28227,2
2026,9,28273,2
2026,9,28343,2
2026,9,28409,2
2026,9,28412,6
2026,9,28422,6
2026,9,28443,2
2026,9,28451,4
2026,9,28460,2
2026,9,28461,8
2026,9,28462,2
2026,9,28466,4
2026,9,28551,1
2026,9,28601,2
2026,9,28607,3
2026,9,28625,2
2026,9,28655,1
2026,9,28694,3
2026,9,28704,7
2026,9,28711,2
2026,9,28715,2
2026,9,28723,2
2026,9,28739,4
2026,9,28752,2
2026,9,28753,2
2026,9,28779,3
2026,9,28786,4
2026,9,28787,5
2026,9,28789,2
2026,9,28804,1
2026,9,28805,4
2026,9,29072,9
2026,9,29078,2
2026,9,29102,2
2026,9,29180,2
2026,9,29201,6
2026,9,29209,2
2026,9,29302,2
2026,9,29322,2
2026,9,29369,4
2026,9,29410,2
2026,9,29412,2
2026,9,29451,2
2026,9,29464,4
2026,9,29483,2
2026,9,29492,5
2026,9,29577,2
2026,9,29579,1
2026,9,29615,2
2026,9,29640,2
2026,9,29642,4
2026,9,29646,3
2026,9,29661,2
2026,9,29681,4
2026,9,29687,3
2026,9,29689,2
2026,9,29690,2
2026,9,29696,2
2026,9,29707,2
2026,9,29715,1
2026,9,29720,2
2026,9,29732,6
2026,9,29745,6
2026,9,29801,1
2026,9,29803,2
2026,9,29909,4
2026,9,29910,2
2026,9,29928,0
2026,9,3000,1
2026,9,30005,2
2026,9,30009,4
2026,9,30011,2
2026,9,30019,2
2026,9,30022,2
2026,9,30024,4
2026,9,30028,4
2026,9,30040,4
2026,9,30041,4
2026,9,30052,2
2026,9,30064,3
2026,9,30066,1
2026,9,30068,1
2026,9,30075,4
2026,9,30076,2
2026,9,30080,2
2026,9,30082,2
2026,9,30102,6
2026,9,30103,2
2026,9,30104,2
2026,9,30114,4
2026,9,30116,4
2026,9,30143,2
2026,9,30157,2
2026,9,30161,2
2026,9,30170,2
2026,9,30175,2
2026,9,30183,2
2026,9,30184,4
2026,9,30188,6
2026,9,30189,4
2026,9,30205,5
2026,9,30241,2
2026,9,30265,2
2026,9,30269,4
2026,9,30277,2
2026,9,30306,11
2026,9,30309,5
2026,9,30327,4
2026,9,30328,2
2026,9,30338,2
2026,9,30342,2
2026,9,30345,2
2026,9,30346,2
2026,9,30461,3
2026,9,30506,2
2026,9,30512,2
2026,9,30513,4
2026,9,30525,2
2026,9,30533,2
2026,9,30534,4
2026,9,30536,4
2026,9,30546,2
2026,9,30548,2
2026,9,30549,2
2026,9,30560,2
2026,9,30567,2
2026,9,30582,2
2026,9,30606,2
2026,9,30622,4
2026,9,30642,4
2026,9,30643,3
2026,9,30648,6
2026,9,30662,2
2026,9,30677,3
2026,9,30701,1
2026,9,30720,2
2026,9,30736,2
2026,9,30740,4
2026,9,30750,2
2026,9,30809,3
2026,9,31015,2
2026,9,31029,2
2026,9,31047,4
2026,9,31069,4
2026,9,31076,1
2026,9,31088,2
2026,9,31401,2
2026,9,31407,2
2026,9,31522,2
2026,9,31525,2
2026,9,31558,2
2026,9,31602,6
2026,9,31626,7
2026,9,31778,1
2026,9,31792,2
2026,9,31907,7
2026,9,32030,2
2026,9,32034,11
2026,9,32043,4
2026,9,32080,6
2026,9,32081,0
2026,9,32082,4
2026,9,32091,2
2026,9,32092,6
2026,9,32095,2
2026,9,32128,4
2026,9,32131,3
2026,9,32136,2
2026,9,32137,8
2026,9,32159,3
2026,9,32162,6
2026,9,32163,8
2026,9,32168,2
2026,9,32174,1
2026,9,32179,2
2026,9,32195,2
2026,9,32207,2
2026,9,32210,2
2026,9,32217,2
2026,9,32224,2
2026,9,32225,2
2026,9,32246,1
2026,9,32309,4
2026,9,32311,1
2026,9,32312,4
2026,9,32327,2
2026,9,32329,2
2026,9,32424,2
2026,9,32433,2
2026,9,32439,2
2026,9,32504,2
2026,9,32507,5
2026,9,32533,2
2026,9,32536,9
2026,9,32541,10
2026,9,32550,2
2026,9,32570,2
2026,9,32577,2
2026,9,32583,2
2026,9,32605,7
2026,9,32608,2
2026,9,32631,2
2026,9,32669,2
2026,9,32708,4
2026,9,32712,2
2026,9,32724,2
2026,9,32751,2
2026,9,32757,2
2026,9,32759,1
2026,9,32779,4
2026,9,32789,2
2026,9,32803,2
2026,9,32836,2
2026,9,32903,4
2026,9,32904,2
2026,9,32907,2
2026,9,32931,4
2026,9,32940,2
2026,9,32963,11
2026,9,33004,2
2026,9,33019,4
2026,9,33037,2
2026,9,33040,4
2026,9,33042,1
2026,9,33062,2
2026,9,33065,2
2026,9,33075,2
2026,9,33134,4
2026,9,33136,1
2026,9,33143,3
2026,9,33145,2
2026,9,33149,2
2026,9,33156,2
2026,9,33186,2
2026,9,33301,2
2026,9,33304,2
2026,9,33308,6
2026,9,33321,2
2026,9,33322,2
2026,9,33327,2
2026,9,33412,7
2026,9,33437,4
2026,9,33449,4
2026,9,33462,1
2026,9,33467,2
2026,9,33470,1
2026,9,33478,3
2026,9,33487,2
2026,9,33513,2
2026,9,33542,3
2026,9,33543,2
2026,9,33556,2
2026,9,33569,2
2026,9,33576,2
2026,9,33592,2
2026,9,33596,3
2026,9,33606,2
2026,9,33625,4
2026,9,33647,4
2026,9,33703,2
2026,9,33705,1
2026,9,33707,2
2026,9,33709,2
2026,9,33710,2
2026,9,33712,2
2026,9,33756,4
2026,9,33761,2
2026,9,33763,2
2026,9,33777,2
2026,9,33803,4
2026,9,33810,4
2026,9,33875,2
2026,9,33881,2
2026,9,33908,8
2026,9,33912,2
2026,9,33913,6
2026,9,33914,2
2026,9,33919,2
2026,9,33921,2
2026,9,33928,8
2026,9,33931,2
2026,9,33935,2
2026,9,33950,2
2026,9,33957,2
2026,9,33966,8
2026,9,33967,2
2026,9,33971,1
2026,9,34102,2
2026,9,34104,2
2026,9,34108,1
2026,9,34110,2
2026,9,34112,2
2026,9,34114,4
2026,9,34116,2
2026,9,34120,2
2026,9,34133,2
2026,9,34134,8
2026,9,34135,10
2026,9,34142,2
2026,9,34145,2
2026,9,34201,2
2026,9,34202,2
2026,9,34212,2
2026,9,34228,1
2026,9,34232,2
2026,9,34242,2
2026,9,34274,2
2026,9,34285,10
2026,9,34287,2
2026,9,34289,2
2026,9,34293,2
2026,9,34448,4
2026,9,34470,2
2026,9,34471,2
2026,9,34476,13
2026,9,34479,2
2026,9,34480,2
2026,9,34481,6
2026,9,34638,2
2026,9,34639,1
2026,9,34652,2
2026,9,34654,4
2026,9,34683,4
2026,9,34688,2
2026,9,34698,2
2026,9,34711,6
2026,9,34715,4
2026,9,34744,4
2026,9,34747,3
2026,9,34762,4
2026,9,34786,1
2026,9,34787,2
2026,9,34788,2
2026,9,34952,2
2026,9,34957,4
2026,9,34982,2
2026,9,34983,2
2026,9,34997,2
2026,9,35040,3
2026,9,35043,4
2026,9,35054,2
2026,9,35080,2
2026,9,35121,2
2026,9,35125,2
2026,9,35173,4
2026,9,35178,2
2026,9,35179,2
2026,9,35203,1
2026,9,35216,12
2026,9,35242,6
2026,9,35244,2
2026,9,35405,2
2026,9,35453,2
2026,9,35574,3
2026,9,35581,2
2026,9,35603,2
2026,9,35611,2
2026,9,35749,2
2026,9,35758,1
2026,9,35763,5
2026,9,35806,2
2026,9,35810,1
2026,9,35903,2
2026,9,35957,2
2026,9,35986,4
2026,9,36081,2
2026,9,36303,6
2026,9,36323,2
2026,9,36526,2
2026,9,36532,2
2026,9,36542,4
2026,9,36561,2
2026,9,36604,1
2026,9,36608,1
2026,9,36830,2
2026,9,37027,8
2026,9,37029,1
2026,9,37031,2
2026,9,37035,2
2026,9,37036,2
2026,9,37043,2
2026,9,37062,2
2026,9,37064,8
2026,9,37066,2
2026,9,37067,0
2026,9,37069,4
2026,9,37075,5
2026,9,37087,2
2026,9,37110,2
2026,9,37128,2
2026,9,37129,2
2026,9,37135,7
2026,9,37148,4
2026,9,37174,2
2026,9,37191,2
2026,9,37204,4
2026,9,37205,2
2026,9,37209,2
2026,9,37215,5
2026,9,37309,2
2026,9,37327,6
2026,9,37341,2
2026,9,37363,5
2026,9,37415,5
2026,9,37421,2
2026,9,37604,4
2026,9,37615,2
2026,9,37640,2
2026,9,37641,4
2026,9,37642,2
2026,9,37659,3
2026,9,37660,2
2026,9,37664,2
2026,9,37716,2
2026,9,37721,3
2026,9,37722,2
2026,9,37725,2
2026,9,37754,2
2026,9,37772,3
2026,9,37801,2
2026,9,37811,2
2026,9,37813,2
2026,9,37814,6
2026,9,37830,6
2026,9,37849,4
2026,9,37854,2
2026,9,37863,1
2026,9,37876,2
2026,9,37914,1
2026,9,37919,2
2026,9,37920,3
2026,9,37922,2
2026,9,37932,3
2026,9,37934,4
2026,9,38017,2
2026,9,38058,2
2026,9,38111,2
2026,9,38120,2
2026,9,38135,2
2026,9,38138,2
2026,9,38337,2
2026,9,38401,9
2026,9,38478,2
2026,9,38501,6
2026,9,38544,4
2026,9,38549,3
2026,9,38558,4
2026,9,38583,4
2026,9,38610,2
2026,9,3864,3
2026,9,38655,5
2026,9,38673,2
2026,9,38725,2
2026,9,38852,2
2026,9,38862,2
2026,9,39039,2
2026,9,39047,2
2026,9,39437,2
2026,9,39532,2
2026,9,39560,2
2026,9,39564,4
2026,9,39577,2
2026,9,39759,4
2026,9,40004,3
2026,9,40031,6
2026,9,40065,2
2026,9,40204,5
2026,9,40207,2
2026,9,40220,5
2026,9,40222,2
2026,9,40223,4
2026,9,40272,2
2026,9,40324,2
2026,9,40330,2
2026,9,40342,2
2026,9,40351,2
2026,9,40385,3
2026,9,40391,2
2026,9,40475,2
2026,9,40513,2
2026,9,41001,2
2026,9,41005,2
2026,9,41017,12
2026,9,41042,4
2026,9,41043,2
2026,9,41048,2
2026,9,41094,2
2026,9,41169,4
2026,9,41256,2
2026,9,42001,5
2026,9,42025,2
2026,9,42101,1
2026,9,42102,3
2026,9,42104,4
2026,9,42141,3
2026,9,42303,4
2026,9,42701,6
2026,9,43016,1
2026,9,43017,2
2026,9,43023,3
2026,9,43050,1
2026,9,43065,2
2026,9,43068,2
2026,9,43076,2
2026,9,43081,3
2026,9,43082,2
2026,9,43085,2
2026,9,43147,8
2026,9,43214,5
2026,9,43221,7
2026,9,43230,2
2026,9,43235,2
2026,9,43302,4
2026,9,43316,2
2026,9,43402,8
2026,9,43416,2
2026,9,43431,2
2026,9,43502,1
2026,9,43537,2
2026,9,43542,2
2026,9,43551,5
2026,9,43560,2
2026,9,43606,2
2026,9,43614,2
2026,9,43616,3
2026,9,43623,3
2026,9,43724,2
2026,9,43844,2
2026,9,43973,6
2026,9,440 30,2
2026,9,44012,12
2026,9,44022,3
2026,9,44023,6
2026,9,44024,3
2026,9,44026,2
2026,9,44028,2
2026,9,44070,2
2026,9,44077,4
2026,9,44084,2
2026,9,44089,3
2026,9,44102,2
2026,9,44122,3
2026,9,44124,2
2026,9,44126,2
2026,9,44128,1
2026,9,44143,0
2026,9,44201,2
2026,9,44212,2
2026,9,44221,2
2026,9,44223,2
2026,9,44224,2
2026,9,44256,6
2026,9,44260,2
2026,9,44280,2
2026,9,44281,2
2026,9,44286,2
2026,9,44406,4
2026,9,44410,2
2026,9,44437,2
2026,9,44460,4
2026,9,44481,2
2026,9,44645,3
2026,9,44646,2
2026,9,44666,2
2026,9,44667,2
2026,9,44730,1
2026,9,44805,2
2026,9,44839,2
2026,9,44889,2
2026,9,44904,2
2026,9,44907,2
2026,9,45002,2
2026,9,45036,3
2026,9,45039,2
2026,9,45042,2
2026,9,45044,2
2026,9,45050,0
2026,9,45061,2
2026,9,45066,2
2026,9,45068,2
2026,9,45069,2
2026,9,45107,4
2026,9,45122,2
2026,9,45140,7
2026,9,45148,2
2026,9,45162,3
2026,9,45177,5
2026,9,45202,4
2026,9,45206,2
2026,9,45211,3
2026,9,45241,8
2026,9,45245,2
2026,9,45247,2
2026,9,45248,4
2026,9,45249,1
2026,9,45255,2
2026,9,45314,2
2026,9,45320,2
2026,9,45322,2
2026,9,45335,2
2026,9,45344,2
2026,9,45365,2
2026,9,45371,5
2026,9,45424,2
2026,9,45431,2
2026,9,45455,2
2026,9,45458,2
2026,9,45459,2
2026,9,45504,2
2026,9,45662,2
2026,9,45801,6
2026,9,45807,2
2026,9,45853,2
2026,9,45875,2
2026,9,46012,2
2026,9,46032,9
2026,9,46033,11
2026,9,46034,2
2026,9,46037,3
2026,9,46038,7
2026,9,46055,2
2026,9,46060,2
2026,9,46064,1
2026,9,46072,2
2026,9,46074,11
2026,9,46075,4
2026,9,46106,2
2026,9,46112,1
2026,9,46118,4
2026,9,46124,2
2026,9,46131,6
2026,9,46143,4
2026,9,46151,2
2026,9,46158,8
2026,9,46168,5
2026,9,46176,2
2026,9,46184,3
2026,9,46214,4
2026,9,46217,3
2026,9,46236,6
2026,9,46250,4
2026,9,46256,2
2026,9,46259,2
2026,9,46260,4
2026,9,46268,2
2026,9,46278,2
2026,9,46280,1
2026,9,46304,2
2026,9,46307,8
2026,9,46311,2
2026,9,46321,2
2026,9,46322,2
2026,9,46350,2
2026,9,46360,1
2026,9,46373,4
2026,9,46391,2
2026,9,46392,2
2026,9,46506,3
2026,9,46507,6
2026,9,46516,4
2026,9,46545,2
2026,9,46590,2
2026,9,46701,2
2026,9,46706,2
2026,9,46725,2
2026,9,46737,3
2026,9,46755,2
2026,9,46765,2
2026,9,46777,2
2026,9,46808,2
2026,9,46819,2
2026,9,46825,2
2026,9,46845,3
2026,9,46902,6
2026,9,46940,4
2026,9,46970,2
2026,9,46992,2
2026,9,47060,2
2026,9,47117,2
2026,9,47150,5
2026,9,47172,2
2026,9,47201,8
2026,9,47203,3
2026,9,47246,4
2026,9,47250,2
2026,9,47325,2
2026,9,47342,2
2026,9,47353,2
2026,9,47362,5
2026,9,47371,2
2026,9,47421,2
2026,9,47514,1
2026,9,47521,3
2026,9,47546,2
2026,9,47579,2
2026,9,47620,3
2026,9,47630,8
2026,9,47712,2
2026,9,47725,2
2026,9,47802,2
2026,9,47834,4
2026,9,47905,4
2026,9,47906,2
2026,9,47918,2
2026,9,47933,4
2026,9,48006,2
2026,9,48036,4
2026,9,48042,2
2026,9,48044,4
2026,9,48045,2
2026,9,48049,2
2026,9,48070,2
2026,9,48103,2
2026,9,48105,8
2026,9,48116,9
2026,9,48131,2
2026,9,48168,2
2026,9,48170,4
2026,9,48176,2
2026,9,48178,2
2026,9,48185,2
2026,9,48186,2
2026,9,48187,4
2026,9,48188,2
2026,9,48202,2
2026,9,48207,2
2026,9,48230,8
2026,9,48236,2
2026,9,48306,1
2026,9,48307,2
2026,9,48315,2
2026,9,48317,2
2026,9,48324,4
2026,9,48331,4
2026,9,48350,1
2026,9,48360,2
2026,9,48362,1
2026,9,48375,8
2026,9,48386,6
2026,9,48416,2
2026,9,48430,5
2026,9,48433,2
2026,9,48439,2
2026,9,48453,2
2026,9,48461,2
2026,9,48473,2
2026,9,48616,2
2026,9,48624,1
2026,9,48640,2
2026,9,48642,4
2026,9,48653,2
2026,9,48661,5
2026,9,48723,2
2026,9,48733,1
2026,9,48739,2
2026,9,48749,2
2026,9,48761,2
2026,9,48763,2
2026,9,48766,2
2026,9,48817,2
2026,9,48838,2
2026,9,48850,2
2026,9,48855,3
2026,9,48858,2
2026,9,49004,2
2026,9,49007,2
2026,9,49008,2
2026,9,49009,1
2026,9,49010,2
2026,9,49022,4
2026,9,49030,2
2026,9,49045,2
2026,9,49053,2
2026,9,49055,2
2026,9,49058,5
2026,9,49071,2
2026,9,49079,2
2026,9,49080,2
2026,9,49085,2
2026,9,49087,2
2026,9,49090,4
2026,9,49093,4
2026,9,49103,2
2026,9,49107,4
2026,9,49112,4
2026,9,49120,4
2026,9,49125,2
2026,9,49127,2
2026,9,49128,2
2026,9,49201,2
2026,9,49203,2
2026,9,49221,2
2026,9,49224,2
2026,9,49286,2
2026,9,49301,4
2026,9,49315,4
2026,9,49316,1
2026,9,49341,6
2026,9,49348,3
2026,9,49412,2
2026,9,49417,4
2026,9,49424,7
2026,9,49426,10
2026,9,49428,6
2026,9,49431,2
2026,9,49441,8
2026,9,49444,2
2026,9,49445,4
2026,9,49454,2
2026,9,49460,2
2026,9,49461,4
2026,9,49503,6
2026,9,49506,2
2026,9,49508,3
2026,9,49519,4
2026,9,49525,8
2026,9,49546,2
2026,9,49601,2
2026,9,49612,2
2026,9,49630,2
2026,9,49635,0
2026,9,49636,2
2026,9,49646,3
2026,9,49648,2
2026,9,49657,2
2026,9,49685,4
2026,9,49686,2
2026,9,49712,0
2026,9,49735,2
2026,9,49757,2
2026,9,49770,6
2026,9,49776,6
2026,9,49783,2
2026,9,49829,4
2026,9,49849,2
2026,9,49866,2
2026,9,49868,6
2026,9,49876,2
2026,9,49931,4
2026,9,49945,2
2026,9,49950,2
2026,9,50003,2
2026,9,50009,4
2026,9,50010,5
2026,9,50014,10
2026,9,50021,8
2026,9,50022,14
2026,9,50023,10
2026,9,50036,6
2026,9,50058,2
2026,9,50061,4
2026,9,50062,2
2026,9,50069,2
2026,9,50070,2
2026,9,50105,2
2026,9,50111,9
2026,9,50125,12
2026,9,50131,6
2026,9,50138,4
2026,9,50158,1
2026,9,50201,3
2026,9,50208,4
2026,9,50211,2
2026,9,50212,3
2026,9,50213,1
2026,9,50216,4
2026,9,50219,3
2026,9,50226,4
2026,9,50244,2
2026,9,50258,2
2026,9,50263,6
2026,9,50265,6
2026,9,50266,15
2026,9,50273,4
2026,9,50310,7
2026,9,50311,2
2026,9,50312,10
2026,9,50320,2
2026,9,50322,18
2026,9,50323,5
2026,9,50325,6
2026,9,50327,6
2026,9,50401,5
2026,9,50420,2
2026,9,50428,4
2026,9,50436,5
2026,9,50446,2
2026,9,50459,2
2026,9,50461,2
2026,9,50501,2
2026,9,50556,2
2026,9,50613,20
2026,9,50635,2
2026,9,50636,2
2026,9,50659,2
2026,9,50665,3
2026,9,50677,6
2026,9,5068,2
2026,9,50701,2
2026,9,51004,5
2026,9,51024,4
2026,9,51031,2
2026,9,51033,4
2026,9,51036,2
2026,9,51040,6
2026,9,51055,2
2026,9,51103,2
2026,9,51106,4
2026,9,51108,2
2026,9,51201,2
2026,9,51230,2
2026,9,51239,4
2026,9,51240,3
2026,9,51246,4
2026,9,51247,6
2026,9,51249,2
2026,9,51250,5
2026,9,51301,2
2026,9,51346,2
2026,9,51354,2
2026,9,51355,2
2026,9,51360,5
2026,9,51443,2
2026,9,51450,2
2026,9,51458,2
2026,9,51501,4
2026,9,51503,9
2026,9,51521,2
2026,9,51523,2
2026,9,51525,2
2026,9,51534,6
2026,9,51535,2
2026,9,51543,2
2026,9,51555,2
2026,9,51632,2
2026,9,52001,2
2026,9,52002,1
2026,9,52035,2
2026,9,52040,6
2026,9,52073,2
2026,9,52101,4
2026,9,52211,2
2026,9,52213,2
2026,9,52223,2
2026,9,52241,4
2026,9,52245,8
2026,9,52246,4
2026,9,52247,2
2026,9,52302,8
2026,9,52310,2
2026,9,52314,4
2026,9,52317,3
2026,9,52346,3
2026,9,52349,5
2026,9,52401,2
2026,9,52402,6
2026,9,52403,4
2026,9,52405,2
2026,9,52411,2
2026,9,52501,6
2026,9,52549,4
2026,9,52556,2
2026,9,52577,2
2026,9,52623,2
2026,9,52632,2
2026,9,52654,4
2026,9,52722,2
2026,9,52726,2
2026,9,52732,4
2026,9,52742,2
2026,9,52761,0
2026,9,52766,4
2026,9,53005,2
2026,9,53010,2
2026,9,53013,3
2026,9,53014,2
2026,9,53015,4
2026,9,53017,4
2026,9,53018,2
2026,9,53022,2
2026,9,53024,2
2026,9,53027,7
2026,9,53029,2
2026,9,53033,6
2026,9,53035,2
2026,9,53036,2
2026,9,53037,2
2026,9,53039,2
2026,9,53046,2
2026,9,53066,6
2026,9,53070,3
2026,9,53072,13
2026,9,53073,4
2026,9,53086,4
2026,9,53089,2
2026,9,53092,8
2026,9,53094,3
2026,9,53095,2
2026,9,53098,4
2026,9,53105,7
2026,9,53115,2
2026,9,53118,3
2026,9,53119,2
2026,9,53121,4
2026,9,53122,2
2026,9,53128,2
2026,9,53132,4
2026,9,53142,4
2026,9,53149,2
2026,9,53150,2
2026,9,53151,2
2026,9,53154,2
2026,9,53158,1
2026,9,53168,4
2026,9,53181,2
2026,9,53182,2
2026,9,53184,2
2026,9,53185,4
2026,9,53186,2
2026,9,53188,4
2026,9,53189,2
2026,9,53208,1
2026,9,53211,2
2026,9,53213,2
2026,9,53217,6
2026,9,53219,7
2026,9,53221,2
2026,9,53222,3
2026,9,53226,3
2026,9,53227,3
2026,9,53403,6
2026,9,53406,4
2026,9,53507,1
2026,9,53510,2
2026,9,53511,2
2026,9,53527,2
2026,9,53528,2
2026,9,53530,3
2026,9,53532,2
2026,9,53533,2
2026,9,53536,2
2026,9,53538,4
2026,9,53546,2
2026,9,53549,2
2026,9,53551,2
2026,9,53555,2
2026,9,53558,4
2026,9,53561,8
2026,9,53562,9
2026,9,53563,2
2026,9,53566,1
2026,9,53575,2
2026,9,53578,2
2026,9,53583,2
2026,9,53588,6
2026,9,53589,8
2026,9,53590,11
2026,9,53597,4
2026,9,53598,2
2026,9,53703,3
2026,9,53704,9
2026,9,53705,4
2026,9,53711,2
2026,9,53714,1
2026,9,53716,1
2026,9,53717,2
2026,9,53718,2
2026,9,53719,4
2026,9,53807,5
2026,9,53913,5
2026,9,53925,2
2026,9,53929,1
2026,9,53941,2
2026,9,53950,2
2026,9,53956,2
2026,9,53959,2
2026,9,54001,4
2026,9,54005,2
2026,9,54006,2
2026,9,54009,2
2026,9,54013,4
2026,9,54014,2
2026,9,54016,16
2026,9,54017,6
2026,9,54020,4
2026,9,54021,11
2026,9,54022,26
2026,9,54023,2
2026,9,54024,4
2026,9,54025,6
2026,9,54115,2
2026,9,54121,4
2026,9,54129,2
2026,9,54140,7
2026,9,54161,2
2026,9,54162,2
2026,9,54166,2
2026,9,54169,2
2026,9,54170,2
2026,9,54171,2
2026,9,54175,4
2026,9,54180,2
2026,9,54201,2
2026,9,54202,2
2026,9,54204,2
2026,9,54209,2
2026,9,54210,4
2026,9,54212,4
2026,9,54235,8
2026,9,54301,4
2026,9,54304,2
2026,9,54311,2
2026,9,54313,2
2026,9,54401,4
2026,9,54403,12
2026,9,54409,2
2026,9,54433,2
2026,9,54436,2
2026,9,54449,4
2026,9,54451,2
2026,9,54452,8
2026,9,54455,11
2026,9,54456,4
2026,9,54457,2
2026,9,54467,2
2026,9,54471,2
2026,9,54476,9
2026,9,54481,2
2026,9,54494,6
2026,9,54495,2
2026,9,5450,2
2026,9,54501,2
2026,9,54512,2
2026,9,54514,2
2026,9,54521,3
2026,9,54524,2
2026,9,54529,9
2026,9,54539,4
2026,9,54540,2
2026,9,54558,2
2026,9,54568,5
2026,9,54601,8
2026,9,54612,2
2026,9,54626,2
2026,9,54627,2
2026,9,54636,10
2026,9,54650,6
2026,9,54658,2
2026,9,54660,6
2026,9,54661,2
2026,9,54667,4
2026,9,54701,11
2026,9,54703,11
2026,9,54720,4
2026,9,54724,2
2026,9,54725,2
2026,9,54728,2
2026,9,54729,8
2026,9,54730,4
2026,9,54751,7
2026,9,54757,4
2026,9,54767,2
2026,9,54771,2
2026,9,54801,2
2026,9,54814,2
2026,9,54817,2
2026,9,54819,2
2026,9,54827,2
2026,9,54829,2
2026,9,54838,2
2026,9,54840,9
2026,9,54843,11
2026,9,54847,3
2026,9,54859,2
2026,9,54861,2
2026,9,54862,6
2026,9,54864,2
2026,9,54868,4
2026,9,54870,6
2026,9,54872,2
2026,9,54875,2
2026,9,54880,4
2026,9,54893,4
2026,9,54895,2
2026,9,54901,4
2026,9,54904,2
2026,9,54911,2
2026,9,54913,9
2026,9,54914,2
2026,9,54915,8
2026,9,54929,2
2026,9,54937,2
2026,9,54942,4
2026,9,54944,2
2026,9,54949,1
2026,9,54952,6
2026,9,54956,9
2026,9,54961,2
2026,9,54971,2
2026,9,54979,7
2026,9,55001,5
2026,9,55005,2
2026,9,55006,2
2026,9,55008,18
2026,9,55009,2
2026,9,55011,6
2026,9,55012,2
2026,9,55013,6
2026,9,55014,7
2026,9,55016,22
2026,9,55021,13
2026,9,55024,3
2026,9,55025,7
2026,9,55027,2
2026,9,55033,10
2026,9,55037,2
2026,9,55038,27
2026,9,55040,2
2026,9,55041,3
2026,9,55042,6
2026,9,55043,1
2026,9,55044,32
2026,9,55045,4
2026,9,55046,2
2026,9,55049,2
2026,9,55051,6
2026,9,55056,7
2026,9,55057,12
2026,9,55060,7
2026,9,55063,9
2026,9,55066,2
2026,9,55068,4
2026,9,55069,2
2026,9,55073,2
2026,9,55075,2
2026,9,55076,1
2026,9,55077,3
2026,9,55079,7
2026,9,55082,37
2026,9,55088,2
2026,9,55089,2
2026,9,55092,8
2026,9,55101,4
2026,9,55102,9
2026,9,55104,4
2026,9,55105,3
2026,9,55108,13
2026,9,55109,2
2026,9,55110,27
2026,9,55112,23
2026,9,55113,27
2026,9,55115,8
2026,9,55116,16
2026,9,55117,5
2026,9,55118,13
2026,9,55119,4
2026,9,55120,6
2026,9,55121,6
2026,9,55122,34
2026,9,55123,13
2026,9,55124,35
2026,9,55125,24
2026,9,55126,19
2026,9,55127,20
2026,9,55128,5
2026,9,55129,11
2026,9,55301,4
2026,9,55302,6
2026,9,55303,21
2026,9,55304,27
2026,9,55305,4
2026,9,55306,13
2026,9,55308,12
2026,9,55309,18
2026,9,55311,28
2026,9,55313,28
2026,9,55314,2
2026,9,55315,2
2026,9,55316,15
2026,9,55317,22
2026,9,55318,12
2026,9,55319,6
2026,9,55320,0
2026,9,55321,15
2026,9,55322,2
2026,9,55325,12
2026,9,55328,4
2026,9,55329,2
2026,9,55330,14
2026,9,55331,14
2026,9,55332,6
2026,9,55334,2
2026,9,55337,23
2026,9,55338,4
2026,9,55340,20
2026,9,55343,11
2026,9,55344,6
2026,9,55345,27
2026,9,55346,4
2026,9,55347,14
2026,9,55349,4
2026,9,55350,8
2026,9,55352,4
2026,9,55353,3
2026,9,55355,6
2026,9,55356,10
2026,9,55357,2
2026,9,55358,7
2026,9,55359,2
2026,9,55362,11
2026,9,55364,14
2026,9,55368,2
2026,9,55369,14
2026,9,55370,4
2026,9,55371,11
2026,9,55372,37
2026,9,55373,7
2026,9,55374,10
2026,9,55375,4
2026,9,55376,4
2026,9,55378,6
2026,9,55379,11
2026,9,55386,11
2026,9,55387,11
2026,9,55388,2
2026,9,55391,19
2026,9,55395,4
2026,9,55396,2
2026,9,55398,1
2026,9,55401,10
2026,9,55402,2
2026,9,55404,6
2026,9,55405,7
2026,9,55406,22
2026,9,55408,8
2026,9,55409,5
2026,9,55410,15
2026,9,55411,2
2026,9,55413,2
2026,9,55414,12
2026,9,55415,6
2026,9,55416,20
2026,9,55417,15
2026,9,55418,23
2026,9,55419,10
2026,9,55420,5
2026,9,55421,15
2026,9,55422,10
2026,9,55423,6
2026,9,55424,12
2026,9,55425,4
2026,9,55426,8
2026,9,55427,19
2026,9,55429,4
2026,9,55430,2
2026,9,55431,10
2026,9,55432,6
2026,9,55433,2
2026,9,55434,6
2026,9,55435,9
2026,9,55436,21
2026,9,55437,10
2026,9,55438,13
2026,9,55441,14
2026,9,55442,4
2026,9,55443,18
2026,9,55445,4
2026,9,55446,31
2026,9,55447,15
2026,9,55448,8
2026,9,55449,15
2026,9,55604,3
2026,9,55616,2
2026,9,55705,2
2026,9,55707,1
2026,9,55720,2
2026,9,55721,4
2026,9,55723,2
2026,9,55724,2
2026,9,55726,4
2026,9,55731,2
2026,9,55733,2
2026,9,55734,4
2026,9,55736,8
2026,9,55744,12
2026,9,55746,10
2026,9,55767,2
2026,9,55768,2
2026,9,55769,2
2026,9,55779,6
2026,9,55783,4
2026,9,55803,16
2026,9,55804,13
2026,9,55806,6
2026,9,55807,8
2026,9,55808,2
2026,9,55810,2
2026,9,55811,8
2026,9,55812,2
2026,9,55901,22
2026,9,55902,13
2026,9,55903,2
2026,9,55904,16
2026,9,55906,21
2026,9,55910,2
2026,9,55912,12
2026,9,55918,2
2026,9,55920,4
2026,9,55921,2
2026,9,55923,8
2026,9,55932,2
2026,9,55940,5
2026,9,55944,2
2026,9,55946,2
2026,9,55947,10
2026,9,55956,4
2026,9,55960,2
2026,9,55964,4
2026,9,55965,2
2026,9,55972,2
2026,9,55975,2
2026,9,55981,7
2026,9,55985,2
2026,9,55987,2
2026,9,55990,2
2026,9,55992,2
2026,9,56001,26
2026,9,56003,9
2026,9,56007,6
2026,9,56009,2
2026,9,56013,2
2026,9,56017,2
2026,9,56024,2
2026,9,56028,2
2026,9,56031,8
2026,9,56034,2
2026,9,56045,4
2026,9,56048,2
2026,9,56055,4
2026,9,56057,3
2026,9,56058,2
2026,9,56063,2
2026,9,56071,8
2026,9,56073,4
2026,9,56082,3
2026,9,56085,4
2026,9,56087,2
2026,9,56093,2
2026,9,56117,2
2026,9,56136,4
2026,9,56142,3
2026,9,56143,2
2026,9,56150,2
2026,9,56157,8
2026,9,56186,2
2026,9,56187,8
2026,9,56201,27
2026,9,56208,4
2026,9,56209,2
2026,9,56211,2
2026,9,56216,2
2026,9,56218,6
2026,9,56223,6
2026,9,56229,2
2026,9,56230,2
2026,9,56235,2
2026,9,56237,2
2026,9,56241,2
2026,9,56258,10
2026,9,56260,2
2026,9,56264,1
2026,9,56265,2
2026,9,56267,11
2026,9,56273,6
2026,9,56274,4
2026,9,56276,2
2026,9,56277,4
2026,9,56280,2
2026,9,56281,8
2026,9,56288,12
2026,9,56289,2
2026,9,56297,2
2026,9,56301,10
2026,9,56303,10
2026,9,56304,12
2026,9,56308,78
2026,9,56310,4
2026,9,56315,5
2026,9,56316,6
2026,9,56320,21
2026,9,56324,2
2026,9,56326,9
2026,9,56327,6
2026,9,56329,18
2026,9,56330,2
2026,9,56334,17
2026,9,56336,6
2026,9,56339,2
2026,9,56345,7
2026,9,56347,5
2026,9,56350,5
2026,9,56352,7
2026,9,56354,4
2026,9,56357,4
2026,9,56359,4
2026,9,56361,2
2026,9,56362,6
2026,9,56367,10
2026,9,56368,6
2026,9,56374,10
2026,9,56377,28
2026,9,56378,16
2026,9,56379,11
2026,9,56381,6
2026,9,56387,9
2026,9,56401,34
2026,9,56425,23
2026,9,56431,7
2026,9,56433,6
2026,9,56434,2
2026,9,56435,4
2026,9,56438,2
2026,9,56440,2
2026,9,56441,0
2026,9,56442,16
2026,9,56449,7
2026,9,56452,2
2026,9,56461,6
2026,9,56464,3
2026,9,56465,2
2026,9,56466,4
2026,9,56467,4
2026,9,56468,8
2026,9,56469,2
2026,9,56470,36
2026,9,56472,27
2026,9,56473,6
2026,9,56474,4
2026,9,56477,5
2026,9,56479,4
2026,9,56481,5
2026,9,56482,8
2026,9,56484,4
2026,9,56501,103
2026,9,56510,6
2026,9,56511,7
2026,9,56514,15
2026,9,56515,6
2026,9,56519,2
2026,9,56520,17
2026,9,56521,3
2026,9,56523,2
2026,9,56527,4
2026,9,56528,19
2026,9,56529,19
2026,9,56531,4
2026,9,56534,8
2026,9,56535,6
2026,9,56537,80
2026,9,56540,11
2026,9,56542,4
2026,9,56544,26
2026,9,56546,2
2026,9,56547,7
2026,9,56548,6
2026,9,56549,8
2026,9,56551,13
2026,9,56554,17
2026,9,56556,4
2026,9,56560,148
2026,9,56567,14
2026,9,56569,4
2026,9,56570,2
2026,9,56571,12
2026,9,56572,40
2026,9,56573,36
2026,9,56574,0
2026,9,56575,4
2026,9,56576,6
2026,9,56578,2
2026,9,56579,13
2026,9,56584,8
2026,9,56585,4
2026,9,56586,2
2026,9,56587,8
2026,9,56588,5
2026,9,56589,2
2026,9,56590,2
2026,9,56601,33
2026,9,56620,2
2026,9,56621,12
2026,9,56636,5
2026,9,56644,14
2026,9,56647,6
2026,9,56649,5
2026,9,56651,4
2026,9,56654,2
2026,9,56657,2
2026,9,56661,4
2026,9,56673,4
2026,9,56676,2
2026,9,56683,2
2026,9,56701,19
2026,9,56710,2
2026,9,56713,2
2026,9,56716,10
2026,9,56721,13
2026,9,56724,4
2026,9,56728,18
2026,9,56732,6
2026,9,56736,7
2026,9,56737,4
2026,9,56744,4
2026,9,56750,4
2026,9,56751,15
2026,9,56755,2
2026,9,56756,2
2026,9,56760,3
2026,9,56761,2
2026,9,56762,12
2026,9,56763,14
2026,9,56764,2
2026,9,57003,2
2026,9,57004,2
2026,9,57005,9
2026,9,57006,15
2026,9,57022,18
2026,9,57029,2
2026,9,57030,2
2026,9,57032,6
2026,9,57033,2
2026,9,57036,2
2026,9,57038,2
2026,9,57039,11
2026,9,57042,4
2026,9,57043,10
2026,9,57049,2
2026,9,57051,2
2026,9,57055,2
2026,9,57058,2
2026,9,57059,2
2026,9,57064,2
2026,9,57071,2
2026,9,57073,2
2026,9,57075,9
2026,9,57078,5
2026,9,57103,14
2026,9,57104,10
2026,9,57105,19
2026,9,57106,27
2026,9,57107,8
2026,9,57108,50
2026,9,57109,2
2026,9,57110,31
2026,9,57201,22
2026,9,57218,2
2026,9,57226,2
2026,9,57227,4
2026,9,57231,2
2026,9,57241,2
2026,9,57242,4
2026,9,57243,1
2026,9,57249,8
2026,9,57255,3
2026,9,57257,2
2026,9,57259,2
2026,9,57262,2
2026,9,57276,2
2026,9,57279,6
2026,9,57283,2
2026,9,57301,25
2026,9,57313,2
2026,9,57315,2
2026,9,57317,1
2026,9,57325,6
2026,9,57328,3
2026,9,57345,7
2026,9,57349,2
2026,9,57356,4
2026,9,57368,2
2026,9,57369,5
2026,9,57370,4
2026,9,57371,2
2026,9,57376,7
2026,9,57401,57
2026,9,57420,2
2026,9,57428,2
2026,9,57430,2
2026,9,57432,2
2026,9,57433,3
2026,9,57437,3
2026,9,57438,5
2026,9,57442,2
2026,9,57445,2
2026,9,57451,6
2026,9,57456,5
2026,9,57461,2
2026,9,57472,6
2026,9,57479,3
2026,9,57501,27
2026,9,57523,10
2026,9,57532,7
2026,9,57533,2
2026,9,57540,2
2026,9,57543,2
2026,9,57567,2
2026,9,57568,3
2026,9,57576,2
2026,9,57580,4
2026,9,57601,1
2026,9,57620,5
2026,9,57626,3
2026,9,57631,3
2026,9,57638,11
2026,9,57640,4
2026,9,57646,2
2026,9,57649,2
2026,9,57656,12
2026,9,57657,2
2026,9,57701,50
2026,9,57702,130
2026,9,57703,35
2026,9,57706,4
2026,9,57709,2
2026,9,57717,52
2026,9,57718,16
2026,9,57719,10
2026,9,57720,2
2026,9,57730,35
2026,9,57732,8
2026,9,57735,2
2026,9,57744,6
2026,9,57745,6
2026,9,57747,16
2026,9,57754,2
2026,9,57759,9
2026,9,57766,2
2026,9,57769,17
2026,9,57780,4
2026,9,57783,110
2026,9,57785,23
2026,9,57788,4
2026,9,57793,13
2026,9,58004,2
2026,9,58005,14
2026,9,58006,3
2026,9,58007,5
2026,9,58009,8
2026,9,58011,13
2026,9,58012,26
2026,9,58015,2
2026,9,58016,10
2026,9,58017,4
2026,9,58018,2
2026,9,58021,4
2026,9,58027,10
2026,9,58030,4
2026,9,58031,4
2026,9,58032,5
2026,9,58033,4
2026,9,58038,2
2026,9,58040,6
2026,9,58041,13
2026,9,58042,6
2026,9,58043,2
2026,9,58045,9
2026,9,58046,3
2026,9,58047,69
2026,9,58048,6
2026,9,58049,2
2026,9,58051,35
2026,9,58052,16
2026,9,58053,5
2026,9,58054,15
2026,9,58057,2
2026,9,58059,6
2026,9,58062,3
2026,9,58072,49
2026,9,58075,55
2026,9,58077,7
2026,9,58078,262
2026,9,58079,3
2026,9,58081,2
2026,9,58102,104
2026,9,58103,239
2026,9,58104,291
2026,9,58105,3
2026,9,58106,5
2026,9,58107,7
2026,9,58201,118
2026,9,58203,30
2026,9,58208,1
2026,9,58218,4
2026,9,58220,8
2026,9,58223,2
2026,9,58225,2
2026,9,58228,2
2026,9,58229,2
2026,9,58230,4
2026,9,58231,10
2026,9,58235,2
2026,9,58237,22
2026,9,58240,7
2026,9,58243,2
2026,9,58249,12
2026,9,58251,9
2026,9,58254,4
2026,9,58256,2
2026,9,58257,11
2026,9,58258,4
2026,9,58259,12
2026,9,58261,2
2026,9,58262,2
2026,9,58267,2
2026,9,58269,2
2026,9,58270,15
2026,9,58271,7
2026,9,58274,14
2026,9,58275,2
2026,9,58276,2
2026,9,58277,1
2026,9,58278,7
2026,9,58282,6
2026,9,58301,57
2026,9,58318,31
2026,9,58324,6
2026,9,58327,9
2026,9,58329,9
2026,9,58332,2
2026,9,58341,33
2026,9,58348,25
2026,9,58351,2
2026,9,58355,2
2026,9,58356,23
2026,9,58357,4
2026,9,58361,2
2026,9,58365,3
2026,9,58367,10
2026,9,58368,25
2026,9,58369,4
2026,9,58374,4
2026,9,58380,4
2026,9,58384,2
2026,9,58401,180
2026,9,58402,4
2026,9,58413,6
2026,9,58415,4
2026,9,58416,12
2026,9,58418,11
2026,9,58420,4
2026,9,58421,20
2026,9,58424,4
2026,9,58425,13
2026,9,58428,7
2026,9,58429,14
2026,9,58431,2
2026,9,58433,6
2026,9,58436,9
2026,9,58438,6
2026,9,58439,1
2026,9,58441,2
2026,9,58442,4
2026,9,58444,2
2026,9,58448,14
2026,9,58451,2
2026,9,58452,7
2026,9,58456,14
2026,9,58458,28
2026,9,58463,5
2026,9,58464,4
2026,9,58466,2
2026,9,58467,7
2026,9,58472,4
2026,9,58474,35
2026,9,58476,1
2026,9,58478,6
2026,9,58482,7
2026,9,58483,9
2026,9,58486,12
2026,9,58487,4
2026,9,58488,2
2026,9,58490,5
2026,9,58495,17
2026,9,58496,2
2026,9,58501,433
2026,9,58502,6
2026,9,58503,877
2026,9,58504,489
2026,9,58507,2
2026,9,58520,17
2026,9,58521,25
2026,9,58523,48
2026,9,58524,4
2026,9,58529,15
2026,9,58530,11
2026,9,58531,4
2026,9,58533,29
2026,9,58535,6
2026,9,58540,24
2026,9,58541,2
2026,9,58544,3
2026,9,58545,75
2026,9,58552,12
2026,9,58554,367
2026,9,58555,5
2026,9,58558,9
2026,9,58560,3
2026,9,58561,9
2026,9,58562,6
2026,9,58563,51
2026,9,58565,7
2026,9,58569,4
2026,9,58570,2
2026,9,58571,7
2026,9,58573,2
2026,9,58575,10
2026,9,58576,5
2026,9,58577,23
2026,9,58579,32
2026,9,58580,5
2026,9,58581,6
2026,9,58601,543
2026,9,58602,24
2026,9,58620,9
2026,9,58621,31
2026,9,58622,29
2026,9,58623,34
2026,9,58626,2
2026,9,58630,6
2026,9,58631,9
2026,9,58632,1
2026,9,58636,19
2026,9,58639,24
2026,9,58640,28
2026,9,58643,2
2026,9,58644,11
2026,9,58645,47
2026,9,58646,12
2026,9,58647,4
2026,9,58649,2
2026,9,58651,11
2026,9,58652,15
2026,9,58653,4
2026,9,58654,14
2026,9,58655,5
2026,9,58656,9
2026,9,58701,251
2026,9,58702,6
2026,9,58703,195
2026,9,58704,40
2026,9,58710,8
2026,9,58718,3
2026,9,58722,12
2026,9,58725,4
2026,9,58727,7
2026,9,58730,16
2026,9,58731,4
2026,9,58733,4
2026,9,58734,2
2026,9,58737,3
2026,9,58740,4
2026,9,58741,9
2026,9,58744,2
2026,9,58746,6
2026,9,58750,15
2026,9,58752,5
2026,9,58756,5
2026,9,58759,25
2026,9,58761,6
2026,9,58762,6
2026,9,58763,16
2026,9,58768,2
2026,9,58769,4
2026,9,58770,12
2026,9,58771,2
2026,9,58773,13
2026,9,58775,4
2026,9,58776,4
2026,9,58781,8
2026,9,58784,30
2026,9,58785,12
2026,9,58788,5
2026,9,58790,22
2026,9,58792,8
2026,9,58793,2
2026,9,58794,13
2026,9,58795,2
2026,9,58801,359
2026,9,58802,2
2026,9,58803,2
2026,9,58830,2
2026,9,58831,8
2026,9,58835,20
2026,9,58843,6
2026,9,58845,2
2026,9,58847,2
2026,9,58849,13
2026,9,58852,24
2026,9,58854,151
2026,9,59011,6
2026,9,59016,2
2026,9,59018,2
2026,9,59034,4
2026,9,59037,7
2026,9,59044,6
2026,9,59047,12
2026,9,59054,2
2026,9,59057,6
2026,9,59059,3
2026,9,59063,7
2026,9,59065,2
2026,9,59068,7
2026,9,59069,2
2026,9,59070,4
2026,9,59072,7
2026,9,59088,2
2026,9,59101,44
2026,9,59102,61
2026,9,59103,1
2026,9,59105,39
2026,9,59106,48
2026,9,59108,2
2026,9,59201,8
2026,9,59211,3
2026,9,59212,8
2026,9,59213,4
2026,9,59215,2
2026,9,59221,29
2026,9,59230,7
2026,9,59243,6
2026,9,59250,4
2026,9,59254,16
2026,9,59259,7
2026,9,59262,9
2026,9,59270,70
2026,9,59275,4
2026,9,59301,61
2026,9,59313,29
2026,9,59315,9
2026,9,59322,2
2026,9,59323,10
2026,9,59324,20
2026,9,59327,5
2026,9,59330,125
2026,9,59339,5
2026,9,59344,2
2026,9,59347,2
2026,9,59353,15
2026,9,59401,1
2026,9,59404,9
2026,9,59405,14
2026,9,59414,4
2026,9,59422,4
2026,9,59457,13
2026,9,59468,4
2026,9,59474,2
2026,9,59485,2
2026,9,59489,1
2026,9,59501,9
2026,9,59538,3
2026,9,59540,2
2026,9,59554,2
2026,9,59601,37
2026,9,59602,8
2026,9,59622,3
2026,9,59633,2
2026,9,59634,4
2026,9,59635,5
2026,9,59644,4
2026,9,59646,11
2026,9,59701,2
2026,9,59711,8
2026,9,59714,21
2026,9,59715,29
2026,9,59716,4
2026,9,59718,43
2026,9,59722,2
2026,9,59728,6
2026,9,59729,4
2026,9,59730,4
2026,9,59741,9
2026,9,59752,5
2026,9,59758,4
2026,9,59759,2
2026,9,59771,4
2026,9,59801,14
2026,9,59802,2
2026,9,59804,2
2026,9,59808,10
2026,9,59829,2
2026,9,59831,2
2026,9,59833,2
2026,9,59840,11
2026,9,59847,4
2026,9,59854,5
2026,9,59858,2
2026,9,59860,4
2026,9,59864,4
2026,9,59870,5
2026,9,59871,2
2026,9,59873,2
2026,9,59901,16
2026,9,59911,4
2026,9,59922,2
2026,9,59923,4
2026,9,59925,2
2026,9,59928,2
2026,9,59936,2
2026,9,59937,4
2026,9,60004,3
2026,9,60005,4
2026,9,60010,11
2026,9,60012,0
2026,9,60013,10
2026,9,60014,4
2026,9,60016,2
2026,9,60030,4
2026,9,6004,2
2026,9,60044,2
2026,9,60045,6
2026,9,60046,4
2026,9,60047,4
2026,9,60048,6
2026,9,60056,2
2026,9,60062,6
2026,9,60067,4
2026,9,60068,10
2026,9,60069,2
2026,9,60074,12
2026,9,60085,2
2026,9,60091,13
2026,9,60093,2
2026,9,60097,2
2026,9,60098,5
2026,9,60102,2
2026,9,60108,2
2026,9,60115,10
2026,9,60134,4
2026,9,60152,4
2026,9,60175,6
2026,9,60178,6
2026,9,60187,2
2026,9,60189,6
2026,9,60190,3
2026,9,60192,2
2026,9,60193,6
2026,9,60302,2
2026,9,60304,4
2026,9,60408,3
2026,9,60417,2
2026,9,60439,4
2026,9,60440,1
2026,9,60445,2
2026,9,60448,2
2026,9,60462,4
2026,9,60463,2
2026,9,60505,4
2026,9,60506,2
2026,9,60510,2
2026,9,60513,2
2026,9,60515,8
2026,9,60517,2
2026,9,60525,1
2026,9,60532,2
2026,9,60540,4
2026,9,60546,8
2026,9,60564,8
2026,9,60565,7
2026,9,60585,2
2026,9,60586,3
2026,9,60601,2
2026,9,60605,10
2026,9,60607,1
2026,9,60611,9
2026,9,60612,3
2026,9,60613,3
2026,9,60615,1
2026,9,60616,2
2026,9,60618,4
2026,9,60622,1
2026,9,60625,4
2026,9,60630,2
2026,9,60631,2
2026,9,60637,3
2026,9,60640,2
2026,9,60655,2
2026,9,60657,2
2026,9,60659,5
2026,9,60707,2
2026,9,60901,2
2026,9,60914,2
2026,9,60941,2
2026,9,60957,2
2026,9,60964,2
2026,9,61008,4
2026,9,61011,2
2026,9,61019,2
2026,9,61036,2
2026,9,61038,2
2026,9,61048,1
2026,9,61061,14
2026,9,61068,2
2026,9,61071,2
2026,9,61072,4
2026,9,61073,2
2026,9,61084,2
2026,9,61107,2
2026,9,61108,4
2026,9,61114,4
2026,9,61115,2
2026,9,61201,1
2026,9,61244,2
2026,9,61270,2
2026,9,61285,1
2026,9,61356,2
2026,9,61364,2
2026,9,61367,3
2026,9,61376,2
2026,9,61415,1
2026,9,61483,5
2026,9,61526,2
2026,9,61548,3
2026,9,61568,0
2026,9,61614,2
2026,9,61701,2
2026,9,61704,8
2026,9,61738,2
2026,9,61761,3
2026,9,61846,2
2026,9,61852,2
2026,9,61853,2
2026,9,61880,2
2026,9,61910,2
2026,9,61951,2
2026,9,62012,1
2026,9,62015,2
2026,9,62016,2
2026,9,62035,2
2026,9,62088,2
2026,9,62243,4
2026,9,62249,3
2026,9,62275,4
2026,9,62298,4
2026,9,62305,4
2026,9,62341,2
2026,9,62347,2
2026,9,62401,2
2026,9,62414,3
2026,9,62450,2
2026,9,62471,1
2026,9,62526,2
2026,9,62534,2
2026,9,62568,2
2026,9,62656,2
2026,9,62703,2
2026,9,62705,2
2026,9,62707,6
2026,9,62863,2
2026,9,62889,1
2026,9,62902,1
2026,9,62920,2
2026,9,62922,2
2026,9,63011,2
2026,9,63017,10
2026,9,63020,3
2026,9,63021,4
2026,9,63025,2
2026,9,63026,4
2026,9,63028,2
2026,9,63031,4
2026,9,63038,4
2026,9,63048,2
2026,9,63089,0
2026,9,63090,2
2026,9,63112,1
2026,9,63117,2
2026,9,63119,3
2026,9,63122,4
2026,9,63123,3
2026,9,63124,2
2026,9,63125,2
2026,9,63126,3
2026,9,63127,2
2026,9,63128,2
2026,9,63129,2
2026,9,63131,4
2026,9,63141,8
2026,9,63146,8
2026,9,63301,2
2026,9,63303,8
2026,9,63304,10
2026,9,63348,2
2026,9,63366,2
2026,9,63367,6
2026,9,63368,2
2026,9,63369,2
2026,9,63376,8
2026,9,63383,2
2026,9,63385,6
2026,9,63390,2
2026,9,63401,4
2026,9,63461,2
2026,9,63530,2
2026,9,63565,2
2026,9,63601,4
2026,9,63628,2
2026,9,63640,4
2026,9,63645,2
2026,9,63701,2
2026,9,63751,2
2026,9,63755,7
2026,9,63780,2
2026,9,63834,2
2026,9,63857,2
2026,9,63935,2
2026,9,64012,4
2026,9,64015,2
2026,9,64016,6
2026,9,64029,2
2026,9,64037,1
2026,9,64052,2
2026,9,64060,4
2026,9,64064,10
2026,9,64068,8
2026,9,64079,4
2026,9,64080,9
2026,9,64081,6
2026,9,64082,2
2026,9,64083,5
2026,9,64086,8
2026,9,64093,5
2026,9,64113,2
2026,9,64114,2
2026,9,64117,4
2026,9,64119,2
2026,9,64131,1
2026,9,64145,5
2026,9,64152,7
2026,9,64154,5
2026,9,64155,2
2026,9,64490,2
2026,9,64491,2
2026,9,64505,2
2026,9,64506,6
2026,9,64628,1
2026,9,64644,2
2026,9,64683,2
2026,9,64688,2
2026,9,64701,6
2026,9,64772,2
2026,9,64778,2
2026,9,64788,2
2026,9,64803,1
2026,9,64804,1
2026,9,64836,7
2026,9,64842,3
2026,9,64867,6
2026,9,64870,2
2026,9,65010,4
2026,9,65013,4
2026,9,65043,2
2026,9,65049,2
2026,9,65051,2
2026,9,65063,2
2026,9,65066,10
2026,9,65101,2
2026,9,65109,9
2026,9,65110,2
2026,9,65203,4
2026,9,65265,2
2026,9,65270,8
2026,9,65325,2
2026,9,65355,2
2026,9,65401,2
2026,9,65427,2
2026,9,65536,2
2026,9,65605,4
2026,9,65613,3
2026,9,65616,4
2026,9,65619,2
2026,9,65622,9
2026,9,65648,4
2026,9,65656,2
2026,9,65679,2
2026,9,65681,1
2026,9,65692,2
2026,9,65706,2
2026,9,65708,3
2026,9,65721,3
2026,9,65742,2
2026,9,65761,2
2026,9,65771,2
2026,9,65775,2
2026,9,65804,18
2026,9,65810,0
2026,9,65899,1
2026,9,66006,2
2026,9,66013,2
2026,9,66020,2
2026,9,66030,2
2026,9,66040,4
2026,9,66047,6
2026,9,66048,2
2026,9,66049,3
2026,9,66053,10
2026,9,66056,2
2026,9,66061,5
2026,9,66062,9
2026,9,66063,2
2026,9,66067,2
2026,9,66103,6
2026,9,66109,6
2026,9,66202,3
2026,9,66203,1
2026,9,66204,2
2026,9,66205,5
2026,9,66206,6
2026,9,66207,2
2026,9,66208,6
2026,9,66210,11
2026,9,66212,4
2026,9,66213,6
2026,9,66214,2
2026,9,66215,6
2026,9,66216,4
2026,9,66219,4
2026,9,66220,4
2026,9,66224,4
2026,9,66414,2
2026,9,66441,4
2026,9,66512,3
2026,9,66524,2
2026,9,66531,2
2026,9,66547,2
2026,9,66603,4
2026,9,66604,2
2026,9,66614,6
2026,9,66617,6
2026,9,66720,2
2026,9,66753,0
2026,9,67010,1
2026,9,67030,2
2026,9,67042,2
2026,9,67062,4
2026,9,67067,1
2026,9,67068,4
2026,9,67124,2
2026,9,67147,4
2026,9,67156,8
2026,9,67204,2
2026,9,67205,9
2026,9,67206,5
2026,9,67208,2
2026,9,67212,2
2026,9,67218,2
2026,9,67226,3
2026,9,67235,6
2026,9,67401,4
2026,9,67432,2
2026,9,67460,3
2026,9,67473,4
2026,9,67502,4
2026,9,67530,10
2026,9,67578,2
2026,9,67601,2
2026,9,67654,2
2026,9,67701,2
2026,9,67730,2
2026,9,67865,6
2026,9,68007,11
2026,9,68008,18
2026,9,68022,5
2026,9,68025,9
2026,9,68028,1
2026,9,68046,6
2026,9,68048,3
2026,9,68064,2
2026,9,68104,9
2026,9,68105,1
2026,9,68106,8
2026,9,68112,4
2026,9,68114,11
2026,9,68116,9
2026,9,68118,2
2026,9,68124,4
2026,9,68127,2
2026,9,68128,4
2026,9,68130,5
2026,9,68132,2
2026,9,68135,3
2026,9,68136,2
2026,9,68137,4
2026,9,68138,1
2026,9,68144,2
2026,9,68152,4
2026,9,68154,2
2026,9,68157,4
2026,9,68310,2
2026,9,68317,2
2026,9,68331,2
2026,9,68340,2
2026,9,68342,4
2026,9,68366,2
2026,9,68410,2
2026,9,68421,2
2026,9,68430,2
2026,9,68434,2
2026,9,68441,2
2026,9,68502,8
2026,9,68504,2
2026,9,68505,2
2026,9,68506,15
2026,9,68507,5
2026,9,68510,2
2026,9,68512,17
2026,9,68516,16
2026,9,68521,9
2026,9,68523,4
2026,9,68528,2
2026,9,68601,4
2026,9,68616,4
2026,9,68644,2
2026,9,68701,4
2026,9,68719,2
2026,9,68771,2
2026,9,68779,2
2026,9,68788,2
2026,9,68801,4
2026,9,68803,2
2026,9,68818,2
2026,9,68826,2
2026,9,68845,4
2026,9,68847,7
2026,9,68850,2
2026,9,68862,2
2026,9,68873,4
2026,9,68874,4
2026,9,68949,2
2026,9,68959,4
2026,9,69101,7
2026,9,69153,2
2026,9,69201,4
2026,9,69211,1
2026,9,69333,5
2026,9,69334,2
2026,9,69337,4
2026,9,69341,2
2026,9,69345,5
2026,9,69356,2
2026,9,69361,2
2026,9,70001,2
2026,9,70005,3
2026,9,70057,1
2026,9,70065,4
2026,9,70112,1
2026,9,70123,4
2026,9,70378,4
2026,9,70458,2
2026,9,70503,2
2026,9,70517,4
2026,9,70535,2
2026,9,70546,2
2026,9,70729,2
2026,9,70769,2
2026,9,70791,2
2026,9,70808,2
2026,9,70809,3
2026,9,70810,2
2026,9,71007,3
2026,9,71111,2
2026,9,71112,2
2026,9,71227,2
2026,9,71273,2
2026,9,71303,2
2026,9,71909,9
2026,9,71913,0
2026,9,72012,2
2026,9,72058,2
2026,9,72086,2
2026,9,72113,4
2026,9,72150,2
2026,9,72202,2
2026,9,72207,4
2026,9,72209,3
2026,9,72401,2
2026,9,72450,2
2026,9,72616,3
2026,9,72633,2
2026,9,72653,2
2026,9,72712,6
2026,9,72714,4
2026,9,72715,8
2026,9,72718,2
2026,9,72734,5
2026,9,72736,1
2026,9,72756,2
2026,9,72758,2
2026,9,72801,2
2026,9,72802,4
2026,9,72901,2
2026,9,72916,4
2026,9,72921,6
2026,9,72936,2
2026,9,72956,4
2026,9,73003,4
2026,9,73004,2
2026,9,73007,2
2026,9,73012,2
2026,9,73013,8
2026,9,73034,4
2026,9,73036,6
2026,9,73044,2
2026,9,73045,2
2026,9,73069,1
2026,9,73071,2
2026,9,73075,3
2026,9,73083,2
2026,9,73099,6
2026,9,73102,36
2026,9,73112,6
2026,9,73122,2
2026,9,73130,4
2026,9,73142,1
2026,9,73154,3
2026,9,73162,2
2026,9,73170,4
2026,9,73443,2
2026,9,73533,1
2026,9,73632,3
2026,9,73703,7
2026,9,73728,2
2026,9,73742,2
2026,9,73761,2
2026,9,74010,2
2026,9,74012,8
2026,9,74014,2
2026,9,74017,3
2026,9,74055,12
2026,9,74056,4
2026,9,74070,7
2026,9,74114,6
2026,9,74134,4
2026,9,74137,2
2026,9,74301,2
2026,9,74344,6
2026,9,74365,8
2026,9,74437,2
2026,9,74467,2
2026,9,74804,2
2026,9,74820,2
2026,9,74851,2
2026,9,74955,2
2026,9,74959,3
2026,9,74962,2
2026,9,75002,3
2026,9,75006,7
2026,9,75009,2
2026,9,75019,10
2026,9,75021,2
2026,9,75024,1
2026,9,75025,4
2026,9,75028,9
2026,9,75032,4
2026,9,75034,2
2026,9,75035,3
2026,9,75044,4
2026,9,75056,4
2026,9,75065,2
2026,9,75069,4
2026,9,75072,6
2026,9,75075,13
2026,9,75077,6
2026,9,75078,2
2026,9,75080,4
2026,9,75081,2
2026,9,75087,2
2026,9,75088,2
2026,9,75092,4
2026,9,75093,3
2026,9,75104,2
2026,9,75126,2
2026,9,75143,2
2026,9,75149,2
2026,9,75156,2
2026,9,75161,4
2026,9,75165,6
2026,9,75203,3
2026,9,75204,4
2026,9,75208,2
2026,9,75214,4
2026,9,75220,4
2026,9,75225,4
2026,9,75230,18
2026,9,75238,6
2026,9,75243,1
2026,9,75248,7
2026,9,75252,2
2026,9,75402,2
2026,9,75455,2
2026,9,75457,2
2026,9,75474,2
2026,9,75495,4
2026,9,75650,2
2026,9,75686,2
2026,9,75701,2
2026,9,75766,2
2026,9,75773,2
2026,9,75844,2
2026,9,76001,2
2026,9,76008,2
2026,9,76013,4
2026,9,76020,0
2026,9,76021,4
2026,9,76049,2
2026,9,76051,4
2026,9,76060,2
2026,9,76063,7
2026,9,76082,2
2026,9,76087,2
2026,9,76092,2
2026,9,76103,2
2026,9,76107,6
2026,9,76116,4
2026,9,76135,2
2026,9,76148,2
2026,9,76210,2
2026,9,76234,2
2026,9,76248,1
2026,9,76249,2
2026,9,76262,10
2026,9,76266,4
2026,9,76273,2
2026,9,76302,1
2026,9,76513,2
2026,9,76522,3
2026,9,76528,2
2026,9,76531,2
2026,9,76548,2
2026,9,76550,2
2026,9,76571,2
2026,9,76634,4
2026,9,76645,10
2026,9,76710,4
2026,9,76712,2
2026,9,76904,2
2026,9,77002,9
2026,9,77005,8
2026,9,77007,5
2026,9,77024,1
2026,9,77025,2
2026,9,77035,4
2026,9,77036,4
2026,9,77043,3
2026,9,77048,1
2026,9,77058,5
2026,9,77059,6
2026,9,77062,4
2026,9,77065,1
2026,9,77077,2
2026,9,77089,2
2026,9,77095,2
2026,9,77302,4
2026,9,77304,2
2026,9,77316,6
2026,9,77318,2
2026,9,77331,2
2026,9,77339,5
2026,9,77340,6
2026,9,77345,4
2026,9,77351,7
2026,9,77355,4
2026,9,77356,6
2026,9,77365,2
2026,9,77377,4
2026,9,77379,4
2026,9,77382,2
2026,9,77389,1
2026,9,77399,19
2026,9,77401,2
2026,9,77429,4
2026,9,77433,9
2026,9,77445,2
2026,9,77449,4
2026,9,77469,2
2026,9,77479,17
2026,9,77532,2
2026,9,77534,2
2026,9,77535,2
2026,9,77581,2
2026,9,77586,3
2026,9,77713,2
2026,9,77802,2
2026,9,77833,2
2026,9,77845,3
2026,9,77984,2
2026,9,77995,2
2026,9,78006,7
2026,9,78023,2
2026,9,78028,1
2026,9,78108,1
2026,9,78114,1
2026,9,78121,2
2026,9,78130,2
2026,9,78132,7
2026,9,78133,1
2026,9,78212,2
2026,9,78229,2
2026,9,78234,2
2026,9,78248,5
2026,9,78253,1
2026,9,78254,1
2026,9,78258,2
2026,9,78259,2
2026,9,78260,2
2026,9,78382,2
2026,9,78413,6
2026,9,78503,2
2026,9,78552,2
2026,9,78570,2
2026,9,78578,2
2026,9,78586,1
2026,9,78596,2
2026,9,78629,4
2026,9,78633,7
2026,9,78636,2
2026,9,78639,2
2026,9,78642,4
2026,9,78644,3
2026,9,78664,2
2026,9,78681,6
2026,9,78702,2
2026,9,78703,2
2026,9,78704,4
2026,9,78717,2
2026,9,78731,8
2026,9,78737,2
2026,9,78738,2
2026,9,78749,2
2026,9,78751,1
2026,9,78756,10
2026,9,78833,2
2026,9,78861,1
2026,9,78956,1
2026,9,78962,2
2026,9,79015,2
2026,9,79029,2
2026,9,79065,5
2026,9,79201,2
2026,9,79423,4
2026,9,79424,2
2026,9,79556,3
2026,9,79567,2
2026,9,79604,8
2026,9,79605,4
2026,9,79756,1
2026,9,79932,2
2026,9,79936,1
2026,9,8,2
2026,9,80004,4
2026,9,80005,2
2026,9,80007,7
2026,9,80012,2
2026,9,80015,16
2026,9,80016,11
2026,9,80017,2
2026,9,80020,8
2026,9,80021,16
2026,9,80022,2
2026,9,80023,4
2026,9,80026,2
2026,9,80027,8
2026,9,80102,2
2026,9,80104,1
2026,9,80107,2
2026,9,80108,8
2026,9,80109,5
2026,9,80111,2
2026,9,80112,5
2026,9,80113,8
2026,9,80116,2
2026,9,80121,6
2026,9,80122,2
2026,9,80123,10
2026,9,80124,2
2026,9,80125,2
2026,9,80126,3
2026,9,80127,22
2026,9,80129,4
2026,9,80130,2
2026,9,80132,2
2026,9,80136,3
2026,9,80138,4
2026,9,80202,4
2026,9,80204,2
2026,9,80206,2
2026,9,80209,4
2026,9,80210,11
2026,9,80218,1
2026,9,80219,2
2026,9,80220,10
2026,9,80221,3
2026,9,80222,2
2026,9,80223,2
2026,9,80226,2
2026,9,80227,3
2026,9,80228,7
2026,9,80229,2
2026,9,80231,6
2026,9,80233,4
2026,9,80234,5
2026,9,80237,4
2026,9,80238,6
2026,9,80241,3
2026,9,80301,3
2026,9,80302,6
2026,9,80303,2
2026,9,80304,6
2026,9,80305,7
2026,9,80401,8
2026,9,80403,2
2026,9,80420,2
2026,9,80424,2
2026,9,80437,2
2026,9,80439,6
2026,9,80443,6
2026,9,80465,4
2026,9,80466,3
2026,9,80470,2
2026,9,80487,2
2026,9,80498,2
2026,9,80501,3
2026,9,80503,14
2026,9,80504,13
2026,9,80513,2
2026,9,80516,6
2026,9,80517,4
2026,9,80521,1
2026,9,80524,6
2026,9,80525,6
2026,9,80526,15
2026,9,80528,6
2026,9,80534,3
2026,9,80537,6
2026,9,80538,13
2026,9,80549,6
2026,9,80550,16
2026,9,80602,20
2026,9,80603,2
2026,9,80621,4
2026,9,80634,9
2026,9,80645,2
2026,9,80701,2
2026,9,80720,2
2026,9,80904,7
2026,9,80906,4
2026,9,80907,3
2026,9,80908,1
2026,9,80909,3
2026,9,80917,3
2026,9,80918,8
2026,9,80919,6
2026,9,80921,4
2026,9,80922,2
2026,9,80923,2
2026,9,80924,6
2026,9,80927,6
2026,9,80939,4
2026,9,81007,4
2026,9,81023,2
2026,9,81132,2
2026,9,81147,2
2026,9,81211,2
2026,9,81212,2
2026,9,81226,3
2026,9,81233,4
2026,9,81303,2
2026,9,81321,4
2026,9,81401,4
2026,9,81403,2
2026,9,81432,2
2026,9,81503,1
2026,9,81504,8
2026,9,81505,1
2026,9,81506,2
2026,9,81507,9
2026,9,81521,2
2026,9,81601,8
2026,9,81612,3
2026,9,81623,2
2026,9,81632,7
2026,9,81643,2
2026,9,81648,2
2026,9,82001,2
2026,9,82009,24
2026,9,82070,2
2026,9,82072,2
2026,9,82082,5
2026,9,82213,2
2026,9,82222,3
2026,9,82225,2
2026,9,82240,2
2026,9,82332,4
2026,9,82414,9
2026,9,82433,3
2026,9,82435,10
2026,9,82501,3
2026,9,82520,6
2026,9,82601,4
2026,9,82604,6
2026,9,82609,4
2026,9,82637,2
2026,9,82644,2
2026,9,82701,6
2026,9,82716,16
2026,9,82717,4
2026,9,82718,22
2026,9,82720,4
2026,9,82727,2
2026,9,82729,10
2026,9,82801,38
2026,9,82834,4
2026,9,82836,11
2026,9,82839,3
2026,9,82930,2
2026,9,82935,5
2026,9,83002,4
2026,9,83014,2
2026,9,83127,2
2026,9,83128,2
2026,9,83201,6
2026,9,83202,2
2026,9,83227,1
2026,9,83301,9
2026,9,83328,4
2026,9,83333,3
2026,9,83340,2
2026,9,83402,5
2026,9,83404,7
2026,9,83422,1
2026,9,83429,2
2026,9,83440,2
2026,9,83467,2
2026,9,83530,7
2026,9,83536,6
2026,9,83562,1
2026,9,83607,2
2026,9,83616,19
2026,9,83617,2
2026,9,83641,2
2026,9,83644,2
2026,9,83646,17
2026,9,83647,2
2026,9,83653,2
2026,9,83654,2
2026,9,83660,5
2026,9,83669,6
2026,9,83686,5
2026,9,83701,2
2026,9,83702,2
2026,9,83703,2
2026,9,83704,1
2026,9,83706,7
2026,9,83712,2
2026,9,83714,13
2026,9,83716,2
2026,9,83813,0
2026,9,83815,2
2026,9,83816,2
2026,9,83822,2
2026,9,83835,9
2026,9,83836,2
2026,9,83840,3
2026,9,83843,2
2026,9,83854,14
2026,9,83860,2
2026,9,83864,6
2026,9,83873,2
2026,9,84010,5
2026,9,84014,5
2026,9,84020,2
2026,9,84025,0
2026,9,84032,2
2026,9,84036,1
2026,9,84050,4
2026,9,84060,2
2026,9,84065,2
2026,9,84067,2
2026,9,84075,2
2026,9,84084,2
2026,9,84087,2
2026,9,84093,24
2026,9,84098,4
2026,9,84102,2
2026,9,84103,4
2026,9,84105,4
2026,9,84106,6
2026,9,84107,2
2026,9,84109,3
2026,9,84120,6
2026,9,84121,4
2026,9,84124,2
2026,9,84128,1
2026,9,84318,8
2026,9,84401,4
2026,9,84403,2
2026,9,84404,2
2026,9,84501,2
2026,9,84532,1
2026,9,84604,2
2026,9,84633,8
2026,9,84663,5
2026,9,84745,2
2026,9,84780,6
2026,9,84790,6
2026,9,85006,3
2026,9,85016,10
2026,9,85020,2
2026,9,85028,9
2026,9,85032,2
2026,9,85041,2
2026,9,85042,2
2026,9,85044,4
2026,9,85048,2
2026,9,85050,2
2026,9,85086,2
2026,9,85118,16
2026,9,85119,5
2026,9,85120,4
2026,9,85122,2
2026,9,85131,4
2026,9,85132,4
2026,9,85139,3
2026,9,85140,5
2026,9,85142,1
2026,9,85143,6
2026,9,85194,2
2026,9,85205,2
2026,9,85206,12
2026,9,85207,2
2026,9,85208,2
2026,9,85209,5
2026,9,85212,10
2026,9,85213,2
2026,9,85215,2
2026,9,85224,2
2026,9,85225,2
2026,9,85248,4
2026,9,85249,2
2026,9,85250,5
2026,9,85253,8
2026,9,85254,1
2026,9,85255,12
2026,9,85259,5
2026,9,85260,11
2026,9,85263,4
2026,9,85266,2
2026,9,85268,2
2026,9,85282,2
2026,9,85283,2
2026,9,85295,2
2026,9,85297,6
2026,9,85298,6
2026,9,85308,5
2026,9,85311,1
2026,9,85321,2
2026,9,85325,2
2026,9,85331,5
2026,9,85338,10
2026,9,85339,2
2026,9,85340,2
2026,9,85351,4
2026,9,85361,5
2026,9,85364,2
2026,9,85365,2
2026,9,85367,4
2026,9,85373,7
2026,9,85374,16
2026,9,85375,7
2026,9,85377,5
2026,9,85379,2
2026,9,85382,6
2026,9,85383,5
2026,9,85387,10
2026,9,85395,6
2026,9,85396,4
2026,9,85552,2
2026,9,85614,7
2026,9,85622,2
2026,9,85623,3
2026,9,85624,4
2026,9,85635,4
2026,9,85641,2
2026,9,85643,2
2026,9,85646,4
2026,9,85704,9
2026,9,85711,2
2026,9,85712,2
2026,9,85715,2
2026,9,85718,3
2026,9,85719,2
2026,9,85730,2
2026,9,85737,5
2026,9,85739,2
2026,9,85741,1
2026,9,85742,3
2026,9,85743,4
2026,9,85745,2
2026,9,85749,2
2026,9,85750,3
2026,9,85755,2
2026,9,85901,2
2026,9,85935,2
2026,9,86004,4
2026,9,86045,1
2026,9,86301,11
2026,9,86303,3
2026,9,86305,8
2026,9,86323,4
2026,9,86324,3
2026,9,86325,8
2026,9,86326,1
2026,9,86327,1
2026,9,86336,2
2026,9,86404,4
2026,9,86409,4
2026,9,86426,2
2026,9,87008,6
2026,9,87013,2
2026,9,87047,2
2026,9,87048,3
2026,9,87059,6
2026,9,87104,3
2026,9,87109,2
2026,9,87111,2
2026,9,87113,4
2026,9,87114,2
2026,9,87120,2
2026,9,87122,4
2026,9,87501,2
2026,9,87505,8
2026,9,87506,4
2026,9,87507,2
2026,9,87508,2
2026,9,87512,4
2026,9,87544,2
2026,9,87714,1
2026,9,88012,2
2026,9,8802,2
2026,9,88052,3
2026,9,88211,2
2026,9,88220,2
2026,9,88312,2
2026,9,88340,2
2026,9,89005,3
2026,9,89011,2
2026,9,89012,6
2026,9,89027,2
2026,9,89034,8
2026,9,89044,3
2026,9,89048,4
2026,9,89049,3
2026,9,89052,6
2026,9,89117,4
2026,9,89119,2
2026,9,89120,2
2026,9,89134,3
2026,9,89141,4
2026,9,89144,6
2026,9,89178,2
2026,9,89410,2
2026,9,89423,2
2026,9,89435,1
2026,9,89436,6
2026,9,89451,2
2026,9,89460,4
2026,9,89502,2
2026,9,89503,8
2026,9,89511,13
2026,9,89512,2
2026,9,89521,2
2026,9,89523,4
2026,9,89703,5
2026,9,89820,2
2026,9,90004,2
2026,9,90012,1
2026,9,90027,1
2026,9,90041,2
2026,9,90066,3
2026,9,90242,2
2026,9,90245,2
2026,9,90247,3
2026,9,90265,2
2026,9,90266,2
2026,9,90274,2
2026,9,90277,2
2026,9,90405,6
2026,9,90503,2
2026,9,90630,2
2026,9,90703,3
2026,9,90706,2
2026,9,90720,3
2026,9,90802,2
2026,9,90803,2
2026,9,90804,2
2026,9,90808,6
2026,9,90815,4
2026,9,91001,2
2026,9,91021,2
2026,9,91236,2
2026,9,91301,3
2026,9,91320,16
2026,9,91344,2
2026,9,91350,7
2026,9,91354,4
2026,9,91355,8
2026,9,91360,2
2026,9,91367,4
2026,9,91387,2
2026,9,91402,2
2026,9,91403,2
2026,9,91602,2
2026,9,91604,2
2026,9,91605,1
2026,9,91750,3
2026,9,91765,2
2026,9,91780,2
2026,9,91784,2
2026,9,91791,3
2026,9,92009,4
2026,9,92011,8
2026,9,92014,4
2026,9,92020,4
2026,9,92024,8
2026,9,92028,2
2026,9,92064,3
2026,9,92075,3
2026,9,92078,4
2026,9,92082,9
2026,9,92084,3
2026,9,92101,8
2026,9,92104,2
2026,9,92106,2
2026,9,92108,3
2026,9,92109,2
2026,9,92116,1
2026,9,92120,2
2026,9,92124,2
2026,9,92128,4
2026,9,92129,1
2026,9,92154,8
2026,9,92220,4
2026,9,92223,2
2026,9,92253,3
2026,9,92274,2
2026,9,92308,4
2026,9,92336,5
2026,9,92354,3
2026,9,92372,2
2026,9,92373,1
2026,9,92404,2
2026,9,92504,2
2026,9,92506,2
2026,9,92509,2
2026,9,92589,2
2026,9,92591,2
2026,9,92604,3
2026,9,92606,2
2026,9,92620,2
2026,9,92625,2
2026,9,92627,2
2026,9,92630,2
2026,9,92646,2
2026,9,92647,4
2026,9,92648,5
2026,9,92656,3
2026,9,92660,6
2026,9,92673,3
2026,9,92683,4
2026,9,92691,8
2026,9,92694,8
2026,9,92806,3
2026,9,92807,9
2026,9,92835,4
2026,9,92867,2
2026,9,92869,2
2026,9,92878,2
2026,9,93003,2
2026,9,93010,1
2026,9,93012,4
2026,9,93021,2
2026,9,93024,4
2026,9,93065,8
2026,9,93101,1
2026,9,93108,1
2026,9,93230,3
2026,9,93277,2
2026,9,93306,2
2026,9,93308,2
2026,9,93406,2
2026,9,93420,6
2026,9,93422,6
2026,9,93442,2
2026,9,93444,2
2026,9,93465,6
2026,9,93536,2
2026,9,93551,2
2026,9,93555,2
2026,9,93631,4
2026,9,93636,4
2026,9,93637,2
2026,9,93644,2
2026,9,93645,8
2026,9,93646,2
2026,9,93711,2
2026,9,93730,2
2026,9,93940,1
2026,9,93953,2
2026,9,94010,2
2026,9,94024,2
2026,9,94040,2
2026,9,94080,2
2026,9,94107,1
2026,9,94117,4
2026,9,94121,2
2026,9,94301,1
2026,9,94403,2
2026,9,94501,2
2026,9,94517,4
2026,9,94518,2
2026,9,94526,2
2026,9,94536,4
2026,9,94544,1
2026,9,94545,1
2026,9,94546,1
2026,9,94550,4
2026,9,94553,2
2026,9,94563,4
2026,9,94568,2
2026,9,94571,4
2026,9,94595,1
2026,9,94598,2
2026,9,94610,2
2026,9,94611,2
2026,9,94612,2
2026,9,94705,4
2026,9,94706,2
2026,9,94901,6
2026,9,94902,2
2026,9,94903,5
2026,9,94920,2
2026,9,94928,6
2026,9,94952,5
2026,9,94954,2
2026,9,95003,2
2026,9,95024,2
2026,9,95032,2
2026,9,95060,2
2026,9,95126,2
2026,9,95129,4
2026,9,95132,3
2026,9,95219,2
2026,9,95242,2
2026,9,95346,2
2026,9,95350,4
2026,9,95361,2
2026,9,95370,1
2026,9,95382,6
2026,9,95404,1
2026,9,95405,4
2026,9,95437,1
2026,9,95445,4
2026,9,95492,3
2026,9,95497,2
2026,9,95534,2
2026,9,95604,1
2026,9,95608,6
2026,9,95618,2
2026,9,95624,2
2026,9,95628,2
2026,9,95630,2
2026,9,95648,6
2026,9,95650,3
2026,9,95660,3
2026,9,95667,3
2026,9,95678,2
2026,9,95688,2
2026,9,95747,2
2026,9,95758,4
2026,9,95765,2
2026,9,95776,3
2026,9,95825,2
2026,9,95834,4
2026,9,95946,2
2026,9,95955,2
2026,9,95959,8
2026,9,96001,5
2026,9,96032,2
2026,9,96052,2
2026,9,96067,4
2026,9,96145,2
2026,9,96150,1
2026,9,96155,4
2026,9,96161,3
2026,9,96734,2
2026,9,96740,4
2026,9,96817,2
2026,9,96825,3
2026,9,97002,11
2026,9,97006,6
2026,9,97007,4
2026,9,97009,2
2026,9,97027,2
2026,9,97031,2
2026,9,97042,8
2026,9,97045,3
2026,9,97055,2
2026,9,97062,1
2026,9,97068,9
2026,9,97070,2
2026,9,97071,4
2026,9,97089,3
2026,9,97103,4
2026,9,97128,4
2026,9,97140,3
2026,9,97202,1
2026,9,97209,7
2026,9,97215,2
2026,9,97219,4
2026,9,97221,3
2026,9,97223,2
2026,9,97229,2
2026,9,97239,2
2026,9,97267,9
2026,9,97302,1
2026,9,97304,2
2026,9,97306,2
2026,9,97317,4
2026,9,97321,6
2026,9,97325,2
2026,9,97330,4
2026,9,97333,2
2026,9,97352,3
2026,9,97365,2
2026,9,97378,4
2026,9,97394,2
2026,9,97401,2
2026,9,97471,2
2026,9,97478,2
2026,9,97504,2
2026,9,97520,2
2026,9,97527,2
2026,9,97701,5
2026,9,97702,6
2026,9,97703,6
2026,9,97753,2
2026,9,97756,4
2026,9,97759,2
2026,9,97760,4
2026,9,97827,2
2026,9,97828,2
2026,9,97838,4
2026,9,97850,2
2026,9,97885,2
2026,9,98001,2
2026,9,98002,2
2026,9,98003,4
2026,9,98005,1
2026,9,98006,4
2026,9,98012,6
2026,9,98020,6
2026,9,98022,2
2026,9,98023,6
2026,9,98024,2
2026,9,98026,7
2026,9,98028,2
2026,9,98029,3
2026,9,98031,6
2026,9,98033,2
2026,9,98034,3
2026,9,98036,2
2026,9,98037,3
2026,9,98038,2
2026,9,98042,2
2026,9,98052,2
2026,9,98053,4
2026,9,98056,2
2026,9,98065,1
2026,9,98072,2
2026,9,98074,2
2026,9,98077,4
2026,9,98101,0
2026,9,98102,2
2026,9,98106,2
2026,9,98107,4
2026,9,98108,2
2026,9,98109,2
2026,9,98110,10
2026,9,98112,2
2026,9,98113,2
2026,9,98115,8
2026,9,98126,3
2026,9,98133,6
2026,9,98136,2
2026,9,98144,4
2026,9,98155,5
2026,9,98177,4
2026,9,98199,9
2026,9,98201,2
2026,9,98203,4
2026,9,98208,13
2026,9,98223,2
2026,9,98225,2
2026,9,98229,2
2026,9,98230,4
2026,9,98233,2
2026,9,98257,2
2026,9,98258,4
2026,9,98260,2
2026,9,98264,4
2026,9,98270,4
2026,9,98272,2
2026,9,98273,8
2026,9,98274,6
2026,9,98275,2
2026,9,98277,6
2026,9,98282,2
2026,9,98284,2
2026,9,98290,15
2026,9,98292,4
2026,9,98312,5
2026,9,98325,2
2026,9,98333,2
2026,9,98335,3
2026,9,98345,2
2026,9,98363,2
2026,9,98365,4
2026,9,98366,4
2026,9,98367,2
2026,9,98368,3
2026,9,98370,2
2026,9,98373,2
2026,9,98382,6
2026,9,98383,2
2026,9,98388,2
2026,9,98392,4
2026,9,98402,4
2026,9,98405,2
2026,9,98406,2
2026,9,98407,6
2026,9,98418,3
2026,9,98501,4
2026,9,98502,2
2026,9,98503,2
2026,9,98506,2
2026,9,98512,3
2026,9,98520,4
2026,9,98524,2
2026,9,98531,2
2026,9,98532,9
2026,9,98584,2
2026,9,98597,1
2026,9,98605,2
2026,9,98606,4
2026,9,98629,2
2026,9,98642,2
2026,9,98644,2
2026,9,98661,2
2026,9,98662,2
2026,9,98664,2
2026,9,98682,2
2026,9,98683,2
2026,9,98685,3
2026,9,98686,2
2026,9,98802,2
2026,9,98823,2
2026,9,98826,2
2026,9,98843,2
2026,9,98901,1
2026,9,98922,3
2026,9,99004,1
2026,9,99005,10
2026,9,99012,2
2026,9,99022,2
2026,9,99023,4
2026,9,99026,2
2026,9,99031,3
2026,9,99034,2
2026,9,99037,2
2026,9,99141,2
2026,9,99166,2
2026,9,99181,4
2026,9,99203,4
2026,9,99204,5
2026,9,99205,5
2026,9,99206,6
2026,9,99208,2
2026,9,99217,1
2026,9,99218,1
2026,9,99223,16
2026,9,99301,1
2026,9,99352,5
2026,9,99353,2
2026,9,99354,2
2026,9,99362,1
2026,9,99501,2
2026,9,99502,2
2026,9,99572,2
2026,9,99603,2
2026,9,99645,2
2026,9,99669,3
2026,9,99801,5
2026,9,99803,2
2026,9,99901,2
2026,9,GU16 6HE,2
2026,9,K4K 1H7,1
2026,9,M4Y 1R8,2
2026,9,P9N 0C5,2
2026,9,R0G 1V0,2
2026,9,R0J 1W0,6
2026,9,R3M 1E6,1
2026,9,R3W 0J6,4
2026,9,R4A 1B3,4
2026,9,R5G 2P3,2
2026,9,R6W 1E1,1
2026,9,S0C 0S0,2
2026,9,S0H 0N0,2
2026,9,S0H 4C0,2
2026,9,S4H 2K7,2
2026,9,S4S 3V6,2
2026,9,SG138BJ,2
2026,9,SN35AU,2
2026,9,SY11 1FB,1
2026,9,T0J 1X2,3
2026,9,T1K 6A2,2
2026,9,T1V 1P7,2
2026,9,T2K 1Y3,2
2026,9,T2X 4N9,2
2026,9,T4E 2L9,2
2026,9,T6G 2V8,4
2026,9,V2Z 0A9,2
2026,9,V9G 1N9,2
