zip,tickets,state
58503,5247,ND
58601,4238,ND
58504,2290,ND
58501,2276,ND
58554,2262,ND
58801,1850,ND
58104,1705,ND
58078,1414,ND
58701,1344,ND
58103,1022,ND
58703,914,ND
58201,892,ND
58854,876,ND
58102,843,ND
58401,814,ND
59330,723,MT
56560,544,MN
57702,506,SD
59270,484,MT
57783,450,SD
58072,379,ND
58523,374,ND
58545,351,ND
56501,339,MN
58301,337,ND
59301,314,MT
56308,311,MN
56537,309,MN
58075,305,ND
58047,304,ND
58645,299,ND
59106,283,MT
59102,281,MT
57701,259,SD
58623,239,ND
56601,230,MN
58622,228,ND
58621,220,ND
58640,212,ND
59718,208,MT
59105,202,MT
55044,200,MN
57401,195,SD
57108,193,SD
58051,189,ND
58784,165,ND
58421,165,ND
58540,156,ND
82801,155,WY
58563,155,ND
58639,155,ND
58368,155,ND
59715,154,MT
58318,154,ND
58474,153,ND
57719,153,SD
59101,151,MT
59601,151,MT
55113,150,MN
56549,149,MN
58278,148,ND
58852,148,ND
58203,145,ND
58652,140,ND
55124,140,MN
58647,140,ND
58655,138,ND
58012,137,ND
55082,136,MN
77399,134,TX
55311,132,MN
59313,132,MT
56401,132,MN
59044,130,MT
55303,130,MN
57717,130,SD
57703,128,SD
55304,128,MN
56572,127,MN
55372,125,MN
57785,123,SD
56573,121,MN
58704,121,ND
57730,120,SD
56721,119,MN
58631,118,ND
55110,117,MN
58577,114,ND
55369,114,MN
57201,114,SD
58054,113,ND
58533,112,ND
55122,110,MN
58521,109,ND
56377,109,MN
55112,109,MN
55347,108,MN
58790,108,ND
58730,107,ND
59221,106,MT
55345,106,MN
58646,105,ND
55330,104,MN
56470,104,MN
58552,104,ND
58436,103,ND
58722,103,ND
58849,103,ND
55125,101,MN
58341,101,ND
57103,101,SD
58654,99,ND
55126,98,MN
55391,98,MN
55127,97,MN
55446,97,MN
80015,97,CO
55123,96,MN
57105,95,SD
56201,95,MN
68516,95,NE
58458,94,ND
58257,94,ND
56515,94,MN
55901,93,MN
59714,92,MT
80550,92,CO
55331,91,MN
56544,91,MN
55416,90,MN
58530,90,ND
55014,89,MN
58482,88,ND
59201,88,MT
58045,87,ND
56701,87,MN
58237,87,ND
82718,86,WY
54016,86,WI
58579,86,ND
57006,86,SD
58602,85,ND
57638,85,SD
57104,85,SD
56514,84,MN
58802,84,ND
58718,82,ND
56762,82,MN
55313,81,MN
58502,81,ND
55038,81,MN
58240,81,ND
57747,81,SD
80016,80,CO
59404,80,MT
58027,80,ND
54022,80,WI
57501,79,SD
58558,79,ND
55418,79,MN
57110,78,SD
58835,78,ND
55374,77,MN
58630,76,ND
58495,76,ND
58059,76,ND
58249,76,ND
59254,75,MT
59230,75,MT
59353,74,MT
55417,74,MN
58270,74,ND
55318,73,MN
58763,73,ND
55427,73,MN
55811,73,MN
55406,73,MN
56334,72,MN
58348,71,ND
82009,71,WY
59218,71,MT
56716,71,MN
55441,70,MN
80127,70,CO
55305,70,MN
57106,70,SD
58425,70,ND
58576,69,ND
55447,69,MN
85375,69,AZ
55317,69,MN
58041,68,ND
58042,68,ND
58638,68,ND
85209,68,AZ
58274,68,ND
55379,68,MN
58052,68,ND
58785,68,ND
58650,67,ND
55419,67,MN
59602,67,MT
55804,67,MN
82435,67,WY
55337,67,MN
58843,67,ND
55387,66,MN
58356,66,ND
57769,66,SD
56586,66,MN
56301,66,MN
58575,66,ND
80504,65,CO
56528,65,MN
55803,65,MN
54701,65,WI
56529,64,MN
54729,64,WI
55902,64,MN
55068,63,MN
85118,63,AZ
59457,63,MT
59047,63,MT
58220,63,ND
80538,62,CO
58636,62,ND
55906,62,MN
57744,62,SD
58759,61,ND
56001,61,MN
83646,61,ID
55129,61,MN
56472,61,MN
55309,60,MN
55423,60,MN
55449,60,MN
57718,60,SD
55407,59,MN
55744,59,MN
55442,59,MN
80525,59,CO
78633,59,TX
85255,59,AZ
57301,58,SD
82414,58,WY
59901,58,MT
55422,58,MN
56751,58,MN
32163,58,FL
55118,58,MN
80134,58,CO
55016,58,MN
85374,57,AZ
59405,57,MT
57793,57,SD
58561,57,ND
58653,57,ND
58005,57,ND
59068,57,MT
55438,57,MN
80401,56,CO
58656,56,ND
55116,56,MN
55436,56,MN
80123,56,CO
58011,55,ND
55021,54,MN
56554,54,MN
58788,54,ND
80524,54,CO
80528,53,CO
58077,53,ND
46077,53,IN
55343,53,MN
55042,53,MN
55105,53,MN
55378,52,MN
58433,52,ND
50131,52,IA
58831,52,ND
55424,52,MN
58429,51,ND
82729,51,WY
55340,51,MN
53562,51,WI
54115,51,WI
55376,51,MN
68130,51,NE
38017,51,TN
56547,51,MN
58535,50,ND
55024,50,MN
56511,50,MN
59262,50,MT
56258,50,MN
55443,50,MN
57745,50,SD
56540,50,MN
80634,50,CO
56345,49,MN
56510,49,MN
56320,49,MN
56446,49,MN
82716,49,WY
55401,49,MN
72712,49,AR
53590,49,WI
59327,49,MT
55008,49,MN
85383,49,AZ
58367,49,ND
56431,48,MN
55437,48,MN
50312,48,IA
73102,48,OK
58380,48,ND
56567,48,MN
58746,48,ND
68022,48,NE
58046,48,ND
54601,47,WI
75230,47,TX
58428,47,ND
80602,47,CO
56468,47,MN
55448,47,MN
20003,46,DC
55102,46,MN
50266,46,IA
32043,46,FL
58761,46,ND
55359,46,MN
58750,46,ND
58741,46,ND
56520,45,MN
80503,45,CO
56378,45,MN
84093,45,UT
94121,45,CA
37064,45,TN
55117,45,MN
56374,45,MN
55439,45,MN
55108,44,MN
58487,44,ND
80516,44,CO
32162,44,FL
59324,44,MT
68008,44,NE
58282,44,ND
75220,44,TX
83616,44,ID
63017,44,MO
58254,43,ND
58565,43,ND
55060,43,MN
57754,43,SD
59801,43,MT
59803,43,MT
55904,43,MN
58420,43,ND
85016,42,AZ
58413,42,ND
58251,42,ND
56267,42,MN
58740,42,ND
65203,42,MO
86305,42,AZ
58795,42,ND
59937,42,MT
55405,42,MN
50613,42,IA
50023,42,IA
58531,42,ND
56156,41,MN
58402,41,ND
85260,41,AZ
77356,41,TX
55386,41,MN
56379,41,MN
56367,41,MN
54313,41,WI
55025,41,MN
82834,40,WY
58770,40,ND
57078,40,SD
55066,40,MN
58529,40,ND
58651,40,ND
55746,40,MN
55350,40,MN
32536,40,FL
55316,40,MN
58727,40,ND
58544,40,ND
56304,40,MN
59701,39,MT
59808,39,MT
57005,39,SD
98908,39,WA
80919,39,CO
52302,39,IA
56425,39,MN
58773,39,ND
56728,39,MN
56571,39,MN
50265,39,IA
63122,39,MO
68114,39,NE
57601,39,SD
55431,39,MN
83706,39,ID
80109,39,CO
55410,39,MN
98382,39,WA
58456,39,ND
80210,39,CO
85248,39,AZ
56288,38,MN
83854,38,ID
85207,38,AZ
56482,38,MN
58416,38,ND
59315,38,MT
58324,38,ND
85396,38,AZ
20002,38,DC
82604,38,WY
85395,38,AZ
85614,37,AZ
80020,37,CO
50322,37,IA
58467,37,ND
55325,37,MN
58549,37,ND
58571,37,ND
82001,37,WY
85206,37,AZ
56535,37,MN
54025,37,WI
57631,37,SD
56621,37,MN
55033,37,MN
56303,37,MN
52403,36,IA
59840,36,MT
58771,36,ND
78006,36,TX
57350,36,SD
57732,36,SD
58573,36,ND
56071,36,MN
80238,36,CO
85338,36,AZ
58572,36,ND
55371,36,MN
55057,36,MN
60565,36,IL
57032,36,SD
56542,36,MN
80027,36,CO
58060,36,ND
46074,36,IN
85262,35,AZ
63011,35,MO
74114,35,OK
58275,35,ND
44256,35,OH
58620,35,ND
80108,35,CO
98801,35,WA
80537,35,CO
59802,35,MT
58032,35,ND
54915,35,WI
85212,35,AZ
68506,35,NE
55426,35,MN
48103,35,MI
19382,35,PA
58792,35,ND
85249,35,AZ
80209,35,CO
58079,34,ND
56003,34,MN
58438,34,ND
68144,34,NE
98513,34,WA
58649,34,ND
58642,34,ND
58463,34,ND
58053,34,ND
80439,34,CO
55414,34,MN
80112,34,CO
80023,34,CO
55420,34,MN
54449,34,WI
58424,34,ND
56443,34,MN
68701,34,NE
54843,34,WI
56587,34,MN
55306,34,MN
76262,33,TX
56362,33,MN
58351,33,ND
95630,33,CA
80908,33,CO
80517,33,CO
55355,33,MN
55398,33,MN
80513,33,CO
86301,33,AZ
85382,33,AZ
85298,33,AZ
55364,33,MN
55356,33,MN
85331,33,AZ
66061,33,KS
58018,33,ND
98290,33,WA
68046,33,NE
46033,33,IN
57022,32,SD
58230,32,ND
57107,32,SD
56763,32,MN
51360,32,IA
56244,32,MN
58081,32,ND
55308,32,MN
83714,32,ID
98102,32,WA
49506,32,MI
77479,32,TX
99352,32,WA
59911,32,MT
59912,32,MT
58344,32,ND
54017,32,WI
53593,32,WI
58259,32,ND
56273,32,MN
55328,32,MN
85140,32,AZ
59923,32,MT
56073,32,MN
59243,31,MT
59263,31,MT
58384,31,ND
60137,31,IL
55128,31,MN
32034,31,FL
54401,31,WI
58632,31,ND
80126,31,CO
80021,31,CO
68135,31,NE
57720,31,SD
58418,31,ND
98103,31,WA
59870,31,MT
99223,31,WA
58483,31,ND
98052,31,WA
83301,31,ID
58040,31,ND
55421,31,MN
55104,31,MN
68601,30,NE
51503,30,IA
56589,30,MN
14032,30,NY
60302,30,IL
55119,30,MN
78132,30,TX
99206,30,WA
56352,30,MN
59259,30,MT
52411,30,IA
55077,30,MN
55432,30,MN
68154,30,NE
98273,30,WA
68847,30,NE
80128,30,CO
55409,30,MN
85268,30,AZ
64068,30,MO
55362,30,MN
50125,30,IA
80228,30,CO
56580,30,MN
58562,30,ND
85351,30,AZ
58520,29,ND
76645,29,TX
49341,29,MI
86406,29,AZ
56585,29,MN
85739,29,AZ
77005,29,TX
58733,29,ND
65804,29,MO
85143,29,AZ
59215,29,MT
53717,29,WI
59501,29,MT
66062,29,KS
68007,29,NE
57656,29,SD
58779,29,ND
58794,29,ND
46256,29,IN
55063,29,MN
57442,29,SD
57325,29,SD
80526,29,CO
57049,29,SD
97703,29,OR
59213,29,MT
58227,29,ND
10022,29,NY
85086,29,AZ
58445,28,ND
43221,28,OH
54301,28,WI
54751,28,WI
56551,28,MN
85387,28,AZ
54650,28,WI
85266,28,AZ
59634,28,MT
99208,28,WA
56329,28,MN
56165,28,MN
56082,28,MN
93636,28,CA
55912,28,MN
55346,28,MN
55321,28,MN
57369,28,SD
58007,28,ND
17601,28,PA
60010,28,IL
55434,28,MN
64064,28,MO
63304,28,MO
63376,28,MO
58845,28,ND
53711,28,WI
89034,28,NV
35216,28,AL
56750,28,MN
56484,28,MN
56479,28,MN
58374,28,ND
73034,28,OK
58507,27,ND
37027,27,TN
54913,27,WI
54880,27,WI
56364,27,MN
91320,27,CA
21702,27,MD
85750,27,AZ
54703,27,WI
99004,27,WA
60047,27,IL
66208,27,KS
54162,27,WI
52240,27,IA
55327,27,MN
78704,27,TX
63131,27,MO
50401,27,IA
57450,27,SD
32725,27,FL
98501,27,WA
82701,27,WY
68124,27,NE
58781,27,ND
56473,27,MN
77845,27,TX
56007,27,MN
56373,27,MN
84790,27,UT
55120,27,MN
55115,27,MN
55352,27,MN
98115,27,WA
06877,26,CT
80918,26,CO
32309,26,FL
58490,26,ND
77433,26,TX
89511,26,NV
56265,26,MN
60515,26,IL
58772,26,ND
55435,26,MN
80234,26,CO
83835,26,ID
57751,26,SD
30004,26,GA
95959,26,CA
80004,26,CO
98274,26,WA
80227,26,CO
33908,26,FL
66205,26,KS
52245,26,IA
78731,26,TX
76051,25,TX
58461,25,ND
58634,25,ND
77008,25,TX
80121,25,CO
68102,25,NE
80120,25,CO
50014,25,IA
80302,25,CO
80498,25,CO
55358,25,MN
51250,25,IA
63119,25,MO
50325,25,IA
53105,25,WI
57451,25,SD
57532,25,SD
50010,25,IA
50111,25,IA
80122,25,CO
59063,25,MT
46032,25,IN
37934,25,TN
55987,25,MN
52722,25,IA
58261,25,ND
56467,25,MN
98837,25,WA
77494,25,TX
73013,25,OK
72715,25,AR
56368,25,MN
85718,25,AZ
76049,24,TX
66215,24,KS
58644,24,ND
22207,24,VA
67401,24,KS
68116,24,NE
59741,24,MT
20815,24,MD
60005,24,IL
57644,24,SD
75225,24,TX
59711,24,MT
80757,24,CO
95648,24,CA
80906,24,CO
80923,24,CO
85138,24,AZ
68512,24,NE
38401,24,TN
68123,24,NE
83815,24,ID
59847,24,MT
98391,24,WA
50323,24,IA
55415,24,MN
98532,24,WA
63021,24,MO
53066,24,WI
55079,24,MN
60004,24,IL
53704,24,WI
98802,24,WA
10003,24,NY
71909,24,AR
46168,24,IN
66216,24,KS
54806,24,WI
68502,24,NE
64154,24,MO
68028,24,NE
98072,24,WA
75093,24,TX
58466,24,ND
59211,24,MT
43220,24,OH
56461,24,MN
30306,23,GA
58231,23,ND
55045,23,MN
53151,23,WI
52402,23,IA
92024,23,CA
69101,23,NE
54452,23,WI
68507,23,NE
80621,23,CO
58793,23,ND
81301,23,CO
58838,23,ND
83686,23,ID
83402,23,ID
81623,23,CO
68137,23,NE
80220,23,CO
55408,23,MN
89052,23,NV
37128,23,TN
54904,23,WI
35242,23,AL
50501,23,IA
85028,23,AZ
80005,23,CO
23112,23,VA
74055,23,OK
56477,23,MN
99353,23,WA
56576,23,MN
58626,22,ND
56316,22,MN
58725,22,ND
60611,22,IL
58847,22,ND
57437,22,SD
60640,22,IL
24060,22,VA
83401,22,ID
67212,22,KS
66210,22,KS
54403,22,WI
73120,22,OK
58448,22,ND
55041,22,MN
54455,22,WI
60614,22,IL
56315,22,MN
56310,22,MN
85263,22,AZ
76182,22,TX
65807,22,MO
56726,22,MN
85213,22,AZ
78738,22,TX
58494,22,ND
59336,22,MT
56442,22,MN
94598,22,CA
60189,22,IL
54868,22,WI
68803,22,NE
58009,22,ND
84770,22,UT
55344,22,MN
68131,22,NE
53217,22,WI
20007,22,DC
29909,22,SC
55779,22,MN
58021,22,ND
52101,22,IA
89027,22,NV
53532,22,WI
53719,22,WI
58352,22,ND
58048,22,ND
60510,22,IL
58277,22,ND
60014,22,IL
58442,22,ND
53095,22,WI
60046,22,IL
60056,22,IL
80002,22,CO
27410,22,NC
58439,22,ND
80132,22,CO
55413,22,MN
92506,22,CA
80104,22,CO
59635,22,MT
85308,21,AZ
58782,21,ND
98208,21,WA
54521,21,WI
76063,21,TX
68739,21,NE
58768,21,ND
81401,21,CO
54636,21,WI
30642,21,GA
80921,21,CO
58757,21,ND
54481,21,WI
55433,21,MN
83201,21,ID
89117,21,NV
55076,21,MN
58267,21,ND
58346,21,ND
84060,21,UT
46112,21,IN
68157,21,NE
51104,21,IA
58015,21,ND
97068,21,OR
45458,21,OH
84032,21,UT
22903,21,VA
67601,21,KS
64506,21,MO
49424,21,MI
17543,21,PA
33176,21,FL
80304,21,CO
60174,21,IL
80218,21,CO
45140,21,OH
56464,21,MN
60178,21,IL
60423,21,IL
75078,21,TX
77351,21,TX
77340,21,TX
75019,21,TX
37066,21,TN
22015,21,VA
58478,21,ND
56534,21,MN
85622,21,AZ
98031,21,WA
58721,21,ND
58736,21,ND
85635,21,AZ
87122,20,NM
56737,20,MN
86404,20,AZ
59349,20,MT
56307,20,MN
79022,20,TX
75028,20,TX
75703,20,TX
76248,20,TX
76712,20,TX
59275,20,MT
54956,20,WI
81507,20,CO
60192,20,IL
54893,20,WI
22932,20,VA
22202,20,VA
54656,20,WI
64151,20,MO
50021,20,IA
64114,20,MO
64086,20,MO
80305,20,CO
80124,20,CO
68133,20,NE
68106,20,NE
68048,20,NE
47201,20,IN
51031,20,IA
32259,20,FL
57567,20,SD
53018,20,WI
56381,20,MN
85142,20,AZ
27540,20,NC
33432,20,FL
59716,20,MT
56278,20,MN
56209,20,MN
60045,20,IL
55084,20,MN
58006,20,ND
20854,20,MD
30033,20,GA
53089,20,WI
51106,20,IA
53572,20,WI
53575,20,WI
58222,20,ND
58366,20,ND
85131,20,AZ
85132,20,AZ
55040,20,MN
95628,20,CA
80924,20,CO
54494,20,WI
80917,20,CO
53521,20,WI
53716,20,WI
53913,20,WI
60660,20,IL
57660,20,SD
20814,20,MD
67206,20,KS
66207,20,KS
22314,20,VA
58492,20,ND
85704,20,AZ
85259,19,AZ
56557,19,MN
55006,19,MN
56738,19,MN
56438,19,MN
55011,19,MN
55373,19,MN
64155,19,MO
92646,19,CA
68104,19,NE
68118,19,NE
80007,19,CO
80204,19,CO
80130,19,CO
80241,19,CO
83647,19,ID
68136,19,NE
57648,19,SD
83709,19,ID
29464,19,SC
21043,19,MD
83204,19,ID
66213,19,KS
58256,19,ND
58444,19,ND
75248,19,TX
58225,19,ND
32137,19,FL
32092,19,FL
58760,19,ND
68521,19,NE
55092,19,MN
60618,19,IL
92056,19,CA
43147,19,OH
59212,19,MT
85254,19,AZ
56548,19,MN
43065,19,OH
30188,19,GA
97116,19,OR
95765,19,CA
11530,19,NY
63301,19,MO
58030,19,ND
50701,19,IA
61548,19,IL
46064,19,IN
56347,19,MN
97045,19,OR
27707,19,NC
68801,19,NE
30319,19,GA
30040,19,GA
53027,19,WI
56324,19,MN
60074,19,IL
56327,19,MN
85743,18,AZ
56744,18,MN
06897,18,CT
57252,18,SD
59225,18,MT
60115,18,IL
54817,18,WI
60118,18,IL
60172,18,IL
56584,18,MN
85749,18,AZ
85755,18,AZ
56570,18,MN
85340,18,AZ
37069,18,TN
77429,18,TX
06878,18,CT
65101,18,MO
67502,18,KS
32940,18,FL
80013,18,CO
20817,18,MD
92653,18,CA
80138,18,CO
80211,18,CO
80226,18,CO
98144,18,WA
66053,18,KS
66503,18,KS
80487,18,CO
53188,18,WI
55320,18,MN
58067,18,ND
56143,18,MN
59860,18,MT
11758,18,NY
49686,18,MI
64089,18,MO
49855,18,MI
49315,18,MI
50022,18,IA
85139,18,AZ
46062,18,IN
84121,18,UT
97132,18,OR
65109,18,MO
57260,18,SD
59072,18,MT
59730,18,MT
97007,18,OR
56031,18,MN
83001,18,WY
56187,18,MN
54005,18,WI
56221,18,MN
60031,18,IL
20878,18,MD
82721,18,WY
51501,18,IA
82240,18,WY
73101,18,OK
80907,18,CO
80831,18,CO
58756,18,ND
58758,18,ND
20016,18,DC
58762,18,ND
54001,18,WI
55302,18,MN
54935,18,WI
55056,18,MN
98407,18,WA
41011,18,KY
41091,18,KY
54024,18,WI
60605,18,IL
60558,18,IL
34134,18,FL
33914,18,FL
74075,18,OK
34997,18,FL
56536,18,MN
59323,18,MT
34481,18,FL
56521,18,MN
56326,18,MN
56531,18,MN
98038,18,WA
85373,18,AZ
87111,18,NM
85205,18,AZ
58472,18,ND
58479,18,ND
99645,17,AK
85234,17,AZ
58481,17,ND
99362,17,WA
86326,17,AZ
21784,17,MD
58496,17,ND
55923,17,MN
27330,17,NC
84098,17,UT
27516,17,NC
27526,17,NC
64112,17,MO
64079,17,MO
80129,17,CO
49120,17,MI
29072,17,SC
97070,17,OR
55810,17,MN
98199,17,WA
19465,17,PA
68527,17,NE
32934,17,FL
80113,17,CO
10025,17,NY
89011,17,NV
75071,17,TX
92109,17,CA
72714,17,AR
42103,17,KY
64118,17,MO
68025,17,NE
83221,17,ID
28803,17,NC
54829,17,WI
55051,17,MN
59339,17,MT
57042,17,SD
76904,17,TX
91942,17,CA
98109,17,WA
59079,17,MT
56215,17,MN
56465,17,MN
30064,17,GA
95682,17,CA
61704,17,IL
63385,17,MO
30534,17,GA
20607,17,MD
64012,17,MO
81504,17,CO
54140,17,WI
60631,17,IL
53597,17,WI
53589,17,WI
60526,17,IL
54021,17,WI
50677,17,IA
54476,17,WI
55381,17,MN
55388,17,MN
11795,17,NY
99203,17,WA
32174,17,FL
62269,17,IL
53072,17,WI
54130,17,WI
58752,17,ND
52246,17,IA
82836,17,WY
98367,17,WA
58017,17,ND
06019,17,CT
58063,17,ND
20910,17,MD
98042,17,WA
30269,17,GA
56590,17,MN
56452,17,MN
34114,17,FL
76226,17,TX
33950,17,FL
34711,17,FL
35055,17,AL
77019,17,TX
75087,16,TX
39216,16,MS
67460,16,KS
48116,16,MI
66614,16,KS
17011,16,PA
83644,16,ID
83501,16,ID
47905,16,IN
68127,16,NE
28451,16,NC
28443,16,NC
58580,16,ND
84014,16,UT
98296,16,WA
98275,16,WA
08844,16,NJ
10011,16,NY
79424,16,TX
98177,16,WA
57523,16,SD
32903,16,FL
85392,16,AZ
28104,16,NC
98225,16,WA
84010,16,UT
55921,16,MN
22901,16,VA
98020,16,WA
85296,16,AZ
56556,16,MN
01945,16,MA
75209,16,TX
75218,16,TX
49770,16,MI
19966,16,DE
20001,16,DC
80403,16,CO
58332,16,ND
68901,16,NE
58361,16,ND
55963,16,MN
93065,16,CA
92705,16,CA
55733,16,MN
83704,16,ID
58016,16,ND
28786,16,NC
53158,16,WI
54082,16,WI
89523,16,NV
99037,16,WA
29690,16,SC
82609,16,WY
93561,16,CA
61114,16,IL
94526,16,CA
61061,16,IL
60546,16,IL
80615,16,CO
31069,16,GA
53551,16,WI
60540,16,IL
51246,16,IA
51041,16,IA
53132,16,WI
61614,16,IL
50310,16,IA
81632,16,CO
81521,16,CO
53213,16,WI
51247,16,IA
58033,16,ND
58036,16,ND
55428,16,MN
57709,16,SD
99005,16,WA
55013,16,MN
58208,16,ND
58106,16,ND
95608,16,CA
30132,16,GA
30143,16,GA
55043,16,MN
55121,16,MN
89135,16,NV
56517,16,MN
56319,16,MN
98110,16,WA
56644,16,MN
56757,16,MN
60126,16,IL
60201,16,IL
57033,16,SD
60134,16,IL
60091,16,IL
12603,16,NY
60068,16,IL
57279,16,SD
56387,16,MN
57075,16,SD
59729,16,MT
43551,16,OH
78746,16,TX
78734,16,TX
33913,16,FL
97330,16,OR
56283,16,MN
97229,16,OR
34285,16,FL
78654,16,TX
34135,16,FL
77573,16,TX
77459,16,TX
37774,16,TN
37312,16,TN
37327,16,TN
77007,16,TX
37876,15,TN
76240,15,TX
37076,15,TN
37205,15,TN
77058,15,TX
35763,15,AL
78260,15,TX
34476,15,FL
19380,15,PA
74012,15,OK
43235,15,OH
85208,15,AZ
56332,15,MN
59462,15,MT
97219,15,OR
97224,15,OR
56235,15,MN
98087,15,WA
56519,15,MN
56440,15,MN
56649,15,MN
30309,15,GA
30265,15,GA
03820,15,NH
58214,15,ND
58243,15,ND
55307,15,MN
89044,15,NV
82501,15,WY
82520,15,WY
82601,15,WY
30062,15,GA
61265,15,IL
93455,15,CA
53563,15,WI
14052,15,NY
94550,15,CA
54467,15,WI
54501,15,WI
54220,15,WI
80920,15,CO
30677,15,GA
30705,15,GA
51012,15,IA
93010,15,CA
93021,15,CA
52241,15,IA
20010,15,DC
20015,15,DC
89509,15,NV
32159,15,FL
30066,15,GA
58235,15,ND
55412,15,MN
55403,15,MN
21015,15,MD
21093,15,MD
20832,15,MD
83814,15,ID
80125,15,CO
68066,15,NE
68164,15,NE
92223,15,CA
49058,15,MI
66221,15,KS
66224,15,KS
48642,15,MI
67235,15,KS
17202,15,PA
48130,15,MI
48170,15,MI
64082,15,MO
65201,15,MO
65616,15,MO
63129,15,MO
75025,15,TX
75205,15,TX
72223,15,AR
98926,15,WA
98936,15,WA
44067,15,OH
68526,15,NE
68845,15,NE
46220,15,IN
92203,15,CA
69201,15,NE
45241,15,OH
72117,15,AR
90808,15,CA
33411,15,FL
87506,15,NM
98226,15,WA
98221,15,WA
98155,15,WA
59011,15,MT
60012,15,IL
10031,15,NY
28461,15,NC
85194,15,AZ
23221,15,VA
86403,15,AZ
58497,15,ND
85284,15,AZ
98027,15,WA
56578,15,MN
85367,15,AZ
22205,15,VA
99324,14,WA
58716,14,ND
99501,14,AK
58486,14,ND
33040,14,FL
32963,14,FL
80202,14,CO
51401,14,IA
51442,14,IA
63026,14,MO
50219,14,IA
50036,14,IA
92886,14,CA
88011,14,NM
53121,14,WI
28120,14,NC
61701,14,IL
50211,14,IA
62301,14,IL
53219,14,WI
61856,14,IL
62025,14,IL
34957,14,FL
34685,14,FL
78028,14,TX
35173,14,AL
77024,14,TX
57626,14,SD
98321,14,WA
85737,14,AZ
85658,14,AZ
98335,14,WA
06238,14,CT
57445,14,SD
98346,14,WA
57640,14,SD
57620,14,SD
57349,14,SD
57370,14,SD
59034,14,MT
58856,14,ND
57069,14,SD
56481,14,MN
97405,14,OR
56725,14,MN
57319,14,SD
85377,14,AZ
57212,14,SD
57064,14,SD
59223,14,MT
98107,14,WA
98045,14,WA
06830,14,CT
57004,14,SD
57043,14,SD
57030,14,SD
37046,14,TN
77018,14,TX
36535,14,AL
37363,14,TN
66206,14,KS
92660,14,CA
83712,14,ID
87508,14,NM
92673,14,CA
66534,14,KS
66538,14,KS
66007,14,KS
49112,14,MI
54023,14,WI
54456,14,WI
84117,14,UT
60610,14,IL
66071,14,KS
53546,14,WI
54311,14,WI
41017,14,KY
76065,14,TX
76179,14,TX
76244,14,TX
76021,14,TX
75238,14,TX
98012,14,WA
98053,14,WA
98058,14,WA
56581,14,MN
98036,14,WA
98021,14,WA
97526,14,OR
97756,14,OR
22025,14,VA
67156,14,KS
29036,14,SC
68132,14,NE
92373,14,CA
47532,14,IN
92591,14,CA
84721,14,UT
27613,14,NC
12989,14,NY
84663,14,UT
54901,14,WI
60175,14,IL
55384,14,MN
55783,14,MN
55736,14,MN
84780,14,UT
85023,14,AZ
85044,14,AZ
11215,14,NY
97006,14,OR
95762,14,CA
11231,14,NY
97035,14,OR
55404,14,MN
55073,14,MN
55315,14,MN
68510,14,NE
46383,14,IN
68434,14,NE
82633,14,WY
83014,14,WY
82839,14,WY
55920,14,MN
55924,14,MN
55741,14,MN
55721,14,MN
43015,14,OH
43402,14,OH
18076,14,PA
44012,14,OH
97321,14,OR
56336,14,MN
75034,14,TX
75035,14,TX
59538,14,MT
56241,14,MN
85282,14,AZ
85295,14,AZ
97267,14,OR
97302,14,OR
46037,14,IN
45729,14,OH
92082,14,CA
73072,14,OK
72207,14,AR
85120,14,AZ
85224,14,AZ
44122,14,OH
21409,14,MD
59749,14,MT
58776,14,ND
03110,14,NH
03055,14,NH
99224,14,WA
58464,14,ND
19711,14,DE
32608,14,FL
58454,14,ND
58566,14,ND
58702,14,ND
80534,14,CO
89410,14,NV
81211,14,CO
52577,14,IA
63038,14,MO
89423,14,NV
30345,14,GA
34266,14,FL
78133,14,TX
33868,14,FL
78628,14,TX
58071,14,ND
98383,14,WA
80111,14,CO
30506,14,GA
33487,13,FL
33408,13,FL
33596,13,FL
30523,13,GA
30606,13,GA
57724,13,SD
57759,13,SD
98312,13,WA
98584,13,WA
58061,13,ND
58068,13,ND
22302,13,VA
22308,13,VA
78681,13,TX
33706,13,FL
79015,13,TX
34109,13,FL
34112,13,FL
34145,13,FL
34747,13,FL
78130,13,TX
78253,13,TX
78209,13,TX
52001,13,IA
84047,13,UT
28327,13,NC
84062,13,UT
58581,13,ND
80610,13,CO
89436,13,NV
80909,13,CO
32311,13,FL
80501,13,CO
80301,13,CO
80911,13,CO
58415,13,ND
58327,13,ND
58329,13,ND
99026,13,WA
55981,13,MN
97128,13,OR
55806,13,MN
55807,13,MN
59771,13,MT
55940,13,MN
59752,13,MT
56136,13,MN
56085,13,MN
85215,13,AZ
85122,13,AZ
44107,13,OH
73099,13,OK
72921,13,AR
72103,13,AR
72058,13,AR
70810,13,LA
21113,13,MD
45150,13,OH
46038,13,IN
46158,13,IN
92131,13,CA
97140,13,OR
97223,13,OR
97215,13,OR
87505,13,NM
75068,13,TX
92064,13,CA
43081,13,OH
43016,13,OH
92009,13,CA
43230,13,OH
82720,13,WY
46845,13,IN
46236,13,IN
68410,13,NE
83333,13,ID
83404,13,ID
47119,13,IN
95492,13,CA
55080,13,MN
95687,13,CA
95688,13,CA
95747,13,CA
95821,13,CA
95380,13,CA
97002,13,OR
55395,13,MN
54742,13,WI
54745,13,WI
54724,13,WI
54529,13,WI
60098,13,IL
54840,13,WI
55047,13,MN
55009,13,MN
94947,13,CA
27514,13,NC
68310,13,NE
92260,13,CA
48168,13,MI
67530,13,KS
48348,13,MI
48309,13,MI
67226,13,KS
67205,13,KS
83642,13,ID
53545,13,WI
56594,13,MN
97701,13,OR
97702,13,OR
98026,13,WA
98004,13,WA
98006,13,WA
56579,13,MN
40204,13,KY
75214,13,TX
38655,13,MS
75701,13,TX
75075,13,TX
59725,13,MT
10019,13,NY
97206,13,OR
97209,13,OR
10075,13,NY
60655,13,IL
53955,13,WI
53705,13,WI
53578,13,WI
60613,13,IL
60564,13,IL
54235,13,WI
84401,13,UT
60555,13,IL
48640,13,MI
49525,13,MI
49251,13,MI
49107,13,MI
92627,13,CA
49426,13,MI
64836,13,MO
77055,13,TX
36542,13,AL
37130,13,TN
77002,13,TX
37204,13,TN
56736,13,MN
07090,13,NJ
98092,13,WA
59037,13,MT
57274,13,SD
57249,13,SD
59401,13,MT
56592,13,MN
78259,13,TX
98133,13,WA
58787,13,ND
57651,13,SD
57438,13,SD
98264,13,WA
57650,13,SD
58789,13,ND
23229,13,VA
23185,13,VA
77802,13,TX
36532,13,AL
77339,13,TX
53081,13,WI
62035,13,IL
53092,13,WI
62254,13,IL
84096,13,UT
61550,13,IL
53207,13,WI
64083,13,MO
64152,13,MO
50009,13,IA
92694,13,CA
50428,13,IA
21210,13,MD
63141,13,MO
63130,13,MO
63367,13,MO
63084,13,MO
90402,13,CA
90266,13,CA
58524,13,ND
86004,13,AZ
82072,12,WY
63501,12,MO
98277,12,WA
58241,12,ND
31411,12,GA
59006,12,MT
58560,12,ND
58541,12,ND
78664,12,TX
34113,12,FL
22407,12,VA
34104,12,FL
02445,12,MA
63031,12,MO
93420,12,CA
58570,12,ND
84050,12,UT
63701,12,MO
63401,12,MO
80231,12,CO
93314,12,CA
06795,12,CT
63090,12,MO
63366,12,MO
37405,12,TN
59041,12,MT
98112,12,WA
50263,12,IA
64701,12,MO
53555,12,WI
53558,12,WI
58031,12,ND
80303,12,CO
84095,12,UT
84106,12,UT
33412,12,FL
58069,12,ND
58058,12,ND
58001,12,ND
98502,12,WA
35961,12,AL
91024,12,CA
98059,12,WA
56657,12,MN
85641,12,AZ
98372,12,WA
57788,12,SD
98270,12,WA
77316,12,TX
77382,12,TX
77386,12,TX
38138,12,TN
38558,12,TN
34683,12,FL
34698,12,FL
37830,12,TN
37804,12,TN
30024,12,GA
40223,12,KY
54487,12,WI
14424,12,NY
65401,12,MO
49441,12,MI
93620,12,CA
93711,12,CA
48375,12,MI
60516,12,IL
64060,12,MO
92675,12,CA
60657,12,IL
61021,12,IL
61107,12,IL
50317,12,IA
50327,12,IA
64119,12,MO
21236,12,MD
83856,12,ID
64016,12,MO
68005,12,NE
68128,12,NE
60304,12,IL
92234,12,CA
17402,12,PA
92262,12,CA
83702,12,ID
83864,12,ID
92677,12,CA
54902,12,WI
49094,12,MI
66047,12,KS
56569,12,MN
22003,12,VA
76034,12,TX
57247,12,SD
76092,12,TX
37415,12,TN
91941,12,CA
92011,12,CA
74344,12,OK
97760,12,OR
56354,12,MN
75069,12,TX
42001,12,KY
56338,12,MN
74017,12,OK
56281,12,MN
75007,12,TX
43055,12,OH
75032,12,TX
10024,12,NY
10028,12,NY
40502,12,KY
30041,12,GA
59474,12,MT
85253,12,AZ
44857,12,OH
44720,12,OH
72703,12,AR
56239,12,MN
73020,12,OK
44116,12,OH
45244,12,OH
45040,12,OH
17602,12,PA
18017,12,PA
60035,12,IL
55109,12,MN
20816,12,MD
48105,12,MI
48176,12,MI
70546,12,LA
68047,12,NE
53528,12,WI
55947,12,MN
55718,12,MN
60013,12,IL
89002,12,NV
73703,12,OK
87110,12,NM
55429,12,MN
55357,12,MN
55363,12,MN
97062,12,OR
59875,12,MT
54739,12,WI
14094,12,NY
60448,12,IL
58218,12,ND
98579,12,WA
78572,12,TX
58559,12,ND
98661,12,WA
58212,12,ND
58049,12,ND
33928,12,FL
78751,12,TX
32095,12,FL
89460,12,NV
89503,12,NV
80927,12,CO
98682,12,WA
84092,12,UT
84065,12,UT
80443,12,CO
32205,12,FL
80549,12,CO
32931,12,FL
30512,12,GA
32571,12,FL
02025,12,MA
80116,12,CO
33042,12,FL
58369,12,ND
32583,12,FL
32541,12,FL
80230,12,CO
32780,12,FL
58748,12,ND
58765,12,ND
58330,12,ND
99217,11,WA
58476,11,ND
99205,11,WA
58441,11,ND
58443,11,ND
32803,11,FL
32765,11,FL
32526,11,FL
02019,11,MA
81007,11,CO
80026,11,CO
80018,11,CO
80205,11,CO
19958,11,DE
32708,11,FL
57761,11,SD
98311,11,WA
79119,11,TX
62568,11,IL
52726,11,IA
20148,11,VA
58216,11,ND
22204,11,VA
98642,11,WA
80904,11,CO
78703,11,TX
78756,11,TX
58276,11,ND
58316,11,ND
34442,11,FL
78412,11,TX
29412,11,SC
47122,11,IN
47250,11,IN
68776,11,NE
85013,11,AZ
95694,11,CA
97202,11,OR
59922,11,MT
60015,11,IL
43973,11,OH
87047,11,NM
56164,11,MN
56055,11,MN
56063,11,MN
44236,11,OH
44224,11,OH
73007,11,OK
73012,11,OK
68105,11,NE
68361,11,NE
68142,11,NE
61571,11,IL
83669,11,ID
92563,11,CA
48118,11,MI
68003,11,NE
69337,11,NE
69361,11,NE
70124,11,LA
70769,11,LA
21054,11,MD
29615,11,SC
46617,11,IN
46307,11,IN
68862,11,NE
69153,11,NE
17821,11,PA
92101,11,CA
55301,11,MN
55075,11,MN
44077,11,OH
73065,11,OK
45230,11,OH
72113,11,AR
72701,11,AR
56232,11,MN
56220,11,MN
59646,11,Other/Unknown
97221,11,OR
21774,11,MD
25414,11,WV
85286,11,AZ
56289,11,MN
75024,11,TX
40503,11,KY
82930,11,WY
20906,11,MD
74132,11,OK
43082,11,OH
98022,11,WA
98005,11,WA
56466,11,MN
56360,11,MN
56309,11,MN
76114,11,TX
56552,11,MN
24018,11,VA
22033,11,VA
76008,11,TX
76020,11,TX
19002,11,PA
66502,11,KS
66212,11,KS
53097,11,WI
53073,11,WI
53074,11,WI
83716,11,ID
28787,11,NC
27519,11,NC
55027,11,MN
94903,11,CA
60190,11,IL
54665,11,WI
54669,11,WI
55101,11,MN
60060,11,IL
94952,11,CA
84532,11,UT
84604,11,UT
47630,11,IN
48085,11,MI
64080,11,MO
21228,11,MD
63755,11,MO
64062,11,MO
53703,11,WI
93551,11,CA
93657,11,CA
66617,11,KS
54448,11,WI
14568,11,NY
54166,11,WI
65622,11,MO
49503,11,MI
18940,11,PA
91504,11,CA
30076,11,GA
30075,11,GA
40207,11,KY
75206,11,TX
34744,11,FL
85623,11,AZ
77027,11,TX
35244,11,AL
35613,11,AL
56651,11,MN
56623,11,MN
81403,11,CO
33478,11,FL
33513,11,FL
98524,11,WA
98332,11,WA
28203,11,NC
84102,11,UT
84107,11,UT
84108,11,UT
53403,11,WI
61761,11,IL
53185,11,WI
53186,11,WI
28205,11,NC
28105,11,NC
28115,11,NC
92692,11,CA
92807,11,CA
93003,11,CA
37334,11,TN
89138,11,NV
89119,11,NV
57262,11,SD
57071,11,SD
07006,11,NJ
57039,11,SD
56760,11,MN
51534,11,IA
63123,11,MO
51301,11,IA
62704,11,IL
93422,11,CA
93401,11,CA
63050,11,MO
63069,11,MO
53024,11,WI
84020,11,UT
34110,11,FL
86001,11,AZ
78620,11,TX
85742,11,AZ
06511,11,CT
98146,11,WA
59019,11,MT
85756,11,AZ
78003,11,TX
78232,11,TX
30328,11,GA
S0C 2B0,11,Canada
86323,10,AZ
S4Y 0A7,10,Canada
60630,10,IL
54020,10,WI
94118,10,CA
61109,10,IL
77068,10,TX
76522,10,TX
37398,10,TN
98258,10,WA
77066,10,TX
36116,10,AL
20886,10,MD
37343,10,TN
37075,10,TN
37209,10,TN
76513,10,TX
37660,10,TN
37663,10,TN
37416,10,TN
89113,10,NV
06070,10,CT
77586,10,TX
59247,10,MT
62521,10,IL
53172,10,WI
53181,10,WI
53142,10,WI
53146,10,WI
28173,10,NC
84305,10,UT
84403,10,UT
84414,10,UT
53098,10,WI
32082,10,FL
31029,10,GA
31047,10,GA
56732,10,MN
56637,10,MN
57059,10,SD
91750,10,CA
06840,10,CT
06117,10,CT
37918,10,TN
76016,10,TX
85297,10,AZ
07712,10,NJ
98043,10,WA
37920,10,TN
37923,10,TN
22066,10,VA
57632,10,SD
78231,10,TX
78108,10,TX
94549,10,CA
94517,10,CA
60451,10,IL
52601,10,IA
62554,10,IL
62629,10,IL
15401,10,PA
52248,10,IA
52328,10,IA
84045,10,UT
84041,10,UT
60541,10,IL
60477,10,IL
84124,10,UT
32128,10,FL
20037,10,DC
58744,10,ND
51108,10,IA
54911,10,WI
54914,10,WI
60152,10,IL
80237,10,CO
32605,10,FL
54661,10,WI
60439,10,IL
54801,10,WI
54805,10,WI
63124,10,MO
63146,10,MO
52040,10,IA
93230,10,CA
93436,10,CA
54722,10,WI
60193,10,IL
58357,10,ND
58362,10,ND
58365,10,ND
58345,10,ND
58451,10,ND
32312,10,FL
98011,10,WA
39426,10,MS
39759,10,MS
22039,10,VA
22043,10,VA
75077,10,TX
98037,10,WA
29708,10,SC
40324,10,KY
40242,10,KY
40047,10,KY
75072,10,TX
20902,10,MD
34231,10,FL
34202,10,FL
95405,10,CA
54937,10,WI
58271,10,ND
64097,10,MO
64116,10,MO
93004,10,CA
54952,10,WI
21209,10,MD
16066,10,PA
64093,10,MO
80922,10,CO
32779,10,FL
28562,10,NC
41001,10,KY
42303,10,KY
42101,10,KY
20852,10,MD
43050,10,OH
42701,10,KY
56455,10,MN
75001,10,TX
97527,10,OR
43146,10,OH
43017,10,OH
75044,10,TX
75033,10,TX
43035,10,OH
78613,10,TX
85541,10,AZ
23188,10,VA
16801,10,PA
92629,10,CA
80206,10,CO
27609,10,NC
27612,10,NC
27615,10,NC
84737,10,UT
49720,10,MI
28704,10,NC
83713,10,ID
83843,10,ID
95215,10,CA
27106,10,NC
32724,10,FL
80219,10,CO
90291,10,CA
65066,10,MO
65202,10,MO
28739,10,NC
08551,10,NJ
34210,10,FL
43452,10,OH
21042,10,MD
21014,10,MD
29926,10,SC
29928,10,SC
97401,10,OR
57722,10,SD
43302,10,OH
44023,10,OH
73170,10,OK
56340,10,MN
33813,10,FL
33837,10,FL
95662,10,CA
33173,10,FL
33458,10,FL
60050,10,IL
60051,10,IL
66030,10,KS
65775,10,MO
55106,10,MN
55070,10,MN
49423,10,MI
49445,10,MI
60030,10,IL
60048,10,IL
80203,10,CO
33062,10,FL
58204,10,ND
49417,10,MI
44240,10,OH
72916,10,AR
85233,10,AZ
97306,10,OR
56223,10,MN
56208,10,MN
97361,10,OR
72764,10,AR
72802,10,AR
44139,10,OH
72758,10,AR
29681,10,SC
45069,10,OH
45103,10,OH
71913,10,AR
45255,10,OH
72212,10,AR
33919,10,FL
78945,10,TX
97212,10,OR
29609,10,SC
55390,10,MN
48386,10,MI
30548,10,GA
95819,10,CA
48912,10,MI
95826,10,CA
55322,10,MN
49090,10,MI
66018,10,KS
66441,10,KS
66209,10,KS
66214,10,KS
66109,10,KS
55349,10,MN
55353,10,MN
66067,10,KS
66032,10,KS
56093,10,MN
97213,10,OR
10040,10,NY
10023,10,NY
78748,10,TX
33781,10,FL
33912,10,FL
92130,10,CA
46075,10,IN
46106,10,IN
45248,10,OH
70817,10,LA
46060,10,IN
46151,10,IN
17566,10,PA
56157,10,MN
21701,10,MD
58004,10,ND
98815,10,WA
58064,10,ND
27408,10,NC
27284,10,NC
68347,10,NE
68359,10,NE
92253,10,CA
33609,10,FL
92557,10,CA
55445,10,MN
48065,10,MI
83607,10,ID
92603,10,CA
48160,10,MI
55360,10,MN
29063,10,SC
29201,10,SC
29209,10,SC
92106,10,CA
90740,10,CA
56062,10,MN
56017,10,MN
29455,10,SC
55792,10,MN
46814,10,IN
33556,10,FL
92264,10,CA
55720,10,MN
11209,10,NY
55812,10,MN
R0A 1X0,10,Canada
99801,10,AK
58542,10,ND
77304,10,TX
98122,10,WA
98166,10,WA
98117,10,WA
57342,10,SD
77450,10,TX
77379,10,TX
77355,10,TX
35801,10,AL
36830,10,AL
37067,10,TN
37010,10,TN
22180,10,VA
59057,10,MT
35806,10,AL
53561,10,WI
53538,10,WI
53543,10,WI
61822,10,IL
94014,10,CA
93465,10,CA
15090,10,PA
15044,10,PA
94010,10,CA
14526,10,NY
60661,10,IL
94043,10,CA
54241,10,WI
54009,10,WI
61401,10,IL
58480,10,ND
R0K 1G0,10,Canada
20171,10,VA
53959,10,WI
14701,9,NY
61081,9,IL
20187,9,VA
61108,9,IL
60914,9,IL
94025,9,CA
60560,9,IL
93619,9,CA
53202,9,WI
53211,9,WI
53520,9,WI
53714,9,WI
61738,9,IL
99516,9,AK
57271,9,SD
57276,9,SD
57430,9,SD
56754,9,MN
37803,9,TN
76088,9,TX
31907,9,GA
32068,9,FL
80751,9,CO
02816,9,RI
02760,9,MA
38857,9,MS
56678,9,MN
56661,9,MN
18966,9,PA
18976,9,PA
76048,9,TX
56634,9,MN
98033,9,WA
52317,9,IA
14075,9,NY
14221,9,NY
94301,9,CA
98366,9,WA
78240,9,TX
78248,9,TX
38351,9,TN
58755,9,ND
58731,9,ND
84054,9,UT
54426,9,WI
54615,9,WI
54568,9,WI
94571,9,CA
94558,9,CA
46034,9,IN
70403,9,LA
55336,9,MN
95404,9,CA
66203,9,KS
66049,9,KS
48823,9,MI
66220,9,KS
58228,9,ND
58229,9,ND
46176,9,IN
46184,9,IN
56159,9,MN
27041,9,NC
87031,9,NM
85119,9,AZ
97034,9,OR
48101,9,MI
47620,9,IN
67735,9,KS
68134,9,NE
58210,9,ND
90277,9,CA
58223,9,ND
83703,9,ID
83651,9,ID
29081,9,SC
83537,9,ID
48178,9,MI
55411,9,MN
55616,9,MN
55707,9,MN
49505,9,MI
95060,9,CA
49712,9,MI
60062,9,IL
65810,9,MO
49242,9,MI
65802,9,MO
95650,9,CA
72713,9,AR
97231,9,OR
85306,9,AZ
85258,9,AZ
98563,9,WA
33065,9,FL
58107,9,ND
58321,9,ND
23059,9,VA
91106,9,CA
29607,9,SC
29617,9,SC
29577,9,SC
45373,9,OH
45036,9,OH
59722,9,MT
95835,9,CA
48858,9,MI
55334,9,MN
11757,9,NY
67037,9,KS
66858,9,KS
98662,9,WA
22193,9,VA
13031,9,NY
27203,9,NC
27560,9,NC
27592,9,NC
92683,9,CA
92691,9,CA
92648,9,CA
19709,9,DE
74070,9,OK
74021,9,OK
43549,9,OH
43567,9,OH
80215,9,CO
90245,9,CA
87544,9,NM
13027,9,NY
33982,9,FL
57706,9,SD
73533,9,OK
74014,9,OK
82717,9,WY
08540,9,NJ
97470,9,OR
97475,9,OR
49229,9,MI
80212,9,CO
33511,9,FL
21703,9,MD
25304,9,WV
33823,9,FL
78639,9,TX
34108,9,FL
94595,9,CA
94568,9,CA
50315,9,IA
92869,9,CA
92870,9,CA
54947,9,WI
54932,9,WI
65041,9,MO
80905,9,CO
32507,9,FL
98922,9,WA
58258,9,ND
58377,9,ND
94941,9,CA
21401,9,MD
28468,9,NC
75022,9,TX
43040,9,OH
56449,9,MN
97520,9,OR
97603,9,OR
29730,9,SC
75063,9,TX
20837,9,MD
32818,9,FL
78602,9,TX
85715,9,AZ
85710,9,AZ
23838,9,VA
74105,9,OK
92020,9,CA
92028,9,CA
54738,9,WI
54660,9,WI
50702,9,IA
63640,9,MO
51240,9,IA
89521,9,NV
20009,9,DC
20165,9,VA
75243,9,TX
75252,9,TX
75402,9,TX
07840,9,NJ
58363,9,ND
32439,9,FL
32456,9,FL
32461,9,FL
29687,9,SC
40222,9,KY
40004,9,KY
75165,9,TX
98008,9,WA
59332,9,MT
75208,9,TX
75219,9,TX
50158,9,IA
03301,9,NH
90265,9,CA
34609,9,FL
34292,9,FL
20901,9,MD
30327,9,GA
30277,9,GA
37135,9,TN
37215,9,TN
77070,9,TX
77469,9,TX
01469,9,MA
58643,9,ND
85745,9,AZ
57376,9,SD
58840,9,Other/Unknown
06281,9,CT
37221,9,TN
37641,9,TN
89123,9,NV
89061,9,NV
30114,9,GA
89084,9,NV
53012,9,WI
62293,9,IL
62305,9,IL
62249,9,IL
62260,9,IL
53010,9,WI
34787,9,FL
58830,9,ND
80540,9,CO
84405,9,UT
28079,9,NC
84321,9,UT
53037,9,WI
53153,9,WI
53115,9,WI
53168,9,WI
46131,9,IN
46304,9,IN
46321,9,IN
92104,9,CA
19446,9,PA
90720,9,CA
48306,9,MI
17042,9,PA
10605,9,NY
97055,9,OR
46228,9,IN
46582,9,IN
55927,9,MN
59825,9,MT
56057,9,MN
56058,9,MN
99577,9,AK
58625,9,ND
33624,9,FL
55731,9,MN
83530,9,ID
29492,9,SC
29483,9,SC
83340,9,ID
35758,9,AL
77375,9,TX
98230,9,WA
98116,9,WA
57345,9,SD
19073,9,PA
19103,9,PA
01864,9,MA
21046,8,MD
71496,8,LA
71720,8,AR
45152,8,OH
91105,8,CA
29650,8,SC
29579,8,SC
20785,8,MD
29631,8,SC
10036,8,NY
33904,8,FL
78737,8,TX
56101,8,MN
10065,8,NY
08742,8,NJ
56096,8,MN
98503,8,WA
08816,8,NJ
77384,8,TX
53527,8,WI
84129,8,UT
57428,8,SD
77318,8,TX
53713,8,WI
53583,8,WI
53588,8,WI
61615,8,IL
57273,8,SD
57255,8,SD
58710,8,ND
01748,8,MA
93442,8,CA
93645,8,CA
28462,8,NC
57472,8,SD
98257,8,WA
57434,8,SD
77062,8,TX
36064,8,AL
36604,8,AL
84103,8,UT
98292,8,WA
61801,8,IL
99337,8,WA
02631,8,MA
32224,8,FL
32225,8,FL
28210,8,NC
28202,8,NC
61853,8,IL
56236,8,MN
56260,8,MN
56178,8,MN
72901,8,AR
56248,8,MN
44811,8,OH
59644,8,MT
45424,8,OH
85083,8,AZ
27023,8,NC
70809,8,LA
92154,8,CA
46143,8,IN
46203,8,IN
87059,8,NM
85226,8,AZ
77069,8,TX
76538,8,TX
91355,8,CA
91367,8,CA
35223,8,AL
62243,8,IL
62298,8,IL
37179,8,TN
37129,8,TN
53070,8,WI
61944,8,IL
53005,8,WI
37043,8,TN
62034,8,IL
53086,8,WI
84318,8,UT
53147,8,WI
73036,8,OK
72956,8,AR
58056,8,ND
58057,8,ND
98390,8,WA
92091,8,CA
19355,8,PA
90503,8,CA
72751,8,AR
72756,8,AR
72762,8,AR
44622,8,OH
73010,8,OK
46360,8,IN
19525,8,PA
46118,8,IN
56065,8,MN
56034,8,MN
56044,8,MN
46259,8,IN
68873,8,NE
57226,8,SD
57227,8,SD
89048,8,NV
86336,8,AZ
30102,8,GA
82443,8,WY
82426,8,WY
23452,8,VA
28412,8,NC
60521,8,IL
60462,8,IL
60463,8,IL
54457,8,WI
28278,8,NC
28465,8,NC
20155,8,VA
90064,8,CA
58769,8,ND
33993,8,FL
78641,8,TX
78642,8,TX
55944,8,MN
56011,8,MN
59829,8,MT
87124,8,NM
24556,8,VA
33844,8,FL
33859,8,FL
47274,8,IN
47150,8,IN
46750,8,IN
97305,8,OR
97294,8,OR
97027,8,OR
10803,8,NY
68523,8,NE
77833,8,TX
37716,8,TN
76502,8,TX
76258,8,TX
59244,8,MT
37620,8,TN
32413,8,FL
77657,8,TX
34786,8,FL
59108,8,MT
5915,8,Other/Unknown
94561,8,CA
52233,8,IA
94510,8,CA
14127,8,NY
58385,8,ND
23451,8,VA
52632,8,IA
60450,8,IL
52732,8,IA
52213,8,IA
52310,8,IA
54548,8,WI
06118,8,CT
06351,8,CT
34736,8,FL
51103,8,IA
76107,8,TX
57002,8,SD
93111,8,CA
54773,8,WI
54849,8,WI
76044,8,TX
76210,8,TX
76234,8,TX
51575,8,IA
54730,8,WI
93277,8,CA
55734,8,MN
83406,8,ID
97203,8,OR
83236,8,ID
83452,8,ID
97119,8,OR
04568,8,ME
98284,8,WA
73112,8,OK
56361,8,MN
97217,8,OR
30549,8,GA
80011,8,CO
17349,8,PA
17268,8,PA
21044,8,MD
81601,8,CO
33572,8,FL
64063,8,MO
94705,8,CA
88012,8,NM
21230,8,MD
94588,8,CA
57058,8,SD
57029,8,SD
56636,8,MN
56633,8,MN
37854,8,TN
76109,8,TX
76131,8,TX
98686,8,WA
54757,8,WI
80235,8,CO
32577,8,FL
18974,8,PA
18938,8,PA
63109,8,MO
60154,8,IL
60142,8,IL
60123,8,IL
60102,8,IL
56433,8,MN
56435,8,MN
56376,8,MN
82901,8,WY
79604,8,TX
92284,8,CA
92308,8,CA
79605,8,TX
33617,8,FL
85048,8,AZ
68138,8,NE
68152,8,NE
47531,8,IN
92128,8,CA
68504,8,NE
68045,8,NE
47640,8,IN
48098,8,MI
85041,8,AZ
67730,8,KS
85018,8,AZ
27104,8,NC
27312,8,NC
75771,8,TX
64081,8,MO
50124,8,IA
50129,8,IA
50248,8,IA
64111,8,MO
54944,8,WI
85304,8,AZ
75757,8,TX
38557,8,TN
38478,8,TN
38501,8,TN
16063,8,PA
55003,8,MN
50536,8,IA
15701,8,PA
92708,8,CA
50601,8,IA
50525,8,IA
21212,8,MD
55005,8,MN
55007,8,MN
54875,8,WI
50309,8,IA
38132,8,TN
86303,8,AZ
39047,8,MS
38305,8,TN
32757,8,FL
99022,8,WA
77979,8,TX
64735,8,MO
64157,8,MO
50061,8,IA
99011,8,WA
90405,8,CA
54982,8,WI
95252,8,CA
55017,8,MN
60084,8,IL
34120,8,FL
34243,8,FL
48009,8,MI
74037,8,OK
74063,8,OK
97042,8,OR
55604,8,MN
55430,8,MN
47967,8,IN
92057,8,CA
92014,8,CA
92508,8,CA
48187,8,MI
55354,8,MN
92620,8,CA
57580,8,SD
58783,8,ND
78254,8,TX
78255,8,TX
98370,8,WA
84716,8,UT
84633,8,UT
27587,8,NC
24368,8,VA
22101,8,VA
07762,8,NJ
12866,8,NY
28715,8,NC
27517,8,NC
27607,8,NC
92614,8,CA
80424,8,CO
64870,8,MO
87571,8,NM
64730,8,MO
83860,8,ID
74365,8,OK
43068,8,OH
43140,8,OH
43107,8,OH
75023,8,TX
83654,8,ID
48138,8,MI
05478,8,VT
23116,8,VA
67062,8,KS
48307,8,MI
48230,8,MI
48304,8,MI
55370,8,MN
22310,8,VA
22601,8,VA
22201,8,VA
22203,8,VA
83440,8,ID
17015,8,PA
75074,8,TX
75080,8,TX
59344,8,MT
56444,8,MN
98023,8,WA
56546,8,MN
99016,8,WA
75092,8,TX
75098,8,TX
32836,8,FL
32904,8,FL
58105,8,ND
22630,8,VA
98604,8,WA
49546,8,MI
98362,8,WA
92630,8,CA
65270,8,MO
90049,8,CA
29745,8,SC
29803,8,SC
30030,8,GA
30240,8,GA
30161,8,GA
34221,8,FL
33966,8,FL
30022,8,GA
30028,8,GA
65721,8,MO
22963,8,VA
22740,8,VA
95618,8,CA
80012,8,CO
33026,8,FL
97838,8,OR
65742,8,MO
49323,8,MI
56458,8,MN
56441,8,MN
08054,8,NJ
22305,8,VA
48393,8,MI
43061,8,OH
56469,8,MN
56474,8,MN
97504,8,OR
55319,8,MN
48430,8,MI
48381,8,MI
81505,8,CO
30546,8,GA
66610,8,KS
95926,8,CA
49022,8,MI
55368,8,MN
67001,8,KS
67002,8,KS
82213,8,WY
48706,8,MI
49091,8,MI
66226,8,KS
66605,8,KS
95949,8,CA
42240,8,KY
41005,8,KY
34293,8,FL
34448,8,FL
82070,8,WY
80022,8,CO
33437,8,FL
49087,8,MI
66044,8,KS
40356,8,KY
40383,8,KY
30068,8,GA
40220,8,KY
33308,8,FL
80102,8,CO
80107,8,CO
58513,8,Other/Unknown
31419,8,GA
58488,8,ND
89178,8,NV
58723,8,ND
14534,8,NY
94303,8,CA
94339,8,Other/Unknown
02492,8,MA
99354,8,WA
61244,8,IL
45344,8,OH
72205,8,AR
72450,8,AR
94114,8,CA
19064,8,PA
19046,8,PA
01778,8,MA
35611,8,AL
35634,8,AL
77406,8,TX
S0E 1M0,8,Canada
53925,8,WI
60654,8,IL
60543,8,IL
02360,8,MA
60637,8,IL
58712,8,ND
80816,8,CO
89130,8,NV
31088,8,GA
14428,8,NY
86325,8,AZ
86021,8,AZ
01851,8,MA
01845,8,MA
20769,7,MD
01810,7,MA
86315,7,AZ
54129,7,WI
T4B 3Y5,7,Canada
61072,7,IL
53916,7,WI
94024,7,CA
98119,7,WA
98125,7,WA
98126,7,WA
19063,7,PA
45215,7,OH
45371,7,OH
44813,7,OH
44904,7,OH
02493,7,MA
02459,7,MA
58460,7,ND
89166,7,NV
99823,7,Other/Unknown
S0C 0B0,7,Canada
58532,7,ND
58505,7,ND
02128,7,MA
02138,7,MA
60634,7,IL
32117,7,FL
02828,7,RI
84105,7,UT
28037,7,NC
28270,7,NC
27858,7,NC
27705,7,NC
57529,7,SD
56173,7,MN
56296,7,MN
58734,7,ND
99504,7,AK
53226,7,WI
32233,7,FL
80645,7,CO
80601,7,CO
92129,7,CA
45431,7,OH
70130,7,LA
72034,7,AR
72022,7,AR
72023,7,AR
56180,7,MN
56277,7,MN
77521,7,TX
53017,7,WI
46135,7,IN
56024,7,MN
56028,7,MN
26104,7,WV
70115,7,LA
69301,7,NE
17225,7,PA
17013,7,PA
23117,7,VA
23103,7,VA
92040,7,CA
75070,7,TX
19806,7,DE
64843,7,MO
59318,7,MT
75229,7,TX
81303,7,CO
22301,7,VA
96815,7,HI
48220,7,MI
96158,7,CA
83634,7,ID
80222,7,CO
80207,7,CO
49464,7,MI
95119,7,CA
95124,7,CA
55072,7,MN
60026,7,IL
95032,7,CA
34239,7,FL
30009,7,GA
29689,7,SC
30101,7,GA
41042,7,KY
65240,7,MO
92649,7,CA
32832,7,FL
47990,7,IN
48025,7,MI
54971,7,WI
54979,7,WI
54963,7,WI
54940,7,WI
54942,7,WI
58250,7,ND
91913,7,CA
97333,7,OR
43566,7,OH
74061,7,OK
18104,7,PA
34212,7,FL
85719,7,AZ
48047,7,MI
98223,7,WA
48188,7,MI
92503,7,CA
97015,7,OR
96826,7,HI
47906,7,IN
11225,7,NY
18064,7,PA
13021,7,NY
28734,7,NC
16142,7,PA
27527,7,NC
65301,7,MO
75204,7,TX
98338,7,WA
57633,7,SD
43351,7,OH
56312,7,MN
82712,7,WY
63368,7,MO
50647,7,IA
60156,7,IL
32250,7,FL
94920,7,CA
38011,7,TN
92882,7,CA
85020,7,AZ
68349,7,NE
47362,7,IN
68117,7,NE
79602,7,TX
33598,7,FL
39110,7,MS
39211,7,MS
94591,7,CA
13104,7,NY
92867,7,CA
15801,7,PA
56684,7,MN
56713,7,MN
50212,7,IA
32746,7,FL
32707,7,FL
03748,7,NH
34748,7,FL
78023,7,TX
24503,7,VA
34275,7,FL
37777,7,TN
07030,7,NJ
57003,7,SD
59226,7,MT
91773,7,CA
34688,7,FL
34652,7,FL
34949,7,FL
55767,7,MN
55808,7,MN
37721,7,TN
63028,7,MO
52002,7,IA
63049,7,MO
60187,7,IL
60422,7,IL
33576,7,FL
33418,7,FL
17325,7,PA
10970,7,NY
17321,7,PA
74011,7,OK
08820,7,NJ
59873,7,MT
76028,7,TX
32789,7,FL
98826,7,WA
21234,7,MD
21037,7,MD
07945,7,NJ
97478,7,OR
79072,7,TX
34105,7,FL
46545,7,IN
89519,7,NV
80465,7,CO
53021,7,WI
28374,7,NC
54451,7,WI
60491,7,IL
55974,7,MN
46260,7,IN
46231,7,IN
85250,7,AZ
33881,7,FL
87120,7,NM
78644,7,TX
78626,7,TX
81212,7,CO
77546,7,TX
37303,7,TN
76207,7,TX
97089,7,OR
55960,7,MN
97103,7,OR
46815,7,IN
63126,7,MO
54814,7,WI
54772,7,WI
93063,7,CA
14226,7,NY
58452,7,ND
99301,7,WA
30809,7,GA
62234,7,IL
62236,7,IL
53122,7,WI
37087,7,TN
37174,7,TN
85365,7,AZ
86442,7,AZ
37377,7,TN
44089,7,OH
44056,7,OH
73003,7,OK
36855,7,AL
53090,7,WI
84319,7,UT
53051,7,WI
53040,7,WI
59833,7,MT
68850,7,NE
17562,7,PA
92103,7,CA
46311,7,IN
46240,7,IN
46250,7,IN
92084,7,CA
30153,7,GA
37421,7,TN
37616,7,TN
82433,7,WY
57223,7,SD
23322,7,VA
85390,7,AZ
85361,7,AZ
29671,7,SC
10021,7,NY
45236,7,OH
20723,7,MD
45177,7,OH
45202,7,OH
45208,7,OH
31626,7,GA
53559,7,WI
53402,7,WI
59758,7,MT
98512,7,WA
78739,7,TX
33810,7,FL
98499,7,WA
33921,7,FL
35803,7,AL
57383,7,SD
59070,7,MT
77345,7,TX
77381,7,TX
98118,7,WA
57359,7,SD
61455,7,IL
91350,7,CA
77043,7,TX
93611,7,CA
93444,7,CA
15108,7,PA
61554,7,IL
22102,7,VA
22152,7,VA
97914,7,OR
49348,7,MI
65711,7,MO
49306,7,MI
80033,7,CO
80118,7,CO
22947,7,VA
34217,7,FL
81321,7,CO
74955,7,OK
75006,7,TX
97759,7,OR
22303,7,VA
98664,7,WA
98672,7,WA
98019,7,WA
82007,7,WY
66609,7,KS
48624,7,MI
95776,7,CA
95677,7,CA
48423,7,MI
55375,7,MN
67110,7,KS
R0G 0J0,7,Canada
30039,7,GA
40351,7,KY
40241,7,KY
33455,7,FL
40475,7,KY
40744,7,KY
20874,7,MD
S4A 2X5,6,Canada
31602,6,GA
S6J 1N7,6,Canada
R2V 2W6,6,Canada
85901,6,AZ
02124,6,MA
02043,6,MA
01930,6,MA
86314,6,AZ
R6P 0G4,6,Canada
60626,6,IL
R7A 5Y3,6,Canada
99603,6,AK
60647,6,IL
60645,6,IL
BETHLEHEM,6,Other/Unknown
60642,6,IL
54141,6,WI
19067,6,PA
19083,6,PA
19087,6,PA
91214,6,CA
19147,6,PA
06480,6,CT
S0C 0S0,6,Canada
01590,6,MA
77566,6,TX
3522 HV,6,Other/Unknown
93705,6,CA
93921,6,CA
54212,6,WI
60615,6,IL
60563,6,IL
53222,6,WI
53598,6,WI
93631,6,CA
93536,6,CA
93446,6,CA
33903,6,FL
33710,6,FL
33647,6,FL
78759,6,TX
33767,6,FL
98531,6,WA
97211,6,OR
90703,6,CA
79007,6,TX
91006,6,CA
78728,6,TX
33884,6,FL
29642,6,SC
29585,6,SC
83025,6,WY
83128,6,WY
45066,6,OH
45227,6,OH
45233,6,OH
45113,6,OH
21114,6,MD
21050,6,MD
45245,6,OH
59728,6,MT
59645,6,MT
56240,6,MN
56226,6,MN
72039,6,AR
56251,6,MN
59523,6,MT
97303,6,OR
56274,6,MN
56270,6,MN
56218,6,MN
56183,6,MN
45801,6,OH
45601,6,OH
44141,6,OH
56249,6,MN
98506,6,WA
57735,6,SD
10038,6,NY
10128,6,NY
08753,6,NJ
25526,6,WV
21502,6,MD
21601,6,MD
55990,6,MN
69357,6,NE
69168,6,NE
45429,6,OH
70744,6,LA
45875,6,OH
92117,6,CA
70118,6,LA
70001,6,LA
70003,6,LA
70381,6,LA
70122,6,LA
70123,6,LA
70529,6,LA
45247,6,OH
57313,6,SD
53189,6,WI
53190,6,WI
61739,6,IL
61611,6,IL
28110,6,NC
77346,6,TX
77095,6,TX
77354,6,TX
35650,6,AL
57382,6,SD
57239,6,SD
59029,6,MT
53536,6,WI
36303,6,AL
36330,6,AL
77377,6,TX
53221,6,WI
53511,6,WI
94002,6,CA
44706,6,OH
44646,6,OH
44460,6,OH
44406,6,OH
72730,6,AR
72653,6,AR
44685,6,OH
73069,6,OK
73025,6,OK
44129,6,OH
44134,6,OH
44118,6,OH
44072,6,OH
44286,6,OH
44233,6,OH
73044,6,OK
73049,6,OK
55992,6,MN
56131,6,MN
46214,6,IN
46217,6,IN
17603,6,PA
04049,6,ME
04051,6,ME
04086,6,ME
32091,6,FL
32080,6,FL
58735,6,ND
99507,6,AK
84111,6,UT
84116,6,UT
84097,6,UT
99336,6,WA
32168,6,FL
80546,6,CO
28075,6,NC
28081,6,NC
84341,6,UT
57452,6,SD
84120,6,UT
27896,6,NC
59804,6,MT
55929,6,MN
55934,6,MN
46507,6,IN
69162,6,NE
69166,6,NE
69025,6,NE
68949,6,NE
69001,6,NE
46123,6,IN
56048,6,MN
19426,6,PA
18041,6,PA
46322,6,IN
46341,6,IN
44136,6,OH
57790,6,SD
90603,6,CA
19510,6,PA
97239,6,OR
72936,6,AR
46628,6,IN
46701,6,IN
46280,6,IN
46227,6,IN
46239,6,IN
23139,6,VA
24558,6,VA
68731,6,NE
57760,6,SD
33983,6,FL
34102,6,FL
78634,6,TX
78619,6,TX
78702,6,TX
68640,6,NE
68644,6,NE
68648,6,NE
68652,6,NE
68666,6,NE
46550,6,IN
46563,6,IN
46590,6,IN
98248,6,WA
98260,6,WA
57066,6,SD
36801,6,AL
36832,6,AL
37062,6,TN
77059,6,TX
53154,6,WI
53144,6,WI
53045,6,WI
62040,6,IL
84317,6,UT
84333,6,UT
53022,6,WI
53029,6,WI
53033,6,WI
53035,6,WI
53150,6,WI
29349,6,SC
83414,6,WY
97124,6,OR
97080,6,OR
97086,6,OR
83328,6,ID
55964,6,MN
55968,6,MN
10570,6,NY
10562,6,NY
47240,6,IN
47130,6,IN
46902,6,IN
46818,6,IN
37122,6,TN
37153,6,TN
86426,6,AZ
87008,6,NM
86327,6,AZ
52803,6,IA
52807,6,IA
77504,6,TX
77077,6,TX
76708,6,TX
62231,6,IL
53020,6,WI
91354,6,CA
28277,6,NC
84075,6,UT
62471,6,IL
28387,6,NC
62278,6,IL
62226,6,IL
98325,6,WA
98333,6,WA
11021,6,NY
44039,6,OH
59425,6,MT
10002,6,NY
08889,6,NJ
73747,6,OK
73750,6,OK
73401,6,OK
43614,6,OH
60007,6,IL
55726,6,MN
59421,6,MT
59422,6,MT
56339,6,MN
20008,6,DC
20120,6,VA
20004,6,DC
32129,6,FL
03082,6,NH
02871,6,RI
20006,6,DC
62401,6,IL
84044,6,UT
28422,6,NC
99141,6,WA
99025,6,WA
99163,6,WA
60514,6,IL
54482,6,WI
08534,6,NJ
82637,6,WY
82710,6,WY
82935,6,WY
33569,6,FL
97338,6,OR
97403,6,OR
97471,6,OR
17557,6,PA
92372,6,CA
80003,6,CO
81520,6,CO
79423,6,TX
92270,6,CA
92211,6,CA
92220,6,CA
17522,6,PA
17552,6,PA
30115,6,GA
30120,6,GA
30178,6,GA
30127,6,GA
30157,6,GA
37604,6,TN
60504,6,IL
23518,6,VA
23454,6,VA
23509,6,VA
89131,6,NV
52658,6,IA
52654,6,IA
86351,6,AZ
15301,6,PA
62674,6,IL
52501,6,IA
62707,6,IL
27244,6,NC
85050,6,AZ
85024,6,AZ
85032,6,AZ
68402,6,NE
68368,6,NE
47933,6,IN
68057,6,NE
92127,6,CA
27217,6,NC
33625,6,FL
33594,6,FL
79508,6,TX
04043,6,ME
83002,6,WY
21045,6,MD
21035,6,MD
56359,6,MN
33542,6,FL
18353,6,PA
18222,6,PA
18504,6,PA
11238,6,NY
78526,6,TX
78404,6,TX
34491,6,FL
34209,6,FL
43130,6,OH
74134,6,OK
48026,6,MI
85646,6,AZ
23226,6,VA
78552,6,TX
78578,6,TX
78413,6,TX
25801,6,WV
85042,6,AZ
67801,6,KS
67865,6,KS
52314,6,IA
15227,6,PA
93060,6,CA
15236,6,PA
15237,6,PA
94519,6,CA
94531,6,CA
94553,6,CA
94556,6,CA
52227,6,IA
62959,6,IL
58325,6,ND
54539,6,WI
94551,6,CA
81055,6,CO
80435,6,CO
43062,6,OH
43064,6,OH
74403,6,OK
43123,6,OH
23505,6,VA
75056,6,TX
43074,6,OH
74137,6,OK
74301,6,OK
43085,6,OH
55705,6,MN
17201,6,PA
92625,6,CA
92539,6,CA
48167,6,MI
11375,6,NY
11218,6,NY
97005,6,OR
97030,6,OR
06850,6,CT
98106,6,WA
58778,6,ND
77836,6,TX
77840,6,TX
34987,6,FL
34996,6,FL
76227,6,TX
76272,6,TX
59250,6,MT
52141,6,IA
52060,6,IA
14063,6,NY
30648,6,GA
81001,6,CO
54720,6,WI
93312,6,CA
93274,6,CA
93306,6,CA
93309,6,CA
96740,6,HI
96145,6,CA
67147,6,KS
67152,6,KS
67068,6,KS
48236,6,MI
48331,6,MI
11755,6,NY
11704,6,NY
11714,6,NY
96067,6,CA
11743,6,NY
96813,6,HI
29055,6,SC
28805,6,NC
17053,6,PA
11561,6,NY
95938,6,CA
23235,6,VA
23114,6,VA
23120,6,VA
48150,6,MI
83617,6,ID
83536,6,ID
43011,6,OH
42348,6,KY
42420,6,KY
97801,6,OR
56353,6,MN
56357,6,MN
74804,6,OK
98629,6,WA
40513,6,KY
40515,6,KY
08077,6,NJ
83442,6,ID
17036,6,PA
22315,6,VA
22209,6,VA
91786,6,CA
37814,6,TN
76073,6,TX
60202,6,IL
60181,6,IL
54728,6,WI
34668,6,FL
34654,6,FL
57015,6,SD
63144,6,MO
34655,6,FL
35080,6,AL
35126,6,AL
35143,6,AL
51542,6,IA
63303,6,MO
63341,6,MO
63134,6,MO
63139,6,MO
51040,6,IA
12054,6,NY
95864,6,CA
66227,6,KS
66218,6,KS
67042,6,KS
95746,6,CA
55332,6,MN
95822,6,CA
30601,6,GA
66762,6,KS
66547,6,KS
66839,6,KS
48380,6,MI
81147,6,CO
81201,6,CO
30542,6,GA
51024,6,IA
51003,6,IA
51430,6,IA
51450,6,IA
63105,6,MO
63110,6,MO
51526,6,IA
51239,6,IA
63626,6,MO
51338,6,IA
51010,6,IA
50659,6,IA
51022,6,IA
60124,6,IL
54810,6,WI
54766,6,WI
60140,6,IL
51201,6,IA
51234,6,IA
32548,6,FL
32550,6,FL
80223,6,CO
80808,6,CO
32327,6,FL
54922,6,WI
94928,6,CA
42134,6,KY
40391,6,KY
41048,6,KY
49125,6,MI
49085,6,MI
66103,6,KS
66040,6,KS
29732,6,SC
75061,6,TX
75062,6,TX
42276,6,KY
82331,6,WY
82083,6,WY
20905,6,MD
20855,6,MD
30005,6,GA
48603,6,MI
66604,6,KS
48734,6,MI
49093,6,MI
66048,6,KS
30189,6,GA
30087,6,GA
34233,6,FL
33957,6,FL
33935,6,FL
33019,6,FL
33166,6,FL
40065,6,KY
40023,6,KY
40031,6,KY
95603,6,CA
33473,6,FL
33446,6,FL
33328,6,FL
33301,6,FL
55335,6,MN
95382,6,CA
95624,6,CA
95632,6,CA
18901,6,PA
32792,6,FL
32778,6,FL
32784,6,FL
32570,6,FL
32539,6,FL
56676,6,MN
76013,6,TX
18660,6,PA
18707,6,PA
18840,6,PA
76052,6,TX
76123,6,TX
76126,6,TX
76086,6,TX
56748,6,MN
56647,6,MN
03253,6,NH
98942,6,WA
98848,6,WA
37885,6,TN
76116,6,TX
56527,6,MN
59326,6,MT
07928,6,NJ
56448,6,MN
75167,6,TX
98003,6,WA
49316,6,MI
49319,6,MI
49331,6,MI
66021,6,KS
66027,6,KS
32953,6,FL
80117,6,CO
22738,6,VA
22902,6,VA
12501,6,NY
49201,6,MI
98606,6,WA
98607,6,WA
32901,6,FL
32937,6,FL
49428,6,MI
49418,6,MI
49456,6,MI
99019,6,WA
58262,6,ND
94954,6,CA
60090,6,IL
60093,6,IL
49735,6,MI
49684,6,MI
75147,6,TX
75161,6,TX
75119,6,TX
55107,6,MN
55069,6,MN
95684,6,CA
60067,6,IL
28466,6,NC
28469,6,NC
64015,6,MO
94707,6,CA
94901,6,CA
13421,6,NY
21214,6,MD
21144,6,MD
89012,6,NV
54859,6,WI
54862,6,WI
54870,6,WI
54871,6,WI
54874,6,WI
54856,6,WI
64057,6,MO
50616,6,IA
50629,6,IA
50524,6,IA
50458,6,IA
50273,6,IA
85326,6,AZ
22046,6,VA
07834,6,NJ
39452,6,MS
39476,6,MS
39401,6,MS
81625,6,CO
98365,6,WA
57641,6,SD
58853,6,ND
58803,6,ND
92651,6,CA
65079,6,MO
49601,6,MI
49630,6,MI
32828,6,FL
65605,6,MO
92647,6,CA
16803,6,PA
56710,6,MN
07751,6,NJ
50459,6,IA
37919,6,TN
07422,6,NJ
07458,6,NJ
07046,6,NJ
98056,6,WA
38583,6,TN
37922,6,TN
75963,6,TX
38128,6,TN
50321,6,IA
64113,6,MO
64117,6,MO
64772,6,MO
49829,6,MI
49760,6,MI
49776,6,MI
49801,6,MI
65010,6,MO
83836,6,ID
16403,6,PA
87740,6,NM
64867,6,MO
27518,6,NC
27606,6,NC
12564,6,NY
39565,6,MS
84738,6,UT
27529,6,NC
54981,6,WI
93012,6,CA
93023,6,CA
92832,6,CA
50049,6,IA
50058,6,IA
95350,6,CA
95366,6,CA
55046,6,MN
50112,6,IA
64436,6,MO
50220,6,IA
50226,6,IA
49968,6,MI
34715,6,FL
78109,6,TX
03281,6,NH
38382,6,TN
38134,6,TN
24202,6,VA
34762,6,FL
75462,6,TX
38632,6,MS
38654,6,MS
38663,6,MS
38135,6,TN
39073,6,MS
19904,6,DE
90241,6,CA
19968,6,DE
19970,6,DE
49913,6,MI
49868,6,MI
80247,6,CO
20175,6,VA
94117,6,CA
54169,6,WI
54175,6,WI
61073,6,IL
20619,6,MD
94087,6,CA
93953,6,CA
14425,6,NY
60901,6,IL
54013,6,WI
53960,6,WI
57366,6,SD
54408,6,WI
54304,6,WI
54180,6,WI
45013,6,OH
72632,6,AR
72401,6,AR
72404,6,AR
61354,6,IL
54121,6,WI
72120,6,AR
72202,6,AR
R0J 1W0,6,Canada
02465,6,MA
58455,6,ND
61032,6,IL
61008,6,IL
54002,6,WI
R0A 2K0,6,Canada
R0E 1A0,6,Canada
89144,6,NV
89145,6,NV
31522,6,GA
89501,6,NV
89502,6,NV
31629,5,GA
31523,5,GA
89183,5,NV
58555,5,Other/Unknown
61254,5,IL
94110,5,CA
14589,5,NY
56083,5,MN
70131,5,LA
70343,5,LA
56264,5,MN
72104,5,AR
72081,5,AR
72015,5,AR
71118,5,LA
85225,5,AZ
85144,5,AZ
21654,5,MD
21403,5,MD
21531,5,MD
59740,5,MT
56098,5,MN
56081,5,MN
70508,5,LA
69333,5,NE
46052,5,IN
69345,5,NE
45459,5,OH
27030,5,NC
87104,5,NM
87109,5,NM
98229,5,WA
98188,5,WA
77301,5,TX
35749,5,AL
59036,5,MT
22182,5,VA
70462,5,LA
70605,5,LA
83687,5,ID
16314,5,PA
83805,5,ID
28779,5,NC
87532,5,NM
83822,5,ID
16505,5,PA
16601,5,PA
50436,5,IA
50420,5,IA
39532,5,MS
65325,5,MO
84713,5,UT
84601,5,UT
27539,5,NC
27614,5,NC
50208,5,IA
50149,5,IA
64459,5,MO
50003,5,IA
50104,5,IA
95355,5,CA
55032,5,MN
54945,5,WI
38281,5,TN
38368,5,TN
77905,5,TX
78013,5,TX
32751,5,FL
99021,5,WA
58266,5,ND
58272,5,ND
65355,5,MO
49646,5,MI
78201,5,TX
98373,5,WA
98368,5,WA
85355,5,AZ
22031,5,VA
07726,5,NJ
56655,5,MN
56583,5,MN
50461,5,IA
49461,5,MI
65613,5,MO
65453,5,MO
92688,5,CA
92657,5,CA
75709,5,TX
75925,5,TX
75801,5,TX
07630,5,NJ
07040,5,NJ
56672,5,MN
98074,5,WA
56574,5,MN
49841,5,MI
49756,5,MI
64110,5,MO
64138,5,MO
64145,5,MO
64109,5,MO
91722,5,CA
19012,5,PA
65708,5,MO
65737,5,MO
66020,5,KS
66006,5,KS
75228,5,TX
75231,5,TX
75234,5,TX
59317,5,MT
49446,5,MI
58313,5,ND
33143,5,FL
33139,5,FL
32935,5,FL
32907,5,FL
95470,5,CA
12144,5,NY
84003,5,UT
94611,5,CA
98685,5,WA
75149,5,TX
95076,5,CA
60089,5,IL
49747,5,MI
65583,5,MO
15683,5,PA
92806,5,CA
54865,5,WI
55001,5,MN
94601,5,CA
13473,5,NY
21122,5,MD
88052,5,NM
40205,5,KY
40330,5,KY
30205,5,GA
33953,5,FL
49024,5,MI
49097,5,MI
30318,5,GA
82082,5,WY
66202,5,KS
66083,5,KS
95370,5,CA
80017,5,CO
33332,5,FL
33311,5,FL
80110,5,CO
80031,5,CO
57028,5,SD
98029,5,WA
98030,5,WA
38103,5,TN
18810,5,PA
76053,5,TX
18902,5,PA
48843,5,MI
56588,5,MN
98007,5,WA
56522,5,MN
59321,5,Other/Unknown
75082,5,TX
58381,5,ND
32533,5,FL
76108,5,TX
95667,5,CA
95828,5,CA
12027,5,NY
48820,5,MI
48661,5,MI
51537,5,IA
51054,5,IA
54770,5,WI
30540,5,GA
81506,5,CO
66777,5,KS
48439,5,MI
48442,5,MI
67045,5,KS
55385,5,MN
95758,5,CA
60103,5,IL
54767,5,WI
51241,5,IA
21157,5,MD
51004,5,IA
79935,5,TX
30567,5,GA
30533,5,GA
82225,5,WY
82003,5,WY
29902,5,SC
41071,5,KY
75067,5,TX
42301,5,KY
66046,5,KS
80232,5,CO
42718,5,KY
43023,5,OH
28906,5,NC
83605,5,ID
29045,5,SC
83660,5,ID
96001,5,CA
96161,5,CA
97502,5,OR
97818,5,OR
97824,5,OR
97828,5,OR
75002,5,TX
74647,5,OK
74355,5,OK
43026,5,OH
54847,5,WI
16875,5,PA
92336,5,CA
23005,5,VA
22405,5,VA
22304,5,VA
41018,5,KY
08053,5,NJ
34951,5,FL
35007,5,AL
34677,5,FL
34638,5,FL
06902,5,CT
91775,5,CA
91784,5,CA
37849,5,TN
43110,5,OH
43214,5,OH
23233,5,VA
34788,5,FL
30701,5,GA
80433,5,CO
32408,5,FL
58440,5,ND
97031,5,OR
55397,5,MN
92545,5,CA
67452,5,KS
67467,5,KS
92067,5,CA
92026,5,CA
92010,5,CA
30909,5,GA
37659,5,TN
37748,5,TN
37771,5,TN
59217,5,MT
34990,5,FL
11377,5,NY
97009,5,OR
11731,5,NY
48328,5,MI
93108,5,CA
51576,5,IA
51559,5,IA
90024,5,CA
90027,5,CA
30633,5,GA
89005,5,NV
29582,5,SC
79938,5,TX
79510,5,TX
03855,5,NH
98687,5,WA
68059,5,NE
17331,5,PA
05495,5,VT
78382,5,TX
43560,5,OH
18078,5,PA
18458,5,PA
97381,5,OR
47715,5,IN
20912,5,MD
15315,5,PA
15370,5,PA
15234,5,PA
25529,5,WV
25901,5,WV
67846,5,KS
67524,5,KS
48040,5,MI
58423,5,ND
99218,5,WA
99204,5,WA
94505,5,CA
94158,5,CA
14080,5,NY
54514,5,WI
52327,5,IA
33604,5,FL
56350,5,MN
97396,5,OR
97424,5,OR
07940,5,NJ
07960,5,NJ
08690,5,NJ
30002,5,GA
89134,5,NV
60490,5,IL
55782,5,MN
17406,5,PA
17547,5,PA
92354,5,CA
33435,5,FL
79065,5,TX
62960,5,IL
62994,5,IL
62902,5,IL
62702,5,IL
54614,5,WI
23434,5,VA
57231,5,SD
37341,5,TN
11201,5,NY
27455,5,NC
85034,5,AZ
11050,5,NY
62684,5,IL
62615,5,IL
52571,5,IA
52349,5,IA
43228,5,OH
44022,5,OH
44024,5,OH
44040,5,OH
87501,5,NM
87114,5,NM
58035,5,ND
04353,5,ME
32136,5,FL
59930,5,MT
55760,5,MN
55763,5,MN
74010,5,OK
43623,5,OH
73772,5,OK
74008,5,OK
99181,5,WA
99114,5,WA
02906,5,RI
02865,5,RI
20005,5,DC
20121,5,VA
89703,5,NV
89706,5,NV
60445,5,IL
54470,5,WI
60513,5,IL
60487,5,IL
54495,5,WI
54474,5,WI
28607,5,NC
84040,5,UT
29445,5,SC
29341,5,SC
29487,5,SC
29466,5,SC
83405,5,ID
55909,5,MN
97106,5,OR
60016,5,IL
46982,5,IN
46808,5,IN
46901,5,IN
55985,5,MN
55957,5,MN
10509,5,NY
97123,5,OR
47037,5,IN
77532,5,TX
77565,5,TX
76548,5,TX
76901,5,TX
76655,5,TX
76550,5,TX
47112,5,IN
46777,5,IN
55768,5,MN
62375,5,IL
28409,5,NC
62294,5,IL
91360,5,CA
91307,5,CA
91321,5,CA
77435,5,TX
90505,5,CA
19468,5,PA
19438,5,PA
90803,5,CA
92075,5,CA
46356,5,IN
46157,5,IN
55936,5,MN
78666,5,TX
21704,5,MD
25508,5,WV
85257,5,AZ
25443,5,WV
97317,5,OR
57802,5,Other/Unknown
58062,5,ND
06078,5,CT
06013,5,CT
98265,5,Other/Unknown
06249,5,CT
57433,5,SD
57448,5,SD
46526,5,IN
78717,5,TX
53004,5,WI
53011,5,WI
53014,5,WI
53118,5,WI
53058,5,WI
36619,5,AL
77042,5,TX
36104,5,AL
73071,5,OK
72734,5,AR
53502,5,WI
62012,5,IL
61928,5,IL
53534,5,WI
61483,5,IL
98136,5,WA
32081,5,FL
99515,5,AK
53406,5,WI
04096,5,ME
58055,5,Other/Unknown
98405,5,WA
44260,5,OH
44060,5,OH
27713,5,NC
84310,5,UT
60525,5,IL
84624,5,UT
28208,5,NC
28209,5,NC
02840,5,RI
32084,5,FL
59854,5,MT
59868,5,MT
46385,5,IN
57533,5,SD
57479,5,SD
57456,5,SD
84123,5,UT
27703,5,NC
58627,5,ND
86322,5,AZ
02130,5,MA
85741,5,AZ
R3Y 2K4,5,Canada
02122,5,MA
S7H 0P1,5,Canada
72143,5,AR
01583,5,MA
01890,5,MA
91101,5,CA
19342,5,PA
P7E 1T7,5,Canada
99572,5,AK
99669,5,AK
J0S 1A0,5,Canada
28144,5,NC
53225,5,WI
53569,5,WI
93662,5,CA
93907,5,CA
15208,5,PA
NN6 7WH,5,Other/Unknown
S4A 0K6,5,Canada
20732,5,MD
29625,5,SC
29646,5,SC
29670,5,SC
90630,5,CA
78962,5,TX
78758,5,TX
33763,5,FL
19810,5,DE
90272,5,CA
19971,5,DE
75605,5,TX
75651,5,TX
75482,5,TX
75652,5,TX
39116,5,MS
20636,5,MD
94402,5,CA
80863,5,CO
02143,5,MA
49925,5,MI
16345,5,PA
92612,5,CA
19803,5,DE
14580,5,NY
60659,5,IL
53807,5,WI
53901,5,WI
02139,5,MA
20189,5,VA
89129,5,NV
20685,5,MD
72473,5,AR
45377,5,OH
45305,5,OH
71235,5,LA
57328,5,SD
98204,5,WA
60586,5,IL
54409,5,WI
22551,4,VA
S4Y 1H7,4,Canada
S4A 2R3,4,Canada
S4H 0B9,4,Canada
01852,4,MA
01867,4,MA
01833,4,MA
01776,4,MA
01581,4,MA
01720,4,MA
S0H 0N0,4,Canada
S0K 1H0,4,Canada
S3N 3K2,4,Canada
S0C 1P0,4,Canada
S0C 1S0,4,Canada
R3W 0J6,4,Canada
02152,4,MA
02171,4,MA
R0E 0C0,4,Canada
99835,4,AK
99574,4,AK
99611,4,AK
R7B 3A1,4,Canada
R7N 2T8,4,Canada
89406,4,NV
89139,4,NV
89141,4,NV
89143,4,NV
20688,4,MD
20692,4,MD
20695,4,MD
31324,4,GA
99216,4,WA
58475,4,ND
R0K 0E0,4,Canada
02468,4,MA
02472,4,MA
20011,4,DC
89507,4,NV
89434,4,NV
02842,4,RI
02655,4,MA
02748,4,MA
02536,4,MA
99403,4,WA
99502,4,AK
99338,4,WA
99344,4,WA
80701,4,CO
80744,4,CO
80547,4,CO
80603,4,CO
80536,4,CO
80542,4,CO
32195,4,FL
32124,4,FL
84627,4,UT
84339,4,UT
84404,4,UT
28012,4,NC
84335,4,UT
53085,4,WI
53038,4,WI
53149,4,WI
84115,4,UT
84094,4,UT
28227,4,NC
28211,4,NC
28146,4,NC
60527,4,IL
60532,4,IL
84606,4,UT
53531,4,WI
53533,4,WI
53510,4,WI
62024,4,IL
61910,4,IL
61821,4,IL
61752,4,IL
61802,4,IL
15102,4,PA
15010,4,PA
93614,4,CA
53806,4,WI
28117,4,NC
61568,4,IL
61526,4,IL
53523,4,WI
60505,4,IL
60446,4,IL
60447,4,IL
54626,4,WI
54603,4,WI
62712,4,IL
62811,4,IL
62864,4,IL
84029,4,UT
28645,4,NC
28653,4,NC
28584,4,NC
28602,4,NC
28625,4,NC
54498,4,WI
54479,4,WI
62275,4,IL
62285,4,IL
62526,4,IL
62323,4,IL
28304,4,NC
84081,4,UT
84055,4,UT
84067,4,UT
53104,4,WI
53114,4,WI
53015,4,WI
52772,4,IA
52806,4,IA
52766,4,IA
52768,4,IA
62321,4,IL
94563,4,CA
94539,4,CA
94536,4,CA
14224,4,NY
14068,4,NY
14086,4,NY
14062,4,NY
54545,4,WI
93024,4,CA
93035,4,CA
63010,4,MO
52333,4,IA
52301,4,IA
52228,4,IA
62939,4,IL
54558,4,WI
62558,4,IL
62450,4,IL
62467,4,IL
15437,4,PA
15235,4,PA
15220,4,PA
15224,4,PA
15229,4,PA
62685,4,IL
52738,4,IA
52655,4,IA
52549,4,IA
52404,4,IA
52405,4,IA
62643,4,IL
62650,4,IL
54821,4,WI
51055,4,IA
51033,4,IA
51038,4,IA
63121,4,MO
63127,4,MO
63114,4,MO
51535,4,IA
54667,4,WI
54658,4,WI
60433,4,IL
60402,4,IL
60417,4,IL
60194,4,IL
60188,4,IL
54820,4,WI
63091,4,MO
63043,4,MO
63044,4,MO
63052,4,MO
15501,4,PA
15551,4,PA
54734,4,WI
54749,4,WI
52093,4,Other/Unknown
52172,4,IA
52031,4,IA
52035,4,IA
51601,4,IA
51639,4,IA
51555,4,IA
63080,4,MO
94965,4,CA
94706,4,CA
94708,4,CA
94801,4,CA
63944,4,MO
64011,4,MO
64014,4,MO
63751,4,MO
63461,4,MO
51230,4,IA
51237,4,IA
60173,4,IL
60107,4,IL
60108,4,IL
60110,4,IL
54929,4,WI
50854,4,IA
50643,4,IA
50653,4,IA
50654,4,IA
63664,4,MO
63601,4,MO
63627,4,MO
63390,4,MO
51521,4,IA
51443,4,IA
51445,4,IA
51449,4,IA
51350,4,IA
51355,4,IA
63801,4,MO
50801,4,IA
16053,4,PA
15904,4,PA
16046,4,PA
15739,4,PA
50511,4,IA
50466,4,IA
50475,4,IA
64052,4,MO
13084,4,NY
13101,4,NY
13152,4,NY
94566,4,CA
54876,4,WI
54864,4,WI
92835,4,CA
92845,4,CA
21131,4,MD
21140,4,MD
13439,4,NY
13601,4,NY
13210,4,NY
13329,4,NY
13331,4,NY
13367,4,NY
28638,4,NC
28570,4,NC
84009,4,UT
84017,4,UT
83850,4,ID
83858,4,ID
88220,4,NM
21217,4,MD
64673,4,MO
64683,4,MO
64490,4,MO
64505,4,MO
64482,4,MO
64158,4,MO
64423,4,MO
50216,4,IA
95307,4,CA
95320,4,CA
95338,4,CA
50070,4,IA
50072,4,IA
50076,4,IA
50105,4,IA
64628,4,MO
92883,4,CA
54986,4,WI
54961,4,WI
54941,4,WI
55012,4,MN
55018,4,MN
55019,4,MN
95346,4,CA
64055,4,MO
64056,4,MO
50118,4,IA
64108,4,MO
64075,4,MO
50424,4,IA
50313,4,IA
50320,4,IA
12834,4,NY
27205,4,NC
84660,4,UT
84501,4,UT
65347,4,MO
65350,4,MO
65251,4,MO
65265,4,MO
87507,4,NM
87512,4,NM
87191,4,NM
28766,4,NC
28789,4,NC
28752,4,NC
28753,4,NC
83701,4,ID
49825,4,MI
65013,4,MO
64832,4,MO
64865,4,MO
64725,4,MO
16433,4,PA
87710,4,NM
88001,4,NM
50138,4,IA
50156,4,IA
65233,4,MO
65043,4,MO
65049,4,MO
49931,4,MI
49854,4,MI
49866,4,MI
95020,4,CA
95030,4,CA
60073,4,IL
55088,4,MN
55314,4,MN
65809,4,MO
49343,4,MI
49349,4,MI
49755,4,MI
49685,4,MI
49690,4,MI
95123,4,CA
95126,4,CA
95129,4,CA
95051,4,CA
95067,4,CA
65682,4,MO
65619,4,MO
65536,4,MO
49519,4,MI
49444,4,MI
49412,4,MI
49419,4,MI
49727,4,MI
65279,4,MO
92676,4,CA
92679,4,CA
16828,4,PA
16602,4,PA
16635,4,PA
65648,4,MO
65681,4,MO
66106,4,KS
66204,4,KS
66086,4,KS
66064,4,KS
49103,4,MI
49111,4,MI
49095,4,MI
49036,4,MI
95425,4,CA
95445,4,CA
95401,4,CA
55130,4,MN
55338,4,MN
55341,4,MN
55342,4,MN
48840,4,MI
12545,4,NY
12198,4,NY
12303,4,NY
12159,4,NY
12180,4,NY
95616,4,CA
95476,4,CA
95409,4,CA
49240,4,MI
49270,4,MI
49301,4,MI
49203,4,MI
49221,4,MI
65689,4,MO
65692,4,MO
12533,4,NY
48420,4,MI
48370,4,MI
48377,4,MI
66736,4,KS
66770,4,KS
66611,4,KS
66618,4,KS
66720,4,KS
12018,4,NY
12019,4,NY
95678,4,CA
55323,4,MN
55389,4,MN
48461,4,MI
48455,4,MI
48382,4,MI
66219,4,KS
49010,4,MI
48885,4,MI
48917,4,MI
48837,4,MI
95834,4,CA
95842,4,CA
95918,4,CA
49048,4,MI
66603,4,KS
48759,4,MI
48739,4,MI
48741,4,MI
48653,4,MI
48655,4,MI
48623,4,MI
11569,4,NY
11572,4,NY
11581,4,NY
11418,4,NY
95973,4,CA
96002,4,CA
95945,4,CA
17055,4,PA
96720,4,HI
96130,4,CA
96155,4,CA
96093,4,CA
96097,4,CA
11741,4,NY
11718,4,NY
11725,4,NY
48335,4,MI
48315,4,MI
48324,4,MI
48301,4,MI
48189,4,MI
48192,4,MI
67070,4,KS
96797,4,HI
66539,4,KS
16870,4,PA
92345,4,CA
67410,4,KS
67432,4,KS
67444,4,KS
67230,4,KS
67209,4,KS
55396,4,MN
55709,4,MN
55444,4,MN
97013,4,OR
11237,4,NY
11378,4,NY
11217,4,NY
11040,4,NY
92618,4,CA
92592,4,CA
92509,4,CA
92399,4,CA
92404,4,CA
17109,4,PA
17112,4,PA
55425,4,MN
83604,4,ID
48165,4,MI
48152,4,MI
48108,4,MI
48117,4,MI
67456,4,KS
67473,4,KS
67333,4,KS
83656,4,ID
83661,4,ID
83641,4,ID
29229,4,SC
29102,4,SC
29075,4,SC
28804,4,NC
83544,4,ID
68357,4,NE
47546,4,IN
47553,4,IN
47424,4,IN
47429,4,IN
47371,4,IN
47407,4,IN
47421,4,IN
27405,4,NC
27510,4,NC
27403,4,NC
27404,4,NC
27253,4,NC
27265,4,NC
27278,4,NC
17327,4,PA
48044,4,MI
48045,4,MI
68004,4,NE
67661,4,KS
11101,4,NY
11105,4,NY
85017,4,AZ
85004,4,AZ
47834,4,IN
47859,4,IN
47711,4,IN
47725,4,IN
47802,4,IN
48084,4,MI
48036,4,MI
48038,4,MI
59925,4,MT
55917,4,MN
55926,4,MN
55903,4,MN
97201,4,OR
46992,4,IN
47012,4,IN
29486,4,SC
17517,4,PA
17301,4,PA
10983,4,NY
55769,4,MN
55750,4,MN
55751,4,MN
60018,4,IL
60022,4,IL
68441,4,NE
68452,4,NE
68404,4,NE
68407,4,NE
68372,4,NE
68378,4,NE
68342,4,NE
17516,4,PA
68122,4,NE
68112,4,NE
68064,4,NE
68023,4,NE
68037,4,NE
47909,4,IN
47920,4,IN
68456,4,NE
68524,4,NE
68528,4,NE
68505,4,NE
68508,4,NE
68520,4,NE
46940,4,IN
46804,4,IN
46774,4,IN
10536,4,NY
10538,4,NY
97056,4,OR
55787,4,MN
55795,4,MN
55956,4,MN
55941,4,MN
68620,4,NE
83338,4,ID
83341,4,ID
83313,4,ID
83318,4,ID
97071,4,OR
97078,4,OR
10708,4,NY
10598,4,NY
29501,4,SC
29544,4,SC
29461,4,SC
29356,4,SC
29369,4,SC
29316,4,SC
29322,4,SC
29334,4,SC
59865,4,MT
59846,4,MT
59820,4,MT
59828,4,MT
56045,4,MN
56013,4,MN
46122,4,IN
46124,4,IN
46516,4,IN
68616,4,Other/Unknown
55946,4,MN
55955,4,MN
55932,4,MN
55933,4,MN
59858,4,MT
59864,4,MT
68823,4,NE
68825,4,NE
68791,4,NE
68763,4,NE
68713,4,NE
68756,4,NE
46615,4,IN
46511,4,IN
46793,4,IN
46714,4,IN
46725,4,IN
46730,4,IN
47203,4,IN
47246,4,IN
47172,4,IN
47042,4,IN
21635,4,MD
21617,4,MD
87113,4,NM
85203,4,AZ
27009,4,NC
45502,4,OH
45409,4,OH
70062,4,LA
17747,4,PA
17572,4,PA
45822,4,OH
45840,4,OH
45846,4,OH
46140,4,IN
46142,4,IN
56029,4,MN
46301,4,IN
92120,4,CA
92105,4,CA
92110,4,CA
92078,4,CA
18042,4,PA
18045,4,PA
17960,4,PA
69140,4,NE
69151,4,NE
69021,4,NE
69022,4,NE
68959,4,NE
68874,4,NE
46350,4,IN
46373,4,IN
08736,4,NJ
10471,4,NY
10026,4,NY
10010,4,NY
10014,4,NY
59717,4,MT
45320,4,OH
83202,4,ID
70426,4,LA
45742,4,OH
45694,4,OH
45449,4,OH
56087,4,MN
59759,4,MT
08840,4,NJ
08848,4,NJ
70808,4,LA
70726,4,LA
70591,4,LA
70517,4,LA
70438,4,LA
70458,4,LA
70461,4,LA
70378,4,Other/Unknown
70065,4,LA
69341,4,NE
69348,4,NE
46072,4,IN
46040,4,IN
46001,4,IN
45807,4,OH
71111,4,LA
72116,4,AR
56211,4,MN
56172,4,MN
56276,4,MN
56262,4,MN
59520,4,MT
97304,4,OR
44202,4,OH
72501,4,AR
72543,4,AR
72601,4,AR
45030,4,OH
45002,4,OH
44824,4,OH
44805,4,OH
44820,4,OH
71740,4,AR
71953,4,AR
71295,4,LA
71303,4,LA
71112,4,LA
45323,4,OH
45335,4,OH
72633,4,AR
29576,4,SC
20736,4,MD
20751,4,MD
21034,4,MD
45246,4,OH
45220,4,OH
45068,4,OH
45107,4,OH
85251,4,AZ
25303,4,WV
24605,4,VA
25073,4,Other/Unknown
24551,4,VA
87402,4,NM
87123,4,NM
44026,4,OH
73026,4,OK
72918,4,AR
72923,4,AR
44266,4,OH
44278,4,OH
97301,4,OR
97227,4,OR
85264,4,AZ
44473,4,OH
44484,4,OH
44319,4,OH
73089,4,OK
44094,4,OH
44108,4,OH
44070,4,OH
73068,4,OK
44145,4,OH
72830,4,AR
72855,4,AR
72903,4,AR
72801,4,AR
72704,4,AR
44676,4,OH
44691,4,OH
56342,4,MN
56311,4,MN
56318,4,MN
56389,4,MN
43311,4,OH
43318,4,OH
43337,4,OH
43219,4,OH
08824,4,NJ
08831,4,NJ
59468,4,MT
59485,4,MT
59427,4,MT
59436,4,MT
59412,4,MT
59414,4,MT
73116,4,OK
73130,4,OK
73096,4,OK
21769,4,MD
97218,4,OR
08936,4,Other/Unknown
09123,4,AE
09630,4,AE
43804,4,OH
43608,4,OH
43701,4,OH
43724,4,OH
73737,4,OK
73626,4,OK
73521,4,OK
73160,4,OK
18343,4,PA
18411,4,PA
18301,4,PA
74112,4,OK
74133,4,OK
74136,4,OK
74056,4,OK
74066,4,OK
97378,4,OR
97380,4,OR
97392,4,OR
97351,4,OR
92019,4,CA
91801,4,CA
91902,4,CA
18337,4,PA
08732,4,NJ
08536,4,NJ
08332,4,NJ
08502,4,NJ
08203,4,NJ
97477,4,OR
97402,4,OR
97370,4,OR
21036,4,MD
82941,4,WY
83011,4,WY
82732,4,WY
82833,4,WY
82727,4,WY
43224,4,OH
08731,4,NJ
08050,4,NJ
08002,4,NJ
08022,4,NJ
40509,4,KY
40601,4,KY
40361,4,KY
42261,4,KY
42104,4,KY
56358,4,MN
56502,4,MN
07716,4,NJ
97836,4,OR
97707,4,OR
97754,4,OR
08084,4,NJ
08108,4,NJ
92008,4,CA
75013,4,TX
75020,4,TX
43054,4,OH
43025,4,OH
42726,4,KY
74962,4,OK
74820,4,OK
74036,4,OK
43537,4,OH
74427,4,OK
74437,4,OK
43164,4,OH
43076,4,OH
43072,4,OH
74080,4,OK
08034,4,NJ
56543,4,MN
56545,4,MN
56550,4,MN
56524,4,MN
98001,4,WA
07869,4,NJ
07901,4,NJ
40219,4,KY
40059,4,KY
75143,4,TX
75144,4,TX
75104,4,TX
75088,4,TX
08024,4,Other/Unknown
08033,4,NJ
29920,4,SC
30080,4,GA
30047,4,GA
30052,4,GA
30019,4,GA
30217,4,GA
30224,4,GA
40217,4,KY
42025,4,KY
42048,4,KY
41094,4,KY
41129,4,KY
41169,4,KY
41035,4,KY
4104,4,Other/Unknown
41040,4,KY
24378,4,VA
24402,4,VA
24211,4,VA
24333,4,VA
24121,4,VA
23851,4,VA
38343,4,TN
38230,4,TN
07830,4,NJ
22042,4,VA
21794,4,MD
21797,4,MD
21804,4,MD
85345,4,AZ
85349,4,AZ
85324,4,AZ
39705,4,MS
39564,4,MS
39441,4,MS
39520,4,MS
39305,4,MS
40272,4,KY
07920,4,NJ
07826,4,NJ
75497,4,TX
75409,4,TX
75428,4,TX
75440,4,TX
75455,4,TX
75240,4,TX
39601,4,MS
39661,4,MS
75766,4,TX
75773,4,TX
75789,4,TX
75752,4,TX
75754,4,TX
75756,4,TX
38544,4,TN
38555,4,TN
07081,4,NJ
07043,4,NJ
07059,4,NJ
38040,4,TN
38024,4,TN
37921,4,TN
37924,4,TN
75765,4,TX
24079,4,VA
07666,4,NJ
56568,4,MN
56575,4,MN
56683,4,MN
98105,4,WA
98070,4,WA
07470,4,NJ
38261,4,TN
39120,4,MS
38965,4,MS
38821,4,MS
75672,4,TX
75551,4,TX
75650,4,TX
75495,4,TX
56724,4,MN
57051,4,SD
57054,4,SD
57055,4,SD
57035,4,SD
57048,4,SD
57020,4,SD
76148,4,TX
98032,4,WA
98034,4,WA
56673,4,MN
56650,4,MN
56619,4,MN
56630,4,MN
57001,4,SD
56714,4,MN
19001,4,PA
18923,4,PA
18603,4,PA
76036,4,TX
76040,4,TX
76012,4,TX
38104,4,TN
07078,4,NJ
38464,4,TN
38506,4,TN
91604,4,CA
91706,4,CA
91423,4,CA
19010,4,PA
19038,4,PA
19041,4,PA
37347,4,TN
76501,4,TX
76446,4,TX
76266,4,TX
76308,4,TX
37742,4,TN
37664,4,TN
37419,4,TN
06853,4,CT
06794,4,CT
06796,4,CT
06804,4,CT
06820,4,CT
98108,4,WA
98077,4,WA
59086,4,MT
91740,4,CA
57013,4,SD
57016,4,SD
06437,4,CT
06443,4,CT
07024,4,NJ
07039,4,NJ
06880,4,CT
76087,4,TX
37882,4,TN
37917,4,TN
37873,4,TN
37801,4,TN
76085,4,TX
91780,4,CA
91730,4,CA
37211,4,TN
37216,4,TN
37148,4,TN
37167,4,TN
37188,4,TN
37098,4,TN
76931,4,Other/Unknown
76692,4,TX
23666,4,VA
23455,4,VA
23320,4,VA
23356,4,VA
85379,4,AZ
85388,4,AZ
85364,4,AZ
86409,4,AZ
89060,4,NV
89102,4,NV
20877,4,MD
20895,4,MD
59087,4,MT
57232,4,SD
57220,4,SD
23602,4,VA
76209,4,TX
30183,4,GA
30184,4,GA
30103,4,GA
30105,4,GA
30116,4,GA
82422,4,WY
89120,4,NV
57385,4,SD
57375,4,SD
57380,4,SD
35802,4,AL
35643,4,AL
35645,4,AL
35661,4,AL
77380,4,TX
22153,4,VA
57068,4,SD
57314,4,SD
57259,4,SD
57235,4,SD
57242,4,SD
59018,4,MT
59014,4,MT
77009,4,TX
77035,4,TX
37036,4,TN
37055,4,TN
37015,4,TN
37025,4,TN
37029,4,TN
86401,4,AZ
76710,4,TX
76571,4,TX
76634,4,TX
76653,4,TX
37409,4,TN
77079,4,TX
77036,4,TX
77056,4,TX
19130,4,PA
19086,4,PA
19054,4,PA
91030,4,CA
77447,4,TX
77449,4,TX
77401,4,TX
35967,4,AL
06492,4,CT
57368,4,SD
57331,4,SD
91326,4,CA
19312,4,PA
19320,4,PA
19335,4,PA
19128,4,PA
98239,4,WA
98198,4,WA
98201,4,WA
98203,4,WA
06518,4,CT
06612,4,CT
06777,4,CT
06457,4,CT
77365,4,TX
77096,4,TX
77302,4,TX
36526,4,AL
36561,4,AL
36274,4,AL
57353,4,SD
57356,4,SD
98261,4,WA
98253,4,WA
06277,4,CT
06110,4,CT
06040,4,CT
06029,4,CT
34637,4,FL
35121,4,AL
77441,4,TX
91403,4,CA
91352,4,CA
57348,4,SD
57473,4,SD
57460,4,SD
57465,4,SD
57468,4,SD
35226,4,AL
35150,4,AL
35179,4,AL
77505,4,TX
77534,4,TX
77466,4,TX
77488,4,TX
77493,4,TX
35971,4,AL
35986,4,AL
35811,4,AL
35953,4,AL
35757,4,AL
77554,4,TX
35405,4,AL
35406,4,AL
34288,4,FL
78250,4,TX
78229,4,TX
78114,4,TX
78064,4,TX
78009,4,TX
77868,4,TX
34756,4,FL
98375,4,WA
05491,4,VT
30317,4,GA
30256,4,GA
81650,4,CO
81657,4,CO
34281,4,FL
34286,4,FL
57646,4,SD
57649,4,SD
57625,4,SD
57552,4,SD
57773,4,SD
57780,4,SD
57787,4,SD
98392,4,WA
35040,4,AL
35043,4,AL
77808,4,TX
77571,4,TX
06033,4,CT
06035,4,CT
57657,4,SD
57645,4,SD
85650,4,AZ
85711,4,AZ
85624,4,AZ
85547,4,AZ
23224,4,VA
23060,4,VA
23703,4,VA
05486,4,VT
34142,4,FL
78550,4,TX
78566,4,TX
05701,4,VT
05356,4,VT
05445,4,VT
22701,4,VA
85713,4,AZ
30350,4,GA
30501,4,GA
30307,4,GA
33931,4,FL
33947,4,FL
33952,4,FL
34241,4,FL
34242,4,FL
34759,4,FL
34714,4,FL
34453,4,FL
34471,4,FL
34446,4,FL
20871,4,MD
20876,4,MD
82332,4,WY
98466,4,WA
98393,4,WA
98402,4,WA
33803,4,FL
33756,4,FL
33762,4,FL
33705,4,FL
33707,4,FL
04210,4,ME
98527,4,WA
98509,4,WA
98520,4,WA
98422,4,WA
98443,4,WA
98444,4,WA
98465,4,WA
33990,4,FL
33991,4,FL
05089,4,VT
04989,4,ME
98282,4,WA
57725,4,SD
58038,4,ND
98592,4,WA
33860,4,FL
33820,4,FL
78701,4,TX
78657,4,TX
78660,4,TX
78665,4,TX
78669,4,TX
78629,4,TX
04008,4,ME
03894,4,NH
03833,4,NH
03842,4,NH
03845,4,NH
79606,4,TX
79705,4,TX
79838,4,TX
19403,4,PA
90275,4,CA
79027,4,TX
98406,4,WA
98387,4,WA
58224,4,ND
04073,4,ME
03911,4,ME
78727,4,TX
90815,4,CA
91010,4,CA
90713,4,CA
90717,4,CA
90638,4,CA
19421,4,PA
19428,4,PA
33709,4,FL
33626,4,FL
33629,4,FL
78840,4,TX
78934,4,TX
78750,4,TX
78757,4,TX
78745,4,TX
23027,4,VA
23056,4,VA
22920,4,VA
22812,4,VA
33037,4,FL
32958,4,FL
32967,4,FL
80014,4,CO
81416,4,CO
81233,4,CO
81133,4,CO
98632,4,WA
22554,4,VA
22312,4,VA
22213,4,VA
22192,4,VA
81432,4,CO
81503,4,CO
30622,4,GA
30560,4,GA
30536,4,GA
30513,4,GA
30525,4,GA
81413,4,CO
33597,4,FL
33578,4,FL
33523,4,FL
33543,4,FL
33547,4,FL
79356,4,TX
79504,4,TX
79109,4,TX
32669,4,FL
32712,4,FL
80214,4,CO
90249,4,CA
90068,4,CA
90069,4,CA
19975,4,DE
19807,4,DE
98570,4,WA
58307,4,Other/Unknown
58311,4,ND
99012,4,WA
03782,4,NH
03801,4,NH
03303,4,NH
32656,4,FL
32824,4,FL
33140,4,FL
33145,4,FL
33064,4,FL
33134,4,FL
33004,4,FL
22611,4,VA
98611,4,WA
33304,4,FL
33449,4,FL
90039,4,CA
80221,4,CO
32950,4,FL
32810,4,FL
32819,4,FL
32822,4,FL
30907,4,GA
30917,4,GA
31008,4,GA
31015,4,GA
30740,4,GA
30752,4,GA
30720,4,GA
30736,4,GA
98831,4,WA
58382,4,ND
58353,4,ND
32409,4,FL
32308,4,FL
81230,4,CO
81089,4,CO
30824,4,GA
32514,4,FL
32790,4,FL
32806,4,FL
03254,4,NH
98940,4,WA
98902,4,WA
98909,4,WA
98822,4,WA
19934,4,DE
19945,4,DE
19610,4,PA
80910,4,CO
80233,4,CO
32615,4,FL
32566,4,FL
32503,4,FL
58775,4,ND
99615,4,AK
99654,4,AK
32087,4,FL
32086,4,FL
31792,4,GA
31822,4,GA
31904,4,GA
03104,4,NH
03062,4,NH
02878,4,RI
02885,4,RI
99156,4,WA
99202,4,WA
99110,4,WA
99023,4,WA
20170,4,VA
20132,4,VA
20024,4,DC
80521,4,CO
80466,4,CO
80470,4,CO
99212,4,WA
03101,4,NH
30680,4,GA
80939,4,CO
80916,4,CO
32127,4,FL
90026,4,CA
89815,4,NV
89512,4,NV
89701,4,NV
T0L 2A0,4,Canada
01545,4,MA
01259,4,MA
01450,4,MA
01077,4,MA
86005,4,AZ
22406,4,VA
R3T 5T3,4,Canada
02451,4,MA
02346,4,MA
58711,4,ND
T6G 2V8,4,Canada
T3Z 2S8,4,Canada
T4H 1W2,4,Canada
T1S 0E7,4,Canada
T0K 1W0,4,Canada
01970,4,MA
R3T 4A7,4,Canada
R2K 0W1,4,Canada
R2Y 0C2,4,Canada
R0G 0A1,4,Canada
58569,4,ND
31763,4,GA
02420,4,MA
31331,4,GA
31401,4,GA
R4A 1B3,4,Canada
02129,4,MA
02140,4,MA
02108,4,MA
02116,4,MA
01983,4,MA
93950,4,CA
54412,4,WI
54247,4,WI
54210,4,WI
60601,4,IL
60542,4,IL
93908,4,CA
15074,4,PA
53941,4,WI
60656,4,IL
14450,4,NY
14471,4,NY
14514,4,NY
94086,4,CA
94040,4,CA
93923,4,CA
94131,4,CA
94105,4,CA
14559,4,NY
61264,4,IL
61088,4,IL
61103,4,IL
53954,4,WI
53963,4,WI
V2A 8R7,4,Canada
01027,4,MA
60646,4,IL
60625,4,IL
54161,4,WI
54171,4,WI
54155,4,WI
54112,4,WI
39629,3,MS
83211,3,ID
91364,3,CA
05047,3,VT
73075,3,OK
02719,3,MA
75254,3,TX
91206,3,CA
03570,3,NH
94565,3,CA
53950,3,WI
75201,3,TX
28539,3,NC
60714,3,IL
75182,3,TX
60924,3,IL
98272,3,WA
93311,3,CA
91301,3,CA
32303,3,FL
75203,3,TX
30312,3,GA
05672,3,VT
51047,3,IA
54406,3,WI
70563,3,LA
70570,3,LA
70582,3,LA
21773,3,MD
14869,3,NY
38549,3,TN
93906,3,CA
03256,3,NH
91361,3,CA
54229,3,WI
98310,3,WA
15106,3,PA
87108,3,NM
98328,3,WA
15061,3,PA
60612,3,IL
21619,3,MD
54208,3,WI
99712,3,AK
64804,3,MO
16120,3,PA
80224,3,CO
71263,3,LA
16059,3,PA
93101,3,CA
93022,3,CA
21219,3,MD
66085,3,KS
87020,3,NM
83705,3,ID
40026,3,KY
21224,3,MD
83676,3,ID
03442,3,NH
61201,3,IL
48867,3,MI
48855,3,MI
15610,3,PA
15601,3,PA
83707,3,ID
32333,3,FL
70360,3,LA
93514,3,CA
75287,3,TX
R0M 1Y0,3,Canada
R0M 2C0,3,Canada
75657,3,TX
02809,3,RI
93433,3,CA
93427,3,CA
93532,3,CA
02379,3,MA
99755,3,AK
02466,3,MA
71201,3,LA
91303,3,CA
93644,3,CA
99664,3,AK
99567,3,AK
64803,3,MO
93546,3,CA
87048,3,NM
94129,3,CA
63108,3,MO
03216,3,NH
86324,3,AZ
37909,3,TN
48428,3,MI
73223,3,Other/Unknown
94513,3,CA
66953,3,KS
66945,3,KS
70734,3,LA
33312,3,FL
70005,3,LA
21921,3,MD
14103,3,NY
91384,3,CA
54733,3,WI
06371,3,CT
75751,3,TX
60420,3,IL
33324,3,FL
94404,3,CA
37772,3,TN
20678,3,MD
54771,3,WI
94546,3,CA
90731,3,CA
45662,3,OH
92025,3,CA
66749,3,KS
54837,3,WI
13077,3,NY
45404,3,OH
76054,3,TX
94582,3,CA
13658,3,NY
54754,3,WI
22032,3,VA
13440,3,NY
22041,3,VA
45402,3,OH
60099,3,IL
22124,3,VA
60148,3,IL
48602,3,MI
60452,3,IL
80133,3,CO
80136,3,CO
3864,3,Other/Unknown
63143,3,MO
32827,3,FL
94107,3,CA
30342,3,GA
83840,3,ID
14223,3,NY
63351,3,MO
14626,3,NY
14860,3,NY
14850,3,NY
54106,3,WI
70648,3,LA
54120,3,WI
54143,3,WI
18851,3,PA
03275,3,NH
63117,3,MO
60437,3,IL
66512,3,KS
32804,3,FL
66509,3,KS
85747,3,AZ
06340,3,CT
70057,3,LA
60408,3,IL
91387,3,CA
60411,3,IL
32949,3,FL
30349,3,GA
94044,3,CA
37932,3,TN
94028,3,CA
37931,3,TN
32763,3,FL
93940,3,CA
38117,3,TN
18612,3,PA
48611,3,MI
86022,3,AZ
49508,3,MI
53093,3,WI
53094,3,WI
62046,3,IL
21061,3,MD
51566,3,IA
62711,3,IL
51561,3,IA
20036,3,DC
83653,3,ID
49726,3,MI
89014,3,NV
16844,3,PA
65565,3,MO
43201,3,OH
43143,3,OH
49734,3,MI
52727,3,IA
31407,3,GA
17043,3,PA
43772,3,OH
21084,3,MD
62414,3,IL
21102,3,MD
71854,3,AR
97236,3,OR
91501,3,CA
30817,3,GA
30904,3,GA
43033,3,OH
91502,3,CA
83422,3,ID
89015,3,NV
43616,3,OH
83448,3,ID
30643,3,GA
92247,3,CA
62221,3,IL
20111,3,VA
30683,3,GA
53063,3,WI
03766,3,NH
53008,3,WI
92037,3,CA
20772,3,MD
29223,3,SC
06085,3,CT
03856,3,NH
29212,3,SC
20190,3,VA
17584,3,PA
52334,3,IA
98121,3,WA
45042,3,OH
98233,3,WA
17401,3,PA
91932,3,CA
06512,3,CT
89107,3,NV
98823,3,WA
98901,3,WA
18426,3,PA
06477,3,CT
98833,3,WA
91791,3,CA
52151,3,IA
45050,3,OH
45056,3,OH
92069,3,CA
89049,3,NV
74429,3,OK
52556,3,IA
20882,3,MD
20850,3,MD
29108,3,SC
20659,3,MD
20646,3,MD
03839,3,NH
49305,3,MI
92116,3,CA
73848,3,OK
52346,3,IA
63005,3,MO
98683,3,WA
92108,3,CA
63020,3,MO
03755,3,NH
80461,3,CO
J2W 1M2,3,Canada
91776,3,CA
53576,3,WI
49404,3,MI
99031,3,WA
15668,3,PA
70806,3,LA
49009,3,MI
61367,3,IL
91426,3,CA
42003,3,KY
97741,3,OR
53224,3,WI
53227,3,WI
4171,3,Other/Unknown
45204,3,OH
45206,3,OH
41102,3,KY
45211,3,OH
40385,3,KY
71007,3,LA
64842,3,MO
40291,3,KY
15428,3,PA
43338,3,OH
40250,3,KY
92656,3,CA
61010,3,IL
B3E 1L5,3,Canada
45249,3,OH
18328,3,PA
45326,3,OH
53530,3,WI
53548,3,WI
32131,3,FL
16673,3,PA
28694,3,NC
53581,3,WI
45322,3,OH
80446,3,CO
92780,3,CA
39350,3,MS
80512,3,CO
81226,3,CO
53125,3,WI
80758,3,CO
28714,3,NC
08071,3,NJ
49442,3,MI
80530,3,CO
08879,3,NJ
74959,3,OK
45162,3,OH
45212,3,OH
44021,3,OH
74851,3,OK
97230,3,OR
97225,3,OR
21075,3,MD
10009,3,NY
49651,3,MI
53013,3,WI
49096,3,MI
97352,3,OR
53108,3,WI
31024,3,GA
65724,3,MO
61728,3,IL
17111,3,PA
42141,3,KY
17070,3,PA
61740,3,IL
92604,3,CA
92590,3,CA
42122,3,KY
80653,3,CO
42102,3,KY
97501,3,OR
92570,3,CA
92567,3,CA
91709,3,CA
28732,3,NC
32054,3,FL
40422,3,KY
91724,3,CA
32073,3,FL
61523,3,IL
11733,3,NY
50548,3,IA
59001,3,MT
68030,3,NE
28212,3,NC
07836,3,NJ
34219,3,FL
77422,3,TX
47960,3,IN
76801,3,TX
34232,3,FL
19363,3,PA
59248,3,MT
30233,3,GA
07860,3,NJ
78609,3,TX
35956,3,AL
77040,3,TX
77025,3,TX
47346,3,IN
96825,3,HI
72209,3,AR
64037,3,MO
27523,3,NC
72616,3,AR
19540,3,PA
90045,3,CA
78251,3,TX
59059,3,MT
59061,3,MT
78256,3,TX
11746,3,NY
46506,3,IN
27105,3,NC
57248,3,SD
59012,3,MT
27604,3,NC
59027,3,MT
47803,3,IN
59038,3,MT
47750,3,IN
46544,3,IN
96007,3,CA
78723,3,TX
36054,3,AL
50585,3,IA
28228,3,NC
36280,3,AL
44113,3,OH
36117,3,AL
78753,3,TX
76559,3,TX
44102,3,OH
56761,3,MN
73154,3,OK
46368,3,IN
29715,3,SC
85283,3,AZ
12009,3,NY
11949,3,NY
50441,3,IA
27704,3,NC
44313,3,OH
24134,3,VA
28147,3,NC
37048,3,TN
84109,3,UT
68108,3,NE
90028,3,CA
10518,3,NY
10514,3,NY
10512,3,NY
77065,3,TX
78539,3,TX
47404,3,IN
68065,3,NE
10580,3,NY
77057,3,TX
10567,3,NY
78586,3,TX
95816,3,CA
19464,3,PA
36081,3,AL
95742,3,CA
19473,3,PA
10591,3,NY
24966,3,WV
25142,3,WV
S4W 0T6,3,Canada
S0K 2A0,3,Canada
25311,3,WV
85210,3,AZ
01701,3,MA
78217,3,TX
01073,3,MA
89822,3,NV
46737,3,IN
24520,3,VA
78076,3,TX
35077,3,AL
S7K 0K3,3,Canada
03053,3,NH
34986,3,FL
82222,3,WY
58484,3,ND
58737,3,ND
03043,3,NH
46996,3,IN
98388,3,WA
84775,3,UT
82636,3,WY
85006,3,AZ
68455,3,NE
98445,3,WA
85007,3,AZ
98418,3,WA
08723,3,NJ
47164,3,IN
03106,3,NH
T1G 2E1,3,Canada
27360,3,NC
04105,3,ME
T0J 1X2,3,Canada
64137,3,MO
64131,3,MO
64071,3,MO
01754,3,MA
78245,3,TX
50126,3,IA
99122,3,WA
57355,3,SD
08210,3,NJ
57642,3,SD
5770-,3,Other/Unknown
96706,3,HI
35203,3,AL
57471,3,SD
99153,3,WA
34743,3,FL
64437,3,MO
35603,3,AL
96793,3,HI
57553,3,SD
57568,3,SD
78368,3,TX
35574,3,AL
11222,3,NY
11221,3,NY
30461,3,GA
08225,3,NJ
58386,3,ND
50213,3,IA
58426,3,ND
T0E 0N0,3,Canada
T,3,Other/Unknown
ST216AX,3,Other/Unknown
58604,3,Other/Unknown
34761,3,FL
47521,3,IN
58538,3,ND
07932,3,NJ
50201,3,IA
T4P 3X9,3,Canada
28056,3,NC
77515,3,TX
77496,3,TX
78374,3,TX
07950,3,NJ
28031,3,NC
85204,3,AZ
29852,3,Other/Unknown
84340,3,UT
19075,3,PA
67060,3,KS
94589,3,CA
98620,3,WA
55738,3,MN
67047,3,KS
13827,3,NY
98597,3,WA
46219,3,IN
33611,3,FL
94610,3,CA
59929,3,MT
59932,3,MT
65039,3,MO
76132,3,TX
94602,3,CA
33155,3,FL
67010,3,KS
94945,3,CA
R3Y 1X6,3,Canada
67030,3,KS
84074,3,UT
12571,3,NY
85307,3,AZ
59821,3,MT
59823,3,MT
33896,3,FL
79556,3,TX
45839,3,OH
55612,3,MN
50665,3,IA
49963,3,MI
33563,3,FL
55708,3,MN
45867,3,OH
28365,3,NC
55752,3,MN
28358,3,NC
95132,3,CA
13066,3,NY
19057,3,PA
48183,3,MI
55667,3,Other/Unknown
10035,3,NY
10034,3,NY
69123,3,NE
33444,3,FL
69138,3,NE
55031,3,MN
85630,3,AZ
08750,3,NJ
30273,3,GA
76102,3,TX
90639,3,CA
76010,3,TX
60053,3,IL
48326,3,MI
06811,3,CT
60070,3,IL
90650,3,CA
38120,3,TN
45640,3,OH
94580,3,CA
48350,3,MI
01944,3,MA
33160,3,FL
95066,3,CA
29485,3,SC
90802,3,CA
95018,3,CA
76225,3,TX
81621,3,CO
98101,3,WA
98065,3,WA
49837,3,MI
30305,3,GA
73632,3,OK
48221,3,MI
48209,3,MI
R3G 2N3,3,Canada
97214,3,OR
33428,3,FL
33433,3,FL
97141,3,OR
49836,3,MI
R2G 0B7,3,Canada
48042,3,MI
56014,3,MN
79106,3,TX
47638,3,IN
95660,3,CA
84071,3,UT
19979,3,DE
29410,3,SC
76302,3,TX
33704,3,FL
56142,3,MN
85311,3,AZ
95209,3,CA
23113,3,VA
33785,3,FL
95437,3,CA
78956,3,TX
19146,3,PA
67218,3,KS
67217,3,KS
33774,3,FL
23919,3,VA
28027,3,NC
24017,3,VA
24085,3,VA
95642,3,CA
33870,3,FL
50046,3,IA
78624,3,TX
29801,3,SC
12211,3,NY
36608,3,AL
48071,3,MI
59547,3,MT
56323,3,MN
12524,3,NY
56331,3,MN
90247,3,CA
90254,3,CA
90066,3,CA
12449,3,NY
46303,3,IN
12534,3,NY
12804,3,NY
55931,3,MN
68769,3,NE
33605,3,FL
79912,3,TX
23450,3,VA
59834,3,MT
23433,3,VA
44645,3,OH
79707,3,TX
37354,3,TN
68802,3,NE
12561,3,NY
68758,3,NE
33687,3,FL
81612,3,CO
95461,3,CA
59622,3,Other/Unknown
23803,3,VA
68729,3,NE
72634,3,AR
19963,3,DE
37220,3,TN
37219,3,TN
55972,3,MN
68822,3,NE
67501,3,KS
28303,3,NC
33712,3,FL
29451,2,SC
29707,2,SC
29682,2,SC
29720,2,SC
82714,2,WY
83241,2,ID
29676,2,SC
29910,2,SC
82923,2,WY
29388,2,SC
83350,2,ID
29696,2,SC
83250,2,ID
29678,2,SC
29829,2,SC
83330,2,ID
83332,2,ID
29470,2,SC
29302,2,SC
83361,2,Other/Unknown
29572,2,SC
30096,2,GA
29449,2,SC
29835,2,SC
29324,2,SC
29323,2,SC
29906,2,SC
29566,2,SC
29940,2,SC
83327,2,ID
29550,2,SC
29924,2,SC
83251,2,ID
29661,2,SC
83274,2,ID
84084,2,UT
84087,2,UT
28314,2,NC
84033,2,UT
84048,2,UT
84049,2,UT
84058,2,UT
84068,2,UT
27944,2,NC
82644,2,WY
27954,2,NC
27959,2,NC
28016,2,NC
28023,2,NC
84302,2,UT
27712,2,NC
27808,2,NC
27817,2,NC
27889,2,NC
27938,2,NC
27949,2,NC
98113,2,WA
06793,2,CT
06824,2,CT
06825,2,CT
06855,2,CT
07631,2,NJ
98039,2,WA
98040,2,WA
28411,2,NC
84078,2,UT
28429,2,NC
28449,2,NC
28460,2,NC
28124,2,NC
28334,2,NC
28339,2,NC
28343,2,NC
28352,2,NC
28376,2,NC
28390,2,NC
28425,2,NC
84720,2,UT
84741,2,UT
84745,2,UT
27511,2,NC
28036,2,NC
28078,2,NC
28092,2,NC
84629,2,UT
84637,2,UT
28226,2,NC
26105,2,WV
26181,2,WV
26206,2,WV
26229,2,WV
26241,2,WV
85022,2,AZ
85029,2,AZ
85045,2,AZ
85053,2,AZ
25541,2,WV
26003,2,WV
28236,2,NC
28262,2,NC
28273,2,NC
84101,2,UT
28166,2,NC
28204,2,NC
28207,2,NC
28214,2,NC
28215,2,NC
84653,2,UT
27597,2,NC
27107,2,NC
27239,2,NC
27520,2,NC
27525,2,NC
27541,2,NC
27542,2,NC
27559,2,NC
27571,2,NC
84648,2,UT
27589,2,NC
83429,2,ID
83445,2,ID
83467,2,ID
83535,2,ID
28759,2,NC
28761,2,NC
28771,2,NC
83801,2,ID
83804,2,ID
07035,2,NJ
28717,2,NC
28723,2,NC
28730,2,NC
28746,2,NC
28748,2,NC
28751,2,NC
28684,2,NC
28689,2,NC
28691,2,NC
28701,2,NC
83813,2,ID
29680,2,SC
83118,2,WY
83127,2,WY
29169,2,SC
29170,2,SC
29180,2,SC
29205,2,SC
29301,2,SC
28904,2,NC
83420,2,ID
29078,2,SC
29150,2,SC
29154,2,SC
29160,2,SC
83612,2,ID
83619,2,ID
83624,2,ID
83628,2,ID
83629,2,ID
29526,2,SC
29006,2,SC
28512,2,NC
28516,2,NC
83816,2,ID
83821,2,ID
83833,2,ID
83848,2,ID
83849,2,ID
83852,2,ID
83861,2,ID
28702,2,NC
06333,2,CT
06335,2,CT
06377,2,CT
06416,2,CT
06890,2,CT
06896,2,CT
06901,2,CT
07004,2,NJ
07014,2,NJ
07021,2,NJ
06282,2,CT
28711,2,NC
28713,2,NC
83637,2,ID
83648,2,ID
83672,2,ID
28630,2,NC
28650,2,NC
28677,2,NC
28678,2,NC
28681,2,NC
28502,2,NC
84025,2,UT
28557,2,NC
28560,2,NC
28564,2,NC
28601,2,NC
28621,2,NC
83871,2,ID
83872,2,ID
83873,2,ID
28467,2,NC
28683,2,NC
33544,2,FL
33565,2,FL
33570,2,FL
33592,2,FL
33602,2,FL
79226,2,TX
79311,2,TX
79331,2,TX
79336,2,TX
79343,2,TX
79358,2,TX
79407,2,TX
31210,2,GA
33514,2,FL
33156,2,FL
33162,2,FL
33179,2,FL
33181,2,FL
33186,2,FL
33467,2,FL
33470,2,FL
33471,2,FL
33472,2,FL
33480,2,FL
33484,2,FL
33496,2,FL
79501,2,TX
79201,2,TX
33770,2,FL
33773,2,FL
33776,2,FL
33777,2,FL
79029,2,TX
33702,2,FL
33703,2,FL
33708,2,FL
33760,2,FL
33761,2,FL
33764,2,FL
33525,2,FL
78833,2,TX
78933,2,TX
33634,2,FL
33694,2,FL
79567,2,TX
79720,2,TX
79761,2,TX
79852,2,TX
33606,2,FL
33615,2,FL
33618,2,FL
33619,2,FL
79549,2,TX
78767,2,TX
32952,2,FL
33256,2,FL
33309,2,FL
33314,2,FL
33316,2,FL
33321,2,FL
33322,2,FL
32798,2,FL
32504,2,FL
32516,2,FL
32534,2,FL
32547,2,FL
33440,2,FL
32726,2,FL
32736,2,FL
32766,2,FL
32773,2,FL
32927,2,FL
32951,2,FL
80163,2,CO
32829,2,FL
32833,2,FL
32837,2,FL
32920,2,FL
32922,2,FL
32923,2,FL
32720,2,FL
33441,2,FL
33442,2,FL
33462,2,FL
79924,2,TX
79932,2,TX
79936,2,TX
8,2,Other/Unknown
80010,2,CO
33414,2,FL
33415,2,FL
33133,2,FL
33137,2,FL
33149,2,FL
80101,2,CO
32809,2,FL
32814,2,FL
32825,2,FL
32966,2,FL
32976,2,FL
33036,2,FL
33075,2,FL
33129,2,FL
33327,2,FL
33330,2,FL
33331,2,FL
33404,2,FL
33409,2,FL
33154,2,FL
78102,2,TX
78121,2,TX
34771,2,FL
77904,2,TX
77984,2,TX
77995,2,TX
78370,2,TX
78377,2,TX
78428,2,Other/Unknown
78501,2,TX
78503,2,TX
78516,2,TX
79118,2,TX
34480,2,FL
34482,2,FL
34488,2,FL
34606,2,FL
78332,2,TX
34287,2,FL
34289,2,FL
34420,2,FL
34432,2,FL
34459,2,Other/Unknown
34470,2,FL
34474,2,FL
34475,2,FL
34479,2,FL
98384,2,WA
05855,2,VT
98340,2,WA
98342,2,WA
98344,2,WA
98345,2,WA
98354,2,WA
98358,2,WA
78218,2,TX
78223,2,TX
78230,2,TX
78234,2,TX
78101,2,TX
78239,2,TX
78244,2,TX
78147,2,TX
78152,2,TX
78154,2,TX
78155,2,TX
78212,2,TX
78215,2,TX
78216,2,TX
78015,2,TX
78027,2,TX
78052,2,TX
78070,2,TX
78237,2,TX
78726,2,TX
78732,2,TX
78749,2,TX
78755,2,TX
33875,2,FL
33898,2,FL
33907,2,FL
33909,2,FL
33920,2,FL
78722,2,TX
78676,2,TX
33811,2,FL
78249,2,TX
33830,2,FL
33843,2,FL
33852,2,FL
34103,2,FL
34116,2,FL
78636,2,TX
78645,2,TX
78663,2,TX
79036,2,TX
79056,2,TX
79070,2,TX
79104,2,TX
79110,2,TX
33825,2,FL
78257,2,TX
78258,2,TX
78266,2,TX
34269,2,FL
34274,2,FL
33946,2,FL
33948,2,FL
33954,2,FL
33955,2,FL
33967,2,FL
33980,2,FL
33981,2,FL
34215,2,FL
78725,2,TX
34237,2,FL
34251,2,FL
34265,2,FL
78611,2,TX
34119,2,FL
3413,2,Other/Unknown
34133,2,FL
34201,2,FL
34203,2,FL
78570,2,TX
78596,2,TX
78605,2,TX
78606,2,TX
34223,2,FL
30621,2,GA
30625,2,GA
81419,2,CO
30511,2,GA
30521,2,GA
30526,2,Other/Unknown
30528,2,GA
30537,2,GA
30541,2,GA
30552,2,GA
81236,2,CO
81240,2,CO
32926,2,FL
81302,2,CO
81326,2,CO
81402,2,CO
81410,2,CO
31021,2,GA
81008,2,CO
81023,2,CO
81050,2,CO
81054,2,CO
81082,2,CO
81132,2,CO
81154,2,CO
30338,2,GA
81242,2,CO
06089,2,CT
06105,2,CT
06109,2,CT
06241,2,CT
06248,2,CT
06250,2,CT
98236,2,WA
06018,2,CT
06032,2,CT
06037,2,CT
06069,2,CT
06073,2,CT
30605,2,GA
06752,2,CT
06759,2,CT
06786,2,CT
98178,2,WA
06424,2,CT
06426,2,CT
06441,2,CT
06442,2,CT
06473,2,CT
06483,2,CT
30554,2,GA
30559,2,GA
30582,2,GA
06084,2,CT
30170,2,GA
30175,2,GA
30187,2,GA
30215,2,GA
30223,2,GA
30011,2,GA
30017,2,GA
82325,2,WY
82420,2,WY
30104,2,GA
30126,2,GA
30135,2,GA
30341,2,GA
30471,2,GA
8200,2,Other/Unknown
82190,2,WY
82212,2,WY
82214,2,WY
29575,2,SC
29588,2,SC
29605,2,SC
29621,2,SC
29640,2,SC
29641,2,SC
29644,2,SC
30008,2,GA
30152,2,GA
30344,2,GA
30346,2,GA
30420,2,GA
81656,2,CO
30241,2,GA
30263,2,GA
30268,2,GA
30276,2,GA
30286,2,GA
81631,2,CO
81641,2,CO
81643,2,CO
81647,2,CO
30084,2,GA
81654,2,CO
81501,2,CO
81527,2,CO
8157,2,Other/Unknown
81615,2,CO
81616,2,Other/Unknown
81620,2,CO
30049,2,GA
30058,2,GA
30060,2,GA
30067,2,GA
30078,2,GA
30082,2,GA
81648,2,CO
80420,2,CO
80421,2,CO
32257,2,FL
32258,2,FL
32277,2,FL
32653,2,FL
80229,2,CO
80246,2,CO
80260,2,CO
80307,2,CO
80320,2,Other/Unknown
32563,2,FL
06088,2,CT
32578,2,FL
32607,2,FL
32625,2,FL
32631,2,FL
32169,2,FL
32179,2,FL
32193,2,FL
32207,2,FL
32210,2,FL
32217,2,FL
32218,2,FL
32140,2,FL
32141,2,FL
32567,2,FL
05342,2,VT
05443,2,VT
05452,2,VT
05462,2,VT
05851,2,VT
05059,2,VT
05070,2,VT
05091,2,VT
05156,2,VT
05201,2,VT
05250,2,VT
98327,2,WA
04963,2,ME
32405,2,FL
04970,2,ME
06268,2,CT
06278,2,CT
06279,2,CT
98247,2,WA
98249,2,WA
98250,2,WA
98295,2,WA
32329,2,FL
32344,2,FL
32350,2,FL
32355,2,FL
32359,2,FL
04967,2,ME
80650,2,CO
30710,2,GA
30725,2,GA
30739,2,GA
30747,2,GA
30750,2,GA
30802,2,GA
80864,2,CO
81003,2,CO
81006,2,CO
30634,2,GA
30662,2,GA
32164,2,FL
31535,2,GA
31558,2,GA
3156,2,Other/Unknown
80759,2,CO
80817,2,CO
80827,2,CO
31082,2,GA
312,2,Other/Unknown
25560,2,WV
31216,2,GA
31406,2,GA
31410,2,GA
31525,2,GA
30707,2,GA
80454,2,CO
80467,2,CO
80471,2,CO
80477,2,CO
32424,2,FL
32433,2,FL
32446,2,FL
32448,2,FL
32459,2,FL
80437,2,CO
80440,2,CO
32102,2,FL
32114,2,FL
80642,2,CO
31032,2,GA
31078,2,GA
32024,2,FL
32030,2,FL
32033,2,FL
32060,2,FL
80720,2,CO
31793,2,GA
32011,2,FL
32221,2,FL
80545,2,CO
80620,2,CO
8062P,2,Other/Unknown
31027,2,GA
15042,2,PA
15057,2,PA
93667,2,CA
93675,2,CA
93704,2,CA
14840,2,NY
14843,2,NY
14845,2,NY
14710,2,NY
14727,2,NY
14731,2,NY
14806,2,NY
94109,2,CA
85925,2,AZ
14606,2,NY
14612,2,NY
14617,2,NY
14618,2,NY
94070,2,CA
94080,2,CA
94102,2,CA
14480,2,NY
14527,2,NY
14564,2,NY
94018,2,CA
94019,2,CA
94030,2,CA
14604,2,NY
93292,2,CA
93293,2,Other/Unknown
93308,2,CA
93390,2,CA
93402,2,CA
15632,2,PA
93105,2,CA
93109,2,CA
93110,2,CA
93117,2,CA
93210,2,CA
93244,2,CA
93247,2,CA
15005,2,PA
15209,2,PA
15211,2,PA
15214,2,PA
93730,2,CA
93924,2,CA
15084,2,PA
15101,2,PA
15133,2,PA
15136,2,PA
15143,2,PA
15206,2,PA
14871,2,NY
14883,2,NY
15001,2,PA
15207,2,PA
13652,2,NY
13732,2,NY
94583,2,CA
13090,2,NY
13114,2,NY
13159,2,NY
13215,2,NY
94552,2,CA
94559,2,CA
14304,2,NY
14420,2,NY
94518,2,CA
94520,2,CA
94062,2,CA
94544,2,CA
10307,2,NY
10463,2,NY
08735,2,NJ
08758,2,NJ
08807,2,NJ
08817,2,NJ
10030,2,NY
10301,2,NY
10306,2,NY
97143,2,OR
97205,2,OR
10016,2,NY
94521,2,CA
94065,2,CA
14172,2,NY
14174,2,NY
14202,2,NY
14209,2,NY
14216,2,NY
14217,2,NY
14222,2,NY
14006,2,NY
14040,2,NY
14043,2,NY
14085,2,NY
14126,2,NY
13416,2,NY
14150,2,NY
94403,2,CA
94501,2,CA
94502,2,CA
94503,2,CA
94515,2,CA
13862,2,NY
94115,2,CA
94116,2,CA
94122,2,CA
94123,2,CA
94132,2,CA
13224,2,NY
13323,2,NY
14138,2,NY
08852,2,NJ
08854,2,NJ
08865,2,NJ
08902,2,NJ
16404,2,PA
16506,2,PA
16617,2,PA
16630,2,PA
16648,2,PA
16662,2,PA
16669,2,PA
92606,2,CA
92624,2,CA
93265,2,CA
16141,2,PA
16235,2,PA
16254,2,PA
16322,2,PA
92586,2,CA
92587,2,CA
92589,2,CA
17090,2,PA
17222,2,PA
92392,2,CA
92501,2,CA
92504,2,CA
92507,2,CA
16137,2,PA
16923,2,PA
16932,2,PA
16936,2,PA
92274,2,CA
92285,2,CA
92307,2,CA
92317,2,CA
92320,2,CA
17538,2,PA
17545,2,PA
92232,2,CA
92236,2,CA
92261,2,CA
08822,2,NJ
97362,2,OR
97365,2,OR
97391,2,OR
97394,2,OR
97417,2,OR
97444,2,OR
97232,2,OR
97292,2,OR
97298,2,OR
97325,2,OR
97344,2,OR
97355,2,OR
08904,2,NJ
97220,2,OR
97360,2,OR
15533,2,PA
15545,2,PA
15216,2,PA
15217,2,PA
15218,2,PA
15221,2,PA
15238,2,PA
15330,2,PA
15360,2,PA
92878,2,CA
92880,2,CA
93013,2,CA
93015,2,CA
15856,2,PA
16117,2,PA
16127,2,PA
92831,2,CA
93555,2,CA
93612,2,CA
93637,2,CA
93646,2,CA
93654,2,CA
93405,2,CA
93406,2,CA
93451,2,CA
93458,2,CA
93463,2,CA
93256,2,CA
16115,2,PA
15857,2,PA
15868,2,PA
15940,2,PA
15963,2,PA
16033,2,PA
16037,2,PA
15650,2,PA
15663,2,PA
15666,2,PA
15717,2,PA
15728,2,PA
15736,2,PA
15767,2,PA
15483,2,PA
92672,2,CA
92674,2,CA
92782,2,CA
92804,2,CA
15636,2,PA
15642,2,PA
16678,2,PA
16686,2,PA
16738,2,PA
16740,2,PA
16832,2,PA
92626,2,CA
15362,2,PA
15367,2,PA
92661,2,CA
11705,2,NY
11721,2,NY
11542,2,NY
11559,2,NY
11563,2,NY
11577,2,NY
95955,2,CA
95963,2,CA
95965,2,CA
95993,2,CA
96032,2,CA
11385,2,NY
12065,2,NY
10710,2,NY
95825,2,CA
95832,2,CA
95932,2,CA
95946,2,CA
11030,2,NY
11104,2,NY
11213,2,NY
11226,2,NY
11363,2,NY
96768,2,HI
10977,2,NY
10990,2,NY
10992,2,NY
95823,2,CA
95692,2,CA
95757,2,CA
95814,2,CA
10566,2,NY
10576,2,NY
10583,2,NY
10597,2,NY
10607,2,NY
10522,2,NY
10533,2,NY
10541,2,NY
10547,2,NY
97022,2,OR
11703,2,NY
97038,2,OR
97048,2,OR
97053,2,OR
97058,2,OR
97064,2,OR
10502,2,NY
11366,2,NY
96817,2,HI
96821,2,HI
97003,2,OR
97008,2,OR
97017,2,OR
97019,2,OR
11702,2,NY
97026,2,OR
S4V 0N2,2,Canada
S4V 0Z8,2,Canada
S4V 1M6,2,Canada
T1K 6A2,2,Canada
T1V 1P7,2,Canada
01062,2,MA
T2K 1Y3,2,Canada
T2T 0H6,2,Canada
T2X 4N9,2,Canada
T3H 3A2,2,Canada
T0J 0M0,2,Canada
T0M 0G0,2,Canada
T0M 2A0,2,Canada
96151,2,CA
T1H 6G4,2,Canada
01460,2,MA
01462,2,MA
01463,2,MA
01510,2,MA
01550,2,MA
01564,2,MA
T0H 0C0,2,Canada
01094,2,MA
01095,2,MA
01201,2,MA
01267,2,MA
01301,2,MA
T1A 8P9,2,Canada
96218,2,AP
96734,2,HI
96743,2,HI
96753,2,HI
96756,2,HI
96040,2,CA
96052,2,CA
96080,2,CA
01037,2,MA
96137,2,CA
-,2,Other/Unknown
V2C 1G2,2,Canada
V2Z 0A9,2,Canada
S4T 2R6,2,Canada
V5H 4K7,2,Canada
V5T 1J4,2,Canada
SN35AU,2,Other/Unknown
T8R 0S3,2,Canada
V0J 1E2,2,Canada
V1T 2C5,2,Canada
S4Y 0A3,2,Canada
S6H 7B2,2,Canada
S7T 0E6,2,Canada
S7T 0V9,2,Canada
S7W 0E3,2,Canada
S9X 1Y7,2,Canada
SG138BJ,2,Other/Unknown
S4M 0A3,2,Canada
V3R 5Y2,2,Canada
12865,2,NY
12870,2,NY
12874,2,NY
12901,2,NY
12936,2,NY
12942,2,NY
12953,2,NY
12586,2,NY
12589,2,NY
12590,2,NY
12828,2,NY
12831,2,NY
12843,2,NY
95691,2,CA
95073,2,CA
95110,2,CA
95120,2,CA
95125,2,CA
12567,2,NY
95547,2,CA
95613,2,CA
95621,2,CA
95627,2,CA
95631,2,CA
95446,2,CA
95448,2,CA
95457,2,CA
95070,2,CA
10954,2,NY
10956,2,NY
10960,2,NY
97115,2,OR
97136,2,OR
95006,2,CA
95008,2,CA
95010,2,CA
95024,2,CA
95031,2,CA
94710,2,CA
94902,2,Other/Unknown
94953,2,CA
12845,2,NY
94606,2,CA
94608,2,CA
94612,2,CA
94703,2,CA
13760,2,NY
13830,2,NY
13841,2,NY
94596,2,CA
12962,2,NY
13029,2,NY
13035,2,NY
13037,2,NY
13041,2,NY
95133,2,CA
95003,2,CA
12404,2,NY
12406,2,NY
12446,2,NY
12084,2,NY
12093,2,NY
12110,2,NY
12148,2,NY
12182,2,NY
12197,2,NY
11932,2,NY
11944,2,NY
12037,2,NY
12060,2,NY
95497,2,CA
11787,2,NY
11788,2,NY
11789,2,NY
11793,2,NY
11803,2,NY
11804,2,NY
11848,2,Other/Unknown
11756,2,NY
11764,2,NY
11767,2,NY
11777,2,NY
11782,2,NY
11783,2,NY
95683,2,CA
12061,2,NY
95521,2,CA
95534,2,CA
95316,2,CA
95340,2,CA
95348,2,CA
95354,2,CA
95361,2,CA
95368,2,CA
95403,2,CA
95148,2,CA
95207,2,CA
95219,2,CA
95233,2,CA
12401,2,NY
95246,2,CA
95247,2,CA
12546,2,NY
95658,2,CA
95661,2,CA
95664,2,CA
95666,2,CA
95669,2,CA
95670,2,CA
12455,2,NY
12460,2,NY
12517,2,NY
12525,2,NY
12309,2,NY
95242,2,CA
22236,2,Other/Unknown
22307,2,VA
22408,2,VA
22443,2,VA
22508,2,VA
22556,2,VA
21781,2,MD
21783,2,MD
21787,2,MD
21788,2,MD
87121,2,NM
87144,2,NM
21671,2,MD
92376,2,CA
21733,2,MD
21740,2,MD
21771,2,MD
21776,2,MD
87106,2,NM
21620,2,MD
21632,2,MD
21634,2,MD
21665,2,MD
86405,2,AZ
86429,2,AZ
87005,2,NM
87013,2,NM
21679,2,MD
22815,2,VA
85552,2,AZ
85602,2,AZ
85615,2,AZ
85637,2,AZ
85643,2,AZ
85712,2,AZ
23219,2,VA
23225,2,VA
23227,2,VA
23231,2,VA
23238,2,VA
23310,2,VA
22206,2,VA
22044,2,VA
22151,2,VA
86334,2,AZ
86046,2,AZ
21801,2,MD
21811,2,MD
21813,2,MD
21842,2,MD
85738,2,AZ
85746,2,AZ
98380,2,WA
85933,2,AZ
85935,2,AZ
23009,2,VA
22030,2,VA
97753,2,OR
97814,2,OR
97827,2,OR
07640,2,NJ
97479,2,OR
97532,2,OR
97534,2,OR
97537,2,OR
97601,2,OR
97627,2,OR
97682,2,Other/Unknown
08079,2,NJ
08088,2,NJ
87043,2,NM
08202,2,NJ
21076,2,MD
21077,2,MD
21104,2,MD
21117,2,MD
20754,2,MD
89021,2,NV
21001,2,MD
21030,2,MD
21032,2,MD
21048,2,MD
21074,2,MD
88312,2,NM
08201,2,NJ
21239,2,MD
21286,2,MD
88007,2,NM
88008,2,NM
8802,2,Other/Unknown
88030,2,NM
21215,2,MD
21218,2,MD
21221,2,MD
21222,2,MD
21226,2,MD
87935,2,NM
21128,2,MD
07753,2,NJ
21161,2,MD
87301,2,NM
87401,2,NM
87410,2,NM
87535,2,NM
87539,2,NM
87574,2,NM
07662,2,NJ
07675,2,NJ
07719,2,NJ
07724,2,NJ
07731,2,NJ
07735,2,NJ
07739,2,NJ
21146,2,MD
26836,2,WV
27006,2,NC
07416,2,NJ
07424,2,NJ
07436,2,NJ
07480,2,NJ
07481,2,NJ
07512,2,NJ
07079,2,NJ
07082,2,NJ
07086,2,NJ
07302,2,NJ
07401,2,NJ
22712,2,VA
97885,2,OR
97918,2,OR
98002,2,WA
98024,2,WA
98028,2,WA
07042,2,NJ
07076,2,NJ
07850,2,NJ
07853,2,NJ
07866,2,NJ
07876,2,NJ
07921,2,NJ
24236,2,VA
97850,2,OR
25639,2,WV
84757,2,UT
84784,2,UT
85009,2,AZ
85014,2,AZ
27262,2,NC
2727 HS,2,Other/Unknown
27320,2,NC
27407,2,NC
27502,2,NC
24963,2,WV
25071,2,WV
25245,2,WV
26764,2,WV
24521,2,VA
24541,2,VA
24550,2,VA
24701,2,WV
27017,2,NC
27040,2,NC
27043,2,NC
85082,2,AZ
85098,2,AZ
85117,2,AZ
26378,2,WV
26404,2,WV
26431,2,WV
26554,2,WV
24517,2,VA
23696,2,VA
23805,2,VA
23830,2,VA
23831,2,VA
23321,2,VA
23417,2,VA
23456,2,VA
23464,2,VA
23508,2,VA
85321,2,AZ
85325,2,AZ
85339,2,AZ
85356,2,AZ
24266,2,VA
22824,2,VA
22922,2,VA
22949,2,VA
22952,2,VA
22967,2,VA
22969,2,VA
22971,2,VA
22980,2,VA
85716,2,AZ
85730,2,AZ
85736,2,AZ
22567,2,VA
22610,2,VA
22656,2,VA
85362,2,AZ
24360,2,VA
24476,2,VA
24504,2,VA
24104,2,VA
24122,2,VA
24128,2,VA
24153,2,VA
24175,2,VA
24176,2,VA
85301,2,AZ
85303,2,AZ
85305,2,AZ
23930,2,VA
23693,2,VA
25364,2,WV
25411,2,WV
25425,2,WV
25428,2,WV
25504,2,WV
85269,2,AZ
23061,2,VA
23063,2,VA
23102,2,VA
23109,2,VA
23111,2,VA
23138,2,VA
23177,2,VA
23608,2,VA
25314,2,WV
91390,2,CA
91402,2,CA
18634,2,PA
18708,2,PA
91325,2,CA
91335,2,CA
91343,2,CA
91344,2,CA
91362,2,CA
91107,2,CA
91108,2,CA
91236,2,Other/Unknown
91306,2,CA
88340,2,NM
18092,2,PA
18202,2,PA
18218,2,PA
18302,2,PA
18326,2,PA
91765,2,CA
91789,2,CA
18055,2,PA
18071,2,PA
91711,2,CA
91739,2,CA
91741,2,CA
91754,2,CA
18088,2,PA
90274,2,CA
90293,2,CA
19115,2,PA
19129,2,PA
19301,2,PA
19311,2,PA
19341,2,PA
91040,2,CA
19044,2,PA
19047,2,PA
19060,2,PA
19072,2,PA
19106,2,PA
19026,2,PA
90804,2,CA
90806,2,CA
90807,2,CA
91001,2,CA
91011,2,CA
91021,2,CA
19560,2,PA
19605,2,PA
90706,2,CA
18944,2,PA
18969,2,PA
19006,2,PA
19014,2,PA
19020,2,PA
90732,2,CA
17512,2,PA
92124,2,CA
92201,2,CA
17233,2,PA
17320,2,PA
17353,2,PA
17356,2,PA
17360,2,PA
92088,2,CA
92114,2,CA
92115,2,CA
92118,2,CA
92119,2,CA
19040,2,PA
18011,2,PA
18015,2,PA
18036,2,PA
18037,2,PA
18049,2,PA
18053,2,PA
17019,2,PA
17022,2,PA
17025,2,PA
17037,2,PA
17046,2,PA
17050,2,PA
17067,2,PA
92371,2,CA
92122,2,CA
91406,2,CA
91506,2,CA
91601,2,CA
91602,2,CA
17830,2,PA
17836,2,PA
17837,2,PA
17844,2,PA
17846,2,PA
17859,2,PA
17961,2,PA
92027,2,CA
92029,2,CA
17407,2,PA
91977,2,CA
92007,2,CA
92021,2,CA
92022,2,CA
18346,2,PA
18360,2,PA
18428,2,PA
18431,2,PA
18435,2,PA
18466,2,PA
17361,2,PA
17372,2,PA
17403,2,PA
17404,2,PA
17581,2,PA
20141,2,VA
20147,2,VA
20152,2,VA
89444,2,NV
89448,2,NV
89451,2,NV
89506,2,NV
20012,2,DC
20019,2,DC
89201,2,Other/Unknown
89408,2,NV
89411,2,NV
89413,2,NV
90242,2,CA
89431,2,NV
89442,2,NV
2067,2,Other/Unknown
20676,2,MD
20707,2,MD
20711,2,MD
20716,2,MD
20721,2,MD
89147,2,NV
19951,2,DE
19952,2,DE
19962,2,DE
19973,2,DE
89429,2,NV
88352,2,NM
89006,2,NV
88053,2,NM
88062,2,NM
88065,2,NM
88081,2,NM
88201,2,NM
88211,2,NM
88260,2,NM
88310,2,NM
20603,2,MD
20613,2,MD
20657,2,MD
20136,2,VA
89133,2,NV
20178,2,VA
20181,2,VA
20191,2,VA
20194,2,VA
89053,2,NV
89074,2,NV
89101,2,NV
89121,2,NV
89124,2,NV
20770,2,MD
20818,2,MD
20105,2,VA
20112,2,VA
89128,2,NV
08505,2,NJ
08512,2,NJ
08514,2,NJ
08525,2,NJ
97456,2,OR
08204,2,NJ
08205,2,NJ
08244,2,NJ
08270,2,NJ
19508,2,PA
19522,2,PA
19526,2,PA
19533,2,PA
2000,2,Other/Unknown
19551,2,PA
19555,2,PA
19352,2,PA
19373,2,PA
19425,2,PA
19460,2,PA
19507,2,PA
90500,2,Other/Unknown
90501,2,CA
90620,2,CA
90623,2,CA
19350,2,PA
90209,2,CA
90240,2,CA
19541,2,PA
90046,2,CA
90048,2,CA
19608,2,PA
19612,2,PA
19701,2,DE
19702,2,DE
90020,2,CA
90036,2,CA
90041,2,CA
90042,2,CA
20158,2,VA
20169,2,VA
89820,2,NV
08330,2,NJ
07933,2,NJ
08007,2,NJ
08019,2,NJ
08026,2,NJ
08036,2,NJ
08067,2,NJ
08535,2,NJ
08550,2,NJ
08610,2,NJ
08619,2,NJ
08691,2,NJ
07931,2,NJ
08302,2,NJ
08310,2,NJ
90004,2,CA
52175,2,IA
51345,2,IA
51556,2,IA
51560,2,IA
51632,2,IA
52003,2,IA
52033,2,IA
63040,2,MO
63048,2,MO
63077,2,MO
51549,2,IA
L0L 1L0,2,Canada
LE5 6AD,2,Other/Unknown
76426,2,TX
M6S 4Z1,2,Canada
MK18 2FT,2,Other/Unknown
N6C 2N6,2,Canada
OX3 0PB,2,Other/Unknown
G1S 0A8,2,Canada
G1X 2X8,2,Canada
GU16 6HE,2,Other/Unknown
IT,2,Other/Unknown
99803,2,AK
99827,2,AK
99901,2,AK
BD23 3RT,2,Other/Unknown
BR7 6BF,2,Other/Unknown
BS65BL,2,Other/Unknown
M4Y 1R8,2,Canada
52329,2,IA
52330,2,IA
52338,2,IA
62948,2,IL
62952,2,IL
52202,2,IA
52205,2,IA
52208,2,IA
52211,2,IA
52218,2,IA
52223,2,IA
62907,2,IL
62912,2,IL
62918,2,IL
52146,2,IA
62922,2,IL
62932,2,IL
62946,2,IL
51346,2,IA
51347,2,IA
51351,2,IA
51354,2,IA
51453,2,IA
51455,2,IA
51458,2,IA
51462,2,IA
52068,2,IA
52073,2,IA
52078,2,IA
62920,2,IL
63766,2,MO
63780,2,MO
63825,2,MO
63830,2,MO
63834,2,MO
63857,2,MO
63935,2,MO
50830,2,IA
50833,2,IA
51002,2,IA
51013,2,Other/Unknown
51023,2,IA
51025,2,IA
99672,2,AK
51027,2,IA
50644,2,IA
50651,2,IA
50660,2,IA
50672,2,IA
5068,2,Other/Unknown
50707,2,IA
50715,2,Other/Unknown
63536,2,MO
63565,2,MO
63628,2,MO
63645,2,MO
63670,2,MO
63703,2,MO
51026,2,IA
99706,2,AK
99737,2,AK
99743,2,AK
63357,2,MO
63362,2,MO
63369,2,MO
63383,2,MO
63530,2,MO
63531,2,MO
63534,2,MO
51039,2,IA
51046,2,IA
51050,2,IA
51243,2,IA
63764,2,MO
51334,2,IA
63125,2,MO
63128,2,MO
63285,2,Other/Unknown
63348,2,MO
51028,2,IA
51036,2,IA
51463,2,IA
51523,2,IA
51525,2,IA
51532,2,IA
51543,2,IA
63112,2,MO
63116,2,MO
51249,2,IA
61537,2,IL
61607,2,IL
61705,2,IL
61706,2,Other/Unknown
53143,2,WI
53177,2,WI
53039,2,WI
53042,2,WI
53046,2,WI
53048,2,WI
53050,2,WI
53119,2,WI
53128,2,WI
52306,2,IA
53130,2,WI
53139,2,WI
61938,2,IL
61951,2,IL
62001,2,IL
62015,2,IL
62016,2,IL
61774,2,IL
61834,2,IL
61846,2,IL
61852,2,IL
61873,2,IL
61880,2,IL
61884,2,IL
53129,2,WI
53508,2,WI
61441,2,IL
61448,2,IL
53570,2,WI
53574,2,WI
53577,2,WI
61345,2,IL
61350,2,IL
61356,2,IL
61364,2,IL
61376,2,IL
61410,2,IL
53223,2,WI
53228,2,WI
61530,2,IL
61764,2,IL
53182,2,WI
53184,2,WI
53191,2,WI
53204,2,WI
53209,2,WI
61725,2,IL
61727,2,IL
61729,2,IL
61732,2,IL
61736,2,IL
61747,2,IL
61479,2,IL
61520,2,IL
53504,2,WI
52625,2,IA
52637,2,IA
52659,2,IA
52731,2,IA
62693,2,IL
62703,2,IL
62677,2,IL
52356,2,IA
52358,2,IA
52401,2,IA
52531,2,IA
52544,2,IA
52572,2,IA
62449,2,IL
53036,2,WI
62534,2,IL
62549,2,IL
62627,2,IL
62635,2,IL
62656,2,IL
62668,2,IL
63015,2,MO
63016,2,MO
63023,2,MO
63025,2,MO
63034,2,MO
52247,2,IA
52254,2,IA
52255,2,IA
62476,2,IL
62330,2,IL
62341,2,IL
62347,2,IL
62447,2,IL
62320,2,IL
52742,2,IA
52748,2,IA
52751,2,IA
52753,2,IA
52761,2,IA
52769,2,IA
62063,2,IL
62067,2,IL
62088,2,IL
52623,2,IA
62220,2,IL
62223,2,IL
62312,2,IL
53075,2,WI
53078,2,WI
53083,2,WI
62056,2,IL
62705,2,IL
62791,2,IL
62863,2,IL
62865,2,IL
62877,2,IL
62881,2,IL
62887,2,IL
62129,2,Other/Unknown
65427,2,Other/Unknown
65441,2,MO
65552,2,MO
65559,2,MO
49055,2,MI
49057,2,MI
49070,2,MI
49071,2,MI
49072,2,MI
49079,2,MI
49080,2,MI
66013,2,KS
66014,2,KS
63748,2,MO
49033,2,MI
49037,2,MI
49038,2,MI
49045,2,MI
49053,2,MI
65771,2,MO
65791,2,MO
65801,2,MO
65806,2,MO
65826,2,Other/Unknown
66012,2,KS
49345,2,MI
65747,2,MO
65748,2,Other/Unknown
49030,2,MI
65236,2,MO
65258,2,MO
65281,2,MO
65326,2,MO
65340,2,MO
49548,2,MI
49612,2,MI
49232,2,MI
49277,2,MI
49285,2,MI
49286,2,MI
49321,2,MI
49328,2,MI
49333,2,MI
49534,2,MI
65686,2,MO
65706,2,MO
65712,2,MO
65714,2,MO
49127,2,MI
49128,2,MI
49224,2,MI
65611,2,MO
65612,2,MO
65631,2,MO
65653,2,MO
65656,2,MO
49454,2,MI
49460,2,MI
65679,2,MO
02766,2,MA
02771,2,MA
02779,2,MA
02806,2,RI
02813,2,RI
02817,2,RI
02556,2,MA
02568,2,MA
02575,2,MA
02653,2,MA
02738,2,MA
02743,2,MA
99228,2,WA
99320,2,WA
65753,2,MO
99347,2,WA
99349,2,WA
99361,2,WA
02553,2,MA
48761,2,MI
48763,2,MI
48766,2,MI
48809,2,MI
66542,2,KS
66606,2,KS
66615,2,KS
66725,2,KS
48650,2,MI
48708,2,MI
99323,2,WA
49006,2,MI
49007,2,MI
49008,2,MI
49021,2,MI
66223,2,KS
48871,2,MI
48875,2,MI
48876,2,MI
48879,2,MI
48893,2,MI
48910,2,MI
49002,2,MI
49004,2,MI
66112,2,KS
99503,2,AK
48838,2,MI
48842,2,MI
48849,2,MI
48850,2,MI
66043,2,KS
66054,2,KS
66056,2,KS
66063,2,KS
66070,2,KS
66104,2,KS
66105,2,KS
02818,2,RI
02822,2,RI
02830,2,RI
48817,2,MI
64465,2,MO
64469,2,MO
64483,2,MO
50161,2,IA
50221,2,Other/Unknown
50225,2,IA
50230,2,IA
50234,2,IA
50240,2,IA
64146,2,MO
50130,2,IA
50134,2,IA
50135,2,IA
65110,2,MO
50446,2,IA
50447,2,IA
50450,2,IA
50451,2,IA
64078,2,MO
64098,2,MO
64106,2,MO
64688,2,MO
64746,2,MO
64759,2,MO
64778,2,MO
64788,2,MO
64801,2,MO
50054,2,IA
50140,2,IA
50635,2,IA
50636,2,IA
50258,2,IA
50311,2,IA
50423,2,IA
50440,2,IA
50561,2,IA
50563,2,IA
50565,2,IA
50575,2,IA
50583,2,IA
50619,2,IA
50622,2,IA
50456,2,IA
64448,2,MO
50480,2,IA
50539,2,IA
50542,2,IA
50556,2,IA
6400,2,Other/Unknown
64020,2,MO
64024,2,MO
64029,2,MO
64030,2,MO
64040,2,MO
64061,2,MO
50244,2,IA
64429,2,MO
64439,2,MO
50457,2,IA
49893,2,MI
49919,2,MI
65020,2,MO
65026,2,MO
65037,2,MO
49757,2,MI
49783,2,MI
49802,2,MI
49833,2,MI
64831,2,MO
64834,2,MO
64856,2,MO
64873,2,MO
49421,2,MI
50056,2,IA
49437,2,MI
49453,2,MI
49657,2,MI
49676,2,MI
49707,2,MI
49738,2,MI
49616,2,MI
49621,2,MI
49622,2,MI
49635,2,MI
49636,2,MI
49640,2,MI
49643,2,MI
49648,2,MI
49431,2,MI
50062,2,IA
50063,2,IA
50069,2,IA
50071,2,IA
50074,2,IA
50109,2,IA
64671,2,MO
50006,2,IA
50020,2,IA
50026,2,IA
50035,2,IA
50047,2,IA
64485,2,MO
64489,2,MO
49892,2,MI
64493,2,MO
64498,2,MO
64601,2,MO
64644,2,MO
64661,2,MO
49920,2,MI
49945,2,MI
49950,2,MI
65051,2,MO
65052,2,MO
65063,2,MO
49839,2,MI
49849,2,MI
49876,2,MI
64491,2,MO
56759,2,MN
56764,2,Other/Unknown
56620,2,Other/Unknown
56628,2,MN
56654,2,MN
56662,2,MN
56667,2,MN
56285,2,MN
56291,2,MN
56292,2,MN
56294,2,MN
56171,2,MN
56176,2,MN
53718,2,WI
56216,2,MN
59554,2,Other/Unknown
56252,2,MN
56266,2,MN
56279,2,MN
56280,2,MN
56282,2,MN
59487,2,MT
59503,2,Other/Unknown
59522,2,MT
59540,2,MT
56330,2,MN
56343,2,MN
59430,2,MT
56186,2,MN
59088,2,MT
59104,2,MT
57073,2,SD
57109,2,SD
57137,2,Other/Unknown
57216,2,SD
57218,2,SD
57219,2,SD
56453,2,MN
56475,2,MN
56349,2,MN
56363,2,MN
56382,2,MN
56434,2,MN
59274,2,MT
56302,2,MN
59322,2,MT
59337,2,MT
59338,2,MT
59347,2,MT
56518,2,MN
56523,2,MN
56538,2,MN
56691,2,Other/Unknown
56711,2,MN
56566,2,MN
59257,2,MT
59260,2,MT
59261,2,MT
56297,2,MN
55797,2,MN
55801,2,MN
55802,2,MN
55805,2,MN
55910,2,MN
55953,2,MN
55954,2,MN
55965,2,MN
55971,2,MN
55975,2,MN
55976,2,MN
55979,2,MN
59831,2,MT
59837,2,MT
59431,2,Other/Unknown
59845,2,MT
59866,2,MT
55935,2,MN
56054,2,MN
56060,2,MN
56069,2,MN
59761,2,MT
59807,2,MT
59827,2,MT
55501,2,Other/Unknown
55609,2,MN
55614,2,MN
55703,2,MN
55402,2,MN
59844,2,MT
56160,2,MN
56166,2,MN
55991,2,MN
56009,2,MN
56026,2,MN
56046,2,MN
56052,2,MN
56117,2,MN
56120,2,MN
56121,2,MN
56122,2,MN
56128,2,MN
56137,2,MN
56150,2,MN
55790,2,MN
59640,2,MT
59647,2,MT
59648,2,MT
59754,2,MT
56097,2,MN
56110,2,MN
56222,2,MN
56224,2,MN
56229,2,MN
56230,2,MN
56237,2,MN
56243,2,MN
59604,2,MT
55983,2,MN
59633,2,MT
R6W 4B2,2,Canada
R7B 4C6,2,Canada
S0A 4T0,2,Canada
S0C 0R0,2,Canada
S0C 2L0,2,Canada
S0G 4G0,2,Canada
58355,2,ND
58265,2,ND
58269,2,ND
58273,2,ND
V9G 1N9,2,Canada
58317,2,ND
58739,2,Other/Unknown
59077,2,MT
58431,2,ND
58323,2,ND
58671,2,Other/Unknown
58609,2,Other/Unknown
58514,2,Other/Unknown
58543,2,Other/Unknown
T4E 2L9,2,Canada
T5N 2N4,2,Canada
T5Y 3A4,2,Canada
T6G 0R7,2,Canada
T6R 1E3,2,Canada
T7Y 1B8,2,Canada
T8A 3V6,2,Canada
57528,2,SD
58422,2,ND
96087,2,CA
58281,2,ND
T2G 1N8,2,Canada
S4S 3V6,2,Canada
01747,2,MA
01344,2,MA
Y,2,Other/Unknown
W3400,2,Other/Unknown
00851,2,VI
01007,2,MA
01020,2,MA
01036,2,MA
01863,2,MA
01876,2,MA
01604,2,MA
S4A 1G7,2,Canada
S4A 2A4,2,Canada
S4H 2K7,2,Canada
S4H 3M5,2,Canada
01075,2,MA
01749,2,MA
01756,2,MA
01775,2,MA
01824,2,MA
01826,2,MA
01844,2,MA
S0H 0Z0,2,Canada
S0H 4C0,2,Canada
01588,2,MA
01886,2,MA
59016,2,MT
59030,2,MT
59046,2,MT
59054,2,MT
57371,2,SD
57384,2,SD
57386,2,SD
57420,2,SD
57432,2,SD
59002,2,MT
59003,2,MT
56722,2,MN
56723,2,MN
56727,2,MN
57540,2,SD
56742,2,MN
56755,2,MN
56756,2,MN
56758,2,MN
59252,2,MT
57017,2,SD
57021,2,SD
57036,2,SD
57038,2,SD
57053,2,SD
57063,2,SD
57221,2,SD
57224,2,SD
57233,2,SD
56731,2,MN
57543,2,SD
57548,2,SD
57334,2,SD
57362,2,SD
57454,2,SD
57461,2,SD
57474,2,SD
57476,2,SD
57752,2,SD
57756,2,SD
57766,2,SD
57576,2,SD
58238,2,ND
58244,2,ND
57241,2,SD
58008,2,ND
58013,2,ND
58029,2,ND
58043,2,ND
57741,2,SD
57257,2,SD
57269,2,SD
57283,2,Other/Unknown
57303,2,Other/Unknown
57312,2,SD
57315,2,SD
59065,2,MT
59069,2,MT
57234,2,SD
58002,2,ND
54201,2,WI
54202,2,WI
54204,2,WI
54209,2,WI
54217,2,WI
54511,2,WI
60531,2,IL
60548,2,IL
60559,2,IL
60585,2,IL
53956,2,WI
53965,2,WI
54006,2,WI
55749,2,MN
54014,2,WI
6095,2,Other/Unknown
60950,2,IL
53932,2,WI
53934,2,WI
53935,2,WI
53947,2,WI
53948,2,WI
53949,2,WI
60707,2,IL
60712,2,IL
60803,2,IL
60941,2,IL
53813,2,WI
54011,2,WI
60506,2,IL
60512,2,IL
60517,2,IL
54433,2,WI
54436,2,WI
60453,2,IL
60466,2,IL
60467,2,IL
60468,2,IL
60470,2,IL
54612,2,WI
54619,2,WI
54622,2,WI
54623,2,WI
60616,2,IL
54627,2,WI
54628,2,WI
54629,2,WI
54423,2,WI
54114,2,WI
54156,2,WI
54157,2,WI
54234,2,WI
54242,2,Other/Unknown
54246,2,WI
54302,2,WI
54303,2,WI
54411,2,WI
54414,2,WI
54624,2,WI
61270,2,IL
61285,2,IL
61301,2,IL
61342,2,IL
6109,2,Other/Unknown
61102,2,IL
61115,2,IL
61232,2,IL
61233,2,IL
61038,2,IL
61068,2,IL
61070,2,IL
61071,2,IL
61084,2,IL
53818,2,WI
60964,2,IL
60968,2,IL
61001,2,IL
61011,2,IL
61019,2,IL
61036,2,IL
53516,2,WI
53517,2,WI
53549,2,WI
53560,2,WI
53565,2,WI
61469,2,IL
53594,2,WI
53666,2,Other/Unknown
60957,2,IL
54170,2,WI
54174,2,WI
60639,2,IL
60651,2,IL
R0G 1V0,2,Canada
R0H 0R0,2,Canada
R1A 2S6,2,Canada
R1N 3A4,2,Canada
R1N 3C3,2,Canada
R1N 3G4,2,Canada
02375,2,MA
02452,2,MA
02467,2,MA
R0G 0B0,2,Canada
61256,2,IL
02191,2,MA
02324,2,MA
02330,2,MA
02332,2,MA
02343,2,MA
02347,2,MA
P9N 0C5,2,Canada
P9N 1K5,2,Canada
02141,2,MA
02145,2,MA
02155,2,MA
02169,2,MA
02176,2,MA
61240,2,IL
02186,2,MA
R3N 0B2,2,Canada
R3P 0A8,2,Canada
R3R 3V4,2,Canada
R3R 3Y8,2,Canada
R2E 1E1,2,Canada
R2G 2L1,2,Canada
R2G 3S2,2,Canada
R2M 2N1,2,Canada
R2V 3K7,2,Canada
55054,2,MN
55055,2,MN
54943,2,WI
54964,2,WI
60503,2,IL
54968,2,WI
54984,2,WI
60081,2,IL
60085,2,IL
60097,2,IL
55020,2,MN
55037,2,MN
55049,2,MN
55053,2,MN
6004,2,Other/Unknown
60042,2,IL
60044,2,IL
60064,2,IL
60069,2,IL
54965,2,WI
55753,2,MN
55757,2,MN
55771,2,MN
55775,2,MN
59936,2,MT
60002,2,IL
60020,2,IL
60025,2,IL
55723,2,MN
55724,2,MN
55735,2,MN
55918,2,MN
59871,2,MT
59903,2,MT
02054,2,MA
59926,2,MT
59928,2,MT
02066,2,MA
02081,2,MA
02114,2,MA
02127,2,MA
02131,2,MA
R3T 6K4,2,Canada
R5G 2P3,2,Canada
01951,2,MA
01969,2,MA
02026,2,MA
02052,2,MA
02053,2,MA
59913,2,MT
54524,2,WI
54540,2,WI
54546,2,WI
54554,2,WI
54559,2,WI
54560,2,WI
54564,2,WI
54702,2,WI
54725,2,WI
54727,2,WI
54736,2,WI
54512,2,WI
60431,2,IL
60435,2,IL
55382,2,MN
54646,2,WI
54664,2,WI
60203,2,IL
60305,2,IL
60404,2,IL
60409,2,IL
54440,2,WI
54442,2,WI
54460,2,WI
54471,2,WI
54473,2,WI
54499,2,WI
5450,2,Other/Unknown
60473,2,IL
54642,2,WI
55324,2,MN
55329,2,MN
55310,2,MN
55071,2,MN
55087,2,MN
55089,2,MN
54819,2,WI
54822,2,WI
54826,2,WI
54827,2,WI
54835,2,WI
54838,2,WI
60151,2,IL
60160,2,IL
54895,2,WI
54750,2,WI
54758,2,WI
54769,2,WI
54909,2,WI
54925,2,Other/Unknown
60101,2,IL
60135,2,IL
60146,2,IL
54853,2,WI
54861,2,WI
54872,2,WI
54873,2,WI
54888,2,WI
54891,2,WI
60169,2,IL
39507,2,MS
39540,2,MS
40150,2,KY
40206,2,KY
40245,2,KY
40258,2,KY
40342,2,KY
39218,2,MS
75132,2,TX
75156,2,TX
75160,2,TX
39842,2,GA
40008,2,KY
48723,2,MI
40069,2,KY
75076,2,TX
75081,2,TX
75094,2,TX
75103,2,TX
75109,2,TX
75115,2,TX
75125,2,TX
75126,2,TX
75474,2,TX
75494,2,TX
75503,2,TX
75563,2,TX
75569,2,TX
40056,2,KY
74702,2,OK
74733,2,OK
74745,2,OK
40505,2,KY
40831,2,KY
41003,2,KY
41039,2,KY
41043,2,KY
42211,2,KY
42220,2,KY
42302,2,KY
40353,2,KY
41076,2,KY
41256,2,KY
39475,2,MS
41837,2,KY
42071,2,KY
75043,2,TX
75050,2,TX
75052,2,TX
75053,2,TX
75057,2,TX
75058,2,TX
75065,2,TX
41075,2,KY
39402,2,MS
39429,2,MS
39437,2,MS
39440,2,MS
41701,2,KY
38251,2,TN
38673,2,MS
38725,2,MS
38730,2,MS
38852,2,MS
38858,2,MS
75670,2,TX
75671,2,TX
75686,2,TX
38585,2,TN
38610,2,MS
38671,2,MS
38672,2,MS
75633,2,TX
38058,2,TN
38060,2,TN
38111,2,TN
76001,2,TX
76002,2,TX
37938,2,TN
38019,2,TN
38023,2,TN
38028,2,TN
75846,2,TX
75859,2,TX
75901,2,TX
75904,2,TX
75941,2,TX
38057,2,TN
75654,2,TX
7529,2,Other/Unknown
75423,2,TX
75454,2,TX
75457,2,TX
75468,2,TX
75473,2,TX
75189,2,TX
75235,2,TX
75249,2,TX
39553,2,MS
39555,2,MS
39560,2,MS
39562,2,MS
38237,2,TN
39577,2,MS
39834,2,GA
38337,2,TN
38358,2,TN
38463,2,TN
38468,2,TN
38473,2,TN
38556,2,TN
38572,2,TN
38860,2,MS
38862,2,MS
38863,2,MS
39039,2,MS
39202,2,MS
39574,2,MS
43431,2,OH
43443,2,OH
43950,2,OH
43951,2,OH
440 30,2,Other/Unknown
44011,2,OH
44017,2,OH
44028,2,OH
43713,2,OH
43725,2,OH
43756,2,OH
43844,2,OH
73742,2,OK
74525,2,OK
73760,2,OK
73761,2,OK
73763,2,OK
73860,2,OK
43606,2,OH
98816,2,WA
98843,2,WA
98847,2,WA
03909,2,ME
04005,2,ME
04011,2,ME
04021,2,ME
04038,2,ME
04079,2,ME
73758,2,OK
73529,2,OK
73530,2,OK
73541,2,OK
73614,2,Other/Unknown
73641,2,OK
73717,2,OK
73728,2,OK
73151,2,OK
73162,2,OK
73165,2,OK
73443,2,OK
73507,2,OK
73527,2,OK
73095,2,OK
43420,2,OH
73114,2,OK
73118,2,OK
73122,2,OK
73131,2,OK
73139,2,OK
44131,2,OH
73078,2,OK
73079,2,OK
73080,2,OK
73083,2,OK
73093,2,OK
43314,2,OH
43316,2,OH
43416,2,OH
73103,2,OK
43070,2,OH
43449,2,OH
43502,2,OH
43522,2,OH
43528,2,OH
43542,2,OH
74019,2,OK
74023,2,OK
74048,2,OK
43021,2,OH
43031,2,OH
43056,2,OH
75021,2,TX
75039,2,TX
04092,2,ME
42503,2,KY
42519,2,KY
42544,2,KY
42754,2,KY
42765,2,KY
43004,2,OH
74884,2,OK
74940,2,OK
75009,2,TX
42320,2,KY
42352,2,KY
74462,2,OK
74467,2,OK
74501,2,OK
42456,2,KY
04101,2,ME
03848,2,NH
03849,2,NH
03854,2,NH
03867,2,NH
03868,2,NH
03904,2,ME
98665,2,WA
98671,2,WA
98684,2,WA
03825,2,NH
03846,2,NH
43202,2,OH
43209,2,OH
74352,2,OK
74401,2,OK
74432,2,OK
74450,2,OK
43071,2,OH
43078,2,OH
43112,2,OH
43113,2,OH
43119,2,OH
74058,2,OK
74074,2,OK
74158,2,OK
74331,2,OK
74340,2,OK
74347,2,OK
43212,2,OH
37035,2,TN
37060,2,TN
37068,2,TN
37072,2,TN
35957,2,AL
35960,2,AL
36022,2,AL
77389,2,TX
77396,2,TX
77414,2,TX
35756,2,AL
35810,2,AL
35824,2,AL
75964,2,TX
35903,2,AL
35906,2,AL
35951,2,AL
77331,2,TX
77353,2,TX
77373,2,TX
77385,2,TX
77388,2,TX
35747,2,AL
36425,2,AL
36502,2,AL
36543,2,AL
36582,2,AL
77098,2,TX
35863,2,Other/Unknown
37144,2,TN
37166,2,TN
37191,2,TN
76624,2,TX
76641,2,TX
76671,2,TX
76841,2,TX
76877,2,TX
37073,2,TN
37408,2,TN
37411,2,TN
76528,2,TX
76531,2,TX
76537,2,TX
37034,2,TN
36092,2,AL
36093,2,AL
36109,2,AL
36262,2,AL
36323,2,AL
36037,2,AL
36067,2,AL
36078,2,AL
36080,2,AL
36089,2,AL
77049,2,TX
77063,2,TX
77064,2,TX
77089,2,TX
76539,2,TX
35125,2,AL
77856,2,TX
34952,2,FL
34979,2,FL
34982,2,FL
34983,2,FL
77632,2,TX
77651,2,TX
77662,2,TX
77665,2,TX
77706,2,TX
77713,2,TX
77831,2,TX
98556,2,WA
77535,2,TX
04217,2,ME
04239,2,ME
04240,2,ME
04265,2,ME
98396,2,WA
98408,2,WA
98424,2,WA
98528,2,WA
98548,2,WA
98361,2,WA
98363,2,WA
98364,2,WA
98371,2,WA
98374,2,WA
04102,2,ME
77551,2,TX
77563,2,TX
77568,2,TX
77581,2,TX
77583,2,TX
35563,2,AL
35581,2,AL
35585,2,AL
35622,2,AL
35633,2,AL
35178,2,AL
35205,2,AL
35209,2,AL
35453,2,AL
35124,2,AL
35555,2,AL
77445,2,TX
77476,2,TX
77477,2,TX
35148,2,AL
35160,2,AL
34614,2,FL
34667,2,FL
34684,2,FL
34695,2,FL
34739,2,FL
34746,2,FL
35054,2,AL
35079,2,AL
35475,2,AL
76031,2,TX
37738,2,TN
37745,2,TN
37754,2,TN
37769,2,TN
76230,2,TX
76245,2,TX
76247,2,TX
76249,2,TX
37681,2,TN
37683,2,TN
37687,2,TN
37722,2,TN
37138,2,TN
37725,2,TN
76147,2,TX
76161,2,TX
76177,2,TX
76208,2,TX
37615,2,TN
37640,2,TN
37642,2,TN
76103,2,TX
76110,2,TX
76133,2,TX
76135,2,TX
76137,2,TX
98605,2,WA
37723,2,TN
75762,2,TX
75763,2,TX
75770,2,TX
75802,2,TX
75840,2,TX
75844,2,TX
37860,2,TN
37865,2,TN
37869,2,TN
37874,2,TN
37886,2,TN
37912,2,TN
37807,2,TN
37811,2,TN
76023,2,TX
37841,2,TN
37848,2,TN
37853,2,TN
37857,2,TN
76039,2,TX
76058,2,TX
76060,2,TX
76067,2,TX
76070,2,TX
76082,2,TX
38119,2,TN
38125,2,TN
76005,2,TX
76006,2,TX
37813,2,TN
37310,2,TN
37318,2,TN
37322,2,TN
37323,2,TN
37353,2,TN
01854,2,MA
76433,2,TX
76453,2,TX
76455,2,TX
76458,2,TX
76462,2,TX
76520,2,TX
37218,2,TN
76264,2,TX
98625,2,WA
76354,2,TX
76365,2,TX
76366,2,TX
76401,2,TX
76424,2,TX
37206,2,TN
36587,2,AL
36862,2,AL
37014,2,TN
37031,2,TN
37032,2,TN
37080,2,TN
37090,2,TN
37110,2,TN
76273,2,TX
98631,2,WA
98644,2,WA
98646,2,Other/Unknown
04849,2,ME
04861,2,ME
04864,2,ME
04915,2,ME
04949,2,ME
98576,2,WA
98596,2,WA
04537,2,ME
04565,2,ME
04634,2,ME
04685,2,ME
37309,2,TN
04769,2,ME
04786,2,ME
04843,2,ME
04270,2,ME
04284,2,ME
04287,2,ME
04350,2,ME
04412,2,ME
04429,2,ME
37357,2,TN
37367,2,TN
37373,2,TN
37381,2,TN
37388,2,TN
04757,2,ME
68325,2,NE
68331,2,NE
68340,2,NE
47448,2,IN
47459,2,IN
47523,2,IN
47550,2,IN
47557,2,IN
47579,2,IN
46733,2,IN
46741,2,IN
46755,2,IN
46765,2,IN
72946,2,AR
46819,2,IN
47136,2,IN
47143,2,IN
47177,2,IN
46706,2,IN
46723,2,IN
47001,2,IN
47006,2,IN
47024,2,IN
47040,2,IN
47060,2,IN
47117,2,IN
47124,2,IN
68458,2,NE
46794,2,IN
47918,2,IN
47968,2,IN
47970,2,IN
68044,2,NE
68050,2,NE
47639,2,IN
47660,2,IN
47712,2,IN
47805,2,IN
68418,2,NE
68419,2,NE
68421,2,NE
68424,2,NE
68428,2,NE
68317,2,NE
68446,2,NE
68450,2,NE
68341,2,NE
68352,2,NE
68358,2,NE
68365,2,NE
68366,2,NE
68370,2,NE
68371,2,NE
68401,2,NE
47586,2,IN
68139,2,NE
68303,2,NE
68305,2,NE
68430,2,NE
46580,2,IN
46583,2,Other/Unknown
46614,2,IN
46635,2,IN
46637,2,IN
46703,2,IN
68715,2,NE
46394,2,IN
46514,2,IN
46517,2,IN
46530,2,IN
46552,2,IN
68624,2,NE
68626,2,NE
68462,2,NE
68638,2,NE
68642,2,NE
68643,2,NE
46391,2,IN
46392,2,IN
46825,2,IN
46953,2,IN
46970,2,IN
46975,2,IN
46979,2,IN
68522,2,NE
68532,2,NE
68621,2,NE
46371,2,IN
68627,2,NE
68463,2,NE
68465,2,NE
68503,2,NE
46987,2,IN
03064,2,NH
03077,2,NH
03079,2,NH
03087,2,NH
03215,2,NH
99207,2,WA
99209,2,WA
02904,2,RI
03031,2,NH
03042,2,NH
46574,2,IN
03057,2,NH
99201,2,WA
02860,2,RI
02879,2,RI
02886,2,RI
02888,2,RI
02891,2,RI
02896,2,RI
99116,2,WA
99121,2,WA
99123,2,WA
99159,2,WA
99166,2,WA
99185,2,WA
03049,2,NH
66760,2,KS
66771,2,KS
66783,2,KS
66801,2,KS
48317,2,MI
48320,2,MI
48336,2,MI
48357,2,MI
48360,2,MI
67175,2,Other/Unknown
48198,2,MI
48202,2,MI
48207,2,MI
47885,2,IN
48313,2,MI
67119,2,KS
67123,2,KS
67124,2,KS
67135,2,KS
67138,2,KS
67144,2,KS
48197,2,MI
67029,2,KS
67039,2,KS
67063,2,KS
48182,2,MI
48185,2,MI
48186,2,MI
48302,2,MI
48730,2,MI
48746,2,MI
48749,2,MI
48755,2,MI
66535,2,KS
48614,2,MI
48616,2,MI
48629,2,MI
48634,2,MI
66409,2,KS
66414,2,KS
66434,2,KS
66436,2,KS
66524,2,KS
66753,2,KS
48507,2,MI
48519,2,MI
48601,2,MI
66865,2,KS
48416,2,MI
48433,2,MI
48453,2,MI
48458,2,MI
48473,2,MI
66846,2,KS
48363,2,MI
48374,2,MI
48383,2,MI
66733,2,KS
66531,2,KS
48060,2,MI
48070,2,MI
67834,2,KS
67860,2,KS
67876,2,KS
68017,2,NE
47978,2,IN
48003,2,MI
48005,2,MI
48006,2,MI
67574,2,KS
67578,2,KS
67622,2,KS
67654,2,KS
67522,2,KS
67701,2,KS
67756,2,KS
47356,2,IN
47368,2,IN
47374,2,IN
47401,2,IN
47403,2,IN
47408,2,IN
47443,2,IN
68069,2,NE
47325,2,IN
47334,2,IN
47342,2,IN
47353,2,IN
67658,2,KS
67526,2,KS
67543,2,KS
48114,2,MI
48131,2,MI
48134,2,MI
48158,2,MI
48164,2,MI
48169,2,MI
48173,2,MI
48179,2,MI
67301,2,KS
67344,2,KS
67425,2,KS
67480,2,KS
48054,2,MI
48106,2,MI
67203,2,KS
67204,2,KS
67208,2,KS
67210,2,KS
67215,2,KS
48076,2,MI
48080,2,MI
48092,2,MI
48093,2,MI
47601,2,IN
47615,2,IN
47631,2,IN
48049,2,MI
67481,2,KS
03781,2,NH
03809,2,NH
99027,2,WA
99034,2,WA
99109,2,WA
03466,2,NH
03743,2,NH
03249,2,NH
03260,2,NH
98903,2,WA
98930,2,WA
98932,2,WA
98937,2,WA
68872,2,NE
44437,2,OH
44440,2,OH
44481,2,OH
44601,2,OH
44626,2,OH
44654,2,OH
72635,2,AR
72638,2,AR
72648,2,AR
44312,2,OH
44333,2,OH
44410,2,OH
72437,2,AR
72454,2,AR
03226,2,NH
45061,2,OH
45067,2,OH
71269,2,LA
71273,2,LA
71360,2,LA
71429,2,LA
71457,2,LA
44907,2,OH
45005,2,OH
45011,2,OH
45039,2,OH
45044,2,OH
44830,2,OH
44839,2,OH
72088,2,AR
44851,2,OH
44889,2,OH
44903,2,OH
72110,2,AR
72126,2,AR
72150,2,AR
72173,2,AR
44814,2,OH
72012,2,AR
72020,2,AR
72032,2,AR
72046,2,AR
72067,2,AR
72086,2,AR
44842,2,OH
44663,2,OH
44666,2,OH
44667,2,OH
44672,2,OH
44681,2,OH
44705,2,OH
44090,2,OH
44106,2,OH
44124,2,OH
44126,2,OH
44048,2,OH
44050,2,OH
44057,2,OH
44062,2,OH
72530,2,AR
44084,2,OH
44087,2,OH
72949,2,AR
73004,2,OK
73008,2,OK
73045,2,OK
73055,2,OK
73064,2,OK
44251,2,OH
44255,2,OH
44273,2,OH
44280,2,OH
44281,2,OH
72941,2,AR
44074,2,OH
72560,2,AR
72561,2,AR
72206,2,AR
72211,2,AR
72324,2,AR
72394,2,AR
72405,2,AR
72417,2,AR
44146,2,OH
44201,2,OH
44203,2,OH
44212,2,OH
44216,2,OH
44221,2,OH
44656,2,OH
44226,2,Other/Unknown
72823,2,AR
72847,2,AR
72874,2,Other/Unknown
72908,2,AR
44138,2,OH
44140,2,OH
44718,2,OH
72650,2,AR
72668,2,AR
72687,2,AR
72718,2,AR
72719,2,AR
72740,2,AR
44223,2,OH
69155,2,NE
69156,2,NE
46121,2,IN
46128,2,IN
46145,2,Other/Unknown
46147,2,IN
46160,2,IN
46163,2,IN
68958,2,NE
68978,2,NE
69033,2,NE
69121,2,NE
69145,2,NE
71945,2,AR
45503,2,OH
45504,2,OH
45652,2,OH
45657,2,OH
45663,2,OH
70092,2,LA
45405,2,OH
45410,2,OH
45430,2,OH
69360,2,NE
69516,2,Other/Unknown
70037,2,LA
70047,2,LA
70053,2,LA
45455,2,Other/Unknown
68878,2,NE
68937,2,NE
68940,2,NE
68941,2,NE
68838,2,NE
68846,2,NE
46226,2,IN
46235,2,IN
46268,2,IN
46278,2,IN
68771,2,NE
68779,2,NE
68783,2,NE
68788,2,NE
46201,2,IN
68826,2,NE
68719,2,NE
68735,2,NE
68757,2,NE
68765,2,NE
68768,2,NE
45806,2,OH
45810,2,OH
45853,2,OH
45895,2,OH
46012,2,IN
46044,2,IN
46164,2,IN
46173,2,IN
68818,2,NE
45331,2,OH
45342,2,OH
45347,2,OH
45365,2,OH
45369,2,OH
45380,2,OH
45385,2,OH
71105,2,LA
45242,2,OH
45251,2,OH
45314,2,OH
45318,2,OH
70739,2,LA
70774,2,LA
70072,2,LA
70791,2,LA
45226,2,OH
71968,2,AR
72007,2,AR
45102,2,OH
45122,2,OH
45133,2,OH
45148,2,OH
45154,2,OH
45157,2,OH
45174,2,OH
71469,2,LA
71852,2,AR
71941,2,AR
70775,2,LA
46055,2,IN
46068,2,IN
69334,2,NE
69339,2,NE
69343,2,NE
69356,2,NE
70592,2,LA
70607,2,LA
70633,2,LA
70663,2,LA
70710,2,LA
70729,2,LA
70503,2,LA
70535,2,LA
45327,2,OH
70380,2,LA
70427,2,LA
70433,2,LA
70446,2,LA
45701,2,OH
45732,2,OH
45744,2,OH
45750,2,OH
45761,2,OH
70364,2,LA
71203,2,LA
71211,2,LA
71222,2,LA
71227,2,LA
70583,2,LA
00802,1,VI
01085,1,MA
R3M 1E6,1,Canada
01915,1,MA
01938,1,MA
02038,1,MA
55781,1,MN
55497,1,Other/Unknown
56115,1,MN
54896,1,WI
60119,1,IL
60136,1,IL
55220,1,Other/Unknown
55090,1,MN
54949,1,WI
R2J 3E6,1,Canada
R3L 0C6,1,Canada
54427,1,WI
54484,1,WI
60401,1,IL
6042,1,Other/Unknown
60440,1,IL
54721,1,WI
54723,1,WI
54547,1,WI
60643,1,IL
53929,1,WI
54007,1,WI
60538,1,IL
60607,1,IL
54092,1,Other/Unknown
54630,1,WI
60465,1,IL
94538,1,CA
94545,1,CA
94555,1,CA
94574,1,CA
94578,1,CA
13126,1,NY
13617,1,NY
94112,1,CA
10950,1,NY
97138,1,OR
97207,1,OR
10018,1,NY
10029,1,NY
10156,1,NY
10305,1,NY
10314,1,NY
13820,1,NY
94605,1,CA
94619,1,CA
94805,1,CA
94925,1,CA
94964,1,CA
95037,1,CA
10804,1,NY
12306,1,NY
12518,1,NY
95472,1,CA
95585,1,CA
95604,1,CA
95640,1,CA
95122,1,CA
13811,1,NY
92210,1,CA
92252,1,CA
92263,1,CA
92276,1,CA
92305,1,CA
16866,1,PA
16901,1,PA
18051,1,PA
16365,1,PA
16508,1,PA
08867,1,NJ
08876,1,NJ
10007,1,NY
97216,1,OR
97222,1,OR
97404,1,OR
93727,1,CA
92860,1,CA
92865,1,CA
93034,1,CA
93066,1,CA
15241,1,PA
16001,1,PA
92551,1,CA
94133,1,CA
14532,1,NY
14560,1,NY
14609,1,NY
14616,1,NY
14624,1,NY
14625,1,NY
15017,1,PA
90601,1,CA
90604,1,CA
08234,1,NJ
08528,1,NJ
08648,1,NJ
89570,1,NV
90012,1,CA
90019,1,CA
18947,1,PA
19008,1,PA
90710,1,CA
90712,1,CA
19114,1,PA
19127,1,PA
90067,1,CA
90422,1,Other/Unknown
91605,1,CA
91737,1,CA
91762,1,CA
18072,1,PA
18080,1,PA
18229,1,PA
91202,1,CA
91311,1,CA
17350,1,PA
17519,1,PA
18436,1,PA
91915,1,CA
92054,1,CA
17701,1,PA
17754,1,PA
87714,1,NM
87823,1,NM
21155,1,MD
21201,1,MD
21202,1,MD
21206,1,MD
21220,1,MD
88042,1,NM
88345,1,NM
08075,1,NJ
08080,1,NJ
08106,1,NJ
97730,1,OR
07642,1,NJ
07648,1,NJ
89029,1,NV
89105,1,NV
20186,1,VA
20197,1,VA
20198,1,VA
20602,1,MD
88325,1,NM
90025,1,CA
90032,1,CA
19707,1,DE
19713,1,DE
89435,1,NV
89445,1,NV
20018,1,DC
20768,1,MD
07410,1,NJ
07438,1,NJ
2635 GJ,1,Other/Unknown
27101,1,NC
24572,1,VA
24986,1,WV
25241,1,WV
27332,1,NC
24137,1,VA
24363,1,VA
24401,1,VA
24426,1,VA
07825,1,NJ
07304,1,NJ
07307,1,NJ
07310,1,NJ
22181,1,VA
23222,1,VA
23223,1,VA
85653,1,AZ
23314,1,VA
23435,1,VA
25420,1,WV
88044,1,NM
87056,1,NM
87105,1,NM
21758,1,MD
87125,1,NM
87153,1,NM
86045,1,AZ
21817,1,MD
06790,1,CT
06870,1,CT
06415,1,CT
28501,1,NC
28530,1,NC
28551,1,NC
28655,1,NC
83632,1,ID
28306,1,NC
28311,1,NC
28401,1,NC
28139,1,NC
07605,1,NJ
07632,1,NJ
98051,1,WA
98104,1,WA
27103,1,NC
27215,1,NC
28216,1,NC
84128,1,UT
27701,1,NC
84036,1,UT
27503,1,NC
85012,1,AZ
85040,1,AZ
26161,1,WV
26301,1,WV
84651,1,UT
84711,1,UT
27513,1,NC
81435,1,CO
06604,1,CT
06776,1,CT
06226,1,CT
31768,1,GA
80802,1,CO
32223,1,FL
80734,1,CO
29608,1,SC
82021,1,Other/Unknown
82301,1,WY
82401,1,WY
30034,1,GA
81611,1,CO
81624,1,CO
30577,1,GA
8316 CJ,1,Other/Unknown
83227,1,ID
83237,1,ID
29401,1,SC
29403,1,SC
29505,1,SC
29841,1,SC
3000,1,Other/Unknown
28782,1,NC
28791,1,NC
83562,1,Other/Unknown
83611,1,ID
28792,1,NC
28806,1,NC
29206,1,SC
83024,1,Other/Unknown
80216,1,CO
32703,1,FL
32732,1,FL
32759,1,FL
32801,1,FL
32561,1,FL
80038,1,CO
32960,1,FL
80422,1,CO
32246,1,FL
32301,1,FL
05048,1,VT
05055,1,VT
05341,1,VT
05396,1,Other/Unknown
05843,1,VT
80482,1,CO
8051,1,Other/Unknown
32118,1,FL
32134,1,FL
32580,1,FL
32626,1,FL
80339,1,Other/Unknown
31778,1,GA
32003,1,FL
32040,1,FL
3207,1,Other/Unknown
32097,1,FL
31076,1,GA
32407,1,FL
80442,1,CO
77879,1,TX
78010,1,TX
06001,1,CT
98555,1,WA
04103,1,ME
77806,1,TX
77835,1,TX
34953,1,FL
78521,1,TX
78577,1,TX
34205,1,FL
34228,1,FL
33971,1,FL
34610,1,FL
78418,1,TX
34760,1,FL
79762,1,TX
78765,1,TX
78861,1,TX
78621,1,TX
78653,1,TX
78705,1,TX
33922,1,FL
78736,1,TX
32962,1,FL
33071,1,FL
33136,1,FL
79934,1,TX
33436,1,FL
33477,1,FL
33573,1,FL
79756,1,TX
04357,1,ME
04530,1,ME
04901,1,ME
98623,1,WA
37914,1,TN
37645,1,TN
37686,1,TN
77082,1,TX
77094,1,TX
36207,1,AL
76541,1,TX
77004,1,TX
37115,1,TN
37203,1,TN
37379,1,TN
77598,1,TX
36360,1,AL
36527,1,AL
77110,1,Other/Unknown
77358,1,TX
35750,1,AL
35950,1,AL
77048,1,TX
34981,1,FL
35023,1,AL
35031,1,AL
34639,1,FL
77478,1,TX
35253,1,AL
35614,1,AL
77590,1,TX
03872,1,NH
98704,1,Other/Unknown
98856,1,WA
43845,1,OH
43920,1,OH
43952,1,OH
44047,1,OH
74464,1,OK
74834,1,OK
43019,1,OH
75038,1,TX
75041,1,TX
43215,1,OH
98674,1,WA
38680,1,MS
38855,1,MS
39168,1,MS
75181,1,TX
75417,1,TX
40516,1,KY
41031,1,KY
37846,1,TN
37863,1,TN
75707,1,TX
75949,1,TX
75961,1,TX
38053,1,TN
38080,1,TN
03584,1,NH
72076,1,AR
44730,1,OH
44735,1,OH
44833,1,OH
44890,1,OH
71280,1,LA
03220,1,NH
03229,1,NH
03257,1,NH
03285,1,NH
03287,1,NH
03431,1,NH
03440,1,NH
03455,1,NH
72736,1,AR
44142,1,OH
72364,1,AR
72579,1,AR
72619,1,AR
44514,1,OH
99003,1,WA
73142,1,OK
44264,1,OH
73051,1,OK
73057,1,OK
44053,1,OH
44128,1,OH
44130,1,OH
44708,1,OH
46342,1,IN
46347,1,IN
46501,1,IN
02882,1,RI
03051,1,NH
47104,1,IN
47138,1,IN
47304,1,IN
69346,1,NE
70112,1,LA
45432,1,OH
68970,1,NE
46167,1,IN
46202,1,IN
46205,1,IN
45805,1,OH
70301,1,LA
70390,1,LA
70437,1,LA
70452,1,LA
70501,1,LA
70575,1,LA
70578,1,LA
69211,1,NE
71341,1,LA
714,1,Other/Unknown
71730,1,AR
71973,1,AR
70816,1,LA
45387,1,OH
71119,1,LA
02481,1,MA
02663,1,MA
02790,1,MA
99508,1,AK
99517,1,AK
49019,1,MI
66211,1,KS
48367,1,MI
48371,1,MI
48462,1,MI
48503,1,MI
66940,1,KS
67003,1,KS
48612,1,MI
48733,1,MI
48104,1,MI
67546,1,KS
67067,1,KS
67114,1,KS
48239,1,MI
66833,1,KS
66862,1,KS
48362,1,MI
46761,1,IN
47514,1,IN
47720,1,IN
47872,1,IN
48066,1,MI
48072,1,MI
67202,1,KS
N2A 1L9,1,Canada
63072,1,MO
63101,1,MO
63104,1,MO
51564,1,IA
52157,1,IA
62889,1,IL
63552,1,MO
63379,1,MO
99686,1,AK
99725,1,AK
99821,1,AK
J3Y 8J3,1,Canada
K2P 1N7,1,Canada
K4K 1H7,1,Canada
49451,1,MI
49803,1,Other/Unknown
50025,1,IA
64734,1,MO
50486,1,Other/Unknown
50421,1,IA
65738,1,MO
65795,1,Other/Unknown
65899,1,MO
65646,1,MO
65672,1,MO
49659,1,MI
49749,1,MI
61341,1,IL
P0W 1C0,1,Canada
02351,1,MA
02453,1,MA
60622,1,IL
60623,1,IL
60638,1,IL
53726,1,WI
53507,1,WI
61048,1,IL
61053,1,IL
61085,1,IL
61101,1,IL
61230,1,IL
61282,1,IL
53214,1,WI
53215,1,WI
61748,1,IL
61755,1,IL
61415,1,IL
61421,1,IL
53566,1,WI
53715,1,WI
62351,1,IL
61874,1,IL
61919,1,IL
61943,1,IL
53110,1,WI
53120,1,WI
53044,1,WI
53208,1,WI
58205,1,ND
R6W 1E1,1,Canada
S0G 4E0,1,Canada
01566,1,MA
01746,1,MA
01081,1,MA
01040,1,MA
01364,1,MA
57270,1,SD
57750,1,SD
57579,1,SD
58884,1,Other/Unknown
57551,1,SD
58681,1,Other/Unknown
58108,1,ND
56533,1,MN
57317,1,SD
57101,1,SD
59082,1,MT
59103,1,MT
59008,1,MT
57243,1,SD
57265,1,SD
59403,1,MT
59435,1,MT
59483,1,MT
59489,1,MT
59508,1,Other/Unknown
56253,1,MN
56256,1,MN
59320,1,Other/Unknown
10520,1,NY
95695,1,CA
11772,1,NY
11778,1,NY
11798,1,NY
12015,1,NY
12203,1,NY
12205,1,NY
95927,1,CA
95992,1,CA
11554,1,NY
11566,1,NY
11598,1,NY
11701,1,NY
11729,1,NY
11735,1,NY
96096,1,CA
96150,1,CA
96744,1,HI
96790,1,HI
96816,1,HI
10998,1,NY
11216,1,NY
95818,1,CA
01535,1,MA
T0L 0Z0,1,Canada
T3M 1B2,1,Canada
S4R 6M5,1,Canada
SY11 1FB,1,Other/Unknown
V3Z 0P9,1,Canada
V6J 2N9,1,Canada
11747,0,NY
58470,0,Other/Unknown
02190,0,MA
65761,0,MO
65016,0,MO
64741,0,MO
63089,0,MO
67749,0,KS
49337,0,MI
71104,0,LA
44143,0,OH
72142,0,AR
38068,0,TN
38804,0,MS
43138,0,OH
73077,0,OK
37383,0,TN
32176,0,FL
27958,0,NC
84043,0,UT
23601,0,VA
89081,0,NV
88888,0,DC
17885,0,PA
55793,0,MN
