port,state,port_code,date,measure,value
Del Bonita,Montana,3322,2019-04-01,Bus Passengers,9
Del Bonita,Montana,3322,2019-05-01,Bus Passengers,13
Del Bonita,Montana,3322,2019-06-01,Bus Passengers,14
Del Bonita,Montana,3322,2019-07-01,Bus Passengers,15
Del Bonita,Montana,3322,2022-06-01,Bus Passengers,26
Del Bonita,Montana,3322,2026-07-01,Bus Passengers,36
Del Bonita,Montana,3322,2019-04-01,Buses,1
Del Bonita,Montana,3322,2019-05-01,Buses,1
Del Bonita,Montana,3322,2019-06-01,Buses,1
Del Bonita,Montana,3322,2019-07-01,Buses,1
Del Bonita,Montana,3322,2022-06-01,Buses,1
Del Bonita,Montana,3322,2026-07-01,Buses,2
Del Bonita,Montana,3322,2019-01-01,Personal Vehicle Passengers,3115
Del Bonita,Montana,3322,2019-02-01,Personal Vehicle Passengers,3553
Del Bonita,Montana,3322,2019-03-01,Personal Vehicle Passengers,3206
Del Bonita,Montana,3322,2019-04-01,Personal Vehicle Passengers,3588
Del Bonita,Montana,3322,2019-05-01,Personal Vehicle Passengers,4326
Del Bonita,Montana,3322,2019-06-01,Personal Vehicle Passengers,5441
Del Bonita,Montana,3322,2019-07-01,Personal Vehicle Passengers,8485
Del Bonita,Montana,3322,2019-08-01,Personal Vehicle Passengers,9173
Del Bonita,Montana,3322,2019-09-01,Personal Vehicle Passengers,2863
Del Bonita,Montana,3322,2019-10-01,Personal Vehicle Passengers,3043
Del Bonita,Montana,3322,2019-11-01,Personal Vehicle Passengers,2823
Del Bonita,Montana,3322,2019-12-01,Personal Vehicle Passengers,5019
Del Bonita,Montana,3322,2020-01-01,Personal Vehicle Passengers,3075
Del Bonita,Montana,3322,2020-02-01,Personal Vehicle Passengers,4007
Del Bonita,Montana,3322,2020-03-01,Personal Vehicle Passengers,1107
Del Bonita,Montana,3322,2020-04-01,Personal Vehicle Passengers,81
Del Bonita,Montana,3322,2020-05-01,Personal Vehicle Passengers,127
Del Bonita,Montana,3322,2020-06-01,Personal Vehicle Passengers,136
Del Bonita,Montana,3322,2020-07-01,Personal Vehicle Passengers,144
Del Bonita,Montana,3322,2020-08-01,Personal Vehicle Passengers,164
Del Bonita,Montana,3322,2020-09-01,Personal Vehicle Passengers,119
Del Bonita,Montana,3322,2020-10-01,Personal Vehicle Passengers,104
Del Bonita,Montana,3322,2020-11-01,Personal Vehicle Passengers,92
Del Bonita,Montana,3322,2020-12-01,Personal Vehicle Passengers,93
Del Bonita,Montana,3322,2021-01-01,Personal Vehicle Passengers,54
Del Bonita,Montana,3322,2021-02-01,Personal Vehicle Passengers,50
Del Bonita,Montana,3322,2021-03-01,Personal Vehicle Passengers,45
Del Bonita,Montana,3322,2021-04-01,Personal Vehicle Passengers,68
Del Bonita,Montana,3322,2021-05-01,Personal Vehicle Passengers,86
Del Bonita,Montana,3322,2021-06-01,Personal Vehicle Passengers,161
Del Bonita,Montana,3322,2021-07-01,Personal Vehicle Passengers,194
Del Bonita,Montana,3322,2021-08-01,Personal Vehicle Passengers,280
Del Bonita,Montana,3322,2021-09-01,Personal Vehicle Passengers,260
Del Bonita,Montana,3322,2021-10-01,Personal Vehicle Passengers,200
Del Bonita,Montana,3322,2021-11-01,Personal Vehicle Passengers,1059
Del Bonita,Montana,3322,2021-12-01,Personal Vehicle Passengers,1316
Del Bonita,Montana,3322,2022-01-01,Personal Vehicle Passengers,521
Del Bonita,Montana,3322,2022-02-01,Personal Vehicle Passengers,2015
Del Bonita,Montana,3322,2022-03-01,Personal Vehicle Passengers,936
Del Bonita,Montana,3322,2022-04-01,Personal Vehicle Passengers,1610
Del Bonita,Montana,3322,2022-05-01,Personal Vehicle Passengers,1644
Del Bonita,Montana,3322,2022-06-01,Personal Vehicle Passengers,2070
Del Bonita,Montana,3322,2022-07-01,Personal Vehicle Passengers,3199
Del Bonita,Montana,3322,2022-08-01,Personal Vehicle Passengers,2923
Del Bonita,Montana,3322,2022-09-01,Personal Vehicle Passengers,1959
Del Bonita,Montana,3322,2022-10-01,Personal Vehicle Passengers,1511
Del Bonita,Montana,3322,2022-11-01,Personal Vehicle Passengers,1270
Del Bonita,Montana,3322,2022-12-01,Personal Vehicle Passengers,2147
Del Bonita,Montana,3322,2023-01-01,Personal Vehicle Passengers,1380
Del Bonita,Montana,3322,2023-02-01,Personal Vehicle Passengers,1510
Del Bonita,Montana,3322,2023-03-01,Personal Vehicle Passengers,1356
Del Bonita,Montana,3322,2023-04-01,Personal Vehicle Passengers,1627
Del Bonita,Montana,3322,2023-05-01,Personal Vehicle Passengers,2518
Del Bonita,Montana,3322,2023-06-01,Personal Vehicle Passengers,3168
Del Bonita,Montana,3322,2023-07-01,Personal Vehicle Passengers,5344
Del Bonita,Montana,3322,2023-08-01,Personal Vehicle Passengers,5187
Del Bonita,Montana,3322,2023-09-01,Personal Vehicle Passengers,2734
Del Bonita,Montana,3322,2023-10-01,Personal Vehicle Passengers,2126
Del Bonita,Montana,3322,2023-11-01,Personal Vehicle Passengers,2222
Del Bonita,Montana,3322,2023-12-01,Personal Vehicle Passengers,3236
Del Bonita,Montana,3322,2024-01-01,Personal Vehicle Passengers,1511
Del Bonita,Montana,3322,2024-02-01,Personal Vehicle Passengers,2444
Del Bonita,Montana,3322,2024-03-01,Personal Vehicle Passengers,2016
Del Bonita,Montana,3322,2024-04-01,Personal Vehicle Passengers,1944
Del Bonita,Montana,3322,2024-05-01,Personal Vehicle Passengers,2701
Del Bonita,Montana,3322,2024-06-01,Personal Vehicle Passengers,3082
Del Bonita,Montana,3322,2024-07-01,Personal Vehicle Passengers,5035
Del Bonita,Montana,3322,2024-08-01,Personal Vehicle Passengers,5144
Del Bonita,Montana,3322,2024-09-01,Personal Vehicle Passengers,2364
Del Bonita,Montana,3322,2024-10-01,Personal Vehicle Passengers,2414
Del Bonita,Montana,3322,2024-11-01,Personal Vehicle Passengers,2046
Del Bonita,Montana,3322,2024-12-01,Personal Vehicle Passengers,3241
Del Bonita,Montana,3322,2025-01-01,Personal Vehicle Passengers,1741
Del Bonita,Montana,3322,2025-02-01,Personal Vehicle Passengers,1916
Del Bonita,Montana,3322,2025-03-01,Personal Vehicle Passengers,1601
Del Bonita,Montana,3322,2025-04-01,Personal Vehicle Passengers,1495
Del Bonita,Montana,3322,2025-05-01,Personal Vehicle Passengers,2033
Del Bonita,Montana,3322,2025-06-01,Personal Vehicle Passengers,2560
Del Bonita,Montana,3322,2025-07-01,Personal Vehicle Passengers,3925
Del Bonita,Montana,3322,2025-08-01,Personal Vehicle Passengers,4189
Del Bonita,Montana,3322,2025-09-01,Personal Vehicle Passengers,1812
Del Bonita,Montana,3322,2025-10-01,Personal Vehicle Passengers,2069
Del Bonita,Montana,3322,2025-11-01,Personal Vehicle Passengers,1713
Del Bonita,Montana,3322,2025-12-01,Personal Vehicle Passengers,2648
Del Bonita,Montana,3322,2026-01-01,Personal Vehicle Passengers,1667
Del Bonita,Montana,3322,2026-02-01,Personal Vehicle Passengers,2331
Del Bonita,Montana,3322,2026-03-01,Personal Vehicle Passengers,1454
Del Bonita,Montana,3322,2026-04-01,Personal Vehicle Passengers,1965
Del Bonita,Montana,3322,2026-05-01,Personal Vehicle Passengers,1718
Del Bonita,Montana,3322,2026-06-01,Personal Vehicle Passengers,2960
Del Bonita,Montana,3322,2026-07-01,Personal Vehicle Passengers,5518
Del Bonita,Montana,3322,2019-01-01,Personal Vehicles,1462
Del Bonita,Montana,3322,2019-02-01,Personal Vehicles,1440
Del Bonita,Montana,3322,2019-03-01,Personal Vehicles,1540
Del Bonita,Montana,3322,2019-04-01,Personal Vehicles,1651
Del Bonita,Montana,3322,2019-05-01,Personal Vehicles,2008
Del Bonita,Montana,3322,2019-06-01,Personal Vehicles,2561
Del Bonita,Montana,3322,2019-07-01,Personal Vehicles,3573
Del Bonita,Montana,3322,2019-08-01,Personal Vehicles,3845
Del Bonita,Montana,3322,2019-09-01,Personal Vehicles,1521
Del Bonita,Montana,3322,2019-10-01,Personal Vehicles,1531
Del Bonita,Montana,3322,2019-11-01,Personal Vehicles,1388
Del Bonita,Montana,3322,2019-12-01,Personal Vehicles,2195
Del Bonita,Montana,3322,2020-01-01,Personal Vehicles,1433
Del Bonita,Montana,3322,2020-02-01,Personal Vehicles,1697
Del Bonita,Montana,3322,2020-03-01,Personal Vehicles,609
Del Bonita,Montana,3322,2020-04-01,Personal Vehicles,51
Del Bonita,Montana,3322,2020-05-01,Personal Vehicles,89
Del Bonita,Montana,3322,2020-06-01,Personal Vehicles,95
Del Bonita,Montana,3322,2020-07-01,Personal Vehicles,117
Del Bonita,Montana,3322,2020-08-01,Personal Vehicles,114
Del Bonita,Montana,3322,2020-09-01,Personal Vehicles,92
Del Bonita,Montana,3322,2020-10-01,Personal Vehicles,75
Del Bonita,Montana,3322,2020-11-01,Personal Vehicles,76
Del Bonita,Montana,3322,2020-12-01,Personal Vehicles,74
Del Bonita,Montana,3322,2021-01-01,Personal Vehicles,47
Del Bonita,Montana,3322,2021-02-01,Personal Vehicles,45
Del Bonita,Montana,3322,2021-03-01,Personal Vehicles,42
Del Bonita,Montana,3322,2021-04-01,Personal Vehicles,53
Del Bonita,Montana,3322,2021-05-01,Personal Vehicles,62
Del Bonita,Montana,3322,2021-06-01,Personal Vehicles,108
Del Bonita,Montana,3322,2021-07-01,Personal Vehicles,117
Del Bonita,Montana,3322,2021-08-01,Personal Vehicles,169
Del Bonita,Montana,3322,2021-09-01,Personal Vehicles,179
Del Bonita,Montana,3322,2021-10-01,Personal Vehicles,139
Del Bonita,Montana,3322,2021-11-01,Personal Vehicles,554
Del Bonita,Montana,3322,2021-12-01,Personal Vehicles,672
Del Bonita,Montana,3322,2022-01-01,Personal Vehicles,282
Del Bonita,Montana,3322,2022-02-01,Personal Vehicles,1028
Del Bonita,Montana,3322,2022-03-01,Personal Vehicles,452
Del Bonita,Montana,3322,2022-04-01,Personal Vehicles,735
Del Bonita,Montana,3322,2022-05-01,Personal Vehicles,838
Del Bonita,Montana,3322,2022-06-01,Personal Vehicles,993
Del Bonita,Montana,3322,2022-07-01,Personal Vehicles,1394
Del Bonita,Montana,3322,2022-08-01,Personal Vehicles,1350
Del Bonita,Montana,3322,2022-09-01,Personal Vehicles,964
Del Bonita,Montana,3322,2022-10-01,Personal Vehicles,823
Del Bonita,Montana,3322,2022-11-01,Personal Vehicles,663
Del Bonita,Montana,3322,2022-12-01,Personal Vehicles,962
Del Bonita,Montana,3322,2023-01-01,Personal Vehicles,670
Del Bonita,Montana,3322,2023-02-01,Personal Vehicles,702
Del Bonita,Montana,3322,2023-03-01,Personal Vehicles,688
Del Bonita,Montana,3322,2023-04-01,Personal Vehicles,805
Del Bonita,Montana,3322,2023-05-01,Personal Vehicles,1248
Del Bonita,Montana,3322,2023-06-01,Personal Vehicles,1490
Del Bonita,Montana,3322,2023-07-01,Personal Vehicles,2280
Del Bonita,Montana,3322,2023-08-01,Personal Vehicles,2230
Del Bonita,Montana,3322,2023-09-01,Personal Vehicles,1382
Del Bonita,Montana,3322,2023-10-01,Personal Vehicles,1103
Del Bonita,Montana,3322,2023-11-01,Personal Vehicles,1068
Del Bonita,Montana,3322,2023-12-01,Personal Vehicles,1483
Del Bonita,Montana,3322,2024-01-01,Personal Vehicles,738
Del Bonita,Montana,3322,2024-02-01,Personal Vehicles,1047
Del Bonita,Montana,3322,2024-03-01,Personal Vehicles,993
Del Bonita,Montana,3322,2024-04-01,Personal Vehicles,998
Del Bonita,Montana,3322,2024-05-01,Personal Vehicles,1301
Del Bonita,Montana,3322,2024-06-01,Personal Vehicles,1436
Del Bonita,Montana,3322,2024-07-01,Personal Vehicles,2180
Del Bonita,Montana,3322,2024-08-01,Personal Vehicles,2238
Del Bonita,Montana,3322,2024-09-01,Personal Vehicles,1216
Del Bonita,Montana,3322,2024-10-01,Personal Vehicles,1270
Del Bonita,Montana,3322,2024-11-01,Personal Vehicles,1078
Del Bonita,Montana,3322,2024-12-01,Personal Vehicles,1506
Del Bonita,Montana,3322,2025-01-01,Personal Vehicles,864
Del Bonita,Montana,3322,2025-02-01,Personal Vehicles,884
Del Bonita,Montana,3322,2025-03-01,Personal Vehicles,829
Del Bonita,Montana,3322,2025-04-01,Personal Vehicles,776
Del Bonita,Montana,3322,2025-05-01,Personal Vehicles,1046
Del Bonita,Montana,3322,2025-06-01,Personal Vehicles,1258
Del Bonita,Montana,3322,2025-07-01,Personal Vehicles,1752
Del Bonita,Montana,3322,2025-08-01,Personal Vehicles,1848
Del Bonita,Montana,3322,2025-09-01,Personal Vehicles,982
Del Bonita,Montana,3322,2025-10-01,Personal Vehicles,1106
Del Bonita,Montana,3322,2025-11-01,Personal Vehicles,869
Del Bonita,Montana,3322,2025-12-01,Personal Vehicles,1210
Del Bonita,Montana,3322,2026-01-01,Personal Vehicles,863
Del Bonita,Montana,3322,2026-02-01,Personal Vehicles,1017
Del Bonita,Montana,3322,2026-03-01,Personal Vehicles,805
Del Bonita,Montana,3322,2026-04-01,Personal Vehicles,938
Del Bonita,Montana,3322,2026-05-01,Personal Vehicles,890
Del Bonita,Montana,3322,2026-06-01,Personal Vehicles,1404
Del Bonita,Montana,3322,2026-07-01,Personal Vehicles,2364
Morgan,Montana,3319,2019-04-01,Buses,1
Morgan,Montana,3319,2025-09-01,Buses,1
Morgan,Montana,3319,2019-01-01,Personal Vehicle Passengers,540
Morgan,Montana,3319,2019-02-01,Personal Vehicle Passengers,633
Morgan,Montana,3319,2019-03-01,Personal Vehicle Passengers,549
Morgan,Montana,3319,2019-04-01,Personal Vehicle Passengers,693
Morgan,Montana,3319,2019-05-01,Personal Vehicle Passengers,842
Morgan,Montana,3319,2019-06-01,Personal Vehicle Passengers,1483
Morgan,Montana,3319,2019-07-01,Personal Vehicle Passengers,1894
Morgan,Montana,3319,2019-08-01,Personal Vehicle Passengers,1757
Morgan,Montana,3319,2019-09-01,Personal Vehicle Passengers,1066
Morgan,Montana,3319,2019-10-01,Personal Vehicle Passengers,878
Morgan,Montana,3319,2019-11-01,Personal Vehicle Passengers,798
Morgan,Montana,3319,2019-12-01,Personal Vehicle Passengers,902
Morgan,Montana,3319,2020-01-01,Personal Vehicle Passengers,552
Morgan,Montana,3319,2020-02-01,Personal Vehicle Passengers,712
Morgan,Montana,3319,2020-03-01,Personal Vehicle Passengers,265
Morgan,Montana,3319,2020-04-01,Personal Vehicle Passengers,48
Morgan,Montana,3319,2020-05-01,Personal Vehicle Passengers,89
Morgan,Montana,3319,2020-06-01,Personal Vehicle Passengers,51
Morgan,Montana,3319,2020-07-01,Personal Vehicle Passengers,74
Morgan,Montana,3319,2020-08-01,Personal Vehicle Passengers,55
Morgan,Montana,3319,2020-09-01,Personal Vehicle Passengers,60
Morgan,Montana,3319,2020-10-01,Personal Vehicle Passengers,45
Morgan,Montana,3319,2020-11-01,Personal Vehicle Passengers,28
Morgan,Montana,3319,2020-12-01,Personal Vehicle Passengers,51
Morgan,Montana,3319,2021-01-01,Personal Vehicle Passengers,54
Morgan,Montana,3319,2021-02-01,Personal Vehicle Passengers,42
Morgan,Montana,3319,2021-03-01,Personal Vehicle Passengers,48
Morgan,Montana,3319,2021-04-01,Personal Vehicle Passengers,35
Morgan,Montana,3319,2021-05-01,Personal Vehicle Passengers,48
Morgan,Montana,3319,2021-06-01,Personal Vehicle Passengers,61
Morgan,Montana,3319,2021-07-01,Personal Vehicle Passengers,71
Morgan,Montana,3319,2021-08-01,Personal Vehicle Passengers,125
Morgan,Montana,3319,2021-09-01,Personal Vehicle Passengers,162
Morgan,Montana,3319,2021-10-01,Personal Vehicle Passengers,148
Morgan,Montana,3319,2021-11-01,Personal Vehicle Passengers,366
Morgan,Montana,3319,2021-12-01,Personal Vehicle Passengers,314
Morgan,Montana,3319,2022-01-01,Personal Vehicle Passengers,101
Morgan,Montana,3319,2022-02-01,Personal Vehicle Passengers,263
Morgan,Montana,3319,2022-03-01,Personal Vehicle Passengers,191
Morgan,Montana,3319,2022-04-01,Personal Vehicle Passengers,375
Morgan,Montana,3319,2022-05-01,Personal Vehicle Passengers,329
Morgan,Montana,3319,2022-06-01,Personal Vehicle Passengers,487
Morgan,Montana,3319,2022-07-01,Personal Vehicle Passengers,664
Morgan,Montana,3319,2022-08-01,Personal Vehicle Passengers,611
Morgan,Montana,3319,2022-09-01,Personal Vehicle Passengers,494
Morgan,Montana,3319,2022-10-01,Personal Vehicle Passengers,595
Morgan,Montana,3319,2022-11-01,Personal Vehicle Passengers,312
Morgan,Montana,3319,2022-12-01,Personal Vehicle Passengers,441
Morgan,Montana,3319,2023-01-01,Personal Vehicle Passengers,303
Morgan,Montana,3319,2023-02-01,Personal Vehicle Passengers,374
Morgan,Montana,3319,2023-03-01,Personal Vehicle Passengers,313
Morgan,Montana,3319,2023-04-01,Personal Vehicle Passengers,324
Morgan,Montana,3319,2023-05-01,Personal Vehicle Passengers,465
Morgan,Montana,3319,2023-06-01,Personal Vehicle Passengers,834
Morgan,Montana,3319,2023-07-01,Personal Vehicle Passengers,1088
Morgan,Montana,3319,2023-08-01,Personal Vehicle Passengers,1146
Morgan,Montana,3319,2023-09-01,Personal Vehicle Passengers,711
Morgan,Montana,3319,2023-10-01,Personal Vehicle Passengers,649
Morgan,Montana,3319,2023-11-01,Personal Vehicle Passengers,533
Morgan,Montana,3319,2023-12-01,Personal Vehicle Passengers,562
Morgan,Montana,3319,2024-01-01,Personal Vehicle Passengers,331
Morgan,Montana,3319,2024-02-01,Personal Vehicle Passengers,461
Morgan,Montana,3319,2024-03-01,Personal Vehicle Passengers,444
Morgan,Montana,3319,2024-04-01,Personal Vehicle Passengers,445
Morgan,Montana,3319,2024-05-01,Personal Vehicle Passengers,731
Morgan,Montana,3319,2024-06-01,Personal Vehicle Passengers,766
Morgan,Montana,3319,2024-07-01,Personal Vehicle Passengers,1192
Morgan,Montana,3319,2024-08-01,Personal Vehicle Passengers,1013
Morgan,Montana,3319,2024-09-01,Personal Vehicle Passengers,654
Morgan,Montana,3319,2024-10-01,Personal Vehicle Passengers,741
Morgan,Montana,3319,2024-11-01,Personal Vehicle Passengers,464
Morgan,Montana,3319,2024-12-01,Personal Vehicle Passengers,432
Morgan,Montana,3319,2025-01-01,Personal Vehicle Passengers,354
Morgan,Montana,3319,2025-02-01,Personal Vehicle Passengers,396
Morgan,Montana,3319,2025-03-01,Personal Vehicle Passengers,265
Morgan,Montana,3319,2025-04-01,Personal Vehicle Passengers,301
Morgan,Montana,3319,2025-05-01,Personal Vehicle Passengers,484
Morgan,Montana,3319,2025-06-01,Personal Vehicle Passengers,552
Morgan,Montana,3319,2025-07-01,Personal Vehicle Passengers,732
Morgan,Montana,3319,2025-08-01,Personal Vehicle Passengers,684
Morgan,Montana,3319,2025-09-01,Personal Vehicle Passengers,429
Morgan,Montana,3319,2025-10-01,Personal Vehicle Passengers,590
Morgan,Montana,3319,2025-11-01,Personal Vehicle Passengers,325
Morgan,Montana,3319,2025-12-01,Personal Vehicle Passengers,378
Morgan,Montana,3319,2026-01-01,Personal Vehicle Passengers,261
Morgan,Montana,3319,2026-02-01,Personal Vehicle Passengers,374
Morgan,Montana,3319,2026-03-01,Personal Vehicle Passengers,260
Morgan,Montana,3319,2026-04-01,Personal Vehicle Passengers,353
Morgan,Montana,3319,2026-05-01,Personal Vehicle Passengers,453
Morgan,Montana,3319,2026-06-01,Personal Vehicle Passengers,642
Morgan,Montana,3319,2026-07-01,Personal Vehicle Passengers,931
Morgan,Montana,3319,2019-01-01,Personal Vehicles,268
Morgan,Montana,3319,2019-02-01,Personal Vehicles,299
Morgan,Montana,3319,2019-03-01,Personal Vehicles,296
Morgan,Montana,3319,2019-04-01,Personal Vehicles,335
Morgan,Montana,3319,2019-05-01,Personal Vehicles,400
Morgan,Montana,3319,2019-06-01,Personal Vehicles,711
Morgan,Montana,3319,2019-07-01,Personal Vehicles,839
Morgan,Montana,3319,2019-08-01,Personal Vehicles,831
Morgan,Montana,3319,2019-09-01,Personal Vehicles,572
Morgan,Montana,3319,2019-10-01,Personal Vehicles,484
Morgan,Montana,3319,2019-11-01,Personal Vehicles,388
Morgan,Montana,3319,2019-12-01,Personal Vehicles,386
Morgan,Montana,3319,2020-01-01,Personal Vehicles,292
Morgan,Montana,3319,2020-02-01,Personal Vehicles,357
Morgan,Montana,3319,2020-03-01,Personal Vehicles,141
Morgan,Montana,3319,2020-04-01,Personal Vehicles,42
Morgan,Montana,3319,2020-05-01,Personal Vehicles,63
Morgan,Montana,3319,2020-06-01,Personal Vehicles,45
Morgan,Montana,3319,2020-07-01,Personal Vehicles,69
Morgan,Montana,3319,2020-08-01,Personal Vehicles,38
Morgan,Montana,3319,2020-09-01,Personal Vehicles,44
Morgan,Montana,3319,2020-10-01,Personal Vehicles,35
Morgan,Montana,3319,2020-11-01,Personal Vehicles,22
Morgan,Montana,3319,2020-12-01,Personal Vehicles,41
Morgan,Montana,3319,2021-01-01,Personal Vehicles,47
Morgan,Montana,3319,2021-02-01,Personal Vehicles,36
Morgan,Montana,3319,2021-03-01,Personal Vehicles,43
Morgan,Montana,3319,2021-04-01,Personal Vehicles,34
Morgan,Montana,3319,2021-05-01,Personal Vehicles,39
Morgan,Montana,3319,2021-06-01,Personal Vehicles,48
Morgan,Montana,3319,2021-07-01,Personal Vehicles,51
Morgan,Montana,3319,2021-08-01,Personal Vehicles,82
Morgan,Montana,3319,2021-09-01,Personal Vehicles,112
Morgan,Montana,3319,2021-10-01,Personal Vehicles,97
Morgan,Montana,3319,2021-11-01,Personal Vehicles,211
Morgan,Montana,3319,2021-12-01,Personal Vehicles,150
Morgan,Montana,3319,2022-01-01,Personal Vehicles,60
Morgan,Montana,3319,2022-02-01,Personal Vehicles,130
Morgan,Montana,3319,2022-03-01,Personal Vehicles,129
Morgan,Montana,3319,2022-04-01,Personal Vehicles,201
Morgan,Montana,3319,2022-05-01,Personal Vehicles,167
Morgan,Montana,3319,2022-06-01,Personal Vehicles,260
Morgan,Montana,3319,2022-07-01,Personal Vehicles,318
Morgan,Montana,3319,2022-08-01,Personal Vehicles,278
Morgan,Montana,3319,2022-09-01,Personal Vehicles,276
Morgan,Montana,3319,2022-10-01,Personal Vehicles,297
Morgan,Montana,3319,2022-11-01,Personal Vehicles,160
Morgan,Montana,3319,2022-12-01,Personal Vehicles,176
Morgan,Montana,3319,2023-01-01,Personal Vehicles,146
Morgan,Montana,3319,2023-02-01,Personal Vehicles,161
Morgan,Montana,3319,2023-03-01,Personal Vehicles,147
Morgan,Montana,3319,2023-04-01,Personal Vehicles,153
Morgan,Montana,3319,2023-05-01,Personal Vehicles,239
Morgan,Montana,3319,2023-06-01,Personal Vehicles,397
Morgan,Montana,3319,2023-07-01,Personal Vehicles,483
Morgan,Montana,3319,2023-08-01,Personal Vehicles,538
Morgan,Montana,3319,2023-09-01,Personal Vehicles,370
Morgan,Montana,3319,2023-10-01,Personal Vehicles,322
Morgan,Montana,3319,2023-11-01,Personal Vehicles,240
Morgan,Montana,3319,2023-12-01,Personal Vehicles,215
Morgan,Montana,3319,2024-01-01,Personal Vehicles,170
Morgan,Montana,3319,2024-02-01,Personal Vehicles,194
Morgan,Montana,3319,2024-03-01,Personal Vehicles,195
Morgan,Montana,3319,2024-04-01,Personal Vehicles,215
Morgan,Montana,3319,2024-05-01,Personal Vehicles,323
Morgan,Montana,3319,2024-06-01,Personal Vehicles,370
Morgan,Montana,3319,2024-07-01,Personal Vehicles,509
Morgan,Montana,3319,2024-08-01,Personal Vehicles,436
Morgan,Montana,3319,2024-09-01,Personal Vehicles,342
Morgan,Montana,3319,2024-10-01,Personal Vehicles,369
Morgan,Montana,3319,2024-11-01,Personal Vehicles,233
Morgan,Montana,3319,2024-12-01,Personal Vehicles,185
Morgan,Montana,3319,2025-01-01,Personal Vehicles,169
Morgan,Montana,3319,2025-02-01,Personal Vehicles,175
Morgan,Montana,3319,2025-03-01,Personal Vehicles,137
Morgan,Montana,3319,2025-04-01,Personal Vehicles,146
Morgan,Montana,3319,2025-05-01,Personal Vehicles,231
Morgan,Montana,3319,2025-06-01,Personal Vehicles,262
Morgan,Montana,3319,2025-07-01,Personal Vehicles,324
Morgan,Montana,3319,2025-08-01,Personal Vehicles,345
Morgan,Montana,3319,2025-09-01,Personal Vehicles,235
Morgan,Montana,3319,2025-10-01,Personal Vehicles,299
Morgan,Montana,3319,2025-11-01,Personal Vehicles,165
Morgan,Montana,3319,2025-12-01,Personal Vehicles,165
Morgan,Montana,3319,2026-01-01,Personal Vehicles,119
Morgan,Montana,3319,2026-02-01,Personal Vehicles,152
Morgan,Montana,3319,2026-03-01,Personal Vehicles,136
Morgan,Montana,3319,2026-04-01,Personal Vehicles,171
Morgan,Montana,3319,2026-05-01,Personal Vehicles,210
Morgan,Montana,3319,2026-06-01,Personal Vehicles,298
Morgan,Montana,3319,2026-07-01,Personal Vehicles,406
Opheim,Montana,3317,2019-08-01,Bus Passengers,38
Opheim,Montana,3317,2019-09-01,Bus Passengers,2
Opheim,Montana,3317,2022-10-01,Bus Passengers,16
Opheim,Montana,3317,2023-08-01,Bus Passengers,1
Opheim,Montana,3317,2024-09-01,Bus Passengers,22
Opheim,Montana,3317,2024-10-01,Bus Passengers,21
Opheim,Montana,3317,2024-12-01,Bus Passengers,1
Opheim,Montana,3317,2025-01-01,Bus Passengers,1
Opheim,Montana,3317,2025-02-01,Bus Passengers,1
Opheim,Montana,3317,2025-03-01,Bus Passengers,1
Opheim,Montana,3317,2025-04-01,Bus Passengers,1
Opheim,Montana,3317,2025-05-01,Bus Passengers,1
Opheim,Montana,3317,2025-06-01,Bus Passengers,1
Opheim,Montana,3317,2025-07-01,Bus Passengers,1
Opheim,Montana,3317,2025-08-01,Bus Passengers,1
Opheim,Montana,3317,2025-09-01,Bus Passengers,1
Opheim,Montana,3317,2019-08-01,Buses,1
Opheim,Montana,3317,2019-09-01,Buses,1
Opheim,Montana,3317,2022-04-01,Buses,1
Opheim,Montana,3317,2022-10-01,Buses,1
Opheim,Montana,3317,2023-05-01,Buses,1
Opheim,Montana,3317,2023-09-01,Buses,1
Opheim,Montana,3317,2023-10-01,Buses,1
Opheim,Montana,3317,2023-12-01,Buses,1
Opheim,Montana,3317,2024-01-01,Buses,1
Opheim,Montana,3317,2024-02-01,Buses,1
Opheim,Montana,3317,2024-03-01,Buses,1
Opheim,Montana,3317,2024-04-01,Buses,1
Opheim,Montana,3317,2024-05-01,Buses,1
Opheim,Montana,3317,2024-09-01,Buses,1
Opheim,Montana,3317,2024-10-01,Buses,1
Opheim,Montana,3317,2024-11-01,Buses,1
Opheim,Montana,3317,2024-12-01,Buses,1
Opheim,Montana,3317,2025-01-01,Buses,1
Opheim,Montana,3317,2025-02-01,Buses,1
Opheim,Montana,3317,2025-03-01,Buses,1
Opheim,Montana,3317,2025-04-01,Buses,1
Opheim,Montana,3317,2025-05-01,Buses,1
Opheim,Montana,3317,2025-06-01,Buses,1
Opheim,Montana,3317,2025-07-01,Buses,1
Opheim,Montana,3317,2025-08-01,Buses,1
Opheim,Montana,3317,2025-09-01,Buses,1
Opheim,Montana,3317,2019-01-01,Personal Vehicle Passengers,379
Opheim,Montana,3317,2019-02-01,Personal Vehicle Passengers,234
Opheim,Montana,3317,2019-03-01,Personal Vehicle Passengers,428
Opheim,Montana,3317,2019-04-01,Personal Vehicle Passengers,391
Opheim,Montana,3317,2019-05-01,Personal Vehicle Passengers,347
Opheim,Montana,3317,2019-06-01,Personal Vehicle Passengers,674
Opheim,Montana,3317,2019-07-01,Personal Vehicle Passengers,913
Opheim,Montana,3317,2019-08-01,Personal Vehicle Passengers,888
Opheim,Montana,3317,2019-09-01,Personal Vehicle Passengers,413
Opheim,Montana,3317,2019-10-01,Personal Vehicle Passengers,372
Opheim,Montana,3317,2019-11-01,Personal Vehicle Passengers,425
Opheim,Montana,3317,2019-12-01,Personal Vehicle Passengers,393
Opheim,Montana,3317,2020-01-01,Personal Vehicle Passengers,368
Opheim,Montana,3317,2020-02-01,Personal Vehicle Passengers,386
Opheim,Montana,3317,2020-03-01,Personal Vehicle Passengers,215
Opheim,Montana,3317,2020-04-01,Personal Vehicle Passengers,7
Opheim,Montana,3317,2020-05-01,Personal Vehicle Passengers,23
Opheim,Montana,3317,2020-06-01,Personal Vehicle Passengers,31
Opheim,Montana,3317,2020-07-01,Personal Vehicle Passengers,33
Opheim,Montana,3317,2020-08-01,Personal Vehicle Passengers,44
Opheim,Montana,3317,2020-09-01,Personal Vehicle Passengers,32
Opheim,Montana,3317,2020-10-01,Personal Vehicle Passengers,18
Opheim,Montana,3317,2020-11-01,Personal Vehicle Passengers,16
Opheim,Montana,3317,2020-12-01,Personal Vehicle Passengers,18
Opheim,Montana,3317,2021-01-01,Personal Vehicle Passengers,19
Opheim,Montana,3317,2021-02-01,Personal Vehicle Passengers,9
Opheim,Montana,3317,2021-03-01,Personal Vehicle Passengers,16
Opheim,Montana,3317,2021-04-01,Personal Vehicle Passengers,12
Opheim,Montana,3317,2021-05-01,Personal Vehicle Passengers,12
Opheim,Montana,3317,2021-06-01,Personal Vehicle Passengers,30
Opheim,Montana,3317,2021-07-01,Personal Vehicle Passengers,39
Opheim,Montana,3317,2021-08-01,Personal Vehicle Passengers,78
Opheim,Montana,3317,2021-09-01,Personal Vehicle Passengers,45
Opheim,Montana,3317,2021-10-01,Personal Vehicle Passengers,32
Opheim,Montana,3317,2021-11-01,Personal Vehicle Passengers,60
Opheim,Montana,3317,2021-12-01,Personal Vehicle Passengers,123
Opheim,Montana,3317,2022-01-01,Personal Vehicle Passengers,24
Opheim,Montana,3317,2022-02-01,Personal Vehicle Passengers,46
Opheim,Montana,3317,2022-03-01,Personal Vehicle Passengers,62
Opheim,Montana,3317,2022-04-01,Personal Vehicle Passengers,124
Opheim,Montana,3317,2022-05-01,Personal Vehicle Passengers,111
Opheim,Montana,3317,2022-06-01,Personal Vehicle Passengers,158
Opheim,Montana,3317,2022-07-01,Personal Vehicle Passengers,276
Opheim,Montana,3317,2022-08-01,Personal Vehicle Passengers,251
Opheim,Montana,3317,2022-09-01,Personal Vehicle Passengers,173
Opheim,Montana,3317,2022-10-01,Personal Vehicle Passengers,179
Opheim,Montana,3317,2022-11-01,Personal Vehicle Passengers,130
Opheim,Montana,3317,2022-12-01,Personal Vehicle Passengers,157
Opheim,Montana,3317,2023-01-01,Personal Vehicle Passengers,164
Opheim,Montana,3317,2023-02-01,Personal Vehicle Passengers,120
Opheim,Montana,3317,2023-03-01,Personal Vehicle Passengers,164
Opheim,Montana,3317,2023-04-01,Personal Vehicle Passengers,132
Opheim,Montana,3317,2023-05-01,Personal Vehicle Passengers,166
Opheim,Montana,3317,2023-06-01,Personal Vehicle Passengers,301
Opheim,Montana,3317,2023-07-01,Personal Vehicle Passengers,363
Opheim,Montana,3317,2023-08-01,Personal Vehicle Passengers,354
Opheim,Montana,3317,2023-09-01,Personal Vehicle Passengers,266
Opheim,Montana,3317,2023-10-01,Personal Vehicle Passengers,223
Opheim,Montana,3317,2023-11-01,Personal Vehicle Passengers,160
Opheim,Montana,3317,2023-12-01,Personal Vehicle Passengers,223
Opheim,Montana,3317,2024-01-01,Personal Vehicle Passengers,181
Opheim,Montana,3317,2024-02-01,Personal Vehicle Passengers,175
Opheim,Montana,3317,2024-03-01,Personal Vehicle Passengers,146
Opheim,Montana,3317,2024-04-01,Personal Vehicle Passengers,167
Opheim,Montana,3317,2024-05-01,Personal Vehicle Passengers,213
Opheim,Montana,3317,2024-06-01,Personal Vehicle Passengers,249
Opheim,Montana,3317,2024-07-01,Personal Vehicle Passengers,471
Opheim,Montana,3317,2024-08-01,Personal Vehicle Passengers,418
Opheim,Montana,3317,2024-09-01,Personal Vehicle Passengers,249
Opheim,Montana,3317,2024-10-01,Personal Vehicle Passengers,235
Opheim,Montana,3317,2024-11-01,Personal Vehicle Passengers,217
Opheim,Montana,3317,2024-12-01,Personal Vehicle Passengers,257
Opheim,Montana,3317,2025-01-01,Personal Vehicle Passengers,306
Opheim,Montana,3317,2025-02-01,Personal Vehicle Passengers,229
Opheim,Montana,3317,2025-03-01,Personal Vehicle Passengers,182
Opheim,Montana,3317,2025-04-01,Personal Vehicle Passengers,175
Opheim,Montana,3317,2025-05-01,Personal Vehicle Passengers,291
Opheim,Montana,3317,2025-06-01,Personal Vehicle Passengers,370
Opheim,Montana,3317,2025-07-01,Personal Vehicle Passengers,518
Opheim,Montana,3317,2025-08-01,Personal Vehicle Passengers,460
Opheim,Montana,3317,2025-09-01,Personal Vehicle Passengers,253
Opheim,Montana,3317,2025-10-01,Personal Vehicle Passengers,284
Opheim,Montana,3317,2025-11-01,Personal Vehicle Passengers,189
Opheim,Montana,3317,2025-12-01,Personal Vehicle Passengers,258
Opheim,Montana,3317,2026-01-01,Personal Vehicle Passengers,254
Opheim,Montana,3317,2026-02-01,Personal Vehicle Passengers,267
Opheim,Montana,3317,2026-03-01,Personal Vehicle Passengers,220
Opheim,Montana,3317,2026-04-01,Personal Vehicle Passengers,226
Opheim,Montana,3317,2026-05-01,Personal Vehicle Passengers,283
Opheim,Montana,3317,2026-06-01,Personal Vehicle Passengers,416
Opheim,Montana,3317,2026-07-01,Personal Vehicle Passengers,585
Opheim,Montana,3317,2019-01-01,Personal Vehicles,206
Opheim,Montana,3317,2019-02-01,Personal Vehicles,130
Opheim,Montana,3317,2019-03-01,Personal Vehicles,235
Opheim,Montana,3317,2019-04-01,Personal Vehicles,231
Opheim,Montana,3317,2019-05-01,Personal Vehicles,209
Opheim,Montana,3317,2019-06-01,Personal Vehicles,371
Opheim,Montana,3317,2019-07-01,Personal Vehicles,437
Opheim,Montana,3317,2019-08-01,Personal Vehicles,414
Opheim,Montana,3317,2019-09-01,Personal Vehicles,231
Opheim,Montana,3317,2019-10-01,Personal Vehicles,209
Opheim,Montana,3317,2019-11-01,Personal Vehicles,238
Opheim,Montana,3317,2019-12-01,Personal Vehicles,214
Opheim,Montana,3317,2020-01-01,Personal Vehicles,224
Opheim,Montana,3317,2020-02-01,Personal Vehicles,200
Opheim,Montana,3317,2020-03-01,Personal Vehicles,129
Opheim,Montana,3317,2020-04-01,Personal Vehicles,7
Opheim,Montana,3317,2020-05-01,Personal Vehicles,18
Opheim,Montana,3317,2020-06-01,Personal Vehicles,29
Opheim,Montana,3317,2020-07-01,Personal Vehicles,31
Opheim,Montana,3317,2020-08-01,Personal Vehicles,35
Opheim,Montana,3317,2020-09-01,Personal Vehicles,24
Opheim,Montana,3317,2020-10-01,Personal Vehicles,15
Opheim,Montana,3317,2020-11-01,Personal Vehicles,15
Opheim,Montana,3317,2020-12-01,Personal Vehicles,14
Opheim,Montana,3317,2021-01-01,Personal Vehicles,14
Opheim,Montana,3317,2021-02-01,Personal Vehicles,10
Opheim,Montana,3317,2021-03-01,Personal Vehicles,11
Opheim,Montana,3317,2021-04-01,Personal Vehicles,13
Opheim,Montana,3317,2021-05-01,Personal Vehicles,12
Opheim,Montana,3317,2021-06-01,Personal Vehicles,25
Opheim,Montana,3317,2021-07-01,Personal Vehicles,27
Opheim,Montana,3317,2021-08-01,Personal Vehicles,37
Opheim,Montana,3317,2021-09-01,Personal Vehicles,34
Opheim,Montana,3317,2021-10-01,Personal Vehicles,18
Opheim,Montana,3317,2021-11-01,Personal Vehicles,43
Opheim,Montana,3317,2021-12-01,Personal Vehicles,85
Opheim,Montana,3317,2022-01-01,Personal Vehicles,21
Opheim,Montana,3317,2022-02-01,Personal Vehicles,33
Opheim,Montana,3317,2022-03-01,Personal Vehicles,43
Opheim,Montana,3317,2022-04-01,Personal Vehicles,82
Opheim,Montana,3317,2022-05-01,Personal Vehicles,80
Opheim,Montana,3317,2022-06-01,Personal Vehicles,98
Opheim,Montana,3317,2022-07-01,Personal Vehicles,151
Opheim,Montana,3317,2022-08-01,Personal Vehicles,149
Opheim,Montana,3317,2022-09-01,Personal Vehicles,122
Opheim,Montana,3317,2022-10-01,Personal Vehicles,110
Opheim,Montana,3317,2022-11-01,Personal Vehicles,90
Opheim,Montana,3317,2022-12-01,Personal Vehicles,97
Opheim,Montana,3317,2023-01-01,Personal Vehicles,92
Opheim,Montana,3317,2023-02-01,Personal Vehicles,74
Opheim,Montana,3317,2023-03-01,Personal Vehicles,105
Opheim,Montana,3317,2023-04-01,Personal Vehicles,87
Opheim,Montana,3317,2023-05-01,Personal Vehicles,119
Opheim,Montana,3317,2023-06-01,Personal Vehicles,178
Opheim,Montana,3317,2023-07-01,Personal Vehicles,215
Opheim,Montana,3317,2023-08-01,Personal Vehicles,211
Opheim,Montana,3317,2023-09-01,Personal Vehicles,153
Opheim,Montana,3317,2023-10-01,Personal Vehicles,147
Opheim,Montana,3317,2023-11-01,Personal Vehicles,118
Opheim,Montana,3317,2023-12-01,Personal Vehicles,141
Opheim,Montana,3317,2024-01-01,Personal Vehicles,112
Opheim,Montana,3317,2024-02-01,Personal Vehicles,111
Opheim,Montana,3317,2024-03-01,Personal Vehicles,98
Opheim,Montana,3317,2024-04-01,Personal Vehicles,113
Opheim,Montana,3317,2024-05-01,Personal Vehicles,130
Opheim,Montana,3317,2024-06-01,Personal Vehicles,163
Opheim,Montana,3317,2024-07-01,Personal Vehicles,274
Opheim,Montana,3317,2024-08-01,Personal Vehicles,245
Opheim,Montana,3317,2024-09-01,Personal Vehicles,155
Opheim,Montana,3317,2024-10-01,Personal Vehicles,153
Opheim,Montana,3317,2024-11-01,Personal Vehicles,126
Opheim,Montana,3317,2024-12-01,Personal Vehicles,153
Opheim,Montana,3317,2025-01-01,Personal Vehicles,167
Opheim,Montana,3317,2025-02-01,Personal Vehicles,134
Opheim,Montana,3317,2025-03-01,Personal Vehicles,109
Opheim,Montana,3317,2025-04-01,Personal Vehicles,115
Opheim,Montana,3317,2025-05-01,Personal Vehicles,162
Opheim,Montana,3317,2025-06-01,Personal Vehicles,208
Opheim,Montana,3317,2025-07-01,Personal Vehicles,264
Opheim,Montana,3317,2025-08-01,Personal Vehicles,240
Opheim,Montana,3317,2025-09-01,Personal Vehicles,141
Opheim,Montana,3317,2025-10-01,Personal Vehicles,169
Opheim,Montana,3317,2025-11-01,Personal Vehicles,117
Opheim,Montana,3317,2025-12-01,Personal Vehicles,136
Opheim,Montana,3317,2026-01-01,Personal Vehicles,134
Opheim,Montana,3317,2026-02-01,Personal Vehicles,140
Opheim,Montana,3317,2026-03-01,Personal Vehicles,127
Opheim,Montana,3317,2026-04-01,Personal Vehicles,140
Opheim,Montana,3317,2026-05-01,Personal Vehicles,159
Opheim,Montana,3317,2026-06-01,Personal Vehicles,227
Opheim,Montana,3317,2026-07-01,Personal Vehicles,300
Piegan,Montana,3316,2019-05-01,Bus Passengers,87
Piegan,Montana,3316,2019-06-01,Bus Passengers,579
Piegan,Montana,3316,2019-07-01,Bus Passengers,656
Piegan,Montana,3316,2019-08-01,Bus Passengers,1001
Piegan,Montana,3316,2019-09-01,Bus Passengers,203
Piegan,Montana,3316,2022-07-01,Bus Passengers,1729
Piegan,Montana,3316,2022-08-01,Bus Passengers,1679
Piegan,Montana,3316,2022-09-01,Bus Passengers,600
Piegan,Montana,3316,2023-06-01,Bus Passengers,184
Piegan,Montana,3316,2023-07-01,Bus Passengers,596
Piegan,Montana,3316,2023-08-01,Bus Passengers,607
Piegan,Montana,3316,2023-09-01,Bus Passengers,375
Piegan,Montana,3316,2024-06-01,Bus Passengers,69
Piegan,Montana,3316,2025-07-01,Bus Passengers,186
Piegan,Montana,3316,2025-08-01,Bus Passengers,3400
Piegan,Montana,3316,2025-09-01,Bus Passengers,1596
Piegan,Montana,3316,2026-07-01,Bus Passengers,56
Piegan,Montana,3316,2019-05-01,Buses,2
Piegan,Montana,3316,2019-06-01,Buses,15
Piegan,Montana,3316,2019-07-01,Buses,20
Piegan,Montana,3316,2019-08-01,Buses,30
Piegan,Montana,3316,2019-09-01,Buses,5
Piegan,Montana,3316,2022-07-01,Buses,53
Piegan,Montana,3316,2022-08-01,Buses,45
Piegan,Montana,3316,2022-09-01,Buses,18
Piegan,Montana,3316,2023-06-01,Buses,5
Piegan,Montana,3316,2023-08-01,Buses,13
Piegan,Montana,3316,2023-09-01,Buses,375
Piegan,Montana,3316,2024-06-01,Buses,2
Piegan,Montana,3316,2025-07-01,Buses,5
Piegan,Montana,3316,2025-08-01,Buses,85
Piegan,Montana,3316,2025-09-01,Buses,27
Piegan,Montana,3316,2026-07-01,Buses,2
Piegan,Montana,3316,2019-01-01,Personal Vehicle Passengers,5931
Piegan,Montana,3316,2019-02-01,Personal Vehicle Passengers,5897
Piegan,Montana,3316,2019-03-01,Personal Vehicle Passengers,8140
Piegan,Montana,3316,2019-04-01,Personal Vehicle Passengers,9918
Piegan,Montana,3316,2019-05-01,Personal Vehicle Passengers,15067
Piegan,Montana,3316,2019-06-01,Personal Vehicle Passengers,33175
Piegan,Montana,3316,2019-07-01,Personal Vehicle Passengers,62743
Piegan,Montana,3316,2019-08-01,Personal Vehicle Passengers,64210
Piegan,Montana,3316,2019-09-01,Personal Vehicle Passengers,31137
Piegan,Montana,3316,2019-10-01,Personal Vehicle Passengers,9971
Piegan,Montana,3316,2019-11-01,Personal Vehicle Passengers,6991
Piegan,Montana,3316,2019-12-01,Personal Vehicle Passengers,10210
Piegan,Montana,3316,2020-01-01,Personal Vehicle Passengers,6117
Piegan,Montana,3316,2020-02-01,Personal Vehicle Passengers,7439
Piegan,Montana,3316,2020-03-01,Personal Vehicle Passengers,2589
Piegan,Montana,3316,2020-04-01,Personal Vehicle Passengers,227
Piegan,Montana,3316,2020-05-01,Personal Vehicle Passengers,433
Piegan,Montana,3316,2020-06-01,Personal Vehicle Passengers,660
Piegan,Montana,3316,2020-07-01,Personal Vehicle Passengers,860
Piegan,Montana,3316,2020-08-01,Personal Vehicle Passengers,870
Piegan,Montana,3316,2020-09-01,Personal Vehicle Passengers,636
Piegan,Montana,3316,2020-10-01,Personal Vehicle Passengers,441
Piegan,Montana,3316,2020-11-01,Personal Vehicle Passengers,286
Piegan,Montana,3316,2020-12-01,Personal Vehicle Passengers,418
Piegan,Montana,3316,2021-01-01,Personal Vehicle Passengers,322
Piegan,Montana,3316,2021-02-01,Personal Vehicle Passengers,167
Piegan,Montana,3316,2021-03-01,Personal Vehicle Passengers,239
Piegan,Montana,3316,2021-04-01,Personal Vehicle Passengers,1067
Piegan,Montana,3316,2021-05-01,Personal Vehicle Passengers,1245
Piegan,Montana,3316,2021-06-01,Personal Vehicle Passengers,1010
Piegan,Montana,3316,2021-07-01,Personal Vehicle Passengers,1739
Piegan,Montana,3316,2021-08-01,Personal Vehicle Passengers,3162
Piegan,Montana,3316,2021-09-01,Personal Vehicle Passengers,2992
Piegan,Montana,3316,2021-10-01,Personal Vehicle Passengers,1443
Piegan,Montana,3316,2021-11-01,Personal Vehicle Passengers,2629
Piegan,Montana,3316,2021-12-01,Personal Vehicle Passengers,3229
Piegan,Montana,3316,2022-01-01,Personal Vehicle Passengers,1588
Piegan,Montana,3316,2022-02-01,Personal Vehicle Passengers,3146
Piegan,Montana,3316,2022-03-01,Personal Vehicle Passengers,2631
Piegan,Montana,3316,2022-04-01,Personal Vehicle Passengers,5135
Piegan,Montana,3316,2022-05-01,Personal Vehicle Passengers,7600
Piegan,Montana,3316,2022-06-01,Personal Vehicle Passengers,14233
Piegan,Montana,3316,2022-07-01,Personal Vehicle Passengers,30049
Piegan,Montana,3316,2022-08-01,Personal Vehicle Passengers,25495
Piegan,Montana,3316,2022-09-01,Personal Vehicle Passengers,16860
Piegan,Montana,3316,2022-10-01,Personal Vehicle Passengers,8404
Piegan,Montana,3316,2022-11-01,Personal Vehicle Passengers,3643
Piegan,Montana,3316,2022-12-01,Personal Vehicle Passengers,5027
Piegan,Montana,3316,2023-01-01,Personal Vehicle Passengers,3983
Piegan,Montana,3316,2023-02-01,Personal Vehicle Passengers,4449
Piegan,Montana,3316,2023-03-01,Personal Vehicle Passengers,4438
Piegan,Montana,3316,2023-04-01,Personal Vehicle Passengers,6050
Piegan,Montana,3316,2023-05-01,Personal Vehicle Passengers,10611
Piegan,Montana,3316,2023-06-01,Personal Vehicle Passengers,24532
Piegan,Montana,3316,2023-07-01,Personal Vehicle Passengers,47427
Piegan,Montana,3316,2023-08-01,Personal Vehicle Passengers,44590
Piegan,Montana,3316,2023-09-01,Personal Vehicle Passengers,28816
Piegan,Montana,3316,2023-10-01,Personal Vehicle Passengers,10005
Piegan,Montana,3316,2023-11-01,Personal Vehicle Passengers,6050
Piegan,Montana,3316,2023-12-01,Personal Vehicle Passengers,7393
Piegan,Montana,3316,2024-01-01,Personal Vehicle Passengers,4121
Piegan,Montana,3316,2024-02-01,Personal Vehicle Passengers,5939
Piegan,Montana,3316,2024-03-01,Personal Vehicle Passengers,8009
Piegan,Montana,3316,2024-04-01,Personal Vehicle Passengers,7841
Piegan,Montana,3316,2024-05-01,Personal Vehicle Passengers,14697
Piegan,Montana,3316,2024-06-01,Personal Vehicle Passengers,32465
Piegan,Montana,3316,2024-07-01,Personal Vehicle Passengers,55010
Piegan,Montana,3316,2024-08-01,Personal Vehicle Passengers,55454
Piegan,Montana,3316,2024-09-01,Personal Vehicle Passengers,32425
Piegan,Montana,3316,2024-10-01,Personal Vehicle Passengers,14329
Piegan,Montana,3316,2024-11-01,Personal Vehicle Passengers,7009
Piegan,Montana,3316,2024-12-01,Personal Vehicle Passengers,8730
Piegan,Montana,3316,2025-01-01,Personal Vehicle Passengers,5082
Piegan,Montana,3316,2025-02-01,Personal Vehicle Passengers,4819
Piegan,Montana,3316,2025-03-01,Personal Vehicle Passengers,6269
Piegan,Montana,3316,2025-04-01,Personal Vehicle Passengers,7504
Piegan,Montana,3316,2025-05-01,Personal Vehicle Passengers,12842
Piegan,Montana,3316,2025-06-01,Personal Vehicle Passengers,18880
Piegan,Montana,3316,2025-07-01,Personal Vehicle Passengers,33182
Piegan,Montana,3316,2025-08-01,Personal Vehicle Passengers,31243
Piegan,Montana,3316,2025-09-01,Personal Vehicle Passengers,16997
Piegan,Montana,3316,2025-10-01,Personal Vehicle Passengers,11529
Piegan,Montana,3316,2025-11-01,Personal Vehicle Passengers,6721
Piegan,Montana,3316,2025-12-01,Personal Vehicle Passengers,7356
Piegan,Montana,3316,2026-01-01,Personal Vehicle Passengers,5705
Piegan,Montana,3316,2026-02-01,Personal Vehicle Passengers,6020
Piegan,Montana,3316,2026-03-01,Personal Vehicle Passengers,6134
Piegan,Montana,3316,2026-04-01,Personal Vehicle Passengers,8107
Piegan,Montana,3316,2026-05-01,Personal Vehicle Passengers,11642
Piegan,Montana,3316,2026-06-01,Personal Vehicle Passengers,17613
Piegan,Montana,3316,2026-07-01,Personal Vehicle Passengers,35030
Piegan,Montana,3316,2019-01-01,Personal Vehicles,3064
Piegan,Montana,3316,2019-02-01,Personal Vehicles,2824
Piegan,Montana,3316,2019-03-01,Personal Vehicles,3859
Piegan,Montana,3316,2019-04-01,Personal Vehicles,4646
Piegan,Montana,3316,2019-05-01,Personal Vehicles,7011
Piegan,Montana,3316,2019-06-01,Personal Vehicles,13899
Piegan,Montana,3316,2019-07-01,Personal Vehicles,24149
Piegan,Montana,3316,2019-08-01,Personal Vehicles,25603
Piegan,Montana,3316,2019-09-01,Personal Vehicles,13774
Piegan,Montana,3316,2019-10-01,Personal Vehicles,4923
Piegan,Montana,3316,2019-11-01,Personal Vehicles,3506
Piegan,Montana,3316,2019-12-01,Personal Vehicles,4587
Piegan,Montana,3316,2020-01-01,Personal Vehicles,3231
Piegan,Montana,3316,2020-02-01,Personal Vehicles,3668
Piegan,Montana,3316,2020-03-01,Personal Vehicles,1511
Piegan,Montana,3316,2020-04-01,Personal Vehicles,155
Piegan,Montana,3316,2020-05-01,Personal Vehicles,278
Piegan,Montana,3316,2020-06-01,Personal Vehicles,439
Piegan,Montana,3316,2020-07-01,Personal Vehicles,528
Piegan,Montana,3316,2020-08-01,Personal Vehicles,532
Piegan,Montana,3316,2020-09-01,Personal Vehicles,414
Piegan,Montana,3316,2020-10-01,Personal Vehicles,284
Piegan,Montana,3316,2020-11-01,Personal Vehicles,205
Piegan,Montana,3316,2020-12-01,Personal Vehicles,266
Piegan,Montana,3316,2021-01-01,Personal Vehicles,207
Piegan,Montana,3316,2021-02-01,Personal Vehicles,123
Piegan,Montana,3316,2021-03-01,Personal Vehicles,170
Piegan,Montana,3316,2021-04-01,Personal Vehicles,653
Piegan,Montana,3316,2021-05-01,Personal Vehicles,761
Piegan,Montana,3316,2021-06-01,Personal Vehicles,588
Piegan,Montana,3316,2021-07-01,Personal Vehicles,941
Piegan,Montana,3316,2021-08-01,Personal Vehicles,1603
Piegan,Montana,3316,2021-09-01,Personal Vehicles,1677
Piegan,Montana,3316,2021-10-01,Personal Vehicles,802
Piegan,Montana,3316,2021-11-01,Personal Vehicles,1404
Piegan,Montana,3316,2021-12-01,Personal Vehicles,1504
Piegan,Montana,3316,2022-01-01,Personal Vehicles,863
Piegan,Montana,3316,2022-02-01,Personal Vehicles,1596
Piegan,Montana,3316,2022-03-01,Personal Vehicles,1314
Piegan,Montana,3316,2022-04-01,Personal Vehicles,2434
Piegan,Montana,3316,2022-05-01,Personal Vehicles,3616
Piegan,Montana,3316,2022-06-01,Personal Vehicles,6443
Piegan,Montana,3316,2022-07-01,Personal Vehicles,12296
Piegan,Montana,3316,2022-08-01,Personal Vehicles,10867
Piegan,Montana,3316,2022-09-01,Personal Vehicles,8086
Piegan,Montana,3316,2022-10-01,Personal Vehicles,4101
Piegan,Montana,3316,2022-11-01,Personal Vehicles,1769
Piegan,Montana,3316,2022-12-01,Personal Vehicles,2241
Piegan,Montana,3316,2023-01-01,Personal Vehicles,1888
Piegan,Montana,3316,2023-02-01,Personal Vehicles,1973
Piegan,Montana,3316,2023-03-01,Personal Vehicles,2088
Piegan,Montana,3316,2023-04-01,Personal Vehicles,2771
Piegan,Montana,3316,2023-05-01,Personal Vehicles,4903
Piegan,Montana,3316,2023-06-01,Personal Vehicles,10564
Piegan,Montana,3316,2023-07-01,Personal Vehicles,18532
Piegan,Montana,3316,2023-08-01,Personal Vehicles,17844
Piegan,Montana,3316,2023-09-01,Personal Vehicles,13020
Piegan,Montana,3316,2023-10-01,Personal Vehicles,4817
Piegan,Montana,3316,2023-11-01,Personal Vehicles,2948
Piegan,Montana,3316,2023-12-01,Personal Vehicles,3352
Piegan,Montana,3316,2024-01-01,Personal Vehicles,2048
Piegan,Montana,3316,2024-02-01,Personal Vehicles,2683
Piegan,Montana,3316,2024-03-01,Personal Vehicles,3535
Piegan,Montana,3316,2024-04-01,Personal Vehicles,3747
Piegan,Montana,3316,2024-05-01,Personal Vehicles,6597
Piegan,Montana,3316,2024-06-01,Personal Vehicles,13457
Piegan,Montana,3316,2024-07-01,Personal Vehicles,21642
Piegan,Montana,3316,2024-08-01,Personal Vehicles,22360
Piegan,Montana,3316,2024-09-01,Personal Vehicles,14995
Piegan,Montana,3316,2024-10-01,Personal Vehicles,6776
Piegan,Montana,3316,2024-11-01,Personal Vehicles,3444
Piegan,Montana,3316,2024-12-01,Personal Vehicles,3955
Piegan,Montana,3316,2025-01-01,Personal Vehicles,2619
Piegan,Montana,3316,2025-02-01,Personal Vehicles,2302
Piegan,Montana,3316,2025-03-01,Personal Vehicles,3004
Piegan,Montana,3316,2025-04-01,Personal Vehicles,3487
Piegan,Montana,3316,2025-05-01,Personal Vehicles,5936
Piegan,Montana,3316,2025-06-01,Personal Vehicles,8155
Piegan,Montana,3316,2025-07-01,Personal Vehicles,13293
Piegan,Montana,3316,2025-08-01,Personal Vehicles,12643
Piegan,Montana,3316,2025-09-01,Personal Vehicles,8126
Piegan,Montana,3316,2025-10-01,Personal Vehicles,5498
Piegan,Montana,3316,2025-11-01,Personal Vehicles,3290
Piegan,Montana,3316,2025-12-01,Personal Vehicles,3336
Piegan,Montana,3316,2026-01-01,Personal Vehicles,2807
Piegan,Montana,3316,2026-02-01,Personal Vehicles,2854
Piegan,Montana,3316,2026-03-01,Personal Vehicles,3018
Piegan,Montana,3316,2026-04-01,Personal Vehicles,3783
Piegan,Montana,3316,2026-05-01,Personal Vehicles,5361
Piegan,Montana,3316,2026-06-01,Personal Vehicles,7657
Piegan,Montana,3316,2026-07-01,Personal Vehicles,14096
Raymond,Montana,3301,2019-03-01,Bus Passengers,27
Raymond,Montana,3301,2019-05-01,Bus Passengers,143
Raymond,Montana,3301,2019-06-01,Bus Passengers,36
Raymond,Montana,3301,2019-07-01,Bus Passengers,30
Raymond,Montana,3301,2019-08-01,Bus Passengers,44
Raymond,Montana,3301,2019-11-01,Bus Passengers,88
Raymond,Montana,3301,2020-01-01,Bus Passengers,17
Raymond,Montana,3301,2020-02-01,Bus Passengers,30
Raymond,Montana,3301,2022-07-01,Bus Passengers,56
Raymond,Montana,3301,2022-10-01,Bus Passengers,21
Raymond,Montana,3301,2022-11-01,Bus Passengers,38
Raymond,Montana,3301,2023-01-01,Bus Passengers,44
Raymond,Montana,3301,2023-04-01,Bus Passengers,24
Raymond,Montana,3301,2023-05-01,Bus Passengers,23
Raymond,Montana,3301,2023-07-01,Bus Passengers,80
Raymond,Montana,3301,2023-08-01,Bus Passengers,140
Raymond,Montana,3301,2023-09-01,Bus Passengers,18
Raymond,Montana,3301,2023-11-01,Bus Passengers,30
Raymond,Montana,3301,2023-12-01,Bus Passengers,20
Raymond,Montana,3301,2024-03-01,Bus Passengers,37
Raymond,Montana,3301,2024-04-01,Bus Passengers,97
Raymond,Montana,3301,2024-05-01,Bus Passengers,64
Raymond,Montana,3301,2024-07-01,Bus Passengers,128
Raymond,Montana,3301,2024-09-01,Bus Passengers,19
Raymond,Montana,3301,2024-11-01,Bus Passengers,25
Raymond,Montana,3301,2024-12-01,Bus Passengers,37
Raymond,Montana,3301,2025-03-01,Bus Passengers,45
Raymond,Montana,3301,2025-04-01,Bus Passengers,165
Raymond,Montana,3301,2025-05-01,Bus Passengers,27
Raymond,Montana,3301,2025-07-01,Bus Passengers,123
Raymond,Montana,3301,2025-08-01,Bus Passengers,54
Raymond,Montana,3301,2025-11-01,Bus Passengers,24
Raymond,Montana,3301,2025-12-01,Bus Passengers,69
Raymond,Montana,3301,2026-01-01,Bus Passengers,33
Raymond,Montana,3301,2026-04-01,Bus Passengers,65
Raymond,Montana,3301,2026-05-01,Bus Passengers,80
Raymond,Montana,3301,2019-03-01,Buses,1
Raymond,Montana,3301,2019-05-01,Buses,5
Raymond,Montana,3301,2019-06-01,Buses,2
Raymond,Montana,3301,2019-07-01,Buses,1
Raymond,Montana,3301,2019-08-01,Buses,1
Raymond,Montana,3301,2019-11-01,Buses,3
Raymond,Montana,3301,2020-01-01,Buses,1
Raymond,Montana,3301,2020-02-01,Buses,1
Raymond,Montana,3301,2022-07-01,Buses,2
Raymond,Montana,3301,2022-10-01,Buses,1
Raymond,Montana,3301,2022-11-01,Buses,1
Raymond,Montana,3301,2023-01-01,Buses,1
Raymond,Montana,3301,2023-04-01,Buses,1
Raymond,Montana,3301,2023-05-01,Buses,1
Raymond,Montana,3301,2023-07-01,Buses,3
Raymond,Montana,3301,2023-08-01,Buses,4
Raymond,Montana,3301,2023-09-01,Buses,1
Raymond,Montana,3301,2023-11-01,Buses,1
Raymond,Montana,3301,2023-12-01,Buses,2
Raymond,Montana,3301,2024-03-01,Buses,1
Raymond,Montana,3301,2024-04-01,Buses,2
Raymond,Montana,3301,2024-05-01,Buses,2
Raymond,Montana,3301,2024-07-01,Buses,4
Raymond,Montana,3301,2024-09-01,Buses,1
Raymond,Montana,3301,2024-11-01,Buses,1
Raymond,Montana,3301,2024-12-01,Buses,1
Raymond,Montana,3301,2025-03-01,Buses,1
Raymond,Montana,3301,2025-04-01,Buses,4
Raymond,Montana,3301,2025-05-01,Buses,1
Raymond,Montana,3301,2025-07-01,Buses,3
Raymond,Montana,3301,2025-08-01,Buses,2
Raymond,Montana,3301,2025-09-01,Buses,1
Raymond,Montana,3301,2025-11-01,Buses,2
Raymond,Montana,3301,2025-12-01,Buses,3
Raymond,Montana,3301,2026-01-01,Buses,2
Raymond,Montana,3301,2026-04-01,Buses,3
Raymond,Montana,3301,2026-05-01,Buses,5
Raymond,Montana,3301,2019-01-01,Personal Vehicle Passengers,2780
Raymond,Montana,3301,2019-02-01,Personal Vehicle Passengers,2759
Raymond,Montana,3301,2019-03-01,Personal Vehicle Passengers,3095
Raymond,Montana,3301,2019-04-01,Personal Vehicle Passengers,3348
Raymond,Montana,3301,2019-05-01,Personal Vehicle Passengers,3646
Raymond,Montana,3301,2019-06-01,Personal Vehicle Passengers,4952
Raymond,Montana,3301,2019-07-01,Personal Vehicle Passengers,6306
Raymond,Montana,3301,2019-08-01,Personal Vehicle Passengers,6456
Raymond,Montana,3301,2019-09-01,Personal Vehicle Passengers,3689
Raymond,Montana,3301,2019-10-01,Personal Vehicle Passengers,4124
Raymond,Montana,3301,2019-11-01,Personal Vehicle Passengers,3233
Raymond,Montana,3301,2019-12-01,Personal Vehicle Passengers,3783
Raymond,Montana,3301,2020-01-01,Personal Vehicle Passengers,3008
Raymond,Montana,3301,2020-02-01,Personal Vehicle Passengers,2939
Raymond,Montana,3301,2020-03-01,Personal Vehicle Passengers,1644
Raymond,Montana,3301,2020-04-01,Personal Vehicle Passengers,148
Raymond,Montana,3301,2020-05-01,Personal Vehicle Passengers,218
Raymond,Montana,3301,2020-06-01,Personal Vehicle Passengers,377
Raymond,Montana,3301,2020-07-01,Personal Vehicle Passengers,398
Raymond,Montana,3301,2020-08-01,Personal Vehicle Passengers,450
Raymond,Montana,3301,2020-09-01,Personal Vehicle Passengers,316
Raymond,Montana,3301,2020-10-01,Personal Vehicle Passengers,358
Raymond,Montana,3301,2020-11-01,Personal Vehicle Passengers,216
Raymond,Montana,3301,2020-12-01,Personal Vehicle Passengers,212
Raymond,Montana,3301,2021-01-01,Personal Vehicle Passengers,223
Raymond,Montana,3301,2021-02-01,Personal Vehicle Passengers,150
Raymond,Montana,3301,2021-03-01,Personal Vehicle Passengers,224
Raymond,Montana,3301,2021-04-01,Personal Vehicle Passengers,267
Raymond,Montana,3301,2021-05-01,Personal Vehicle Passengers,288
Raymond,Montana,3301,2021-06-01,Personal Vehicle Passengers,584
Raymond,Montana,3301,2021-07-01,Personal Vehicle Passengers,730
Raymond,Montana,3301,2021-08-01,Personal Vehicle Passengers,883
Raymond,Montana,3301,2021-09-01,Personal Vehicle Passengers,767
Raymond,Montana,3301,2021-10-01,Personal Vehicle Passengers,641
Raymond,Montana,3301,2021-11-01,Personal Vehicle Passengers,1787
Raymond,Montana,3301,2021-12-01,Personal Vehicle Passengers,1581
Raymond,Montana,3301,2022-01-01,Personal Vehicle Passengers,1068
Raymond,Montana,3301,2022-02-01,Personal Vehicle Passengers,1087
Raymond,Montana,3301,2022-03-01,Personal Vehicle Passengers,1092
Raymond,Montana,3301,2022-04-01,Personal Vehicle Passengers,1816
Raymond,Montana,3301,2022-05-01,Personal Vehicle Passengers,2152
Raymond,Montana,3301,2022-06-01,Personal Vehicle Passengers,2683
Raymond,Montana,3301,2022-07-01,Personal Vehicle Passengers,3855
Raymond,Montana,3301,2022-08-01,Personal Vehicle Passengers,3555
Raymond,Montana,3301,2022-09-01,Personal Vehicle Passengers,2616
Raymond,Montana,3301,2022-10-01,Personal Vehicle Passengers,3870
Raymond,Montana,3301,2022-11-01,Personal Vehicle Passengers,2412
Raymond,Montana,3301,2022-12-01,Personal Vehicle Passengers,2845
Raymond,Montana,3301,2023-01-01,Personal Vehicle Passengers,2069
Raymond,Montana,3301,2023-02-01,Personal Vehicle Passengers,2031
Raymond,Montana,3301,2023-03-01,Personal Vehicle Passengers,2209
Raymond,Montana,3301,2023-04-01,Personal Vehicle Passengers,2556
Raymond,Montana,3301,2023-05-01,Personal Vehicle Passengers,2852
Raymond,Montana,3301,2023-06-01,Personal Vehicle Passengers,4327
Raymond,Montana,3301,2023-07-01,Personal Vehicle Passengers,5871
Raymond,Montana,3301,2023-08-01,Personal Vehicle Passengers,5472
Raymond,Montana,3301,2023-09-01,Personal Vehicle Passengers,3711
Raymond,Montana,3301,2023-10-01,Personal Vehicle Passengers,3850
Raymond,Montana,3301,2023-11-01,Personal Vehicle Passengers,2940
Raymond,Montana,3301,2023-12-01,Personal Vehicle Passengers,3751
Raymond,Montana,3301,2024-01-01,Personal Vehicle Passengers,2193
Raymond,Montana,3301,2024-02-01,Personal Vehicle Passengers,2744
Raymond,Montana,3301,2024-03-01,Personal Vehicle Passengers,3000
Raymond,Montana,3301,2024-04-01,Personal Vehicle Passengers,2933
Raymond,Montana,3301,2024-05-01,Personal Vehicle Passengers,3305
Raymond,Montana,3301,2024-06-01,Personal Vehicle Passengers,4978
Raymond,Montana,3301,2024-07-01,Personal Vehicle Passengers,6329
Raymond,Montana,3301,2024-08-01,Personal Vehicle Passengers,6193
Raymond,Montana,3301,2024-09-01,Personal Vehicle Passengers,3952
Raymond,Montana,3301,2024-10-01,Personal Vehicle Passengers,4324
Raymond,Montana,3301,2024-11-01,Personal Vehicle Passengers,2823
Raymond,Montana,3301,2024-12-01,Personal Vehicle Passengers,3542
Raymond,Montana,3301,2025-01-01,Personal Vehicle Passengers,2081
Raymond,Montana,3301,2025-02-01,Personal Vehicle Passengers,1981
Raymond,Montana,3301,2025-03-01,Personal Vehicle Passengers,2104
Raymond,Montana,3301,2025-04-01,Personal Vehicle Passengers,2231
Raymond,Montana,3301,2025-05-01,Personal Vehicle Passengers,2399
Raymond,Montana,3301,2025-06-01,Personal Vehicle Passengers,3465
Raymond,Montana,3301,2025-07-01,Personal Vehicle Passengers,4632
Raymond,Montana,3301,2025-08-01,Personal Vehicle Passengers,4369
Raymond,Montana,3301,2025-09-01,Personal Vehicle Passengers,2614
Raymond,Montana,3301,2025-10-01,Personal Vehicle Passengers,3417
Raymond,Montana,3301,2025-11-01,Personal Vehicle Passengers,2349
Raymond,Montana,3301,2025-12-01,Personal Vehicle Passengers,2644
Raymond,Montana,3301,2026-01-01,Personal Vehicle Passengers,1820
Raymond,Montana,3301,2026-02-01,Personal Vehicle Passengers,1815
Raymond,Montana,3301,2026-03-01,Personal Vehicle Passengers,2088
Raymond,Montana,3301,2026-04-01,Personal Vehicle Passengers,2317
Raymond,Montana,3301,2026-05-01,Personal Vehicle Passengers,2564
Raymond,Montana,3301,2026-06-01,Personal Vehicle Passengers,3633
Raymond,Montana,3301,2026-07-01,Personal Vehicle Passengers,4722
Raymond,Montana,3301,2019-01-01,Personal Vehicles,1487
Raymond,Montana,3301,2019-02-01,Personal Vehicles,1348
Raymond,Montana,3301,2019-03-01,Personal Vehicles,1591
Raymond,Montana,3301,2019-04-01,Personal Vehicles,1653
Raymond,Montana,3301,2019-05-01,Personal Vehicles,1967
Raymond,Montana,3301,2019-06-01,Personal Vehicles,2431
Raymond,Montana,3301,2019-07-01,Personal Vehicles,2870
Raymond,Montana,3301,2019-08-01,Personal Vehicles,3092
Raymond,Montana,3301,2019-09-01,Personal Vehicles,1970
Raymond,Montana,3301,2019-10-01,Personal Vehicles,2226
Raymond,Montana,3301,2019-11-01,Personal Vehicles,1710
Raymond,Montana,3301,2019-12-01,Personal Vehicles,1841
Raymond,Montana,3301,2020-01-01,Personal Vehicles,1531
Raymond,Montana,3301,2020-02-01,Personal Vehicles,1445
Raymond,Montana,3301,2020-03-01,Personal Vehicles,810
Raymond,Montana,3301,2020-04-01,Personal Vehicles,130
Raymond,Montana,3301,2020-05-01,Personal Vehicles,176
Raymond,Montana,3301,2020-06-01,Personal Vehicles,255
Raymond,Montana,3301,2020-07-01,Personal Vehicles,305
Raymond,Montana,3301,2020-08-01,Personal Vehicles,350
Raymond,Montana,3301,2020-09-01,Personal Vehicles,257
Raymond,Montana,3301,2020-10-01,Personal Vehicles,268
Raymond,Montana,3301,2020-11-01,Personal Vehicles,173
Raymond,Montana,3301,2020-12-01,Personal Vehicles,156
Raymond,Montana,3301,2021-01-01,Personal Vehicles,174
Raymond,Montana,3301,2021-02-01,Personal Vehicles,129
Raymond,Montana,3301,2021-03-01,Personal Vehicles,194
Raymond,Montana,3301,2021-04-01,Personal Vehicles,215
Raymond,Montana,3301,2021-05-01,Personal Vehicles,241
Raymond,Montana,3301,2021-06-01,Personal Vehicles,461
Raymond,Montana,3301,2021-07-01,Personal Vehicles,588
Raymond,Montana,3301,2021-08-01,Personal Vehicles,613
Raymond,Montana,3301,2021-09-01,Personal Vehicles,505
Raymond,Montana,3301,2021-10-01,Personal Vehicles,438
Raymond,Montana,3301,2021-11-01,Personal Vehicles,1041
Raymond,Montana,3301,2021-12-01,Personal Vehicles,868
Raymond,Montana,3301,2022-01-01,Personal Vehicles,611
Raymond,Montana,3301,2022-02-01,Personal Vehicles,551
Raymond,Montana,3301,2022-03-01,Personal Vehicles,602
Raymond,Montana,3301,2022-04-01,Personal Vehicles,957
Raymond,Montana,3301,2022-05-01,Personal Vehicles,1171
Raymond,Montana,3301,2022-06-01,Personal Vehicles,1359
Raymond,Montana,3301,2022-07-01,Personal Vehicles,1835
Raymond,Montana,3301,2022-08-01,Personal Vehicles,1871
Raymond,Montana,3301,2022-09-01,Personal Vehicles,1439
Raymond,Montana,3301,2022-10-01,Personal Vehicles,2013
Raymond,Montana,3301,2022-11-01,Personal Vehicles,1322
Raymond,Montana,3301,2022-12-01,Personal Vehicles,1365
Raymond,Montana,3301,2023-01-01,Personal Vehicles,1144
Raymond,Montana,3301,2023-02-01,Personal Vehicles,1014
Raymond,Montana,3301,2023-03-01,Personal Vehicles,1163
Raymond,Montana,3301,2023-04-01,Personal Vehicles,1268
Raymond,Montana,3301,2023-05-01,Personal Vehicles,1512
Raymond,Montana,3301,2023-06-01,Personal Vehicles,2173
Raymond,Montana,3301,2023-07-01,Personal Vehicles,2627
Raymond,Montana,3301,2023-08-01,Personal Vehicles,2619
Raymond,Montana,3301,2023-09-01,Personal Vehicles,1924
Raymond,Montana,3301,2023-10-01,Personal Vehicles,1999
Raymond,Montana,3301,2023-11-01,Personal Vehicles,1527
Raymond,Montana,3301,2023-12-01,Personal Vehicles,1761
Raymond,Montana,3301,2024-01-01,Personal Vehicles,1139
Raymond,Montana,3301,2024-02-01,Personal Vehicles,1315
Raymond,Montana,3301,2024-03-01,Personal Vehicles,1421
Raymond,Montana,3301,2024-04-01,Personal Vehicles,1478
Raymond,Montana,3301,2024-05-01,Personal Vehicles,1643
Raymond,Montana,3301,2024-06-01,Personal Vehicles,2329
Raymond,Montana,3301,2024-07-01,Personal Vehicles,2837
Raymond,Montana,3301,2024-08-01,Personal Vehicles,2927
Raymond,Montana,3301,2024-09-01,Personal Vehicles,2071
Raymond,Montana,3301,2024-10-01,Personal Vehicles,2216
Raymond,Montana,3301,2024-11-01,Personal Vehicles,1469
Raymond,Montana,3301,2024-12-01,Personal Vehicles,1679
Raymond,Montana,3301,2025-01-01,Personal Vehicles,1137
Raymond,Montana,3301,2025-02-01,Personal Vehicles,1044
Raymond,Montana,3301,2025-03-01,Personal Vehicles,1097
Raymond,Montana,3301,2025-04-01,Personal Vehicles,1091
Raymond,Montana,3301,2025-05-01,Personal Vehicles,1232
Raymond,Montana,3301,2025-06-01,Personal Vehicles,1681
Raymond,Montana,3301,2025-07-01,Personal Vehicles,2073
Raymond,Montana,3301,2025-08-01,Personal Vehicles,2144
Raymond,Montana,3301,2025-09-01,Personal Vehicles,1435
Raymond,Montana,3301,2025-10-01,Personal Vehicles,1768
Raymond,Montana,3301,2025-11-01,Personal Vehicles,1256
Raymond,Montana,3301,2025-12-01,Personal Vehicles,1245
Raymond,Montana,3301,2026-01-01,Personal Vehicles,956
Raymond,Montana,3301,2026-02-01,Personal Vehicles,930
Raymond,Montana,3301,2026-03-01,Personal Vehicles,1144
Raymond,Montana,3301,2026-04-01,Personal Vehicles,1178
Raymond,Montana,3301,2026-05-01,Personal Vehicles,1325
Raymond,Montana,3301,2026-06-01,Personal Vehicles,1761
Raymond,Montana,3301,2026-07-01,Personal Vehicles,2199
Roosville,Montana,3318,2019-01-01,Bus Passengers,212
Roosville,Montana,3318,2019-02-01,Bus Passengers,70
Roosville,Montana,3318,2019-03-01,Bus Passengers,252
Roosville,Montana,3318,2019-05-01,Bus Passengers,189
Roosville,Montana,3318,2019-06-01,Bus Passengers,195
Roosville,Montana,3318,2019-07-01,Bus Passengers,86
Roosville,Montana,3318,2019-08-01,Bus Passengers,23
Roosville,Montana,3318,2019-09-01,Bus Passengers,74
Roosville,Montana,3318,2019-10-01,Bus Passengers,76
Roosville,Montana,3318,2020-01-01,Bus Passengers,115
Roosville,Montana,3318,2020-02-01,Bus Passengers,76
Roosville,Montana,3318,2020-03-01,Bus Passengers,61
Roosville,Montana,3318,2021-12-01,Bus Passengers,5
Roosville,Montana,3318,2022-05-01,Bus Passengers,37
Roosville,Montana,3318,2022-06-01,Bus Passengers,108
Roosville,Montana,3318,2022-07-01,Bus Passengers,231
Roosville,Montana,3318,2022-08-01,Bus Passengers,47
Roosville,Montana,3318,2022-09-01,Bus Passengers,130
Roosville,Montana,3318,2023-01-01,Bus Passengers,130
Roosville,Montana,3318,2023-02-01,Bus Passengers,92
Roosville,Montana,3318,2023-05-01,Bus Passengers,95
Roosville,Montana,3318,2023-06-01,Bus Passengers,217
Roosville,Montana,3318,2023-07-01,Bus Passengers,379
Roosville,Montana,3318,2023-09-01,Bus Passengers,120
Roosville,Montana,3318,2023-12-01,Bus Passengers,27
Roosville,Montana,3318,2024-01-01,Bus Passengers,75
Roosville,Montana,3318,2024-02-01,Bus Passengers,106
Roosville,Montana,3318,2024-05-01,Bus Passengers,88
Roosville,Montana,3318,2024-06-01,Bus Passengers,61
Roosville,Montana,3318,2024-07-01,Bus Passengers,106
Roosville,Montana,3318,2024-08-01,Bus Passengers,155
Roosville,Montana,3318,2024-09-01,Bus Passengers,95
Roosville,Montana,3318,2024-11-01,Bus Passengers,39
Roosville,Montana,3318,2024-12-01,Bus Passengers,50
Roosville,Montana,3318,2025-01-01,Bus Passengers,64
Roosville,Montana,3318,2025-02-01,Bus Passengers,57
Roosville,Montana,3318,2025-03-01,Bus Passengers,56
Roosville,Montana,3318,2025-06-01,Bus Passengers,86
Roosville,Montana,3318,2025-07-01,Bus Passengers,209
Roosville,Montana,3318,2025-08-01,Bus Passengers,241
Roosville,Montana,3318,2025-09-01,Bus Passengers,68
Roosville,Montana,3318,2026-01-01,Bus Passengers,152
Roosville,Montana,3318,2026-02-01,Bus Passengers,175
Roosville,Montana,3318,2026-06-01,Bus Passengers,238
Roosville,Montana,3318,2026-07-01,Bus Passengers,500
Roosville,Montana,3318,2019-01-01,Buses,6
Roosville,Montana,3318,2019-02-01,Buses,2
Roosville,Montana,3318,2019-03-01,Buses,9
Roosville,Montana,3318,2019-05-01,Buses,5
Roosville,Montana,3318,2019-06-01,Buses,10
Roosville,Montana,3318,2019-07-01,Buses,4
Roosville,Montana,3318,2019-08-01,Buses,1
Roosville,Montana,3318,2019-09-01,Buses,2
Roosville,Montana,3318,2019-10-01,Buses,1
Roosville,Montana,3318,2020-01-01,Buses,3
Roosville,Montana,3318,2020-02-01,Buses,3
Roosville,Montana,3318,2020-03-01,Buses,2
Roosville,Montana,3318,2021-12-01,Buses,1
Roosville,Montana,3318,2022-06-01,Buses,5
Roosville,Montana,3318,2022-07-01,Buses,5
Roosville,Montana,3318,2022-08-01,Buses,1
Roosville,Montana,3318,2022-09-01,Buses,3
Roosville,Montana,3318,2023-02-01,Buses,2
Roosville,Montana,3318,2023-05-01,Buses,3
Roosville,Montana,3318,2023-06-01,Buses,6
Roosville,Montana,3318,2023-07-01,Buses,8
Roosville,Montana,3318,2023-09-01,Buses,4
Roosville,Montana,3318,2023-12-01,Buses,1
Roosville,Montana,3318,2024-01-01,Buses,2
Roosville,Montana,3318,2024-02-01,Buses,3
Roosville,Montana,3318,2024-05-01,Buses,3
Roosville,Montana,3318,2024-06-01,Buses,2
Roosville,Montana,3318,2024-07-01,Buses,3
Roosville,Montana,3318,2024-08-01,Buses,3
Roosville,Montana,3318,2024-09-01,Buses,2
Roosville,Montana,3318,2024-11-01,Buses,1
Roosville,Montana,3318,2024-12-01,Buses,2
Roosville,Montana,3318,2025-01-01,Buses,3
Roosville,Montana,3318,2025-02-01,Buses,3
Roosville,Montana,3318,2025-03-01,Buses,2
Roosville,Montana,3318,2025-06-01,Buses,3
Roosville,Montana,3318,2025-07-01,Buses,7
Roosville,Montana,3318,2025-08-01,Buses,5
Roosville,Montana,3318,2025-09-01,Buses,2
Roosville,Montana,3318,2026-01-01,Buses,5
Roosville,Montana,3318,2026-02-01,Buses,10
Roosville,Montana,3318,2026-06-01,Buses,8
Roosville,Montana,3318,2026-07-01,Buses,20
Roosville,Montana,3318,2019-01-01,Personal Vehicle Passengers,14925
Roosville,Montana,3318,2019-02-01,Personal Vehicle Passengers,17165
Roosville,Montana,3318,2019-03-01,Personal Vehicle Passengers,19076
Roosville,Montana,3318,2019-04-01,Personal Vehicle Passengers,17879
Roosville,Montana,3318,2019-05-01,Personal Vehicle Passengers,26825
Roosville,Montana,3318,2019-06-01,Personal Vehicle Passengers,34120
Roosville,Montana,3318,2019-07-01,Personal Vehicle Passengers,49837
Roosville,Montana,3318,2019-08-01,Personal Vehicle Passengers,52814
Roosville,Montana,3318,2019-09-01,Personal Vehicle Passengers,25741
Roosville,Montana,3318,2019-10-01,Personal Vehicle Passengers,18729
Roosville,Montana,3318,2019-11-01,Personal Vehicle Passengers,15261
Roosville,Montana,3318,2019-12-01,Personal Vehicle Passengers,19335
Roosville,Montana,3318,2020-01-01,Personal Vehicle Passengers,14071
Roosville,Montana,3318,2020-02-01,Personal Vehicle Passengers,19112
Roosville,Montana,3318,2020-03-01,Personal Vehicle Passengers,6965
Roosville,Montana,3318,2020-04-01,Personal Vehicle Passengers,269
Roosville,Montana,3318,2020-05-01,Personal Vehicle Passengers,339
Roosville,Montana,3318,2020-06-01,Personal Vehicle Passengers,538
Roosville,Montana,3318,2020-07-01,Personal Vehicle Passengers,639
Roosville,Montana,3318,2020-08-01,Personal Vehicle Passengers,490
Roosville,Montana,3318,2020-09-01,Personal Vehicle Passengers,401
Roosville,Montana,3318,2020-10-01,Personal Vehicle Passengers,326
Roosville,Montana,3318,2020-11-01,Personal Vehicle Passengers,237
Roosville,Montana,3318,2020-12-01,Personal Vehicle Passengers,316
Roosville,Montana,3318,2021-01-01,Personal Vehicle Passengers,263
Roosville,Montana,3318,2021-02-01,Personal Vehicle Passengers,167
Roosville,Montana,3318,2021-03-01,Personal Vehicle Passengers,282
Roosville,Montana,3318,2021-04-01,Personal Vehicle Passengers,405
Roosville,Montana,3318,2021-05-01,Personal Vehicle Passengers,487
Roosville,Montana,3318,2021-06-01,Personal Vehicle Passengers,508
Roosville,Montana,3318,2021-07-01,Personal Vehicle Passengers,927
Roosville,Montana,3318,2021-08-01,Personal Vehicle Passengers,2076
Roosville,Montana,3318,2021-09-01,Personal Vehicle Passengers,2383
Roosville,Montana,3318,2021-10-01,Personal Vehicle Passengers,1640
Roosville,Montana,3318,2021-11-01,Personal Vehicle Passengers,3629
Roosville,Montana,3318,2021-12-01,Personal Vehicle Passengers,6405
Roosville,Montana,3318,2022-01-01,Personal Vehicle Passengers,2645
Roosville,Montana,3318,2022-02-01,Personal Vehicle Passengers,4040
Roosville,Montana,3318,2022-03-01,Personal Vehicle Passengers,5571
Roosville,Montana,3318,2022-04-01,Personal Vehicle Passengers,11547
Roosville,Montana,3318,2022-05-01,Personal Vehicle Passengers,13182
Roosville,Montana,3318,2022-06-01,Personal Vehicle Passengers,18883
Roosville,Montana,3318,2022-07-01,Personal Vehicle Passengers,30834
Roosville,Montana,3318,2022-08-01,Personal Vehicle Passengers,28033
Roosville,Montana,3318,2022-09-01,Personal Vehicle Passengers,19496
Roosville,Montana,3318,2022-10-01,Personal Vehicle Passengers,13782
Roosville,Montana,3318,2022-11-01,Personal Vehicle Passengers,8634
Roosville,Montana,3318,2022-12-01,Personal Vehicle Passengers,11608
Roosville,Montana,3318,2023-01-01,Personal Vehicle Passengers,10832
Roosville,Montana,3318,2023-02-01,Personal Vehicle Passengers,13301
Roosville,Montana,3318,2023-03-01,Personal Vehicle Passengers,13962
Roosville,Montana,3318,2023-04-01,Personal Vehicle Passengers,13837
Roosville,Montana,3318,2023-05-01,Personal Vehicle Passengers,18887
Roosville,Montana,3318,2023-06-01,Personal Vehicle Passengers,27764
Roosville,Montana,3318,2023-07-01,Personal Vehicle Passengers,41601
Roosville,Montana,3318,2023-08-01,Personal Vehicle Passengers,41826
Roosville,Montana,3318,2023-09-01,Personal Vehicle Passengers,26033
Roosville,Montana,3318,2023-10-01,Personal Vehicle Passengers,16334
Roosville,Montana,3318,2023-11-01,Personal Vehicle Passengers,12060
Roosville,Montana,3318,2023-12-01,Personal Vehicle Passengers,15172
Roosville,Montana,3318,2024-01-01,Personal Vehicle Passengers,11395
Roosville,Montana,3318,2024-02-01,Personal Vehicle Passengers,14464
Roosville,Montana,3318,2024-03-01,Personal Vehicle Passengers,17339
Roosville,Montana,3318,2024-04-01,Personal Vehicle Passengers,14281
Roosville,Montana,3318,2024-05-01,Personal Vehicle Passengers,22470
Roosville,Montana,3318,2024-06-01,Personal Vehicle Passengers,29231
Roosville,Montana,3318,2024-07-01,Personal Vehicle Passengers,44213
Roosville,Montana,3318,2024-08-01,Personal Vehicle Passengers,45675
Roosville,Montana,3318,2024-09-01,Personal Vehicle Passengers,25405
Roosville,Montana,3318,2024-10-01,Personal Vehicle Passengers,17458
Roosville,Montana,3318,2024-11-01,Personal Vehicle Passengers,12382
Roosville,Montana,3318,2024-12-01,Personal Vehicle Passengers,14920
Roosville,Montana,3318,2025-01-01,Personal Vehicle Passengers,12738
Roosville,Montana,3318,2025-02-01,Personal Vehicle Passengers,12379
Roosville,Montana,3318,2025-03-01,Personal Vehicle Passengers,12772
Roosville,Montana,3318,2025-04-01,Personal Vehicle Passengers,10303
Roosville,Montana,3318,2025-05-01,Personal Vehicle Passengers,15956
Roosville,Montana,3318,2025-06-01,Personal Vehicle Passengers,23211
Roosville,Montana,3318,2025-07-01,Personal Vehicle Passengers,37205
Roosville,Montana,3318,2025-08-01,Personal Vehicle Passengers,35961
Roosville,Montana,3318,2025-09-01,Personal Vehicle Passengers,20192
Roosville,Montana,3318,2025-10-01,Personal Vehicle Passengers,13686
Roosville,Montana,3318,2025-11-01,Personal Vehicle Passengers,9292
Roosville,Montana,3318,2025-12-01,Personal Vehicle Passengers,12012
Roosville,Montana,3318,2026-01-01,Personal Vehicle Passengers,10612
Roosville,Montana,3318,2026-02-01,Personal Vehicle Passengers,11558
Roosville,Montana,3318,2026-03-01,Personal Vehicle Passengers,12358
Roosville,Montana,3318,2026-04-01,Personal Vehicle Passengers,11946
Roosville,Montana,3318,2026-05-01,Personal Vehicle Passengers,16938
Roosville,Montana,3318,2026-06-01,Personal Vehicle Passengers,26483
Roosville,Montana,3318,2026-07-01,Personal Vehicle Passengers,42943
Roosville,Montana,3318,2019-01-01,Personal Vehicles,7414
Roosville,Montana,3318,2019-02-01,Personal Vehicles,7951
Roosville,Montana,3318,2019-03-01,Personal Vehicles,9282
Roosville,Montana,3318,2019-04-01,Personal Vehicles,9277
Roosville,Montana,3318,2019-05-01,Personal Vehicles,13186
Roosville,Montana,3318,2019-06-01,Personal Vehicles,16818
Roosville,Montana,3318,2019-07-01,Personal Vehicles,23431
Roosville,Montana,3318,2019-08-01,Personal Vehicles,24307
Roosville,Montana,3318,2019-09-01,Personal Vehicles,13339
Roosville,Montana,3318,2019-10-01,Personal Vehicles,9785
Roosville,Montana,3318,2019-11-01,Personal Vehicles,7906
Roosville,Montana,3318,2019-12-01,Personal Vehicles,9269
Roosville,Montana,3318,2020-01-01,Personal Vehicles,7348
Roosville,Montana,3318,2020-02-01,Personal Vehicles,9280
Roosville,Montana,3318,2020-03-01,Personal Vehicles,3951
Roosville,Montana,3318,2020-04-01,Personal Vehicles,283
Roosville,Montana,3318,2020-05-01,Personal Vehicles,319
Roosville,Montana,3318,2020-06-01,Personal Vehicles,460
Roosville,Montana,3318,2020-07-01,Personal Vehicles,544
Roosville,Montana,3318,2020-08-01,Personal Vehicles,441
Roosville,Montana,3318,2020-09-01,Personal Vehicles,388
Roosville,Montana,3318,2020-10-01,Personal Vehicles,311
Roosville,Montana,3318,2020-11-01,Personal Vehicles,203
Roosville,Montana,3318,2020-12-01,Personal Vehicles,273
Roosville,Montana,3318,2021-01-01,Personal Vehicles,275
Roosville,Montana,3318,2021-02-01,Personal Vehicles,180
Roosville,Montana,3318,2021-03-01,Personal Vehicles,232
Roosville,Montana,3318,2021-04-01,Personal Vehicles,353
Roosville,Montana,3318,2021-05-01,Personal Vehicles,416
Roosville,Montana,3318,2021-06-01,Personal Vehicles,439
Roosville,Montana,3318,2021-07-01,Personal Vehicles,656
Roosville,Montana,3318,2021-08-01,Personal Vehicles,1246
Roosville,Montana,3318,2021-09-01,Personal Vehicles,1520
Roosville,Montana,3318,2021-10-01,Personal Vehicles,1101
Roosville,Montana,3318,2021-11-01,Personal Vehicles,2189
Roosville,Montana,3318,2021-12-01,Personal Vehicles,3526
Roosville,Montana,3318,2022-01-01,Personal Vehicles,1523
Roosville,Montana,3318,2022-02-01,Personal Vehicles,2153
Roosville,Montana,3318,2022-03-01,Personal Vehicles,2901
Roosville,Montana,3318,2022-04-01,Personal Vehicles,5966
Roosville,Montana,3318,2022-05-01,Personal Vehicles,6815
Roosville,Montana,3318,2022-06-01,Personal Vehicles,9277
Roosville,Montana,3318,2022-07-01,Personal Vehicles,14538
Roosville,Montana,3318,2022-08-01,Personal Vehicles,13302
Roosville,Montana,3318,2022-09-01,Personal Vehicles,10039
Roosville,Montana,3318,2022-10-01,Personal Vehicles,7274
Roosville,Montana,3318,2022-11-01,Personal Vehicles,4515
Roosville,Montana,3318,2022-12-01,Personal Vehicles,5604
Roosville,Montana,3318,2023-01-01,Personal Vehicles,5369
Roosville,Montana,3318,2023-02-01,Personal Vehicles,6190
Roosville,Montana,3318,2023-03-01,Personal Vehicles,6803
Roosville,Montana,3318,2023-04-01,Personal Vehicles,7120
Roosville,Montana,3318,2023-05-01,Personal Vehicles,9550
Roosville,Montana,3318,2023-06-01,Personal Vehicles,13576
Roosville,Montana,3318,2023-07-01,Personal Vehicles,19503
Roosville,Montana,3318,2023-08-01,Personal Vehicles,19300
Roosville,Montana,3318,2023-09-01,Personal Vehicles,13291
Roosville,Montana,3318,2023-10-01,Personal Vehicles,8428
Roosville,Montana,3318,2023-11-01,Personal Vehicles,6209
Roosville,Montana,3318,2023-12-01,Personal Vehicles,7225
Roosville,Montana,3318,2024-01-01,Personal Vehicles,5551
Roosville,Montana,3318,2024-02-01,Personal Vehicles,6783
Roosville,Montana,3318,2024-03-01,Personal Vehicles,8069
Roosville,Montana,3318,2024-04-01,Personal Vehicles,7530
Roosville,Montana,3318,2024-05-01,Personal Vehicles,10981
Roosville,Montana,3318,2024-06-01,Personal Vehicles,14123
Roosville,Montana,3318,2024-07-01,Personal Vehicles,19991
Roosville,Montana,3318,2024-08-01,Personal Vehicles,20640
Roosville,Montana,3318,2024-09-01,Personal Vehicles,12878
Roosville,Montana,3318,2024-10-01,Personal Vehicles,9042
Roosville,Montana,3318,2024-11-01,Personal Vehicles,6214
Roosville,Montana,3318,2024-12-01,Personal Vehicles,7270
Roosville,Montana,3318,2025-01-01,Personal Vehicles,6294
Roosville,Montana,3318,2025-02-01,Personal Vehicles,5851
Roosville,Montana,3318,2025-03-01,Personal Vehicles,6183
Roosville,Montana,3318,2025-04-01,Personal Vehicles,5511
Roosville,Montana,3318,2025-05-01,Personal Vehicles,8073
Roosville,Montana,3318,2025-06-01,Personal Vehicles,11198
Roosville,Montana,3318,2025-07-01,Personal Vehicles,16869
Roosville,Montana,3318,2025-08-01,Personal Vehicles,16636
Roosville,Montana,3318,2025-09-01,Personal Vehicles,10584
Roosville,Montana,3318,2025-10-01,Personal Vehicles,7195
Roosville,Montana,3318,2025-11-01,Personal Vehicles,4790
Roosville,Montana,3318,2025-12-01,Personal Vehicles,5652
Roosville,Montana,3318,2026-01-01,Personal Vehicles,5263
Roosville,Montana,3318,2026-02-01,Personal Vehicles,5481
Roosville,Montana,3318,2026-03-01,Personal Vehicles,5960
Roosville,Montana,3318,2026-04-01,Personal Vehicles,6172
Roosville,Montana,3318,2026-05-01,Personal Vehicles,8396
Roosville,Montana,3318,2026-06-01,Personal Vehicles,12423
Roosville,Montana,3318,2026-07-01,Personal Vehicles,19467
Scobey,Montana,3309,2024-10-01,Bus Passengers,33
Scobey,Montana,3309,2024-10-01,Buses,1
Scobey,Montana,3309,2019-01-01,Personal Vehicle Passengers,627
Scobey,Montana,3309,2019-02-01,Personal Vehicle Passengers,512
Scobey,Montana,3309,2019-03-01,Personal Vehicle Passengers,538
Scobey,Montana,3309,2019-04-01,Personal Vehicle Passengers,767
Scobey,Montana,3309,2019-05-01,Personal Vehicle Passengers,791
Scobey,Montana,3309,2019-06-01,Personal Vehicle Passengers,1049
Scobey,Montana,3309,2019-07-01,Personal Vehicle Passengers,1508
Scobey,Montana,3309,2019-08-01,Personal Vehicle Passengers,1230
Scobey,Montana,3309,2019-09-01,Personal Vehicle Passengers,794
Scobey,Montana,3309,2019-10-01,Personal Vehicle Passengers,920
Scobey,Montana,3309,2019-11-01,Personal Vehicle Passengers,720
Scobey,Montana,3309,2019-12-01,Personal Vehicle Passengers,784
Scobey,Montana,3309,2020-01-01,Personal Vehicle Passengers,608
Scobey,Montana,3309,2020-02-01,Personal Vehicle Passengers,631
Scobey,Montana,3309,2020-03-01,Personal Vehicle Passengers,302
Scobey,Montana,3309,2020-04-01,Personal Vehicle Passengers,58
Scobey,Montana,3309,2020-05-01,Personal Vehicle Passengers,93
Scobey,Montana,3309,2020-06-01,Personal Vehicle Passengers,191
Scobey,Montana,3309,2020-07-01,Personal Vehicle Passengers,155
Scobey,Montana,3309,2020-08-01,Personal Vehicle Passengers,154
Scobey,Montana,3309,2020-09-01,Personal Vehicle Passengers,127
Scobey,Montana,3309,2020-10-01,Personal Vehicle Passengers,68
Scobey,Montana,3309,2020-11-01,Personal Vehicle Passengers,75
Scobey,Montana,3309,2020-12-01,Personal Vehicle Passengers,40
Scobey,Montana,3309,2021-01-01,Personal Vehicle Passengers,52
Scobey,Montana,3309,2021-02-01,Personal Vehicle Passengers,42
Scobey,Montana,3309,2021-03-01,Personal Vehicle Passengers,81
Scobey,Montana,3309,2021-04-01,Personal Vehicle Passengers,107
Scobey,Montana,3309,2021-05-01,Personal Vehicle Passengers,111
Scobey,Montana,3309,2021-06-01,Personal Vehicle Passengers,94
Scobey,Montana,3309,2021-07-01,Personal Vehicle Passengers,92
Scobey,Montana,3309,2021-08-01,Personal Vehicle Passengers,204
Scobey,Montana,3309,2021-09-01,Personal Vehicle Passengers,142
Scobey,Montana,3309,2021-10-01,Personal Vehicle Passengers,170
Scobey,Montana,3309,2021-11-01,Personal Vehicle Passengers,219
Scobey,Montana,3309,2021-12-01,Personal Vehicle Passengers,245
Scobey,Montana,3309,2022-01-01,Personal Vehicle Passengers,129
Scobey,Montana,3309,2022-02-01,Personal Vehicle Passengers,192
Scobey,Montana,3309,2022-03-01,Personal Vehicle Passengers,242
Scobey,Montana,3309,2022-04-01,Personal Vehicle Passengers,492
Scobey,Montana,3309,2022-05-01,Personal Vehicle Passengers,454
Scobey,Montana,3309,2022-06-01,Personal Vehicle Passengers,308
Scobey,Montana,3309,2022-07-01,Personal Vehicle Passengers,718
Scobey,Montana,3309,2022-08-01,Personal Vehicle Passengers,674
Scobey,Montana,3309,2022-09-01,Personal Vehicle Passengers,379
Scobey,Montana,3309,2022-10-01,Personal Vehicle Passengers,736
Scobey,Montana,3309,2022-11-01,Personal Vehicle Passengers,553
Scobey,Montana,3309,2022-12-01,Personal Vehicle Passengers,596
Scobey,Montana,3309,2023-01-01,Personal Vehicle Passengers,535
Scobey,Montana,3309,2023-02-01,Personal Vehicle Passengers,491
Scobey,Montana,3309,2023-03-01,Personal Vehicle Passengers,410
Scobey,Montana,3309,2023-04-01,Personal Vehicle Passengers,614
Scobey,Montana,3309,2023-05-01,Personal Vehicle Passengers,832
Scobey,Montana,3309,2023-06-01,Personal Vehicle Passengers,1146
Scobey,Montana,3309,2023-07-01,Personal Vehicle Passengers,1546
Scobey,Montana,3309,2023-08-01,Personal Vehicle Passengers,1325
Scobey,Montana,3309,2023-09-01,Personal Vehicle Passengers,905
Scobey,Montana,3309,2023-10-01,Personal Vehicle Passengers,936
Scobey,Montana,3309,2023-11-01,Personal Vehicle Passengers,621
Scobey,Montana,3309,2023-12-01,Personal Vehicle Passengers,738
Scobey,Montana,3309,2024-01-01,Personal Vehicle Passengers,560
Scobey,Montana,3309,2024-02-01,Personal Vehicle Passengers,666
Scobey,Montana,3309,2024-03-01,Personal Vehicle Passengers,584
Scobey,Montana,3309,2024-04-01,Personal Vehicle Passengers,714
Scobey,Montana,3309,2024-05-01,Personal Vehicle Passengers,813
Scobey,Montana,3309,2024-06-01,Personal Vehicle Passengers,1278
Scobey,Montana,3309,2024-07-01,Personal Vehicle Passengers,1290
Scobey,Montana,3309,2024-08-01,Personal Vehicle Passengers,1614
Scobey,Montana,3309,2024-09-01,Personal Vehicle Passengers,1018
Scobey,Montana,3309,2024-10-01,Personal Vehicle Passengers,996
Scobey,Montana,3309,2024-11-01,Personal Vehicle Passengers,661
Scobey,Montana,3309,2024-12-01,Personal Vehicle Passengers,774
Scobey,Montana,3309,2025-01-01,Personal Vehicle Passengers,554
Scobey,Montana,3309,2025-02-01,Personal Vehicle Passengers,481
Scobey,Montana,3309,2025-03-01,Personal Vehicle Passengers,548
Scobey,Montana,3309,2025-04-01,Personal Vehicle Passengers,500
Scobey,Montana,3309,2025-05-01,Personal Vehicle Passengers,656
Scobey,Montana,3309,2025-06-01,Personal Vehicle Passengers,1026
Scobey,Montana,3309,2025-07-01,Personal Vehicle Passengers,1325
Scobey,Montana,3309,2025-08-01,Personal Vehicle Passengers,1261
Scobey,Montana,3309,2025-09-01,Personal Vehicle Passengers,899
Scobey,Montana,3309,2025-10-01,Personal Vehicle Passengers,781
Scobey,Montana,3309,2025-11-01,Personal Vehicle Passengers,586
Scobey,Montana,3309,2025-12-01,Personal Vehicle Passengers,647
Scobey,Montana,3309,2026-01-01,Personal Vehicle Passengers,463
Scobey,Montana,3309,2026-02-01,Personal Vehicle Passengers,508
Scobey,Montana,3309,2026-03-01,Personal Vehicle Passengers,463
Scobey,Montana,3309,2026-04-01,Personal Vehicle Passengers,565
Scobey,Montana,3309,2026-05-01,Personal Vehicle Passengers,631
Scobey,Montana,3309,2026-06-01,Personal Vehicle Passengers,915
Scobey,Montana,3309,2026-07-01,Personal Vehicle Passengers,1281
Scobey,Montana,3309,2019-01-01,Personal Vehicles,361
Scobey,Montana,3309,2019-02-01,Personal Vehicles,277
Scobey,Montana,3309,2019-03-01,Personal Vehicles,325
Scobey,Montana,3309,2019-04-01,Personal Vehicles,442
Scobey,Montana,3309,2019-05-01,Personal Vehicles,468
Scobey,Montana,3309,2019-06-01,Personal Vehicles,544
Scobey,Montana,3309,2019-07-01,Personal Vehicles,715
Scobey,Montana,3309,2019-08-01,Personal Vehicles,607
Scobey,Montana,3309,2019-09-01,Personal Vehicles,457
Scobey,Montana,3309,2019-10-01,Personal Vehicles,524
Scobey,Montana,3309,2019-11-01,Personal Vehicles,400
Scobey,Montana,3309,2019-12-01,Personal Vehicles,430
Scobey,Montana,3309,2020-01-01,Personal Vehicles,342
Scobey,Montana,3309,2020-02-01,Personal Vehicles,335
Scobey,Montana,3309,2020-03-01,Personal Vehicles,185
Scobey,Montana,3309,2020-04-01,Personal Vehicles,44
Scobey,Montana,3309,2020-05-01,Personal Vehicles,71
Scobey,Montana,3309,2020-06-01,Personal Vehicles,139
Scobey,Montana,3309,2020-07-01,Personal Vehicles,112
Scobey,Montana,3309,2020-08-01,Personal Vehicles,125
Scobey,Montana,3309,2020-09-01,Personal Vehicles,98
Scobey,Montana,3309,2020-10-01,Personal Vehicles,58
Scobey,Montana,3309,2020-11-01,Personal Vehicles,50
Scobey,Montana,3309,2020-12-01,Personal Vehicles,35
Scobey,Montana,3309,2021-01-01,Personal Vehicles,39
Scobey,Montana,3309,2021-02-01,Personal Vehicles,32
Scobey,Montana,3309,2021-03-01,Personal Vehicles,55
Scobey,Montana,3309,2021-04-01,Personal Vehicles,77
Scobey,Montana,3309,2021-05-01,Personal Vehicles,83
Scobey,Montana,3309,2021-06-01,Personal Vehicles,77
Scobey,Montana,3309,2021-07-01,Personal Vehicles,68
Scobey,Montana,3309,2021-08-01,Personal Vehicles,122
Scobey,Montana,3309,2021-09-01,Personal Vehicles,102
Scobey,Montana,3309,2021-10-01,Personal Vehicles,106
Scobey,Montana,3309,2021-11-01,Personal Vehicles,139
Scobey,Montana,3309,2021-12-01,Personal Vehicles,159
Scobey,Montana,3309,2022-01-01,Personal Vehicles,77
Scobey,Montana,3309,2022-02-01,Personal Vehicles,111
Scobey,Montana,3309,2022-03-01,Personal Vehicles,152
Scobey,Montana,3309,2022-04-01,Personal Vehicles,250
Scobey,Montana,3309,2022-05-01,Personal Vehicles,255
Scobey,Montana,3309,2022-06-01,Personal Vehicles,168
Scobey,Montana,3309,2022-07-01,Personal Vehicles,350
Scobey,Montana,3309,2022-08-01,Personal Vehicles,358
Scobey,Montana,3309,2022-09-01,Personal Vehicles,226
Scobey,Montana,3309,2022-10-01,Personal Vehicles,415
Scobey,Montana,3309,2022-11-01,Personal Vehicles,286
Scobey,Montana,3309,2022-12-01,Personal Vehicles,283
Scobey,Montana,3309,2023-01-01,Personal Vehicles,275
Scobey,Montana,3309,2023-02-01,Personal Vehicles,253
Scobey,Montana,3309,2023-03-01,Personal Vehicles,223
Scobey,Montana,3309,2023-04-01,Personal Vehicles,320
Scobey,Montana,3309,2023-05-01,Personal Vehicles,445
Scobey,Montana,3309,2023-06-01,Personal Vehicles,579
Scobey,Montana,3309,2023-07-01,Personal Vehicles,716
Scobey,Montana,3309,2023-08-01,Personal Vehicles,654
Scobey,Montana,3309,2023-09-01,Personal Vehicles,496
Scobey,Montana,3309,2023-10-01,Personal Vehicles,488
Scobey,Montana,3309,2023-11-01,Personal Vehicles,337
Scobey,Montana,3309,2023-12-01,Personal Vehicles,388
Scobey,Montana,3309,2024-01-01,Personal Vehicles,290
Scobey,Montana,3309,2024-02-01,Personal Vehicles,317
Scobey,Montana,3309,2024-03-01,Personal Vehicles,295
Scobey,Montana,3309,2024-04-01,Personal Vehicles,399
Scobey,Montana,3309,2024-05-01,Personal Vehicles,427
Scobey,Montana,3309,2024-06-01,Personal Vehicles,637
Scobey,Montana,3309,2024-07-01,Personal Vehicles,591
Scobey,Montana,3309,2024-08-01,Personal Vehicles,756
Scobey,Montana,3309,2024-09-01,Personal Vehicles,551
Scobey,Montana,3309,2024-10-01,Personal Vehicles,522
Scobey,Montana,3309,2024-11-01,Personal Vehicles,349
Scobey,Montana,3309,2024-12-01,Personal Vehicles,374
Scobey,Montana,3309,2025-01-01,Personal Vehicles,308
Scobey,Montana,3309,2025-02-01,Personal Vehicles,241
Scobey,Montana,3309,2025-03-01,Personal Vehicles,284
Scobey,Montana,3309,2025-04-01,Personal Vehicles,271
Scobey,Montana,3309,2025-05-01,Personal Vehicles,358
Scobey,Montana,3309,2025-06-01,Personal Vehicles,532
Scobey,Montana,3309,2025-07-01,Personal Vehicles,599
Scobey,Montana,3309,2025-08-01,Personal Vehicles,636
Scobey,Montana,3309,2025-09-01,Personal Vehicles,472
Scobey,Montana,3309,2025-10-01,Personal Vehicles,431
Scobey,Montana,3309,2025-11-01,Personal Vehicles,320
Scobey,Montana,3309,2025-12-01,Personal Vehicles,316
Scobey,Montana,3309,2026-01-01,Personal Vehicles,247
Scobey,Montana,3309,2026-02-01,Personal Vehicles,248
Scobey,Montana,3309,2026-03-01,Personal Vehicles,255
Scobey,Montana,3309,2026-04-01,Personal Vehicles,296
Scobey,Montana,3309,2026-05-01,Personal Vehicles,361
Scobey,Montana,3309,2026-06-01,Personal Vehicles,475
Scobey,Montana,3309,2026-07-01,Personal Vehicles,615
Sweetgrass,Montana,3310,2019-01-01,Bus Passengers,158
Sweetgrass,Montana,3310,2019-02-01,Bus Passengers,509
Sweetgrass,Montana,3310,2019-03-01,Bus Passengers,297
Sweetgrass,Montana,3310,2019-04-01,Bus Passengers,241
Sweetgrass,Montana,3310,2019-05-01,Bus Passengers,165
Sweetgrass,Montana,3310,2019-06-01,Bus Passengers,337
Sweetgrass,Montana,3310,2019-07-01,Bus Passengers,478
Sweetgrass,Montana,3310,2019-08-01,Bus Passengers,325
Sweetgrass,Montana,3310,2019-09-01,Bus Passengers,309
Sweetgrass,Montana,3310,2019-10-01,Bus Passengers,195
Sweetgrass,Montana,3310,2019-11-01,Bus Passengers,176
Sweetgrass,Montana,3310,2019-12-01,Bus Passengers,119
Sweetgrass,Montana,3310,2020-01-01,Bus Passengers,44
Sweetgrass,Montana,3310,2020-02-01,Bus Passengers,342
Sweetgrass,Montana,3310,2020-03-01,Bus Passengers,12
Sweetgrass,Montana,3310,2021-12-01,Bus Passengers,34
Sweetgrass,Montana,3310,2022-01-01,Bus Passengers,18
Sweetgrass,Montana,3310,2022-04-01,Bus Passengers,71
Sweetgrass,Montana,3310,2022-06-01,Bus Passengers,171
Sweetgrass,Montana,3310,2022-09-01,Bus Passengers,161
Sweetgrass,Montana,3310,2022-11-01,Bus Passengers,51
Sweetgrass,Montana,3310,2022-12-01,Bus Passengers,196
Sweetgrass,Montana,3310,2023-02-01,Bus Passengers,155
Sweetgrass,Montana,3310,2023-04-01,Bus Passengers,163
Sweetgrass,Montana,3310,2023-08-01,Bus Passengers,60
Sweetgrass,Montana,3310,2023-09-01,Bus Passengers,123
Sweetgrass,Montana,3310,2023-10-01,Bus Passengers,104
Sweetgrass,Montana,3310,2024-02-01,Bus Passengers,228
Sweetgrass,Montana,3310,2024-04-01,Bus Passengers,113
Sweetgrass,Montana,3310,2024-05-01,Bus Passengers,81
Sweetgrass,Montana,3310,2024-06-01,Bus Passengers,199
Sweetgrass,Montana,3310,2024-07-01,Bus Passengers,494
Sweetgrass,Montana,3310,2024-08-01,Bus Passengers,394
Sweetgrass,Montana,3310,2024-09-01,Bus Passengers,45
Sweetgrass,Montana,3310,2024-10-01,Bus Passengers,269
Sweetgrass,Montana,3310,2024-12-01,Bus Passengers,118
Sweetgrass,Montana,3310,2025-01-01,Bus Passengers,89
Sweetgrass,Montana,3310,2025-02-01,Bus Passengers,238
Sweetgrass,Montana,3310,2025-03-01,Bus Passengers,238
Sweetgrass,Montana,3310,2025-04-01,Bus Passengers,75
Sweetgrass,Montana,3310,2025-05-01,Bus Passengers,254
Sweetgrass,Montana,3310,2025-06-01,Bus Passengers,50
Sweetgrass,Montana,3310,2025-07-01,Bus Passengers,212
Sweetgrass,Montana,3310,2025-08-01,Bus Passengers,264
Sweetgrass,Montana,3310,2025-09-01,Bus Passengers,210
Sweetgrass,Montana,3310,2025-11-01,Bus Passengers,40
Sweetgrass,Montana,3310,2026-02-01,Bus Passengers,42
Sweetgrass,Montana,3310,2026-03-01,Bus Passengers,15
Sweetgrass,Montana,3310,2026-05-01,Bus Passengers,28
Sweetgrass,Montana,3310,2026-06-01,Bus Passengers,15
Sweetgrass,Montana,3310,2026-07-01,Bus Passengers,92
Sweetgrass,Montana,3310,2019-01-01,Buses,5
Sweetgrass,Montana,3310,2019-02-01,Buses,18
Sweetgrass,Montana,3310,2019-03-01,Buses,8
Sweetgrass,Montana,3310,2019-04-01,Buses,9
Sweetgrass,Montana,3310,2019-05-01,Buses,7
Sweetgrass,Montana,3310,2019-06-01,Buses,11
Sweetgrass,Montana,3310,2019-07-01,Buses,17
Sweetgrass,Montana,3310,2019-08-01,Buses,9
Sweetgrass,Montana,3310,2019-09-01,Buses,8
Sweetgrass,Montana,3310,2019-10-01,Buses,5
Sweetgrass,Montana,3310,2019-11-01,Buses,4
Sweetgrass,Montana,3310,2019-12-01,Buses,4
Sweetgrass,Montana,3310,2020-01-01,Buses,1
Sweetgrass,Montana,3310,2020-02-01,Buses,11
Sweetgrass,Montana,3310,2020-03-01,Buses,1
Sweetgrass,Montana,3310,2021-12-01,Buses,4
Sweetgrass,Montana,3310,2022-01-01,Buses,1
Sweetgrass,Montana,3310,2022-04-01,Buses,2
Sweetgrass,Montana,3310,2022-06-01,Buses,4
Sweetgrass,Montana,3310,2022-09-01,Buses,13
Sweetgrass,Montana,3310,2022-11-01,Buses,2
Sweetgrass,Montana,3310,2022-12-01,Buses,4
Sweetgrass,Montana,3310,2023-02-01,Buses,4
Sweetgrass,Montana,3310,2023-04-01,Buses,3
Sweetgrass,Montana,3310,2023-08-01,Buses,2
Sweetgrass,Montana,3310,2023-09-01,Buses,3
Sweetgrass,Montana,3310,2023-10-01,Buses,3
Sweetgrass,Montana,3310,2024-02-01,Buses,6
Sweetgrass,Montana,3310,2024-04-01,Buses,2
Sweetgrass,Montana,3310,2024-05-01,Buses,2
Sweetgrass,Montana,3310,2024-06-01,Buses,8
Sweetgrass,Montana,3310,2024-07-01,Buses,15
Sweetgrass,Montana,3310,2024-08-01,Buses,4
Sweetgrass,Montana,3310,2024-09-01,Buses,2
Sweetgrass,Montana,3310,2024-10-01,Buses,7
Sweetgrass,Montana,3310,2024-12-01,Buses,6
Sweetgrass,Montana,3310,2025-01-01,Buses,2
Sweetgrass,Montana,3310,2025-02-01,Buses,6
Sweetgrass,Montana,3310,2025-03-01,Buses,6
Sweetgrass,Montana,3310,2025-04-01,Buses,2
Sweetgrass,Montana,3310,2025-05-01,Buses,7
Sweetgrass,Montana,3310,2025-06-01,Buses,1
Sweetgrass,Montana,3310,2025-07-01,Buses,9
Sweetgrass,Montana,3310,2025-08-01,Buses,7
Sweetgrass,Montana,3310,2025-09-01,Buses,5
Sweetgrass,Montana,3310,2025-11-01,Buses,3
Sweetgrass,Montana,3310,2026-02-01,Buses,2
Sweetgrass,Montana,3310,2026-03-01,Buses,1
Sweetgrass,Montana,3310,2026-05-01,Buses,1
Sweetgrass,Montana,3310,2026-06-01,Buses,1
Sweetgrass,Montana,3310,2026-07-01,Buses,6
Sweetgrass,Montana,3310,2019-01-01,Personal Vehicle Passengers,26861
Sweetgrass,Montana,3310,2019-02-01,Personal Vehicle Passengers,21545
Sweetgrass,Montana,3310,2019-03-01,Personal Vehicle Passengers,25362
Sweetgrass,Montana,3310,2019-04-01,Personal Vehicle Passengers,25726
Sweetgrass,Montana,3310,2019-05-01,Personal Vehicle Passengers,26809
Sweetgrass,Montana,3310,2019-06-01,Personal Vehicle Passengers,33967
Sweetgrass,Montana,3310,2019-07-01,Personal Vehicle Passengers,47919
Sweetgrass,Montana,3310,2019-08-01,Personal Vehicle Passengers,47550
Sweetgrass,Montana,3310,2019-09-01,Personal Vehicle Passengers,28376
Sweetgrass,Montana,3310,2019-10-01,Personal Vehicle Passengers,40047
Sweetgrass,Montana,3310,2019-11-01,Personal Vehicle Passengers,28376
Sweetgrass,Montana,3310,2019-12-01,Personal Vehicle Passengers,32993
Sweetgrass,Montana,3310,2020-01-01,Personal Vehicle Passengers,24903
Sweetgrass,Montana,3310,2020-02-01,Personal Vehicle Passengers,23085
Sweetgrass,Montana,3310,2020-03-01,Personal Vehicle Passengers,16878
Sweetgrass,Montana,3310,2020-04-01,Personal Vehicle Passengers,1620
Sweetgrass,Montana,3310,2020-05-01,Personal Vehicle Passengers,2278
Sweetgrass,Montana,3310,2020-06-01,Personal Vehicle Passengers,3273
Sweetgrass,Montana,3310,2020-07-01,Personal Vehicle Passengers,3766
Sweetgrass,Montana,3310,2020-08-01,Personal Vehicle Passengers,5088
Sweetgrass,Montana,3310,2020-09-01,Personal Vehicle Passengers,4637
Sweetgrass,Montana,3310,2020-10-01,Personal Vehicle Passengers,4171
Sweetgrass,Montana,3310,2020-11-01,Personal Vehicle Passengers,3003
Sweetgrass,Montana,3310,2020-12-01,Personal Vehicle Passengers,3047
Sweetgrass,Montana,3310,2021-01-01,Personal Vehicle Passengers,3100
Sweetgrass,Montana,3310,2021-02-01,Personal Vehicle Passengers,2243
Sweetgrass,Montana,3310,2021-03-01,Personal Vehicle Passengers,2991
Sweetgrass,Montana,3310,2021-04-01,Personal Vehicle Passengers,3424
Sweetgrass,Montana,3310,2021-05-01,Personal Vehicle Passengers,4354
Sweetgrass,Montana,3310,2021-06-01,Personal Vehicle Passengers,5268
Sweetgrass,Montana,3310,2021-07-01,Personal Vehicle Passengers,7295
Sweetgrass,Montana,3310,2021-08-01,Personal Vehicle Passengers,9708
Sweetgrass,Montana,3310,2021-09-01,Personal Vehicle Passengers,8225
Sweetgrass,Montana,3310,2021-10-01,Personal Vehicle Passengers,7061
Sweetgrass,Montana,3310,2021-11-01,Personal Vehicle Passengers,22359
Sweetgrass,Montana,3310,2021-12-01,Personal Vehicle Passengers,18950
Sweetgrass,Montana,3310,2022-01-01,Personal Vehicle Passengers,13460
Sweetgrass,Montana,3310,2022-02-01,Personal Vehicle Passengers,7010
Sweetgrass,Montana,3310,2022-03-01,Personal Vehicle Passengers,14659
Sweetgrass,Montana,3310,2022-04-01,Personal Vehicle Passengers,19126
Sweetgrass,Montana,3310,2022-05-01,Personal Vehicle Passengers,18138
Sweetgrass,Montana,3310,2022-06-01,Personal Vehicle Passengers,21722
Sweetgrass,Montana,3310,2022-07-01,Personal Vehicle Passengers,34296
Sweetgrass,Montana,3310,2022-08-01,Personal Vehicle Passengers,29878
Sweetgrass,Montana,3310,2022-09-01,Personal Vehicle Passengers,24537
Sweetgrass,Montana,3310,2022-10-01,Personal Vehicle Passengers,33984
Sweetgrass,Montana,3310,2022-11-01,Personal Vehicle Passengers,23153
Sweetgrass,Montana,3310,2022-12-01,Personal Vehicle Passengers,25409
Sweetgrass,Montana,3310,2023-01-01,Personal Vehicle Passengers,21422
Sweetgrass,Montana,3310,2023-02-01,Personal Vehicle Passengers,19344
Sweetgrass,Montana,3310,2023-03-01,Personal Vehicle Passengers,22417
Sweetgrass,Montana,3310,2023-04-01,Personal Vehicle Passengers,22333
Sweetgrass,Montana,3310,2023-05-01,Personal Vehicle Passengers,24731
Sweetgrass,Montana,3310,2023-06-01,Personal Vehicle Passengers,30918
Sweetgrass,Montana,3310,2023-07-01,Personal Vehicle Passengers,46941
Sweetgrass,Montana,3310,2023-08-01,Personal Vehicle Passengers,42342
Sweetgrass,Montana,3310,2023-09-01,Personal Vehicle Passengers,30748
Sweetgrass,Montana,3310,2023-10-01,Personal Vehicle Passengers,35179
Sweetgrass,Montana,3310,2023-11-01,Personal Vehicle Passengers,24325
Sweetgrass,Montana,3310,2023-12-01,Personal Vehicle Passengers,28488
Sweetgrass,Montana,3310,2024-01-01,Personal Vehicle Passengers,20798
Sweetgrass,Montana,3310,2024-02-01,Personal Vehicle Passengers,21089
Sweetgrass,Montana,3310,2024-03-01,Personal Vehicle Passengers,25297
Sweetgrass,Montana,3310,2024-04-01,Personal Vehicle Passengers,21700
Sweetgrass,Montana,3310,2024-05-01,Personal Vehicle Passengers,25326
Sweetgrass,Montana,3310,2024-06-01,Personal Vehicle Passengers,31852
Sweetgrass,Montana,3310,2024-07-01,Personal Vehicle Passengers,44909
Sweetgrass,Montana,3310,2024-08-01,Personal Vehicle Passengers,44882
Sweetgrass,Montana,3310,2024-09-01,Personal Vehicle Passengers,29362
Sweetgrass,Montana,3310,2024-10-01,Personal Vehicle Passengers,37030
Sweetgrass,Montana,3310,2024-11-01,Personal Vehicle Passengers,25395
Sweetgrass,Montana,3310,2024-12-01,Personal Vehicle Passengers,29270
Sweetgrass,Montana,3310,2025-01-01,Personal Vehicle Passengers,21217
Sweetgrass,Montana,3310,2025-02-01,Personal Vehicle Passengers,16627
Sweetgrass,Montana,3310,2025-03-01,Personal Vehicle Passengers,18167
Sweetgrass,Montana,3310,2025-04-01,Personal Vehicle Passengers,17505
Sweetgrass,Montana,3310,2025-05-01,Personal Vehicle Passengers,18040
Sweetgrass,Montana,3310,2025-06-01,Personal Vehicle Passengers,24878
Sweetgrass,Montana,3310,2025-07-01,Personal Vehicle Passengers,36375
Sweetgrass,Montana,3310,2025-08-01,Personal Vehicle Passengers,32148
Sweetgrass,Montana,3310,2025-09-01,Personal Vehicle Passengers,21951
Sweetgrass,Montana,3310,2025-10-01,Personal Vehicle Passengers,30651
Sweetgrass,Montana,3310,2025-11-01,Personal Vehicle Passengers,21234
Sweetgrass,Montana,3310,2025-12-01,Personal Vehicle Passengers,23622
Sweetgrass,Montana,3310,2026-01-01,Personal Vehicle Passengers,18268
Sweetgrass,Montana,3310,2026-02-01,Personal Vehicle Passengers,16095
Sweetgrass,Montana,3310,2026-03-01,Personal Vehicle Passengers,18534
Sweetgrass,Montana,3310,2026-04-01,Personal Vehicle Passengers,19804
Sweetgrass,Montana,3310,2026-05-01,Personal Vehicle Passengers,20641
Sweetgrass,Montana,3310,2026-06-01,Personal Vehicle Passengers,27110
Sweetgrass,Montana,3310,2026-07-01,Personal Vehicle Passengers,39379
Sweetgrass,Montana,3310,2019-01-01,Personal Vehicles,13673
Sweetgrass,Montana,3310,2019-02-01,Personal Vehicles,10355
Sweetgrass,Montana,3310,2019-03-01,Personal Vehicles,12414
Sweetgrass,Montana,3310,2019-04-01,Personal Vehicles,12785
Sweetgrass,Montana,3310,2019-05-01,Personal Vehicles,13564
Sweetgrass,Montana,3310,2019-06-01,Personal Vehicles,16154
Sweetgrass,Montana,3310,2019-07-01,Personal Vehicles,20619
Sweetgrass,Montana,3310,2019-08-01,Personal Vehicles,21346
Sweetgrass,Montana,3310,2019-09-01,Personal Vehicles,15168
Sweetgrass,Montana,3310,2019-10-01,Personal Vehicles,20784
Sweetgrass,Montana,3310,2019-11-01,Personal Vehicles,14131
Sweetgrass,Montana,3310,2019-12-01,Personal Vehicles,15095
Sweetgrass,Montana,3310,2020-01-01,Personal Vehicles,12841
Sweetgrass,Montana,3310,2020-02-01,Personal Vehicles,11661
Sweetgrass,Montana,3310,2020-03-01,Personal Vehicles,6765
Sweetgrass,Montana,3310,2020-04-01,Personal Vehicles,1225
Sweetgrass,Montana,3310,2020-05-01,Personal Vehicles,1609
Sweetgrass,Montana,3310,2020-06-01,Personal Vehicles,2248
Sweetgrass,Montana,3310,2020-07-01,Personal Vehicles,2542
Sweetgrass,Montana,3310,2020-08-01,Personal Vehicles,3495
Sweetgrass,Montana,3310,2020-09-01,Personal Vehicles,3291
Sweetgrass,Montana,3310,2020-10-01,Personal Vehicles,2949
Sweetgrass,Montana,3310,2020-11-01,Personal Vehicles,2068
Sweetgrass,Montana,3310,2020-12-01,Personal Vehicles,1988
Sweetgrass,Montana,3310,2021-01-01,Personal Vehicles,2170
Sweetgrass,Montana,3310,2021-02-01,Personal Vehicles,1517
Sweetgrass,Montana,3310,2021-03-01,Personal Vehicles,2165
Sweetgrass,Montana,3310,2021-04-01,Personal Vehicles,2459
Sweetgrass,Montana,3310,2021-05-01,Personal Vehicles,2951
Sweetgrass,Montana,3310,2021-06-01,Personal Vehicles,3391
Sweetgrass,Montana,3310,2021-07-01,Personal Vehicles,4299
Sweetgrass,Montana,3310,2021-08-01,Personal Vehicles,5723
Sweetgrass,Montana,3310,2021-09-01,Personal Vehicles,5302
Sweetgrass,Montana,3310,2021-10-01,Personal Vehicles,4489
Sweetgrass,Montana,3310,2021-11-01,Personal Vehicles,12565
Sweetgrass,Montana,3310,2021-12-01,Personal Vehicles,9557
Sweetgrass,Montana,3310,2022-01-01,Personal Vehicles,7351
Sweetgrass,Montana,3310,2022-02-01,Personal Vehicles,3714
Sweetgrass,Montana,3310,2022-03-01,Personal Vehicles,7555
Sweetgrass,Montana,3310,2022-04-01,Personal Vehicles,9470
Sweetgrass,Montana,3310,2022-05-01,Personal Vehicles,9261
Sweetgrass,Montana,3310,2022-06-01,Personal Vehicles,10628
Sweetgrass,Montana,3310,2022-07-01,Personal Vehicles,14753
Sweetgrass,Montana,3310,2022-08-01,Personal Vehicles,14047
Sweetgrass,Montana,3310,2022-09-01,Personal Vehicles,12841
Sweetgrass,Montana,3310,2022-10-01,Personal Vehicles,17733
Sweetgrass,Montana,3310,2022-11-01,Personal Vehicles,12115
Sweetgrass,Montana,3310,2022-12-01,Personal Vehicles,11691
Sweetgrass,Montana,3310,2023-01-01,Personal Vehicles,10914
Sweetgrass,Montana,3310,2023-02-01,Personal Vehicles,9386
Sweetgrass,Montana,3310,2023-03-01,Personal Vehicles,10729
Sweetgrass,Montana,3310,2023-04-01,Personal Vehicles,10792
Sweetgrass,Montana,3310,2023-05-01,Personal Vehicles,12056
Sweetgrass,Montana,3310,2023-06-01,Personal Vehicles,14136
Sweetgrass,Montana,3310,2023-07-01,Personal Vehicles,19656
Sweetgrass,Montana,3310,2023-08-01,Personal Vehicles,19077
Sweetgrass,Montana,3310,2023-09-01,Personal Vehicles,15517
Sweetgrass,Montana,3310,2023-10-01,Personal Vehicles,17921
Sweetgrass,Montana,3310,2023-11-01,Personal Vehicles,12111
Sweetgrass,Montana,3310,2023-12-01,Personal Vehicles,12568
Sweetgrass,Montana,3310,2024-01-01,Personal Vehicles,10442
Sweetgrass,Montana,3310,2024-02-01,Personal Vehicles,10058
Sweetgrass,Montana,3310,2024-03-01,Personal Vehicles,11473
Sweetgrass,Montana,3310,2024-04-01,Personal Vehicles,10505
Sweetgrass,Montana,3310,2024-05-01,Personal Vehicles,12012
Sweetgrass,Montana,3310,2024-06-01,Personal Vehicles,14455
Sweetgrass,Montana,3310,2024-07-01,Personal Vehicles,18618
Sweetgrass,Montana,3310,2024-08-01,Personal Vehicles,19364
Sweetgrass,Montana,3310,2024-09-01,Personal Vehicles,14839
Sweetgrass,Montana,3310,2024-10-01,Personal Vehicles,18488
Sweetgrass,Montana,3310,2024-11-01,Personal Vehicles,12511
Sweetgrass,Montana,3310,2024-12-01,Personal Vehicles,12916
Sweetgrass,Montana,3310,2025-01-01,Personal Vehicles,10363
Sweetgrass,Montana,3310,2025-02-01,Personal Vehicles,8159
Sweetgrass,Montana,3310,2025-03-01,Personal Vehicles,8934
Sweetgrass,Montana,3310,2025-04-01,Personal Vehicles,8157
Sweetgrass,Montana,3310,2025-05-01,Personal Vehicles,8758
Sweetgrass,Montana,3310,2025-06-01,Personal Vehicles,11288
Sweetgrass,Montana,3310,2025-07-01,Personal Vehicles,15361
Sweetgrass,Montana,3310,2025-08-01,Personal Vehicles,14285
Sweetgrass,Montana,3310,2025-09-01,Personal Vehicles,11355
Sweetgrass,Montana,3310,2025-10-01,Personal Vehicles,15162
Sweetgrass,Montana,3310,2025-11-01,Personal Vehicles,10468
Sweetgrass,Montana,3310,2025-12-01,Personal Vehicles,10205
Sweetgrass,Montana,3310,2026-01-01,Personal Vehicles,9043
Sweetgrass,Montana,3310,2026-02-01,Personal Vehicles,7734
Sweetgrass,Montana,3310,2026-03-01,Personal Vehicles,8987
Sweetgrass,Montana,3310,2026-04-01,Personal Vehicles,9390
Sweetgrass,Montana,3310,2026-05-01,Personal Vehicles,10051
Sweetgrass,Montana,3310,2026-06-01,Personal Vehicles,12322
Sweetgrass,Montana,3310,2026-07-01,Personal Vehicles,16399
Turner,Montana,3306,2019-02-01,Bus Passengers,48
Turner,Montana,3306,2019-04-01,Bus Passengers,65
Turner,Montana,3306,2019-05-01,Bus Passengers,26
Turner,Montana,3306,2019-06-01,Bus Passengers,25
Turner,Montana,3306,2019-10-01,Bus Passengers,70
Turner,Montana,3306,2019-11-01,Bus Passengers,15
Turner,Montana,3306,2019-12-01,Bus Passengers,230
Turner,Montana,3306,2020-01-01,Bus Passengers,48
Turner,Montana,3306,2020-02-01,Bus Passengers,50
Turner,Montana,3306,2022-01-01,Bus Passengers,1
Turner,Montana,3306,2022-05-01,Bus Passengers,16
Turner,Montana,3306,2023-02-01,Bus Passengers,46
Turner,Montana,3306,2023-04-01,Bus Passengers,18
Turner,Montana,3306,2023-05-01,Bus Passengers,12
Turner,Montana,3306,2023-07-01,Bus Passengers,47
Turner,Montana,3306,2023-08-01,Bus Passengers,15
Turner,Montana,3306,2024-03-01,Bus Passengers,19
Turner,Montana,3306,2024-04-01,Bus Passengers,12
Turner,Montana,3306,2024-05-01,Bus Passengers,10
Turner,Montana,3306,2024-07-01,Bus Passengers,29
Turner,Montana,3306,2024-09-01,Bus Passengers,19
Turner,Montana,3306,2024-10-01,Bus Passengers,28
Turner,Montana,3306,2019-02-01,Buses,1
Turner,Montana,3306,2019-04-01,Buses,2
Turner,Montana,3306,2019-05-01,Buses,1
Turner,Montana,3306,2019-06-01,Buses,1
Turner,Montana,3306,2019-10-01,Buses,2
Turner,Montana,3306,2019-11-01,Buses,1
Turner,Montana,3306,2019-12-01,Buses,5
Turner,Montana,3306,2020-01-01,Buses,1
Turner,Montana,3306,2020-02-01,Buses,1
Turner,Montana,3306,2022-01-01,Buses,1
Turner,Montana,3306,2022-05-01,Buses,1
Turner,Montana,3306,2023-02-01,Buses,1
Turner,Montana,3306,2023-04-01,Buses,1
Turner,Montana,3306,2023-05-01,Buses,1
Turner,Montana,3306,2023-07-01,Buses,1
Turner,Montana,3306,2023-08-01,Buses,1
Turner,Montana,3306,2024-03-01,Buses,1
Turner,Montana,3306,2024-04-01,Buses,1
Turner,Montana,3306,2024-05-01,Buses,1
Turner,Montana,3306,2024-07-01,Buses,1
Turner,Montana,3306,2024-09-01,Buses,1
Turner,Montana,3306,2024-10-01,Buses,1
Turner,Montana,3306,2019-01-01,Personal Vehicle Passengers,1293
Turner,Montana,3306,2019-02-01,Personal Vehicle Passengers,1088
Turner,Montana,3306,2019-03-01,Personal Vehicle Passengers,900
Turner,Montana,3306,2019-04-01,Personal Vehicle Passengers,1289
Turner,Montana,3306,2019-05-01,Personal Vehicle Passengers,1138
Turner,Montana,3306,2019-06-01,Personal Vehicle Passengers,1641
Turner,Montana,3306,2019-07-01,Personal Vehicle Passengers,2150
Turner,Montana,3306,2019-08-01,Personal Vehicle Passengers,2289
Turner,Montana,3306,2019-09-01,Personal Vehicle Passengers,1069
Turner,Montana,3306,2019-10-01,Personal Vehicle Passengers,1633
Turner,Montana,3306,2019-11-01,Personal Vehicle Passengers,1370
Turner,Montana,3306,2019-12-01,Personal Vehicle Passengers,1695
Turner,Montana,3306,2020-01-01,Personal Vehicle Passengers,1332
Turner,Montana,3306,2020-02-01,Personal Vehicle Passengers,1343
Turner,Montana,3306,2020-03-01,Personal Vehicle Passengers,492
Turner,Montana,3306,2020-04-01,Personal Vehicle Passengers,54
Turner,Montana,3306,2020-05-01,Personal Vehicle Passengers,89
Turner,Montana,3306,2020-06-01,Personal Vehicle Passengers,131
Turner,Montana,3306,2020-07-01,Personal Vehicle Passengers,127
Turner,Montana,3306,2020-08-01,Personal Vehicle Passengers,122
Turner,Montana,3306,2020-09-01,Personal Vehicle Passengers,101
Turner,Montana,3306,2020-10-01,Personal Vehicle Passengers,80
Turner,Montana,3306,2020-11-01,Personal Vehicle Passengers,72
Turner,Montana,3306,2020-12-01,Personal Vehicle Passengers,64
Turner,Montana,3306,2021-01-01,Personal Vehicle Passengers,45
Turner,Montana,3306,2021-02-01,Personal Vehicle Passengers,63
Turner,Montana,3306,2021-03-01,Personal Vehicle Passengers,45
Turner,Montana,3306,2021-04-01,Personal Vehicle Passengers,77
Turner,Montana,3306,2021-05-01,Personal Vehicle Passengers,88
Turner,Montana,3306,2021-06-01,Personal Vehicle Passengers,137
Turner,Montana,3306,2021-07-01,Personal Vehicle Passengers,136
Turner,Montana,3306,2021-08-01,Personal Vehicle Passengers,231
Turner,Montana,3306,2021-09-01,Personal Vehicle Passengers,207
Turner,Montana,3306,2021-10-01,Personal Vehicle Passengers,149
Turner,Montana,3306,2021-11-01,Personal Vehicle Passengers,930
Turner,Montana,3306,2021-12-01,Personal Vehicle Passengers,662
Turner,Montana,3306,2022-01-01,Personal Vehicle Passengers,464
Turner,Montana,3306,2022-02-01,Personal Vehicle Passengers,463
Turner,Montana,3306,2022-03-01,Personal Vehicle Passengers,424
Turner,Montana,3306,2022-04-01,Personal Vehicle Passengers,711
Turner,Montana,3306,2022-05-01,Personal Vehicle Passengers,558
Turner,Montana,3306,2022-06-01,Personal Vehicle Passengers,601
Turner,Montana,3306,2022-07-01,Personal Vehicle Passengers,935
Turner,Montana,3306,2022-08-01,Personal Vehicle Passengers,790
Turner,Montana,3306,2022-09-01,Personal Vehicle Passengers,635
Turner,Montana,3306,2022-10-01,Personal Vehicle Passengers,881
Turner,Montana,3306,2022-11-01,Personal Vehicle Passengers,720
Turner,Montana,3306,2022-12-01,Personal Vehicle Passengers,737
Turner,Montana,3306,2023-01-01,Personal Vehicle Passengers,791
Turner,Montana,3306,2023-02-01,Personal Vehicle Passengers,644
Turner,Montana,3306,2023-03-01,Personal Vehicle Passengers,532
Turner,Montana,3306,2023-04-01,Personal Vehicle Passengers,639
Turner,Montana,3306,2023-05-01,Personal Vehicle Passengers,701
Turner,Montana,3306,2023-06-01,Personal Vehicle Passengers,990
Turner,Montana,3306,2023-07-01,Personal Vehicle Passengers,1651
Turner,Montana,3306,2023-08-01,Personal Vehicle Passengers,1423
Turner,Montana,3306,2023-09-01,Personal Vehicle Passengers,860
Turner,Montana,3306,2023-10-01,Personal Vehicle Passengers,1171
Turner,Montana,3306,2023-11-01,Personal Vehicle Passengers,854
Turner,Montana,3306,2023-12-01,Personal Vehicle Passengers,1003
Turner,Montana,3306,2024-01-01,Personal Vehicle Passengers,753
Turner,Montana,3306,2024-02-01,Personal Vehicle Passengers,733
Turner,Montana,3306,2024-03-01,Personal Vehicle Passengers,742
Turner,Montana,3306,2024-04-01,Personal Vehicle Passengers,774
Turner,Montana,3306,2024-05-01,Personal Vehicle Passengers,763
Turner,Montana,3306,2024-06-01,Personal Vehicle Passengers,760
Turner,Montana,3306,2024-07-01,Personal Vehicle Passengers,1449
Turner,Montana,3306,2024-08-01,Personal Vehicle Passengers,1428
Turner,Montana,3306,2024-09-01,Personal Vehicle Passengers,920
Turner,Montana,3306,2024-10-01,Personal Vehicle Passengers,1350
Turner,Montana,3306,2024-11-01,Personal Vehicle Passengers,804
Turner,Montana,3306,2024-12-01,Personal Vehicle Passengers,911
Turner,Montana,3306,2025-01-01,Personal Vehicle Passengers,854
Turner,Montana,3306,2025-02-01,Personal Vehicle Passengers,676
Turner,Montana,3306,2025-03-01,Personal Vehicle Passengers,542
Turner,Montana,3306,2025-04-01,Personal Vehicle Passengers,634
Turner,Montana,3306,2025-05-01,Personal Vehicle Passengers,649
Turner,Montana,3306,2025-06-01,Personal Vehicle Passengers,640
Turner,Montana,3306,2025-07-01,Personal Vehicle Passengers,1135
Turner,Montana,3306,2025-08-01,Personal Vehicle Passengers,875
Turner,Montana,3306,2025-09-01,Personal Vehicle Passengers,513
Turner,Montana,3306,2025-10-01,Personal Vehicle Passengers,991
Turner,Montana,3306,2025-11-01,Personal Vehicle Passengers,742
Turner,Montana,3306,2025-12-01,Personal Vehicle Passengers,713
Turner,Montana,3306,2026-01-01,Personal Vehicle Passengers,717
Turner,Montana,3306,2026-02-01,Personal Vehicle Passengers,547
Turner,Montana,3306,2026-03-01,Personal Vehicle Passengers,517
Turner,Montana,3306,2026-04-01,Personal Vehicle Passengers,667
Turner,Montana,3306,2026-05-01,Personal Vehicle Passengers,633
Turner,Montana,3306,2026-06-01,Personal Vehicle Passengers,653
Turner,Montana,3306,2026-07-01,Personal Vehicle Passengers,1585
Turner,Montana,3306,2019-01-01,Personal Vehicles,667
Turner,Montana,3306,2019-02-01,Personal Vehicles,481
Turner,Montana,3306,2019-03-01,Personal Vehicles,486
Turner,Montana,3306,2019-04-01,Personal Vehicles,617
Turner,Montana,3306,2019-05-01,Personal Vehicles,569
Turner,Montana,3306,2019-06-01,Personal Vehicles,760
Turner,Montana,3306,2019-07-01,Personal Vehicles,951
Turner,Montana,3306,2019-08-01,Personal Vehicles,1038
Turner,Montana,3306,2019-09-01,Personal Vehicles,580
Turner,Montana,3306,2019-10-01,Personal Vehicles,836
Turner,Montana,3306,2019-11-01,Personal Vehicles,651
Turner,Montana,3306,2019-12-01,Personal Vehicles,765
Turner,Montana,3306,2020-01-01,Personal Vehicles,661
Turner,Montana,3306,2020-02-01,Personal Vehicles,583
Turner,Montana,3306,2020-03-01,Personal Vehicles,244
Turner,Montana,3306,2020-04-01,Personal Vehicles,48
Turner,Montana,3306,2020-05-01,Personal Vehicles,76
Turner,Montana,3306,2020-06-01,Personal Vehicles,98
Turner,Montana,3306,2020-07-01,Personal Vehicles,88
Turner,Montana,3306,2020-08-01,Personal Vehicles,90
Turner,Montana,3306,2020-09-01,Personal Vehicles,72
Turner,Montana,3306,2020-10-01,Personal Vehicles,60
Turner,Montana,3306,2020-11-01,Personal Vehicles,55
Turner,Montana,3306,2020-12-01,Personal Vehicles,48
Turner,Montana,3306,2021-01-01,Personal Vehicles,32
Turner,Montana,3306,2021-02-01,Personal Vehicles,28
Turner,Montana,3306,2021-03-01,Personal Vehicles,36
Turner,Montana,3306,2021-04-01,Personal Vehicles,56
Turner,Montana,3306,2021-05-01,Personal Vehicles,66
Turner,Montana,3306,2021-06-01,Personal Vehicles,87
Turner,Montana,3306,2021-07-01,Personal Vehicles,87
Turner,Montana,3306,2021-08-01,Personal Vehicles,136
Turner,Montana,3306,2021-09-01,Personal Vehicles,137
Turner,Montana,3306,2021-10-01,Personal Vehicles,96
Turner,Montana,3306,2021-11-01,Personal Vehicles,490
Turner,Montana,3306,2021-12-01,Personal Vehicles,339
Turner,Montana,3306,2022-01-01,Personal Vehicles,240
Turner,Montana,3306,2022-02-01,Personal Vehicles,228
Turner,Montana,3306,2022-03-01,Personal Vehicles,211
Turner,Montana,3306,2022-04-01,Personal Vehicles,317
Turner,Montana,3306,2022-05-01,Personal Vehicles,270
Turner,Montana,3306,2022-06-01,Personal Vehicles,293
Turner,Montana,3306,2022-07-01,Personal Vehicles,429
Turner,Montana,3306,2022-08-01,Personal Vehicles,372
Turner,Montana,3306,2022-09-01,Personal Vehicles,324
Turner,Montana,3306,2022-10-01,Personal Vehicles,462
Turner,Montana,3306,2022-11-01,Personal Vehicles,369
Turner,Montana,3306,2022-12-01,Personal Vehicles,316
Turner,Montana,3306,2023-01-01,Personal Vehicles,381
Turner,Montana,3306,2023-02-01,Personal Vehicles,289
Turner,Montana,3306,2023-03-01,Personal Vehicles,265
Turner,Montana,3306,2023-04-01,Personal Vehicles,269
Turner,Montana,3306,2023-05-01,Personal Vehicles,341
Turner,Montana,3306,2023-06-01,Personal Vehicles,440
Turner,Montana,3306,2023-07-01,Personal Vehicles,685
Turner,Montana,3306,2023-08-01,Personal Vehicles,618
Turner,Montana,3306,2023-09-01,Personal Vehicles,435
Turner,Montana,3306,2023-10-01,Personal Vehicles,615
Turner,Montana,3306,2023-11-01,Personal Vehicles,437
Turner,Montana,3306,2023-12-01,Personal Vehicles,441
Turner,Montana,3306,2024-01-01,Personal Vehicles,395
Turner,Montana,3306,2024-02-01,Personal Vehicles,353
Turner,Montana,3306,2024-03-01,Personal Vehicles,322
Turner,Montana,3306,2024-04-01,Personal Vehicles,365
Turner,Montana,3306,2024-05-01,Personal Vehicles,369
Turner,Montana,3306,2024-06-01,Personal Vehicles,386
Turner,Montana,3306,2024-07-01,Personal Vehicles,617
Turner,Montana,3306,2024-08-01,Personal Vehicles,660
Turner,Montana,3306,2024-09-01,Personal Vehicles,464
Turner,Montana,3306,2024-10-01,Personal Vehicles,719
Turner,Montana,3306,2024-11-01,Personal Vehicles,442
Turner,Montana,3306,2024-12-01,Personal Vehicles,450
Turner,Montana,3306,2025-01-01,Personal Vehicles,403
Turner,Montana,3306,2025-02-01,Personal Vehicles,291
Turner,Montana,3306,2025-03-01,Personal Vehicles,276
Turner,Montana,3306,2025-04-01,Personal Vehicles,292
Turner,Montana,3306,2025-05-01,Personal Vehicles,309
Turner,Montana,3306,2025-06-01,Personal Vehicles,314
Turner,Montana,3306,2025-07-01,Personal Vehicles,497
Turner,Montana,3306,2025-08-01,Personal Vehicles,411
Turner,Montana,3306,2025-09-01,Personal Vehicles,308
Turner,Montana,3306,2025-10-01,Personal Vehicles,550
Turner,Montana,3306,2025-11-01,Personal Vehicles,367
Turner,Montana,3306,2025-12-01,Personal Vehicles,358
Turner,Montana,3306,2026-01-01,Personal Vehicles,355
Turner,Montana,3306,2026-02-01,Personal Vehicles,266
Turner,Montana,3306,2026-03-01,Personal Vehicles,267
Turner,Montana,3306,2026-04-01,Personal Vehicles,308
Turner,Montana,3306,2026-05-01,Personal Vehicles,298
Turner,Montana,3306,2026-06-01,Personal Vehicles,329
Turner,Montana,3306,2026-07-01,Personal Vehicles,669
Whitlash,Montana,3321,2019-01-01,Personal Vehicle Passengers,91
Whitlash,Montana,3321,2019-02-01,Personal Vehicle Passengers,98
Whitlash,Montana,3321,2019-03-01,Personal Vehicle Passengers,134
Whitlash,Montana,3321,2019-04-01,Personal Vehicle Passengers,50
Whitlash,Montana,3321,2019-05-01,Personal Vehicle Passengers,103
Whitlash,Montana,3321,2019-06-01,Personal Vehicle Passengers,82
Whitlash,Montana,3321,2019-07-01,Personal Vehicle Passengers,185
Whitlash,Montana,3321,2019-08-01,Personal Vehicle Passengers,133
Whitlash,Montana,3321,2019-09-01,Personal Vehicle Passengers,86
Whitlash,Montana,3321,2019-10-01,Personal Vehicle Passengers,77
Whitlash,Montana,3321,2019-11-01,Personal Vehicle Passengers,62
Whitlash,Montana,3321,2019-12-01,Personal Vehicle Passengers,48
Whitlash,Montana,3321,2020-01-01,Personal Vehicle Passengers,65
Whitlash,Montana,3321,2020-02-01,Personal Vehicle Passengers,47
Whitlash,Montana,3321,2020-03-01,Personal Vehicle Passengers,43
Whitlash,Montana,3321,2020-04-01,Personal Vehicle Passengers,9
Whitlash,Montana,3321,2020-05-01,Personal Vehicle Passengers,12
Whitlash,Montana,3321,2020-06-01,Personal Vehicle Passengers,12
Whitlash,Montana,3321,2020-07-01,Personal Vehicle Passengers,22
Whitlash,Montana,3321,2020-08-01,Personal Vehicle Passengers,5
Whitlash,Montana,3321,2020-09-01,Personal Vehicle Passengers,1
Whitlash,Montana,3321,2020-10-01,Personal Vehicle Passengers,16
Whitlash,Montana,3321,2020-11-01,Personal Vehicle Passengers,2
Whitlash,Montana,3321,2020-12-01,Personal Vehicle Passengers,4
Whitlash,Montana,3321,2021-01-01,Personal Vehicle Passengers,5
Whitlash,Montana,3321,2021-02-01,Personal Vehicle Passengers,35
Whitlash,Montana,3321,2021-03-01,Personal Vehicle Passengers,10
Whitlash,Montana,3321,2021-04-01,Personal Vehicle Passengers,6
Whitlash,Montana,3321,2021-05-01,Personal Vehicle Passengers,16
Whitlash,Montana,3321,2021-06-01,Personal Vehicle Passengers,15
Whitlash,Montana,3321,2021-07-01,Personal Vehicle Passengers,25
Whitlash,Montana,3321,2021-08-01,Personal Vehicle Passengers,5
Whitlash,Montana,3321,2021-09-01,Personal Vehicle Passengers,15
Whitlash,Montana,3321,2021-10-01,Personal Vehicle Passengers,9
Whitlash,Montana,3321,2021-11-01,Personal Vehicle Passengers,87
Whitlash,Montana,3321,2021-12-01,Personal Vehicle Passengers,125
Whitlash,Montana,3321,2022-01-01,Personal Vehicle Passengers,69
Whitlash,Montana,3321,2022-02-01,Personal Vehicle Passengers,151
Whitlash,Montana,3321,2022-03-01,Personal Vehicle Passengers,48
Whitlash,Montana,3321,2022-04-01,Personal Vehicle Passengers,50
Whitlash,Montana,3321,2022-05-01,Personal Vehicle Passengers,47
Whitlash,Montana,3321,2022-06-01,Personal Vehicle Passengers,38
Whitlash,Montana,3321,2022-07-01,Personal Vehicle Passengers,87
Whitlash,Montana,3321,2022-08-01,Personal Vehicle Passengers,84
Whitlash,Montana,3321,2022-09-01,Personal Vehicle Passengers,52
Whitlash,Montana,3321,2022-10-01,Personal Vehicle Passengers,95
Whitlash,Montana,3321,2022-11-01,Personal Vehicle Passengers,100
Whitlash,Montana,3321,2022-12-01,Personal Vehicle Passengers,106
Whitlash,Montana,3321,2023-01-01,Personal Vehicle Passengers,98
Whitlash,Montana,3321,2023-02-01,Personal Vehicle Passengers,63
Whitlash,Montana,3321,2023-03-01,Personal Vehicle Passengers,53
Whitlash,Montana,3321,2023-04-01,Personal Vehicle Passengers,70
Whitlash,Montana,3321,2023-05-01,Personal Vehicle Passengers,107
Whitlash,Montana,3321,2023-06-01,Personal Vehicle Passengers,108
Whitlash,Montana,3321,2023-07-01,Personal Vehicle Passengers,151
Whitlash,Montana,3321,2023-08-01,Personal Vehicle Passengers,123
Whitlash,Montana,3321,2023-09-01,Personal Vehicle Passengers,93
Whitlash,Montana,3321,2023-10-01,Personal Vehicle Passengers,96
Whitlash,Montana,3321,2023-11-01,Personal Vehicle Passengers,102
Whitlash,Montana,3321,2023-12-01,Personal Vehicle Passengers,81
Whitlash,Montana,3321,2024-01-01,Personal Vehicle Passengers,59
Whitlash,Montana,3321,2024-02-01,Personal Vehicle Passengers,46
Whitlash,Montana,3321,2024-03-01,Personal Vehicle Passengers,55
Whitlash,Montana,3321,2024-04-01,Personal Vehicle Passengers,106
Whitlash,Montana,3321,2024-05-01,Personal Vehicle Passengers,71
Whitlash,Montana,3321,2024-06-01,Personal Vehicle Passengers,153
Whitlash,Montana,3321,2024-07-01,Personal Vehicle Passengers,114
Whitlash,Montana,3321,2024-08-01,Personal Vehicle Passengers,107
Whitlash,Montana,3321,2024-09-01,Personal Vehicle Passengers,92
Whitlash,Montana,3321,2024-10-01,Personal Vehicle Passengers,111
Whitlash,Montana,3321,2024-11-01,Personal Vehicle Passengers,49
Whitlash,Montana,3321,2024-12-01,Personal Vehicle Passengers,106
Whitlash,Montana,3321,2025-01-01,Personal Vehicle Passengers,37
Whitlash,Montana,3321,2025-02-01,Personal Vehicle Passengers,78
Whitlash,Montana,3321,2025-03-01,Personal Vehicle Passengers,55
Whitlash,Montana,3321,2025-04-01,Personal Vehicle Passengers,49
Whitlash,Montana,3321,2025-05-01,Personal Vehicle Passengers,91
Whitlash,Montana,3321,2025-06-01,Personal Vehicle Passengers,160
Whitlash,Montana,3321,2025-07-01,Personal Vehicle Passengers,140
Whitlash,Montana,3321,2025-08-01,Personal Vehicle Passengers,94
Whitlash,Montana,3321,2025-09-01,Personal Vehicle Passengers,96
Whitlash,Montana,3321,2025-10-01,Personal Vehicle Passengers,134
Whitlash,Montana,3321,2025-11-01,Personal Vehicle Passengers,107
Whitlash,Montana,3321,2025-12-01,Personal Vehicle Passengers,60
Whitlash,Montana,3321,2026-01-01,Personal Vehicle Passengers,74
Whitlash,Montana,3321,2026-02-01,Personal Vehicle Passengers,237
Whitlash,Montana,3321,2026-03-01,Personal Vehicle Passengers,94
Whitlash,Montana,3321,2026-04-01,Personal Vehicle Passengers,64
Whitlash,Montana,3321,2026-05-01,Personal Vehicle Passengers,109
Whitlash,Montana,3321,2026-06-01,Personal Vehicle Passengers,107
Whitlash,Montana,3321,2026-07-01,Personal Vehicle Passengers,143
Whitlash,Montana,3321,2019-01-01,Personal Vehicles,41
Whitlash,Montana,3321,2019-02-01,Personal Vehicles,31
Whitlash,Montana,3321,2019-03-01,Personal Vehicles,63
Whitlash,Montana,3321,2019-04-01,Personal Vehicles,28
Whitlash,Montana,3321,2019-05-01,Personal Vehicles,43
Whitlash,Montana,3321,2019-06-01,Personal Vehicles,36
Whitlash,Montana,3321,2019-07-01,Personal Vehicles,74
Whitlash,Montana,3321,2019-08-01,Personal Vehicles,62
Whitlash,Montana,3321,2019-09-01,Personal Vehicles,41
Whitlash,Montana,3321,2019-10-01,Personal Vehicles,39
Whitlash,Montana,3321,2019-11-01,Personal Vehicles,23
Whitlash,Montana,3321,2019-12-01,Personal Vehicles,30
Whitlash,Montana,3321,2020-01-01,Personal Vehicles,35
Whitlash,Montana,3321,2020-02-01,Personal Vehicles,28
Whitlash,Montana,3321,2020-03-01,Personal Vehicles,25
Whitlash,Montana,3321,2020-04-01,Personal Vehicles,7
Whitlash,Montana,3321,2020-05-01,Personal Vehicles,6
Whitlash,Montana,3321,2020-06-01,Personal Vehicles,9
Whitlash,Montana,3321,2020-07-01,Personal Vehicles,16
Whitlash,Montana,3321,2020-08-01,Personal Vehicles,5
Whitlash,Montana,3321,2020-09-01,Personal Vehicles,1
Whitlash,Montana,3321,2020-10-01,Personal Vehicles,8
Whitlash,Montana,3321,2020-11-01,Personal Vehicles,2
Whitlash,Montana,3321,2020-12-01,Personal Vehicles,3
Whitlash,Montana,3321,2021-01-01,Personal Vehicles,3
Whitlash,Montana,3321,2021-02-01,Personal Vehicles,30
Whitlash,Montana,3321,2021-03-01,Personal Vehicles,10
Whitlash,Montana,3321,2021-04-01,Personal Vehicles,3
Whitlash,Montana,3321,2021-05-01,Personal Vehicles,10
Whitlash,Montana,3321,2021-06-01,Personal Vehicles,9
Whitlash,Montana,3321,2021-07-01,Personal Vehicles,10
Whitlash,Montana,3321,2021-08-01,Personal Vehicles,4
Whitlash,Montana,3321,2021-09-01,Personal Vehicles,5
Whitlash,Montana,3321,2021-10-01,Personal Vehicles,5
Whitlash,Montana,3321,2021-11-01,Personal Vehicles,38
Whitlash,Montana,3321,2021-12-01,Personal Vehicles,41
Whitlash,Montana,3321,2022-01-01,Personal Vehicles,34
Whitlash,Montana,3321,2022-02-01,Personal Vehicles,84
Whitlash,Montana,3321,2022-03-01,Personal Vehicles,43
Whitlash,Montana,3321,2022-04-01,Personal Vehicles,37
Whitlash,Montana,3321,2022-05-01,Personal Vehicles,27
Whitlash,Montana,3321,2022-06-01,Personal Vehicles,20
Whitlash,Montana,3321,2022-07-01,Personal Vehicles,43
Whitlash,Montana,3321,2022-08-01,Personal Vehicles,47
Whitlash,Montana,3321,2022-09-01,Personal Vehicles,25
Whitlash,Montana,3321,2022-10-01,Personal Vehicles,39
Whitlash,Montana,3321,2022-11-01,Personal Vehicles,34
Whitlash,Montana,3321,2022-12-01,Personal Vehicles,52
Whitlash,Montana,3321,2023-01-01,Personal Vehicles,41
Whitlash,Montana,3321,2023-02-01,Personal Vehicles,31
Whitlash,Montana,3321,2023-03-01,Personal Vehicles,31
Whitlash,Montana,3321,2023-04-01,Personal Vehicles,35
Whitlash,Montana,3321,2023-05-01,Personal Vehicles,51
Whitlash,Montana,3321,2023-06-01,Personal Vehicles,57
Whitlash,Montana,3321,2023-07-01,Personal Vehicles,70
Whitlash,Montana,3321,2023-08-01,Personal Vehicles,64
Whitlash,Montana,3321,2023-09-01,Personal Vehicles,50
Whitlash,Montana,3321,2023-10-01,Personal Vehicles,50
Whitlash,Montana,3321,2023-11-01,Personal Vehicles,48
Whitlash,Montana,3321,2023-12-01,Personal Vehicles,47
Whitlash,Montana,3321,2024-01-01,Personal Vehicles,29
Whitlash,Montana,3321,2024-02-01,Personal Vehicles,20
Whitlash,Montana,3321,2024-03-01,Personal Vehicles,33
Whitlash,Montana,3321,2024-04-01,Personal Vehicles,60
Whitlash,Montana,3321,2024-05-01,Personal Vehicles,37
Whitlash,Montana,3321,2024-06-01,Personal Vehicles,70
Whitlash,Montana,3321,2024-07-01,Personal Vehicles,51
Whitlash,Montana,3321,2024-08-01,Personal Vehicles,55
Whitlash,Montana,3321,2024-09-01,Personal Vehicles,43
Whitlash,Montana,3321,2024-10-01,Personal Vehicles,49
Whitlash,Montana,3321,2024-11-01,Personal Vehicles,28
Whitlash,Montana,3321,2024-12-01,Personal Vehicles,41
Whitlash,Montana,3321,2025-01-01,Personal Vehicles,21
Whitlash,Montana,3321,2025-02-01,Personal Vehicles,36
Whitlash,Montana,3321,2025-03-01,Personal Vehicles,34
Whitlash,Montana,3321,2025-04-01,Personal Vehicles,23
Whitlash,Montana,3321,2025-05-01,Personal Vehicles,37
Whitlash,Montana,3321,2025-06-01,Personal Vehicles,71
Whitlash,Montana,3321,2025-07-01,Personal Vehicles,75
Whitlash,Montana,3321,2025-08-01,Personal Vehicles,43
Whitlash,Montana,3321,2025-09-01,Personal Vehicles,50
Whitlash,Montana,3321,2025-10-01,Personal Vehicles,61
Whitlash,Montana,3321,2025-11-01,Personal Vehicles,45
Whitlash,Montana,3321,2025-12-01,Personal Vehicles,29
Whitlash,Montana,3321,2026-01-01,Personal Vehicles,33
Whitlash,Montana,3321,2026-02-01,Personal Vehicles,71
Whitlash,Montana,3321,2026-03-01,Personal Vehicles,37
Whitlash,Montana,3321,2026-04-01,Personal Vehicles,34
Whitlash,Montana,3321,2026-05-01,Personal Vehicles,45
Whitlash,Montana,3321,2026-06-01,Personal Vehicles,52
Whitlash,Montana,3321,2026-07-01,Personal Vehicles,70
Wildhorse,Montana,3323,2019-03-01,Bus Passengers,11
Wildhorse,Montana,3323,2019-06-01,Bus Passengers,50
Wildhorse,Montana,3323,2022-09-01,Bus Passengers,42
Wildhorse,Montana,3323,2022-11-01,Bus Passengers,26
Wildhorse,Montana,3323,2025-12-01,Bus Passengers,24
Wildhorse,Montana,3323,2026-06-01,Bus Passengers,38
Wildhorse,Montana,3323,2026-07-01,Bus Passengers,45
Wildhorse,Montana,3323,2019-03-01,Buses,1
Wildhorse,Montana,3323,2019-06-01,Buses,3
Wildhorse,Montana,3323,2022-09-01,Buses,1
Wildhorse,Montana,3323,2022-11-01,Buses,1
Wildhorse,Montana,3323,2025-12-01,Buses,1
Wildhorse,Montana,3323,2026-06-01,Buses,2
Wildhorse,Montana,3323,2026-07-01,Buses,3
Wildhorse,Montana,3323,2019-01-01,Personal Vehicle Passengers,1187
Wildhorse,Montana,3323,2019-02-01,Personal Vehicle Passengers,697
Wildhorse,Montana,3323,2019-03-01,Personal Vehicle Passengers,1235
Wildhorse,Montana,3323,2019-04-01,Personal Vehicle Passengers,1562
Wildhorse,Montana,3323,2019-05-01,Personal Vehicle Passengers,2147
Wildhorse,Montana,3323,2019-06-01,Personal Vehicle Passengers,3156
Wildhorse,Montana,3323,2019-07-01,Personal Vehicle Passengers,4578
Wildhorse,Montana,3323,2019-08-01,Personal Vehicle Passengers,4508
Wildhorse,Montana,3323,2019-09-01,Personal Vehicle Passengers,2321
Wildhorse,Montana,3323,2019-10-01,Personal Vehicle Passengers,1824
Wildhorse,Montana,3323,2019-11-01,Personal Vehicle Passengers,1367
Wildhorse,Montana,3323,2019-12-01,Personal Vehicle Passengers,1647
Wildhorse,Montana,3323,2020-01-01,Personal Vehicle Passengers,1022
Wildhorse,Montana,3323,2020-02-01,Personal Vehicle Passengers,1109
Wildhorse,Montana,3323,2020-03-01,Personal Vehicle Passengers,572
Wildhorse,Montana,3323,2020-04-01,Personal Vehicle Passengers,78
Wildhorse,Montana,3323,2020-05-01,Personal Vehicle Passengers,110
Wildhorse,Montana,3323,2020-06-01,Personal Vehicle Passengers,116
Wildhorse,Montana,3323,2020-07-01,Personal Vehicle Passengers,128
Wildhorse,Montana,3323,2020-08-01,Personal Vehicle Passengers,189
Wildhorse,Montana,3323,2020-09-01,Personal Vehicle Passengers,143
Wildhorse,Montana,3323,2020-10-01,Personal Vehicle Passengers,145
Wildhorse,Montana,3323,2020-11-01,Personal Vehicle Passengers,100
Wildhorse,Montana,3323,2020-12-01,Personal Vehicle Passengers,128
Wildhorse,Montana,3323,2021-01-01,Personal Vehicle Passengers,125
Wildhorse,Montana,3323,2021-02-01,Personal Vehicle Passengers,69
Wildhorse,Montana,3323,2021-03-01,Personal Vehicle Passengers,103
Wildhorse,Montana,3323,2021-04-01,Personal Vehicle Passengers,211
Wildhorse,Montana,3323,2021-05-01,Personal Vehicle Passengers,164
Wildhorse,Montana,3323,2021-06-01,Personal Vehicle Passengers,224
Wildhorse,Montana,3323,2021-07-01,Personal Vehicle Passengers,234
Wildhorse,Montana,3323,2021-08-01,Personal Vehicle Passengers,433
Wildhorse,Montana,3323,2021-09-01,Personal Vehicle Passengers,392
Wildhorse,Montana,3323,2021-10-01,Personal Vehicle Passengers,270
Wildhorse,Montana,3323,2021-11-01,Personal Vehicle Passengers,791
Wildhorse,Montana,3323,2021-12-01,Personal Vehicle Passengers,940
Wildhorse,Montana,3323,2022-01-01,Personal Vehicle Passengers,475
Wildhorse,Montana,3323,2022-02-01,Personal Vehicle Passengers,933
Wildhorse,Montana,3323,2022-03-01,Personal Vehicle Passengers,591
Wildhorse,Montana,3323,2022-04-01,Personal Vehicle Passengers,1011
Wildhorse,Montana,3323,2022-05-01,Personal Vehicle Passengers,1179
Wildhorse,Montana,3323,2022-06-01,Personal Vehicle Passengers,1625
Wildhorse,Montana,3323,2022-07-01,Personal Vehicle Passengers,2550
Wildhorse,Montana,3323,2022-08-01,Personal Vehicle Passengers,2208
Wildhorse,Montana,3323,2022-09-01,Personal Vehicle Passengers,1700
Wildhorse,Montana,3323,2022-10-01,Personal Vehicle Passengers,1530
Wildhorse,Montana,3323,2022-11-01,Personal Vehicle Passengers,987
Wildhorse,Montana,3323,2022-12-01,Personal Vehicle Passengers,893
Wildhorse,Montana,3323,2023-01-01,Personal Vehicle Passengers,911
Wildhorse,Montana,3323,2023-02-01,Personal Vehicle Passengers,960
Wildhorse,Montana,3323,2023-03-01,Personal Vehicle Passengers,873
Wildhorse,Montana,3323,2023-04-01,Personal Vehicle Passengers,1276
Wildhorse,Montana,3323,2023-05-01,Personal Vehicle Passengers,1560
Wildhorse,Montana,3323,2023-06-01,Personal Vehicle Passengers,2815
Wildhorse,Montana,3323,2023-07-01,Personal Vehicle Passengers,3785
Wildhorse,Montana,3323,2023-08-01,Personal Vehicle Passengers,3313
Wildhorse,Montana,3323,2023-09-01,Personal Vehicle Passengers,2372
Wildhorse,Montana,3323,2023-10-01,Personal Vehicle Passengers,1635
Wildhorse,Montana,3323,2023-11-01,Personal Vehicle Passengers,1558
Wildhorse,Montana,3323,2023-12-01,Personal Vehicle Passengers,1692
Wildhorse,Montana,3323,2024-01-01,Personal Vehicle Passengers,965
Wildhorse,Montana,3323,2024-02-01,Personal Vehicle Passengers,1018
Wildhorse,Montana,3323,2024-03-01,Personal Vehicle Passengers,1230
Wildhorse,Montana,3323,2024-04-01,Personal Vehicle Passengers,1318
Wildhorse,Montana,3323,2024-05-01,Personal Vehicle Passengers,1835
Wildhorse,Montana,3323,2024-06-01,Personal Vehicle Passengers,2939
Wildhorse,Montana,3323,2024-07-01,Personal Vehicle Passengers,4279
Wildhorse,Montana,3323,2024-08-01,Personal Vehicle Passengers,4406
Wildhorse,Montana,3323,2024-09-01,Personal Vehicle Passengers,2587
Wildhorse,Montana,3323,2024-10-01,Personal Vehicle Passengers,1928
Wildhorse,Montana,3323,2024-11-01,Personal Vehicle Passengers,1368
Wildhorse,Montana,3323,2024-12-01,Personal Vehicle Passengers,1444
Wildhorse,Montana,3323,2025-01-01,Personal Vehicle Passengers,827
Wildhorse,Montana,3323,2025-02-01,Personal Vehicle Passengers,811
Wildhorse,Montana,3323,2025-03-01,Personal Vehicle Passengers,1028
Wildhorse,Montana,3323,2025-04-01,Personal Vehicle Passengers,1033
Wildhorse,Montana,3323,2025-05-01,Personal Vehicle Passengers,1328
Wildhorse,Montana,3323,2025-06-01,Personal Vehicle Passengers,2239
Wildhorse,Montana,3323,2025-07-01,Personal Vehicle Passengers,3020
Wildhorse,Montana,3323,2025-08-01,Personal Vehicle Passengers,2760
Wildhorse,Montana,3323,2025-09-01,Personal Vehicle Passengers,1592
Wildhorse,Montana,3323,2025-10-01,Personal Vehicle Passengers,1358
Wildhorse,Montana,3323,2025-11-01,Personal Vehicle Passengers,1045
Wildhorse,Montana,3323,2025-12-01,Personal Vehicle Passengers,1090
Wildhorse,Montana,3323,2026-01-01,Personal Vehicle Passengers,1101
Wildhorse,Montana,3323,2026-02-01,Personal Vehicle Passengers,868
Wildhorse,Montana,3323,2026-03-01,Personal Vehicle Passengers,954
Wildhorse,Montana,3323,2026-04-01,Personal Vehicle Passengers,1119
Wildhorse,Montana,3323,2026-05-01,Personal Vehicle Passengers,1582
Wildhorse,Montana,3323,2026-06-01,Personal Vehicle Passengers,2680
Wildhorse,Montana,3323,2026-07-01,Personal Vehicle Passengers,4686
Wildhorse,Montana,3323,2019-01-01,Personal Vehicles,531
Wildhorse,Montana,3323,2019-02-01,Personal Vehicles,347
Wildhorse,Montana,3323,2019-03-01,Personal Vehicles,595
Wildhorse,Montana,3323,2019-04-01,Personal Vehicles,743
Wildhorse,Montana,3323,2019-05-01,Personal Vehicles,1033
Wildhorse,Montana,3323,2019-06-01,Personal Vehicles,1462
Wildhorse,Montana,3323,2019-07-01,Personal Vehicles,1955
Wildhorse,Montana,3323,2019-08-01,Personal Vehicles,2106
Wildhorse,Montana,3323,2019-09-01,Personal Vehicles,1157
Wildhorse,Montana,3323,2019-10-01,Personal Vehicles,901
Wildhorse,Montana,3323,2019-11-01,Personal Vehicles,639
Wildhorse,Montana,3323,2019-12-01,Personal Vehicles,706
Wildhorse,Montana,3323,2020-01-01,Personal Vehicles,491
Wildhorse,Montana,3323,2020-02-01,Personal Vehicles,512
Wildhorse,Montana,3323,2020-03-01,Personal Vehicles,315
Wildhorse,Montana,3323,2020-04-01,Personal Vehicles,60
Wildhorse,Montana,3323,2020-05-01,Personal Vehicles,75
Wildhorse,Montana,3323,2020-06-01,Personal Vehicles,84
Wildhorse,Montana,3323,2020-07-01,Personal Vehicles,96
Wildhorse,Montana,3323,2020-08-01,Personal Vehicles,112
Wildhorse,Montana,3323,2020-09-01,Personal Vehicles,109
Wildhorse,Montana,3323,2020-10-01,Personal Vehicles,92
Wildhorse,Montana,3323,2020-11-01,Personal Vehicles,71
Wildhorse,Montana,3323,2020-12-01,Personal Vehicles,75
Wildhorse,Montana,3323,2021-01-01,Personal Vehicles,71
Wildhorse,Montana,3323,2021-02-01,Personal Vehicles,50
Wildhorse,Montana,3323,2021-03-01,Personal Vehicles,78
Wildhorse,Montana,3323,2021-04-01,Personal Vehicles,128
Wildhorse,Montana,3323,2021-05-01,Personal Vehicles,112
Wildhorse,Montana,3323,2021-06-01,Personal Vehicles,135
Wildhorse,Montana,3323,2021-07-01,Personal Vehicles,142
Wildhorse,Montana,3323,2021-08-01,Personal Vehicles,241
Wildhorse,Montana,3323,2021-09-01,Personal Vehicles,260
Wildhorse,Montana,3323,2021-10-01,Personal Vehicles,181
Wildhorse,Montana,3323,2021-11-01,Personal Vehicles,452
Wildhorse,Montana,3323,2021-12-01,Personal Vehicles,421
Wildhorse,Montana,3323,2022-01-01,Personal Vehicles,252
Wildhorse,Montana,3323,2022-02-01,Personal Vehicles,483
Wildhorse,Montana,3323,2022-03-01,Personal Vehicles,328
Wildhorse,Montana,3323,2022-04-01,Personal Vehicles,523
Wildhorse,Montana,3323,2022-05-01,Personal Vehicles,644
Wildhorse,Montana,3323,2022-06-01,Personal Vehicles,816
Wildhorse,Montana,3323,2022-07-01,Personal Vehicles,1174
Wildhorse,Montana,3323,2022-08-01,Personal Vehicles,1107
Wildhorse,Montana,3323,2022-09-01,Personal Vehicles,922
Wildhorse,Montana,3323,2022-10-01,Personal Vehicles,799
Wildhorse,Montana,3323,2022-11-01,Personal Vehicles,499
Wildhorse,Montana,3323,2022-12-01,Personal Vehicles,409
Wildhorse,Montana,3323,2023-01-01,Personal Vehicles,480
Wildhorse,Montana,3323,2023-02-01,Personal Vehicles,471
Wildhorse,Montana,3323,2023-03-01,Personal Vehicles,459
Wildhorse,Montana,3323,2023-04-01,Personal Vehicles,619
Wildhorse,Montana,3323,2023-05-01,Personal Vehicles,809
Wildhorse,Montana,3323,2023-06-01,Personal Vehicles,1320
Wildhorse,Montana,3323,2023-07-01,Personal Vehicles,1693
Wildhorse,Montana,3323,2023-08-01,Personal Vehicles,1609
Wildhorse,Montana,3323,2023-09-01,Personal Vehicles,1218
Wildhorse,Montana,3323,2023-10-01,Personal Vehicles,829
Wildhorse,Montana,3323,2023-11-01,Personal Vehicles,748
Wildhorse,Montana,3323,2023-12-01,Personal Vehicles,745
Wildhorse,Montana,3323,2024-01-01,Personal Vehicles,519
Wildhorse,Montana,3323,2024-02-01,Personal Vehicles,515
Wildhorse,Montana,3323,2024-03-01,Personal Vehicles,603
Wildhorse,Montana,3323,2024-04-01,Personal Vehicles,696
Wildhorse,Montana,3323,2024-05-01,Personal Vehicles,922
Wildhorse,Montana,3323,2024-06-01,Personal Vehicles,1398
Wildhorse,Montana,3323,2024-07-01,Personal Vehicles,1841
Wildhorse,Montana,3323,2024-08-01,Personal Vehicles,2003
Wildhorse,Montana,3323,2024-09-01,Personal Vehicles,1331
Wildhorse,Montana,3323,2024-10-01,Personal Vehicles,1007
Wildhorse,Montana,3323,2024-11-01,Personal Vehicles,716
Wildhorse,Montana,3323,2024-12-01,Personal Vehicles,642
Wildhorse,Montana,3323,2025-01-01,Personal Vehicles,460
Wildhorse,Montana,3323,2025-02-01,Personal Vehicles,409
Wildhorse,Montana,3323,2025-03-01,Personal Vehicles,544
Wildhorse,Montana,3323,2025-04-01,Personal Vehicles,533
Wildhorse,Montana,3323,2025-05-01,Personal Vehicles,697
Wildhorse,Montana,3323,2025-06-01,Personal Vehicles,1035
Wildhorse,Montana,3323,2025-07-01,Personal Vehicles,1316
Wildhorse,Montana,3323,2025-08-01,Personal Vehicles,1240
Wildhorse,Montana,3323,2025-09-01,Personal Vehicles,826
Wildhorse,Montana,3323,2025-10-01,Personal Vehicles,690
Wildhorse,Montana,3323,2025-11-01,Personal Vehicles,506
Wildhorse,Montana,3323,2025-12-01,Personal Vehicles,464
Wildhorse,Montana,3323,2026-01-01,Personal Vehicles,511
Wildhorse,Montana,3323,2026-02-01,Personal Vehicles,417
Wildhorse,Montana,3323,2026-03-01,Personal Vehicles,504
Wildhorse,Montana,3323,2026-04-01,Personal Vehicles,544
Wildhorse,Montana,3323,2026-05-01,Personal Vehicles,777
Wildhorse,Montana,3323,2026-06-01,Personal Vehicles,1226
Wildhorse,Montana,3323,2026-07-01,Personal Vehicles,1933
Willow Creek,Montana,3325,2022-08-01,Bus Passengers,40
Willow Creek,Montana,3325,2023-03-01,Bus Passengers,90
Willow Creek,Montana,3325,2022-08-01,Buses,1
Willow Creek,Montana,3325,2023-03-01,Buses,2
Willow Creek,Montana,3325,2019-01-01,Personal Vehicle Passengers,385
Willow Creek,Montana,3325,2019-02-01,Personal Vehicle Passengers,365
Willow Creek,Montana,3325,2019-03-01,Personal Vehicle Passengers,386
Willow Creek,Montana,3325,2019-04-01,Personal Vehicle Passengers,272
Willow Creek,Montana,3325,2019-05-01,Personal Vehicle Passengers,455
Willow Creek,Montana,3325,2019-06-01,Personal Vehicle Passengers,427
Willow Creek,Montana,3325,2019-07-01,Personal Vehicle Passengers,785
Willow Creek,Montana,3325,2019-08-01,Personal Vehicle Passengers,730
Willow Creek,Montana,3325,2019-09-01,Personal Vehicle Passengers,422
Willow Creek,Montana,3325,2019-10-01,Personal Vehicle Passengers,450
Willow Creek,Montana,3325,2019-11-01,Personal Vehicle Passengers,414
Willow Creek,Montana,3325,2019-12-01,Personal Vehicle Passengers,594
Willow Creek,Montana,3325,2020-01-01,Personal Vehicle Passengers,373
Willow Creek,Montana,3325,2020-02-01,Personal Vehicle Passengers,389
Willow Creek,Montana,3325,2020-03-01,Personal Vehicle Passengers,171
Willow Creek,Montana,3325,2020-04-01,Personal Vehicle Passengers,22
Willow Creek,Montana,3325,2020-05-01,Personal Vehicle Passengers,19
Willow Creek,Montana,3325,2020-06-01,Personal Vehicle Passengers,47
Willow Creek,Montana,3325,2020-07-01,Personal Vehicle Passengers,43
Willow Creek,Montana,3325,2020-08-01,Personal Vehicle Passengers,28
Willow Creek,Montana,3325,2020-09-01,Personal Vehicle Passengers,27
Willow Creek,Montana,3325,2020-10-01,Personal Vehicle Passengers,56
Willow Creek,Montana,3325,2020-11-01,Personal Vehicle Passengers,31
Willow Creek,Montana,3325,2020-12-01,Personal Vehicle Passengers,14
Willow Creek,Montana,3325,2021-01-01,Personal Vehicle Passengers,21
Willow Creek,Montana,3325,2021-02-01,Personal Vehicle Passengers,25
Willow Creek,Montana,3325,2021-03-01,Personal Vehicle Passengers,17
Willow Creek,Montana,3325,2021-04-01,Personal Vehicle Passengers,13
Willow Creek,Montana,3325,2021-05-01,Personal Vehicle Passengers,43
Willow Creek,Montana,3325,2021-06-01,Personal Vehicle Passengers,40
Willow Creek,Montana,3325,2021-07-01,Personal Vehicle Passengers,81
Willow Creek,Montana,3325,2021-08-01,Personal Vehicle Passengers,103
Willow Creek,Montana,3325,2021-09-01,Personal Vehicle Passengers,89
Willow Creek,Montana,3325,2021-10-01,Personal Vehicle Passengers,65
Willow Creek,Montana,3325,2021-11-01,Personal Vehicle Passengers,318
Willow Creek,Montana,3325,2021-12-01,Personal Vehicle Passengers,284
Willow Creek,Montana,3325,2022-01-01,Personal Vehicle Passengers,238
Willow Creek,Montana,3325,2022-02-01,Personal Vehicle Passengers,287
Willow Creek,Montana,3325,2022-03-01,Personal Vehicle Passengers,224
Willow Creek,Montana,3325,2022-04-01,Personal Vehicle Passengers,408
Willow Creek,Montana,3325,2022-05-01,Personal Vehicle Passengers,329
Willow Creek,Montana,3325,2022-06-01,Personal Vehicle Passengers,374
Willow Creek,Montana,3325,2022-07-01,Personal Vehicle Passengers,710
Willow Creek,Montana,3325,2022-08-01,Personal Vehicle Passengers,662
Willow Creek,Montana,3325,2022-09-01,Personal Vehicle Passengers,446
Willow Creek,Montana,3325,2022-10-01,Personal Vehicle Passengers,615
Willow Creek,Montana,3325,2022-11-01,Personal Vehicle Passengers,447
Willow Creek,Montana,3325,2022-12-01,Personal Vehicle Passengers,369
Willow Creek,Montana,3325,2023-01-01,Personal Vehicle Passengers,358
Willow Creek,Montana,3325,2023-02-01,Personal Vehicle Passengers,494
Willow Creek,Montana,3325,2023-03-01,Personal Vehicle Passengers,502
Willow Creek,Montana,3325,2023-04-01,Personal Vehicle Passengers,406
Willow Creek,Montana,3325,2023-05-01,Personal Vehicle Passengers,477
Willow Creek,Montana,3325,2023-06-01,Personal Vehicle Passengers,703
Willow Creek,Montana,3325,2023-07-01,Personal Vehicle Passengers,1178
Willow Creek,Montana,3325,2023-08-01,Personal Vehicle Passengers,1131
Willow Creek,Montana,3325,2023-09-01,Personal Vehicle Passengers,673
Willow Creek,Montana,3325,2023-10-01,Personal Vehicle Passengers,760
Willow Creek,Montana,3325,2023-11-01,Personal Vehicle Passengers,613
Willow Creek,Montana,3325,2023-12-01,Personal Vehicle Passengers,731
Willow Creek,Montana,3325,2024-01-01,Personal Vehicle Passengers,529
Willow Creek,Montana,3325,2024-02-01,Personal Vehicle Passengers,630
Willow Creek,Montana,3325,2024-03-01,Personal Vehicle Passengers,532
Willow Creek,Montana,3325,2024-04-01,Personal Vehicle Passengers,404
Willow Creek,Montana,3325,2024-05-01,Personal Vehicle Passengers,554
Willow Creek,Montana,3325,2024-06-01,Personal Vehicle Passengers,889
Willow Creek,Montana,3325,2024-07-01,Personal Vehicle Passengers,1165
Willow Creek,Montana,3325,2024-08-01,Personal Vehicle Passengers,1302
Willow Creek,Montana,3325,2024-09-01,Personal Vehicle Passengers,677
Willow Creek,Montana,3325,2024-10-01,Personal Vehicle Passengers,744
Willow Creek,Montana,3325,2024-11-01,Personal Vehicle Passengers,518
Willow Creek,Montana,3325,2024-12-01,Personal Vehicle Passengers,750
Willow Creek,Montana,3325,2025-01-01,Personal Vehicle Passengers,430
Willow Creek,Montana,3325,2025-02-01,Personal Vehicle Passengers,503
Willow Creek,Montana,3325,2025-03-01,Personal Vehicle Passengers,350
Willow Creek,Montana,3325,2025-04-01,Personal Vehicle Passengers,274
Willow Creek,Montana,3325,2025-05-01,Personal Vehicle Passengers,424
Willow Creek,Montana,3325,2025-06-01,Personal Vehicle Passengers,604
Willow Creek,Montana,3325,2025-07-01,Personal Vehicle Passengers,664
Willow Creek,Montana,3325,2025-08-01,Personal Vehicle Passengers,759
Willow Creek,Montana,3325,2025-09-01,Personal Vehicle Passengers,389
Willow Creek,Montana,3325,2025-10-01,Personal Vehicle Passengers,556
Willow Creek,Montana,3325,2025-11-01,Personal Vehicle Passengers,569
Willow Creek,Montana,3325,2025-12-01,Personal Vehicle Passengers,437
Willow Creek,Montana,3325,2026-01-01,Personal Vehicle Passengers,567
Willow Creek,Montana,3325,2026-02-01,Personal Vehicle Passengers,446
Willow Creek,Montana,3325,2026-03-01,Personal Vehicle Passengers,357
Willow Creek,Montana,3325,2026-04-01,Personal Vehicle Passengers,351
Willow Creek,Montana,3325,2026-05-01,Personal Vehicle Passengers,436
Willow Creek,Montana,3325,2026-06-01,Personal Vehicle Passengers,583
Willow Creek,Montana,3325,2026-07-01,Personal Vehicle Passengers,903
Willow Creek,Montana,3325,2019-01-01,Personal Vehicles,181
Willow Creek,Montana,3325,2019-02-01,Personal Vehicles,143
Willow Creek,Montana,3325,2019-03-01,Personal Vehicles,179
Willow Creek,Montana,3325,2019-04-01,Personal Vehicles,134
Willow Creek,Montana,3325,2019-05-01,Personal Vehicles,217
Willow Creek,Montana,3325,2019-06-01,Personal Vehicles,215
Willow Creek,Montana,3325,2019-07-01,Personal Vehicles,343
Willow Creek,Montana,3325,2019-08-01,Personal Vehicles,333
Willow Creek,Montana,3325,2019-09-01,Personal Vehicles,206
Willow Creek,Montana,3325,2019-10-01,Personal Vehicles,228
Willow Creek,Montana,3325,2019-11-01,Personal Vehicles,212
Willow Creek,Montana,3325,2019-12-01,Personal Vehicles,254
Willow Creek,Montana,3325,2020-01-01,Personal Vehicles,176
Willow Creek,Montana,3325,2020-02-01,Personal Vehicles,182
Willow Creek,Montana,3325,2020-03-01,Personal Vehicles,95
Willow Creek,Montana,3325,2020-04-01,Personal Vehicles,18
Willow Creek,Montana,3325,2020-05-01,Personal Vehicles,15
Willow Creek,Montana,3325,2020-06-01,Personal Vehicles,36
Willow Creek,Montana,3325,2020-07-01,Personal Vehicles,36
Willow Creek,Montana,3325,2020-08-01,Personal Vehicles,23
Willow Creek,Montana,3325,2020-09-01,Personal Vehicles,16
Willow Creek,Montana,3325,2020-10-01,Personal Vehicles,31
Willow Creek,Montana,3325,2020-11-01,Personal Vehicles,17
Willow Creek,Montana,3325,2020-12-01,Personal Vehicles,11
Willow Creek,Montana,3325,2021-01-01,Personal Vehicles,16
Willow Creek,Montana,3325,2021-02-01,Personal Vehicles,21
Willow Creek,Montana,3325,2021-03-01,Personal Vehicles,16
Willow Creek,Montana,3325,2021-04-01,Personal Vehicles,12
Willow Creek,Montana,3325,2021-05-01,Personal Vehicles,27
Willow Creek,Montana,3325,2021-06-01,Personal Vehicles,28
Willow Creek,Montana,3325,2021-07-01,Personal Vehicles,46
Willow Creek,Montana,3325,2021-08-01,Personal Vehicles,60
Willow Creek,Montana,3325,2021-09-01,Personal Vehicles,51
Willow Creek,Montana,3325,2021-10-01,Personal Vehicles,39
Willow Creek,Montana,3325,2021-11-01,Personal Vehicles,173
Willow Creek,Montana,3325,2021-12-01,Personal Vehicles,146
Willow Creek,Montana,3325,2022-01-01,Personal Vehicles,119
Willow Creek,Montana,3325,2022-02-01,Personal Vehicles,152
Willow Creek,Montana,3325,2022-03-01,Personal Vehicles,121
Willow Creek,Montana,3325,2022-04-01,Personal Vehicles,178
Willow Creek,Montana,3325,2022-05-01,Personal Vehicles,159
Willow Creek,Montana,3325,2022-06-01,Personal Vehicles,174
Willow Creek,Montana,3325,2022-07-01,Personal Vehicles,313
Willow Creek,Montana,3325,2022-08-01,Personal Vehicles,283
Willow Creek,Montana,3325,2022-09-01,Personal Vehicles,216
Willow Creek,Montana,3325,2022-10-01,Personal Vehicles,295
Willow Creek,Montana,3325,2022-11-01,Personal Vehicles,218
Willow Creek,Montana,3325,2022-12-01,Personal Vehicles,168
Willow Creek,Montana,3325,2023-01-01,Personal Vehicles,173
Willow Creek,Montana,3325,2023-02-01,Personal Vehicles,209
Willow Creek,Montana,3325,2023-03-01,Personal Vehicles,198
Willow Creek,Montana,3325,2023-04-01,Personal Vehicles,187
Willow Creek,Montana,3325,2023-05-01,Personal Vehicles,235
Willow Creek,Montana,3325,2023-06-01,Personal Vehicles,333
Willow Creek,Montana,3325,2023-07-01,Personal Vehicles,493
Willow Creek,Montana,3325,2023-08-01,Personal Vehicles,466
Willow Creek,Montana,3325,2023-09-01,Personal Vehicles,322
Willow Creek,Montana,3325,2023-10-01,Personal Vehicles,385
Willow Creek,Montana,3325,2023-11-01,Personal Vehicles,287
Willow Creek,Montana,3325,2023-12-01,Personal Vehicles,311
Willow Creek,Montana,3325,2024-01-01,Personal Vehicles,234
Willow Creek,Montana,3325,2024-02-01,Personal Vehicles,243
Willow Creek,Montana,3325,2024-03-01,Personal Vehicles,232
Willow Creek,Montana,3325,2024-04-01,Personal Vehicles,199
Willow Creek,Montana,3325,2024-05-01,Personal Vehicles,273
Willow Creek,Montana,3325,2024-06-01,Personal Vehicles,392
Willow Creek,Montana,3325,2024-07-01,Personal Vehicles,462
Willow Creek,Montana,3325,2024-08-01,Personal Vehicles,560
Willow Creek,Montana,3325,2024-09-01,Personal Vehicles,344
Willow Creek,Montana,3325,2024-10-01,Personal Vehicles,357
Willow Creek,Montana,3325,2024-11-01,Personal Vehicles,268
Willow Creek,Montana,3325,2024-12-01,Personal Vehicles,304
Willow Creek,Montana,3325,2025-01-01,Personal Vehicles,201
Willow Creek,Montana,3325,2025-02-01,Personal Vehicles,216
Willow Creek,Montana,3325,2025-03-01,Personal Vehicles,164
Willow Creek,Montana,3325,2025-04-01,Personal Vehicles,131
Willow Creek,Montana,3325,2025-05-01,Personal Vehicles,181
Willow Creek,Montana,3325,2025-06-01,Personal Vehicles,263
Willow Creek,Montana,3325,2025-07-01,Personal Vehicles,305
Willow Creek,Montana,3325,2025-08-01,Personal Vehicles,335
Willow Creek,Montana,3325,2025-09-01,Personal Vehicles,205
Willow Creek,Montana,3325,2025-10-01,Personal Vehicles,267
Willow Creek,Montana,3325,2025-11-01,Personal Vehicles,248
Willow Creek,Montana,3325,2025-12-01,Personal Vehicles,192
Willow Creek,Montana,3325,2026-01-01,Personal Vehicles,227
Willow Creek,Montana,3325,2026-02-01,Personal Vehicles,198
Willow Creek,Montana,3325,2026-03-01,Personal Vehicles,178
Willow Creek,Montana,3325,2026-04-01,Personal Vehicles,168
Willow Creek,Montana,3325,2026-05-01,Personal Vehicles,208
Willow Creek,Montana,3325,2026-06-01,Personal Vehicles,266
Willow Creek,Montana,3325,2026-07-01,Personal Vehicles,366
Ambrose,North Dakota,3410,2019-01-01,Personal Vehicle Passengers,148
Ambrose,North Dakota,3410,2019-02-01,Personal Vehicle Passengers,129
Ambrose,North Dakota,3410,2019-03-01,Personal Vehicle Passengers,128
Ambrose,North Dakota,3410,2019-04-01,Personal Vehicle Passengers,120
Ambrose,North Dakota,3410,2019-05-01,Personal Vehicle Passengers,172
Ambrose,North Dakota,3410,2019-06-01,Personal Vehicle Passengers,183
Ambrose,North Dakota,3410,2019-07-01,Personal Vehicle Passengers,296
Ambrose,North Dakota,3410,2019-08-01,Personal Vehicle Passengers,229
Ambrose,North Dakota,3410,2019-09-01,Personal Vehicle Passengers,200
Ambrose,North Dakota,3410,2019-10-01,Personal Vehicle Passengers,127
Ambrose,North Dakota,3410,2019-11-01,Personal Vehicle Passengers,145
Ambrose,North Dakota,3410,2019-12-01,Personal Vehicle Passengers,198
Ambrose,North Dakota,3410,2020-01-01,Personal Vehicle Passengers,167
Ambrose,North Dakota,3410,2020-02-01,Personal Vehicle Passengers,274
Ambrose,North Dakota,3410,2020-03-01,Personal Vehicle Passengers,60
Ambrose,North Dakota,3410,2020-04-01,Personal Vehicle Passengers,15
Ambrose,North Dakota,3410,2020-05-01,Personal Vehicle Passengers,3
Ambrose,North Dakota,3410,2020-06-01,Personal Vehicle Passengers,32
Ambrose,North Dakota,3410,2020-07-01,Personal Vehicle Passengers,12
Ambrose,North Dakota,3410,2020-08-01,Personal Vehicle Passengers,6
Ambrose,North Dakota,3410,2020-09-01,Personal Vehicle Passengers,20
Ambrose,North Dakota,3410,2020-10-01,Personal Vehicle Passengers,6
Ambrose,North Dakota,3410,2020-11-01,Personal Vehicle Passengers,14
Ambrose,North Dakota,3410,2020-12-01,Personal Vehicle Passengers,6
Ambrose,North Dakota,3410,2021-01-01,Personal Vehicle Passengers,6
Ambrose,North Dakota,3410,2021-03-01,Personal Vehicle Passengers,2
Ambrose,North Dakota,3410,2021-04-01,Personal Vehicle Passengers,9
Ambrose,North Dakota,3410,2021-05-01,Personal Vehicle Passengers,1
Ambrose,North Dakota,3410,2021-06-01,Personal Vehicle Passengers,7
Ambrose,North Dakota,3410,2021-07-01,Personal Vehicle Passengers,10
Ambrose,North Dakota,3410,2021-08-01,Personal Vehicle Passengers,13
Ambrose,North Dakota,3410,2021-09-01,Personal Vehicle Passengers,16
Ambrose,North Dakota,3410,2021-10-01,Personal Vehicle Passengers,15
Ambrose,North Dakota,3410,2021-11-01,Personal Vehicle Passengers,42
Ambrose,North Dakota,3410,2021-12-01,Personal Vehicle Passengers,68
Ambrose,North Dakota,3410,2022-01-01,Personal Vehicle Passengers,10
Ambrose,North Dakota,3410,2022-02-01,Personal Vehicle Passengers,19
Ambrose,North Dakota,3410,2022-03-01,Personal Vehicle Passengers,24
Ambrose,North Dakota,3410,2022-04-01,Personal Vehicle Passengers,73
Ambrose,North Dakota,3410,2022-05-01,Personal Vehicle Passengers,91
Ambrose,North Dakota,3410,2022-06-01,Personal Vehicle Passengers,84
Ambrose,North Dakota,3410,2022-07-01,Personal Vehicle Passengers,154
Ambrose,North Dakota,3410,2022-08-01,Personal Vehicle Passengers,86
Ambrose,North Dakota,3410,2022-09-01,Personal Vehicle Passengers,94
Ambrose,North Dakota,3410,2022-10-01,Personal Vehicle Passengers,107
Ambrose,North Dakota,3410,2022-11-01,Personal Vehicle Passengers,177
Ambrose,North Dakota,3410,2022-12-01,Personal Vehicle Passengers,133
Ambrose,North Dakota,3410,2023-01-01,Personal Vehicle Passengers,81
Ambrose,North Dakota,3410,2023-02-01,Personal Vehicle Passengers,93
Ambrose,North Dakota,3410,2023-03-01,Personal Vehicle Passengers,137
Ambrose,North Dakota,3410,2023-04-01,Personal Vehicle Passengers,75
Ambrose,North Dakota,3410,2023-05-01,Personal Vehicle Passengers,108
Ambrose,North Dakota,3410,2023-06-01,Personal Vehicle Passengers,162
Ambrose,North Dakota,3410,2023-07-01,Personal Vehicle Passengers,247
Ambrose,North Dakota,3410,2023-08-01,Personal Vehicle Passengers,230
Ambrose,North Dakota,3410,2023-09-01,Personal Vehicle Passengers,170
Ambrose,North Dakota,3410,2023-10-01,Personal Vehicle Passengers,143
Ambrose,North Dakota,3410,2023-11-01,Personal Vehicle Passengers,194
Ambrose,North Dakota,3410,2023-12-01,Personal Vehicle Passengers,170
Ambrose,North Dakota,3410,2024-01-01,Personal Vehicle Passengers,212
Ambrose,North Dakota,3410,2024-02-01,Personal Vehicle Passengers,170
Ambrose,North Dakota,3410,2024-03-01,Personal Vehicle Passengers,106
Ambrose,North Dakota,3410,2024-04-01,Personal Vehicle Passengers,100
Ambrose,North Dakota,3410,2024-05-01,Personal Vehicle Passengers,133
Ambrose,North Dakota,3410,2024-06-01,Personal Vehicle Passengers,173
Ambrose,North Dakota,3410,2024-07-01,Personal Vehicle Passengers,298
Ambrose,North Dakota,3410,2024-08-01,Personal Vehicle Passengers,250
Ambrose,North Dakota,3410,2024-09-01,Personal Vehicle Passengers,194
Ambrose,North Dakota,3410,2024-10-01,Personal Vehicle Passengers,138
Ambrose,North Dakota,3410,2024-11-01,Personal Vehicle Passengers,209
Ambrose,North Dakota,3410,2024-12-01,Personal Vehicle Passengers,180
Ambrose,North Dakota,3410,2025-01-01,Personal Vehicle Passengers,125
Ambrose,North Dakota,3410,2025-02-01,Personal Vehicle Passengers,128
Ambrose,North Dakota,3410,2025-03-01,Personal Vehicle Passengers,141
Ambrose,North Dakota,3410,2025-04-01,Personal Vehicle Passengers,90
Ambrose,North Dakota,3410,2025-05-01,Personal Vehicle Passengers,106
Ambrose,North Dakota,3410,2025-06-01,Personal Vehicle Passengers,135
Ambrose,North Dakota,3410,2025-07-01,Personal Vehicle Passengers,307
Ambrose,North Dakota,3410,2025-08-01,Personal Vehicle Passengers,195
Ambrose,North Dakota,3410,2025-09-01,Personal Vehicle Passengers,173
Ambrose,North Dakota,3410,2025-10-01,Personal Vehicle Passengers,141
Ambrose,North Dakota,3410,2025-11-01,Personal Vehicle Passengers,130
Ambrose,North Dakota,3410,2025-12-01,Personal Vehicle Passengers,139
Ambrose,North Dakota,3410,2026-01-01,Personal Vehicle Passengers,123
Ambrose,North Dakota,3410,2026-02-01,Personal Vehicle Passengers,243
Ambrose,North Dakota,3410,2026-03-01,Personal Vehicle Passengers,174
Ambrose,North Dakota,3410,2026-04-01,Personal Vehicle Passengers,163
Ambrose,North Dakota,3410,2026-05-01,Personal Vehicle Passengers,153
Ambrose,North Dakota,3410,2026-06-01,Personal Vehicle Passengers,177
Ambrose,North Dakota,3410,2026-07-01,Personal Vehicle Passengers,408
Ambrose,North Dakota,3410,2019-01-01,Personal Vehicles,84
Ambrose,North Dakota,3410,2019-02-01,Personal Vehicles,70
Ambrose,North Dakota,3410,2019-03-01,Personal Vehicles,78
Ambrose,North Dakota,3410,2019-04-01,Personal Vehicles,83
Ambrose,North Dakota,3410,2019-05-01,Personal Vehicles,105
Ambrose,North Dakota,3410,2019-06-01,Personal Vehicles,105
Ambrose,North Dakota,3410,2019-07-01,Personal Vehicles,156
Ambrose,North Dakota,3410,2019-08-01,Personal Vehicles,128
Ambrose,North Dakota,3410,2019-09-01,Personal Vehicles,121
Ambrose,North Dakota,3410,2019-10-01,Personal Vehicles,84
Ambrose,North Dakota,3410,2019-11-01,Personal Vehicles,94
Ambrose,North Dakota,3410,2019-12-01,Personal Vehicles,111
Ambrose,North Dakota,3410,2020-01-01,Personal Vehicles,86
Ambrose,North Dakota,3410,2020-02-01,Personal Vehicles,129
Ambrose,North Dakota,3410,2020-03-01,Personal Vehicles,40
Ambrose,North Dakota,3410,2020-04-01,Personal Vehicles,12
Ambrose,North Dakota,3410,2020-05-01,Personal Vehicles,3
Ambrose,North Dakota,3410,2020-06-01,Personal Vehicles,24
Ambrose,North Dakota,3410,2020-07-01,Personal Vehicles,12
Ambrose,North Dakota,3410,2020-08-01,Personal Vehicles,5
Ambrose,North Dakota,3410,2020-09-01,Personal Vehicles,10
Ambrose,North Dakota,3410,2020-10-01,Personal Vehicles,4
Ambrose,North Dakota,3410,2020-11-01,Personal Vehicles,8
Ambrose,North Dakota,3410,2020-12-01,Personal Vehicles,3
Ambrose,North Dakota,3410,2021-01-01,Personal Vehicles,3
Ambrose,North Dakota,3410,2021-03-01,Personal Vehicles,2
Ambrose,North Dakota,3410,2021-04-01,Personal Vehicles,6
Ambrose,North Dakota,3410,2021-05-01,Personal Vehicles,1
Ambrose,North Dakota,3410,2021-06-01,Personal Vehicles,4
Ambrose,North Dakota,3410,2021-07-01,Personal Vehicles,5
Ambrose,North Dakota,3410,2021-08-01,Personal Vehicles,13
Ambrose,North Dakota,3410,2021-09-01,Personal Vehicles,12
Ambrose,North Dakota,3410,2021-10-01,Personal Vehicles,9
Ambrose,North Dakota,3410,2021-11-01,Personal Vehicles,23
Ambrose,North Dakota,3410,2021-12-01,Personal Vehicles,41
Ambrose,North Dakota,3410,2022-01-01,Personal Vehicles,4
Ambrose,North Dakota,3410,2022-02-01,Personal Vehicles,13
Ambrose,North Dakota,3410,2022-03-01,Personal Vehicles,13
Ambrose,North Dakota,3410,2022-04-01,Personal Vehicles,41
Ambrose,North Dakota,3410,2022-05-01,Personal Vehicles,54
Ambrose,North Dakota,3410,2022-06-01,Personal Vehicles,59
Ambrose,North Dakota,3410,2022-07-01,Personal Vehicles,89
Ambrose,North Dakota,3410,2022-08-01,Personal Vehicles,58
Ambrose,North Dakota,3410,2022-09-01,Personal Vehicles,61
Ambrose,North Dakota,3410,2022-10-01,Personal Vehicles,68
Ambrose,North Dakota,3410,2022-11-01,Personal Vehicles,81
Ambrose,North Dakota,3410,2022-12-01,Personal Vehicles,60
Ambrose,North Dakota,3410,2023-01-01,Personal Vehicles,44
Ambrose,North Dakota,3410,2023-02-01,Personal Vehicles,54
Ambrose,North Dakota,3410,2023-03-01,Personal Vehicles,72
Ambrose,North Dakota,3410,2023-04-01,Personal Vehicles,45
Ambrose,North Dakota,3410,2023-05-01,Personal Vehicles,65
Ambrose,North Dakota,3410,2023-06-01,Personal Vehicles,92
Ambrose,North Dakota,3410,2023-07-01,Personal Vehicles,127
Ambrose,North Dakota,3410,2023-08-01,Personal Vehicles,110
Ambrose,North Dakota,3410,2023-09-01,Personal Vehicles,97
Ambrose,North Dakota,3410,2023-10-01,Personal Vehicles,83
Ambrose,North Dakota,3410,2023-11-01,Personal Vehicles,100
Ambrose,North Dakota,3410,2023-12-01,Personal Vehicles,88
Ambrose,North Dakota,3410,2024-01-01,Personal Vehicles,115
Ambrose,North Dakota,3410,2024-02-01,Personal Vehicles,80
Ambrose,North Dakota,3410,2024-03-01,Personal Vehicles,59
Ambrose,North Dakota,3410,2024-04-01,Personal Vehicles,66
Ambrose,North Dakota,3410,2024-05-01,Personal Vehicles,74
Ambrose,North Dakota,3410,2024-06-01,Personal Vehicles,95
Ambrose,North Dakota,3410,2024-07-01,Personal Vehicles,154
Ambrose,North Dakota,3410,2024-08-01,Personal Vehicles,138
Ambrose,North Dakota,3410,2024-09-01,Personal Vehicles,108
Ambrose,North Dakota,3410,2024-10-01,Personal Vehicles,84
Ambrose,North Dakota,3410,2024-11-01,Personal Vehicles,102
Ambrose,North Dakota,3410,2024-12-01,Personal Vehicles,100
Ambrose,North Dakota,3410,2025-01-01,Personal Vehicles,65
Ambrose,North Dakota,3410,2025-02-01,Personal Vehicles,64
Ambrose,North Dakota,3410,2025-03-01,Personal Vehicles,79
Ambrose,North Dakota,3410,2025-04-01,Personal Vehicles,57
Ambrose,North Dakota,3410,2025-05-01,Personal Vehicles,64
Ambrose,North Dakota,3410,2025-06-01,Personal Vehicles,79
Ambrose,North Dakota,3410,2025-07-01,Personal Vehicles,150
Ambrose,North Dakota,3410,2025-08-01,Personal Vehicles,109
Ambrose,North Dakota,3410,2025-09-01,Personal Vehicles,101
Ambrose,North Dakota,3410,2025-10-01,Personal Vehicles,81
Ambrose,North Dakota,3410,2025-11-01,Personal Vehicles,73
Ambrose,North Dakota,3410,2025-12-01,Personal Vehicles,73
Ambrose,North Dakota,3410,2026-01-01,Personal Vehicles,74
Ambrose,North Dakota,3410,2026-02-01,Personal Vehicles,105
Ambrose,North Dakota,3410,2026-03-01,Personal Vehicles,90
Ambrose,North Dakota,3410,2026-04-01,Personal Vehicles,90
Ambrose,North Dakota,3410,2026-05-01,Personal Vehicles,93
Ambrose,North Dakota,3410,2026-06-01,Personal Vehicles,110
Ambrose,North Dakota,3410,2026-07-01,Personal Vehicles,217
Antler,North Dakota,3413,2019-08-01,Bus Passengers,17
Antler,North Dakota,3413,2026-03-01,Bus Passengers,23
Antler,North Dakota,3413,2026-05-01,Bus Passengers,20
Antler,North Dakota,3413,2019-08-01,Buses,1
Antler,North Dakota,3413,2026-03-01,Buses,1
Antler,North Dakota,3413,2026-05-01,Buses,1
Antler,North Dakota,3413,2019-01-01,Personal Vehicle Passengers,689
Antler,North Dakota,3413,2019-02-01,Personal Vehicle Passengers,712
Antler,North Dakota,3413,2019-03-01,Personal Vehicle Passengers,980
Antler,North Dakota,3413,2019-04-01,Personal Vehicle Passengers,1050
Antler,North Dakota,3413,2019-05-01,Personal Vehicle Passengers,1040
Antler,North Dakota,3413,2019-06-01,Personal Vehicle Passengers,1072
Antler,North Dakota,3413,2019-07-01,Personal Vehicle Passengers,1597
Antler,North Dakota,3413,2019-08-01,Personal Vehicle Passengers,1569
Antler,North Dakota,3413,2019-09-01,Personal Vehicle Passengers,1285
Antler,North Dakota,3413,2019-10-01,Personal Vehicle Passengers,1022
Antler,North Dakota,3413,2019-11-01,Personal Vehicle Passengers,1157
Antler,North Dakota,3413,2019-12-01,Personal Vehicle Passengers,1097
Antler,North Dakota,3413,2020-01-01,Personal Vehicle Passengers,824
Antler,North Dakota,3413,2020-02-01,Personal Vehicle Passengers,911
Antler,North Dakota,3413,2020-03-01,Personal Vehicle Passengers,347
Antler,North Dakota,3413,2020-04-01,Personal Vehicle Passengers,174
Antler,North Dakota,3413,2020-05-01,Personal Vehicle Passengers,216
Antler,North Dakota,3413,2020-06-01,Personal Vehicle Passengers,164
Antler,North Dakota,3413,2020-07-01,Personal Vehicle Passengers,177
Antler,North Dakota,3413,2020-08-01,Personal Vehicle Passengers,201
Antler,North Dakota,3413,2020-09-01,Personal Vehicle Passengers,174
Antler,North Dakota,3413,2020-10-01,Personal Vehicle Passengers,139
Antler,North Dakota,3413,2020-11-01,Personal Vehicle Passengers,100
Antler,North Dakota,3413,2020-12-01,Personal Vehicle Passengers,113
Antler,North Dakota,3413,2021-01-01,Personal Vehicle Passengers,89
Antler,North Dakota,3413,2021-02-01,Personal Vehicle Passengers,83
Antler,North Dakota,3413,2021-03-01,Personal Vehicle Passengers,115
Antler,North Dakota,3413,2021-04-01,Personal Vehicle Passengers,146
Antler,North Dakota,3413,2021-05-01,Personal Vehicle Passengers,188
Antler,North Dakota,3413,2021-06-01,Personal Vehicle Passengers,180
Antler,North Dakota,3413,2021-07-01,Personal Vehicle Passengers,214
Antler,North Dakota,3413,2021-08-01,Personal Vehicle Passengers,307
Antler,North Dakota,3413,2021-09-01,Personal Vehicle Passengers,277
Antler,North Dakota,3413,2021-10-01,Personal Vehicle Passengers,310
Antler,North Dakota,3413,2021-11-01,Personal Vehicle Passengers,327
Antler,North Dakota,3413,2021-12-01,Personal Vehicle Passengers,443
Antler,North Dakota,3413,2022-01-01,Personal Vehicle Passengers,205
Antler,North Dakota,3413,2022-02-01,Personal Vehicle Passengers,206
Antler,North Dakota,3413,2022-03-01,Personal Vehicle Passengers,345
Antler,North Dakota,3413,2022-04-01,Personal Vehicle Passengers,478
Antler,North Dakota,3413,2022-05-01,Personal Vehicle Passengers,611
Antler,North Dakota,3413,2022-06-01,Personal Vehicle Passengers,556
Antler,North Dakota,3413,2022-07-01,Personal Vehicle Passengers,852
Antler,North Dakota,3413,2022-08-01,Personal Vehicle Passengers,769
Antler,North Dakota,3413,2022-09-01,Personal Vehicle Passengers,639
Antler,North Dakota,3413,2022-10-01,Personal Vehicle Passengers,769
Antler,North Dakota,3413,2022-11-01,Personal Vehicle Passengers,746
Antler,North Dakota,3413,2022-12-01,Personal Vehicle Passengers,695
Antler,North Dakota,3413,2023-01-01,Personal Vehicle Passengers,580
Antler,North Dakota,3413,2023-02-01,Personal Vehicle Passengers,537
Antler,North Dakota,3413,2023-03-01,Personal Vehicle Passengers,739
Antler,North Dakota,3413,2023-04-01,Personal Vehicle Passengers,774
Antler,North Dakota,3413,2023-05-01,Personal Vehicle Passengers,837
Antler,North Dakota,3413,2023-06-01,Personal Vehicle Passengers,813
Antler,North Dakota,3413,2023-07-01,Personal Vehicle Passengers,1232
Antler,North Dakota,3413,2023-08-01,Personal Vehicle Passengers,1194
Antler,North Dakota,3413,2023-09-01,Personal Vehicle Passengers,846
Antler,North Dakota,3413,2023-10-01,Personal Vehicle Passengers,854
Antler,North Dakota,3413,2023-11-01,Personal Vehicle Passengers,779
Antler,North Dakota,3413,2023-12-01,Personal Vehicle Passengers,1021
Antler,North Dakota,3413,2024-01-01,Personal Vehicle Passengers,663
Antler,North Dakota,3413,2024-02-01,Personal Vehicle Passengers,826
Antler,North Dakota,3413,2024-03-01,Personal Vehicle Passengers,896
Antler,North Dakota,3413,2024-04-01,Personal Vehicle Passengers,822
Antler,North Dakota,3413,2024-05-01,Personal Vehicle Passengers,892
Antler,North Dakota,3413,2024-06-01,Personal Vehicle Passengers,831
Antler,North Dakota,3413,2024-07-01,Personal Vehicle Passengers,1321
Antler,North Dakota,3413,2024-08-01,Personal Vehicle Passengers,1235
Antler,North Dakota,3413,2024-09-01,Personal Vehicle Passengers,965
Antler,North Dakota,3413,2024-10-01,Personal Vehicle Passengers,1134
Antler,North Dakota,3413,2024-11-01,Personal Vehicle Passengers,978
Antler,North Dakota,3413,2024-12-01,Personal Vehicle Passengers,958
Antler,North Dakota,3413,2025-01-01,Personal Vehicle Passengers,947
Antler,North Dakota,3413,2025-02-01,Personal Vehicle Passengers,790
Antler,North Dakota,3413,2025-03-01,Personal Vehicle Passengers,934
Antler,North Dakota,3413,2025-04-01,Personal Vehicle Passengers,913
Antler,North Dakota,3413,2025-05-01,Personal Vehicle Passengers,839
Antler,North Dakota,3413,2025-06-01,Personal Vehicle Passengers,947
Antler,North Dakota,3413,2025-07-01,Personal Vehicle Passengers,1328
Antler,North Dakota,3413,2025-08-01,Personal Vehicle Passengers,1324
Antler,North Dakota,3413,2025-09-01,Personal Vehicle Passengers,1082
Antler,North Dakota,3413,2025-10-01,Personal Vehicle Passengers,1205
Antler,North Dakota,3413,2025-11-01,Personal Vehicle Passengers,1010
Antler,North Dakota,3413,2025-12-01,Personal Vehicle Passengers,1011
Antler,North Dakota,3413,2026-01-01,Personal Vehicle Passengers,857
Antler,North Dakota,3413,2026-02-01,Personal Vehicle Passengers,892
Antler,North Dakota,3413,2026-03-01,Personal Vehicle Passengers,1060
Antler,North Dakota,3413,2026-04-01,Personal Vehicle Passengers,1051
Antler,North Dakota,3413,2026-05-01,Personal Vehicle Passengers,1137
Antler,North Dakota,3413,2026-06-01,Personal Vehicle Passengers,1222
Antler,North Dakota,3413,2026-07-01,Personal Vehicle Passengers,1528
Antler,North Dakota,3413,2019-01-01,Personal Vehicles,358
Antler,North Dakota,3413,2019-02-01,Personal Vehicles,361
Antler,North Dakota,3413,2019-03-01,Personal Vehicles,500
Antler,North Dakota,3413,2019-04-01,Personal Vehicles,580
Antler,North Dakota,3413,2019-05-01,Personal Vehicles,593
Antler,North Dakota,3413,2019-06-01,Personal Vehicles,574
Antler,North Dakota,3413,2019-07-01,Personal Vehicles,761
Antler,North Dakota,3413,2019-08-01,Personal Vehicles,779
Antler,North Dakota,3413,2019-09-01,Personal Vehicles,672
Antler,North Dakota,3413,2019-10-01,Personal Vehicles,581
Antler,North Dakota,3413,2019-11-01,Personal Vehicles,599
Antler,North Dakota,3413,2019-12-01,Personal Vehicles,561
Antler,North Dakota,3413,2020-01-01,Personal Vehicles,426
Antler,North Dakota,3413,2020-02-01,Personal Vehicles,451
Antler,North Dakota,3413,2020-03-01,Personal Vehicles,225
Antler,North Dakota,3413,2020-04-01,Personal Vehicles,143
Antler,North Dakota,3413,2020-05-01,Personal Vehicles,187
Antler,North Dakota,3413,2020-06-01,Personal Vehicles,139
Antler,North Dakota,3413,2020-07-01,Personal Vehicles,144
Antler,North Dakota,3413,2020-08-01,Personal Vehicles,157
Antler,North Dakota,3413,2020-09-01,Personal Vehicles,155
Antler,North Dakota,3413,2020-10-01,Personal Vehicles,121
Antler,North Dakota,3413,2020-11-01,Personal Vehicles,93
Antler,North Dakota,3413,2020-12-01,Personal Vehicles,101
Antler,North Dakota,3413,2021-01-01,Personal Vehicles,81
Antler,North Dakota,3413,2021-02-01,Personal Vehicles,79
Antler,North Dakota,3413,2021-03-01,Personal Vehicles,105
Antler,North Dakota,3413,2021-04-01,Personal Vehicles,135
Antler,North Dakota,3413,2021-05-01,Personal Vehicles,162
Antler,North Dakota,3413,2021-06-01,Personal Vehicles,149
Antler,North Dakota,3413,2021-07-01,Personal Vehicles,183
Antler,North Dakota,3413,2021-08-01,Personal Vehicles,241
Antler,North Dakota,3413,2021-09-01,Personal Vehicles,214
Antler,North Dakota,3413,2021-10-01,Personal Vehicles,218
Antler,North Dakota,3413,2021-11-01,Personal Vehicles,248
Antler,North Dakota,3413,2021-12-01,Personal Vehicles,295
Antler,North Dakota,3413,2022-01-01,Personal Vehicles,165
Antler,North Dakota,3413,2022-02-01,Personal Vehicles,148
Antler,North Dakota,3413,2022-03-01,Personal Vehicles,218
Antler,North Dakota,3413,2022-04-01,Personal Vehicles,281
Antler,North Dakota,3413,2022-05-01,Personal Vehicles,368
Antler,North Dakota,3413,2022-06-01,Personal Vehicles,343
Antler,North Dakota,3413,2022-07-01,Personal Vehicles,450
Antler,North Dakota,3413,2022-08-01,Personal Vehicles,436
Antler,North Dakota,3413,2022-09-01,Personal Vehicles,385
Antler,North Dakota,3413,2022-10-01,Personal Vehicles,421
Antler,North Dakota,3413,2022-11-01,Personal Vehicles,408
Antler,North Dakota,3413,2022-12-01,Personal Vehicles,367
Antler,North Dakota,3413,2023-01-01,Personal Vehicles,299
Antler,North Dakota,3413,2023-02-01,Personal Vehicles,277
Antler,North Dakota,3413,2023-03-01,Personal Vehicles,370
Antler,North Dakota,3413,2023-04-01,Personal Vehicles,419
Antler,North Dakota,3413,2023-05-01,Personal Vehicles,491
Antler,North Dakota,3413,2023-06-01,Personal Vehicles,492
Antler,North Dakota,3413,2023-07-01,Personal Vehicles,598
Antler,North Dakota,3413,2023-08-01,Personal Vehicles,604
Antler,North Dakota,3413,2023-09-01,Personal Vehicles,490
Antler,North Dakota,3413,2023-10-01,Personal Vehicles,456
Antler,North Dakota,3413,2023-11-01,Personal Vehicles,437
Antler,North Dakota,3413,2023-12-01,Personal Vehicles,513
Antler,North Dakota,3413,2024-01-01,Personal Vehicles,343
Antler,North Dakota,3413,2024-02-01,Personal Vehicles,398
Antler,North Dakota,3413,2024-03-01,Personal Vehicles,420
Antler,North Dakota,3413,2024-04-01,Personal Vehicles,437
Antler,North Dakota,3413,2024-05-01,Personal Vehicles,486
Antler,North Dakota,3413,2024-06-01,Personal Vehicles,464
Antler,North Dakota,3413,2024-07-01,Personal Vehicles,679
Antler,North Dakota,3413,2024-08-01,Personal Vehicles,612
Antler,North Dakota,3413,2024-09-01,Personal Vehicles,524
Antler,North Dakota,3413,2024-10-01,Personal Vehicles,578
Antler,North Dakota,3413,2024-11-01,Personal Vehicles,510
Antler,North Dakota,3413,2024-12-01,Personal Vehicles,475
Antler,North Dakota,3413,2025-01-01,Personal Vehicles,461
Antler,North Dakota,3413,2025-02-01,Personal Vehicles,421
Antler,North Dakota,3413,2025-03-01,Personal Vehicles,458
Antler,North Dakota,3413,2025-04-01,Personal Vehicles,483
Antler,North Dakota,3413,2025-05-01,Personal Vehicles,488
Antler,North Dakota,3413,2025-06-01,Personal Vehicles,510
Antler,North Dakota,3413,2025-07-01,Personal Vehicles,639
Antler,North Dakota,3413,2025-08-01,Personal Vehicles,714
Antler,North Dakota,3413,2025-09-01,Personal Vehicles,586
Antler,North Dakota,3413,2025-10-01,Personal Vehicles,649
Antler,North Dakota,3413,2025-11-01,Personal Vehicles,539
Antler,North Dakota,3413,2025-12-01,Personal Vehicles,500
Antler,North Dakota,3413,2026-01-01,Personal Vehicles,447
Antler,North Dakota,3413,2026-02-01,Personal Vehicles,457
Antler,North Dakota,3413,2026-03-01,Personal Vehicles,502
Antler,North Dakota,3413,2026-04-01,Personal Vehicles,569
Antler,North Dakota,3413,2026-05-01,Personal Vehicles,621
Antler,North Dakota,3413,2026-06-01,Personal Vehicles,645
Antler,North Dakota,3413,2026-07-01,Personal Vehicles,778
Carbury,North Dakota,3421,2019-01-01,Bus Passengers,89
Carbury,North Dakota,3421,2019-02-01,Bus Passengers,84
Carbury,North Dakota,3421,2019-03-01,Bus Passengers,32
Carbury,North Dakota,3421,2019-06-01,Bus Passengers,30
Carbury,North Dakota,3421,2019-10-01,Bus Passengers,23
Carbury,North Dakota,3421,2020-01-01,Bus Passengers,84
Carbury,North Dakota,3421,2020-02-01,Bus Passengers,51
Carbury,North Dakota,3421,2020-03-01,Bus Passengers,45
Carbury,North Dakota,3421,2019-01-01,Buses,4
Carbury,North Dakota,3421,2019-02-01,Buses,3
Carbury,North Dakota,3421,2019-03-01,Buses,1
Carbury,North Dakota,3421,2019-06-01,Buses,1
Carbury,North Dakota,3421,2019-10-01,Buses,1
Carbury,North Dakota,3421,2020-01-01,Buses,3
Carbury,North Dakota,3421,2020-02-01,Buses,3
Carbury,North Dakota,3421,2020-03-01,Buses,2
Carbury,North Dakota,3421,2019-01-01,Personal Vehicle Passengers,2055
Carbury,North Dakota,3421,2019-02-01,Personal Vehicle Passengers,2049
Carbury,North Dakota,3421,2019-03-01,Personal Vehicle Passengers,2231
Carbury,North Dakota,3421,2019-04-01,Personal Vehicle Passengers,1547
Carbury,North Dakota,3421,2019-05-01,Personal Vehicle Passengers,1662
Carbury,North Dakota,3421,2019-06-01,Personal Vehicle Passengers,2003
Carbury,North Dakota,3421,2019-07-01,Personal Vehicle Passengers,2700
Carbury,North Dakota,3421,2019-08-01,Personal Vehicle Passengers,2705
Carbury,North Dakota,3421,2019-09-01,Personal Vehicle Passengers,1784
Carbury,North Dakota,3421,2019-10-01,Personal Vehicle Passengers,1791
Carbury,North Dakota,3421,2019-11-01,Personal Vehicle Passengers,2104
Carbury,North Dakota,3421,2019-12-01,Personal Vehicle Passengers,2481
Carbury,North Dakota,3421,2020-01-01,Personal Vehicle Passengers,2202
Carbury,North Dakota,3421,2020-02-01,Personal Vehicle Passengers,2208
Carbury,North Dakota,3421,2020-03-01,Personal Vehicle Passengers,861
Carbury,North Dakota,3421,2020-04-01,Personal Vehicle Passengers,100
Carbury,North Dakota,3421,2020-05-01,Personal Vehicle Passengers,68
Carbury,North Dakota,3421,2020-06-01,Personal Vehicle Passengers,95
Carbury,North Dakota,3421,2020-07-01,Personal Vehicle Passengers,87
Carbury,North Dakota,3421,2020-08-01,Personal Vehicle Passengers,163
Carbury,North Dakota,3421,2020-09-01,Personal Vehicle Passengers,103
Carbury,North Dakota,3421,2020-10-01,Personal Vehicle Passengers,78
Carbury,North Dakota,3421,2020-11-01,Personal Vehicle Passengers,51
Carbury,North Dakota,3421,2020-12-01,Personal Vehicle Passengers,72
Carbury,North Dakota,3421,2021-01-01,Personal Vehicle Passengers,56
Carbury,North Dakota,3421,2021-02-01,Personal Vehicle Passengers,36
Carbury,North Dakota,3421,2021-03-01,Personal Vehicle Passengers,43
Carbury,North Dakota,3421,2021-04-01,Personal Vehicle Passengers,89
Carbury,North Dakota,3421,2021-05-01,Personal Vehicle Passengers,92
Carbury,North Dakota,3421,2021-06-01,Personal Vehicle Passengers,103
Carbury,North Dakota,3421,2021-07-01,Personal Vehicle Passengers,94
Carbury,North Dakota,3421,2021-08-01,Personal Vehicle Passengers,160
Carbury,North Dakota,3421,2021-09-01,Personal Vehicle Passengers,143
Carbury,North Dakota,3421,2021-10-01,Personal Vehicle Passengers,273
Carbury,North Dakota,3421,2021-11-01,Personal Vehicle Passengers,204
Carbury,North Dakota,3421,2021-12-01,Personal Vehicle Passengers,362
Carbury,North Dakota,3421,2022-01-01,Personal Vehicle Passengers,111
Carbury,North Dakota,3421,2022-02-01,Personal Vehicle Passengers,115
Carbury,North Dakota,3421,2022-03-01,Personal Vehicle Passengers,229
Carbury,North Dakota,3421,2022-04-01,Personal Vehicle Passengers,434
Carbury,North Dakota,3421,2022-05-01,Personal Vehicle Passengers,612
Carbury,North Dakota,3421,2022-06-01,Personal Vehicle Passengers,527
Carbury,North Dakota,3421,2022-07-01,Personal Vehicle Passengers,1017
Carbury,North Dakota,3421,2022-08-01,Personal Vehicle Passengers,923
Carbury,North Dakota,3421,2022-09-01,Personal Vehicle Passengers,710
Carbury,North Dakota,3421,2022-10-01,Personal Vehicle Passengers,933
Carbury,North Dakota,3421,2022-11-01,Personal Vehicle Passengers,832
Carbury,North Dakota,3421,2022-12-01,Personal Vehicle Passengers,948
Carbury,North Dakota,3421,2023-01-01,Personal Vehicle Passengers,965
Carbury,North Dakota,3421,2023-02-01,Personal Vehicle Passengers,938
Carbury,North Dakota,3421,2023-03-01,Personal Vehicle Passengers,780
Carbury,North Dakota,3421,2023-04-01,Personal Vehicle Passengers,862
Carbury,North Dakota,3421,2023-05-01,Personal Vehicle Passengers,1049
Carbury,North Dakota,3421,2023-06-01,Personal Vehicle Passengers,1298
Carbury,North Dakota,3421,2023-07-01,Personal Vehicle Passengers,1980
Carbury,North Dakota,3421,2023-08-01,Personal Vehicle Passengers,1981
Carbury,North Dakota,3421,2023-09-01,Personal Vehicle Passengers,1312
Carbury,North Dakota,3421,2023-10-01,Personal Vehicle Passengers,1531
Carbury,North Dakota,3421,2023-11-01,Personal Vehicle Passengers,1504
Carbury,North Dakota,3421,2023-12-01,Personal Vehicle Passengers,1707
Carbury,North Dakota,3421,2024-01-01,Personal Vehicle Passengers,1514
Carbury,North Dakota,3421,2024-02-01,Personal Vehicle Passengers,1589
Carbury,North Dakota,3421,2024-03-01,Personal Vehicle Passengers,1499
Carbury,North Dakota,3421,2024-04-01,Personal Vehicle Passengers,1191
Carbury,North Dakota,3421,2024-05-01,Personal Vehicle Passengers,1287
Carbury,North Dakota,3421,2024-06-01,Personal Vehicle Passengers,1508
Carbury,North Dakota,3421,2024-07-01,Personal Vehicle Passengers,2198
Carbury,North Dakota,3421,2024-08-01,Personal Vehicle Passengers,2417
Carbury,North Dakota,3421,2024-09-01,Personal Vehicle Passengers,1488
Carbury,North Dakota,3421,2024-10-01,Personal Vehicle Passengers,1500
Carbury,North Dakota,3421,2024-11-01,Personal Vehicle Passengers,1676
Carbury,North Dakota,3421,2024-12-01,Personal Vehicle Passengers,1577
Carbury,North Dakota,3421,2025-01-01,Personal Vehicle Passengers,1162
Carbury,North Dakota,3421,2025-02-01,Personal Vehicle Passengers,1245
Carbury,North Dakota,3421,2025-03-01,Personal Vehicle Passengers,924
Carbury,North Dakota,3421,2025-04-01,Personal Vehicle Passengers,739
Carbury,North Dakota,3421,2025-05-01,Personal Vehicle Passengers,770
Carbury,North Dakota,3421,2025-06-01,Personal Vehicle Passengers,919
Carbury,North Dakota,3421,2025-07-01,Personal Vehicle Passengers,1364
Carbury,North Dakota,3421,2025-08-01,Personal Vehicle Passengers,1393
Carbury,North Dakota,3421,2025-09-01,Personal Vehicle Passengers,968
Carbury,North Dakota,3421,2025-10-01,Personal Vehicle Passengers,1128
Carbury,North Dakota,3421,2025-11-01,Personal Vehicle Passengers,1282
Carbury,North Dakota,3421,2025-12-01,Personal Vehicle Passengers,1132
Carbury,North Dakota,3421,2026-01-01,Personal Vehicle Passengers,1263
Carbury,North Dakota,3421,2026-02-01,Personal Vehicle Passengers,1319
Carbury,North Dakota,3421,2026-03-01,Personal Vehicle Passengers,990
Carbury,North Dakota,3421,2026-04-01,Personal Vehicle Passengers,926
Carbury,North Dakota,3421,2026-05-01,Personal Vehicle Passengers,1012
Carbury,North Dakota,3421,2026-06-01,Personal Vehicle Passengers,1103
Carbury,North Dakota,3421,2026-07-01,Personal Vehicle Passengers,1709
Carbury,North Dakota,3421,2019-01-01,Personal Vehicles,909
Carbury,North Dakota,3421,2019-02-01,Personal Vehicles,913
Carbury,North Dakota,3421,2019-03-01,Personal Vehicles,974
Carbury,North Dakota,3421,2019-04-01,Personal Vehicles,790
Carbury,North Dakota,3421,2019-05-01,Personal Vehicles,855
Carbury,North Dakota,3421,2019-06-01,Personal Vehicles,998
Carbury,North Dakota,3421,2019-07-01,Personal Vehicles,1335
Carbury,North Dakota,3421,2019-08-01,Personal Vehicles,1317
Carbury,North Dakota,3421,2019-09-01,Personal Vehicles,936
Carbury,North Dakota,3421,2019-10-01,Personal Vehicles,944
Carbury,North Dakota,3421,2019-11-01,Personal Vehicles,1108
Carbury,North Dakota,3421,2019-12-01,Personal Vehicles,1123
Carbury,North Dakota,3421,2020-01-01,Personal Vehicles,1027
Carbury,North Dakota,3421,2020-02-01,Personal Vehicles,1100
Carbury,North Dakota,3421,2020-03-01,Personal Vehicles,551
Carbury,North Dakota,3421,2020-04-01,Personal Vehicles,50
Carbury,North Dakota,3421,2020-05-01,Personal Vehicles,66
Carbury,North Dakota,3421,2020-06-01,Personal Vehicles,86
Carbury,North Dakota,3421,2020-07-01,Personal Vehicles,73
Carbury,North Dakota,3421,2020-08-01,Personal Vehicles,145
Carbury,North Dakota,3421,2020-09-01,Personal Vehicles,102
Carbury,North Dakota,3421,2020-10-01,Personal Vehicles,82
Carbury,North Dakota,3421,2020-11-01,Personal Vehicles,55
Carbury,North Dakota,3421,2020-12-01,Personal Vehicles,69
Carbury,North Dakota,3421,2021-01-01,Personal Vehicles,62
Carbury,North Dakota,3421,2021-02-01,Personal Vehicles,48
Carbury,North Dakota,3421,2021-03-01,Personal Vehicles,44
Carbury,North Dakota,3421,2021-04-01,Personal Vehicles,76
Carbury,North Dakota,3421,2021-05-01,Personal Vehicles,78
Carbury,North Dakota,3421,2021-06-01,Personal Vehicles,75
Carbury,North Dakota,3421,2021-07-01,Personal Vehicles,84
Carbury,North Dakota,3421,2021-08-01,Personal Vehicles,126
Carbury,North Dakota,3421,2021-09-01,Personal Vehicles,121
Carbury,North Dakota,3421,2021-10-01,Personal Vehicles,319
Carbury,North Dakota,3421,2021-11-01,Personal Vehicles,173
Carbury,North Dakota,3421,2021-12-01,Personal Vehicles,250
Carbury,North Dakota,3421,2022-01-01,Personal Vehicles,97
Carbury,North Dakota,3421,2022-02-01,Personal Vehicles,86
Carbury,North Dakota,3421,2022-03-01,Personal Vehicles,173
Carbury,North Dakota,3421,2022-04-01,Personal Vehicles,233
Carbury,North Dakota,3421,2022-05-01,Personal Vehicles,334
Carbury,North Dakota,3421,2022-06-01,Personal Vehicles,335
Carbury,North Dakota,3421,2022-07-01,Personal Vehicles,508
Carbury,North Dakota,3421,2022-08-01,Personal Vehicles,517
Carbury,North Dakota,3421,2022-09-01,Personal Vehicles,425
Carbury,North Dakota,3421,2022-10-01,Personal Vehicles,541
Carbury,North Dakota,3421,2022-11-01,Personal Vehicles,500
Carbury,North Dakota,3421,2022-12-01,Personal Vehicles,466
Carbury,North Dakota,3421,2023-01-01,Personal Vehicles,450
Carbury,North Dakota,3421,2023-02-01,Personal Vehicles,455
Carbury,North Dakota,3421,2023-03-01,Personal Vehicles,401
Carbury,North Dakota,3421,2023-04-01,Personal Vehicles,442
Carbury,North Dakota,3421,2023-05-01,Personal Vehicles,535
Carbury,North Dakota,3421,2023-06-01,Personal Vehicles,697
Carbury,North Dakota,3421,2023-07-01,Personal Vehicles,953
Carbury,North Dakota,3421,2023-08-01,Personal Vehicles,949
Carbury,North Dakota,3421,2023-09-01,Personal Vehicles,690
Carbury,North Dakota,3421,2023-10-01,Personal Vehicles,787
Carbury,North Dakota,3421,2023-11-01,Personal Vehicles,760
Carbury,North Dakota,3421,2023-12-01,Personal Vehicles,788
Carbury,North Dakota,3421,2024-01-01,Personal Vehicles,663
Carbury,North Dakota,3421,2024-02-01,Personal Vehicles,732
Carbury,North Dakota,3421,2024-03-01,Personal Vehicles,653
Carbury,North Dakota,3421,2024-04-01,Personal Vehicles,620
Carbury,North Dakota,3421,2024-05-01,Personal Vehicles,692
Carbury,North Dakota,3421,2024-06-01,Personal Vehicles,785
Carbury,North Dakota,3421,2024-07-01,Personal Vehicles,1046
Carbury,North Dakota,3421,2024-08-01,Personal Vehicles,1101
Carbury,North Dakota,3421,2024-09-01,Personal Vehicles,768
Carbury,North Dakota,3421,2024-10-01,Personal Vehicles,766
Carbury,North Dakota,3421,2024-11-01,Personal Vehicles,749
Carbury,North Dakota,3421,2024-12-01,Personal Vehicles,685
Carbury,North Dakota,3421,2025-01-01,Personal Vehicles,552
Carbury,North Dakota,3421,2025-02-01,Personal Vehicles,551
Carbury,North Dakota,3421,2025-03-01,Personal Vehicles,439
Carbury,North Dakota,3421,2025-04-01,Personal Vehicles,397
Carbury,North Dakota,3421,2025-05-01,Personal Vehicles,433
Carbury,North Dakota,3421,2025-06-01,Personal Vehicles,491
Carbury,North Dakota,3421,2025-07-01,Personal Vehicles,650
Carbury,North Dakota,3421,2025-08-01,Personal Vehicles,718
Carbury,North Dakota,3421,2025-09-01,Personal Vehicles,527
Carbury,North Dakota,3421,2025-10-01,Personal Vehicles,614
Carbury,North Dakota,3421,2025-11-01,Personal Vehicles,621
Carbury,North Dakota,3421,2025-12-01,Personal Vehicles,517
Carbury,North Dakota,3421,2026-01-01,Personal Vehicles,540
Carbury,North Dakota,3421,2026-02-01,Personal Vehicles,568
Carbury,North Dakota,3421,2026-03-01,Personal Vehicles,470
Carbury,North Dakota,3421,2026-04-01,Personal Vehicles,517
Carbury,North Dakota,3421,2026-05-01,Personal Vehicles,559
Carbury,North Dakota,3421,2026-06-01,Personal Vehicles,585
Carbury,North Dakota,3421,2026-07-01,Personal Vehicles,840
Dunseith,North Dakota,3422,2019-01-01,Bus Passengers,28
Dunseith,North Dakota,3422,2019-02-01,Bus Passengers,23
Dunseith,North Dakota,3422,2019-03-01,Bus Passengers,72
Dunseith,North Dakota,3422,2019-04-01,Bus Passengers,171
Dunseith,North Dakota,3422,2019-05-01,Bus Passengers,156
Dunseith,North Dakota,3422,2019-06-01,Bus Passengers,220
Dunseith,North Dakota,3422,2019-07-01,Bus Passengers,225
Dunseith,North Dakota,3422,2019-08-01,Bus Passengers,168
Dunseith,North Dakota,3422,2019-09-01,Bus Passengers,262
Dunseith,North Dakota,3422,2019-10-01,Bus Passengers,171
Dunseith,North Dakota,3422,2019-11-01,Bus Passengers,128
Dunseith,North Dakota,3422,2019-12-01,Bus Passengers,76
Dunseith,North Dakota,3422,2020-02-01,Bus Passengers,73
Dunseith,North Dakota,3422,2020-03-01,Bus Passengers,66
Dunseith,North Dakota,3422,2021-07-01,Bus Passengers,38
Dunseith,North Dakota,3422,2022-06-01,Bus Passengers,26
Dunseith,North Dakota,3422,2022-07-01,Bus Passengers,10
Dunseith,North Dakota,3422,2022-08-01,Bus Passengers,28
Dunseith,North Dakota,3422,2022-11-01,Bus Passengers,34
Dunseith,North Dakota,3422,2023-02-01,Bus Passengers,32
Dunseith,North Dakota,3422,2023-05-01,Bus Passengers,84
Dunseith,North Dakota,3422,2023-07-01,Bus Passengers,29
Dunseith,North Dakota,3422,2023-08-01,Bus Passengers,227
Dunseith,North Dakota,3422,2023-09-01,Bus Passengers,40
Dunseith,North Dakota,3422,2023-10-01,Bus Passengers,103
Dunseith,North Dakota,3422,2023-11-01,Bus Passengers,173
Dunseith,North Dakota,3422,2024-02-01,Bus Passengers,82
Dunseith,North Dakota,3422,2024-03-01,Bus Passengers,27
Dunseith,North Dakota,3422,2024-05-01,Bus Passengers,155
Dunseith,North Dakota,3422,2024-06-01,Bus Passengers,96
Dunseith,North Dakota,3422,2024-07-01,Bus Passengers,100
Dunseith,North Dakota,3422,2024-08-01,Bus Passengers,215
Dunseith,North Dakota,3422,2024-09-01,Bus Passengers,39
Dunseith,North Dakota,3422,2024-10-01,Bus Passengers,107
Dunseith,North Dakota,3422,2024-11-01,Bus Passengers,120
Dunseith,North Dakota,3422,2025-01-01,Bus Passengers,39
Dunseith,North Dakota,3422,2025-02-01,Bus Passengers,102
Dunseith,North Dakota,3422,2025-03-01,Bus Passengers,40
Dunseith,North Dakota,3422,2025-07-01,Bus Passengers,196
Dunseith,North Dakota,3422,2025-08-01,Bus Passengers,102
Dunseith,North Dakota,3422,2025-09-01,Bus Passengers,90
Dunseith,North Dakota,3422,2026-01-01,Bus Passengers,21
Dunseith,North Dakota,3422,2026-02-01,Bus Passengers,40
Dunseith,North Dakota,3422,2026-03-01,Bus Passengers,40
Dunseith,North Dakota,3422,2026-04-01,Bus Passengers,21
Dunseith,North Dakota,3422,2026-06-01,Bus Passengers,104
Dunseith,North Dakota,3422,2026-07-01,Bus Passengers,34
Dunseith,North Dakota,3422,2019-01-01,Buses,2
Dunseith,North Dakota,3422,2019-02-01,Buses,2
Dunseith,North Dakota,3422,2019-03-01,Buses,2
Dunseith,North Dakota,3422,2019-04-01,Buses,4
Dunseith,North Dakota,3422,2019-05-01,Buses,5
Dunseith,North Dakota,3422,2019-06-01,Buses,4
Dunseith,North Dakota,3422,2019-07-01,Buses,7
Dunseith,North Dakota,3422,2019-08-01,Buses,6
Dunseith,North Dakota,3422,2019-09-01,Buses,8
Dunseith,North Dakota,3422,2019-10-01,Buses,8
Dunseith,North Dakota,3422,2019-11-01,Buses,4
Dunseith,North Dakota,3422,2019-12-01,Buses,2
Dunseith,North Dakota,3422,2020-02-01,Buses,3
Dunseith,North Dakota,3422,2020-03-01,Buses,2
Dunseith,North Dakota,3422,2021-07-01,Buses,1
Dunseith,North Dakota,3422,2022-06-01,Buses,1
Dunseith,North Dakota,3422,2022-07-01,Buses,1
Dunseith,North Dakota,3422,2022-08-01,Buses,1
Dunseith,North Dakota,3422,2022-11-01,Buses,1
Dunseith,North Dakota,3422,2023-02-01,Buses,1
Dunseith,North Dakota,3422,2023-05-01,Buses,3
Dunseith,North Dakota,3422,2023-07-01,Buses,1
Dunseith,North Dakota,3422,2023-08-01,Buses,9
Dunseith,North Dakota,3422,2023-09-01,Buses,2
Dunseith,North Dakota,3422,2023-10-01,Buses,4
Dunseith,North Dakota,3422,2023-11-01,Buses,6
Dunseith,North Dakota,3422,2024-02-01,Buses,3
Dunseith,North Dakota,3422,2024-03-01,Buses,1
Dunseith,North Dakota,3422,2024-05-01,Buses,8
Dunseith,North Dakota,3422,2024-06-01,Buses,9
Dunseith,North Dakota,3422,2024-07-01,Buses,8
Dunseith,North Dakota,3422,2024-08-01,Buses,7
Dunseith,North Dakota,3422,2024-09-01,Buses,1
Dunseith,North Dakota,3422,2024-10-01,Buses,5
Dunseith,North Dakota,3422,2024-11-01,Buses,5
Dunseith,North Dakota,3422,2025-01-01,Buses,2
Dunseith,North Dakota,3422,2025-02-01,Buses,3
Dunseith,North Dakota,3422,2025-03-01,Buses,3
Dunseith,North Dakota,3422,2025-07-01,Buses,2
Dunseith,North Dakota,3422,2025-08-01,Buses,2
Dunseith,North Dakota,3422,2025-09-01,Buses,4
Dunseith,North Dakota,3422,2026-01-01,Buses,2
Dunseith,North Dakota,3422,2026-02-01,Buses,2
Dunseith,North Dakota,3422,2026-03-01,Buses,3
Dunseith,North Dakota,3422,2026-04-01,Buses,2
Dunseith,North Dakota,3422,2026-06-01,Buses,3
Dunseith,North Dakota,3422,2026-07-01,Buses,3
Dunseith,North Dakota,3422,2019-01-01,Personal Vehicle Passengers,5369
Dunseith,North Dakota,3422,2019-02-01,Personal Vehicle Passengers,5350
Dunseith,North Dakota,3422,2019-03-01,Personal Vehicle Passengers,6397
Dunseith,North Dakota,3422,2019-04-01,Personal Vehicle Passengers,6076
Dunseith,North Dakota,3422,2019-05-01,Personal Vehicle Passengers,8030
Dunseith,North Dakota,3422,2019-06-01,Personal Vehicle Passengers,13429
Dunseith,North Dakota,3422,2019-07-01,Personal Vehicle Passengers,20882
Dunseith,North Dakota,3422,2019-08-01,Personal Vehicle Passengers,16635
Dunseith,North Dakota,3422,2019-09-01,Personal Vehicle Passengers,9457
Dunseith,North Dakota,3422,2019-10-01,Personal Vehicle Passengers,6424
Dunseith,North Dakota,3422,2019-11-01,Personal Vehicle Passengers,6487
Dunseith,North Dakota,3422,2019-12-01,Personal Vehicle Passengers,6857
Dunseith,North Dakota,3422,2020-01-01,Personal Vehicle Passengers,5579
Dunseith,North Dakota,3422,2020-02-01,Personal Vehicle Passengers,6201
Dunseith,North Dakota,3422,2020-03-01,Personal Vehicle Passengers,2833
Dunseith,North Dakota,3422,2020-04-01,Personal Vehicle Passengers,371
Dunseith,North Dakota,3422,2020-05-01,Personal Vehicle Passengers,737
Dunseith,North Dakota,3422,2020-06-01,Personal Vehicle Passengers,2135
Dunseith,North Dakota,3422,2020-07-01,Personal Vehicle Passengers,4171
Dunseith,North Dakota,3422,2020-08-01,Personal Vehicle Passengers,4668
Dunseith,North Dakota,3422,2020-09-01,Personal Vehicle Passengers,2666
Dunseith,North Dakota,3422,2020-10-01,Personal Vehicle Passengers,1004
Dunseith,North Dakota,3422,2020-11-01,Personal Vehicle Passengers,508
Dunseith,North Dakota,3422,2020-12-01,Personal Vehicle Passengers,520
Dunseith,North Dakota,3422,2021-01-01,Personal Vehicle Passengers,552
Dunseith,North Dakota,3422,2021-02-01,Personal Vehicle Passengers,433
Dunseith,North Dakota,3422,2021-03-01,Personal Vehicle Passengers,759
Dunseith,North Dakota,3422,2021-04-01,Personal Vehicle Passengers,895
Dunseith,North Dakota,3422,2021-05-01,Personal Vehicle Passengers,1874
Dunseith,North Dakota,3422,2021-06-01,Personal Vehicle Passengers,3451
Dunseith,North Dakota,3422,2021-07-01,Personal Vehicle Passengers,5466
Dunseith,North Dakota,3422,2021-08-01,Personal Vehicle Passengers,4578
Dunseith,North Dakota,3422,2021-09-01,Personal Vehicle Passengers,4368
Dunseith,North Dakota,3422,2021-10-01,Personal Vehicle Passengers,2343
Dunseith,North Dakota,3422,2021-11-01,Personal Vehicle Passengers,2233
Dunseith,North Dakota,3422,2021-12-01,Personal Vehicle Passengers,2336
Dunseith,North Dakota,3422,2022-01-01,Personal Vehicle Passengers,1240
Dunseith,North Dakota,3422,2022-02-01,Personal Vehicle Passengers,1280
Dunseith,North Dakota,3422,2022-03-01,Personal Vehicle Passengers,2456
Dunseith,North Dakota,3422,2022-04-01,Personal Vehicle Passengers,3375
Dunseith,North Dakota,3422,2022-05-01,Personal Vehicle Passengers,5747
Dunseith,North Dakota,3422,2022-06-01,Personal Vehicle Passengers,8179
Dunseith,North Dakota,3422,2022-07-01,Personal Vehicle Passengers,15119
Dunseith,North Dakota,3422,2022-08-01,Personal Vehicle Passengers,11530
Dunseith,North Dakota,3422,2022-09-01,Personal Vehicle Passengers,8083
Dunseith,North Dakota,3422,2022-10-01,Personal Vehicle Passengers,6741
Dunseith,North Dakota,3422,2022-11-01,Personal Vehicle Passengers,5029
Dunseith,North Dakota,3422,2022-12-01,Personal Vehicle Passengers,4401
Dunseith,North Dakota,3422,2023-01-01,Personal Vehicle Passengers,4755
Dunseith,North Dakota,3422,2023-02-01,Personal Vehicle Passengers,4492
Dunseith,North Dakota,3422,2023-03-01,Personal Vehicle Passengers,5513
Dunseith,North Dakota,3422,2023-04-01,Personal Vehicle Passengers,5426
Dunseith,North Dakota,3422,2023-05-01,Personal Vehicle Passengers,7461
Dunseith,North Dakota,3422,2023-06-01,Personal Vehicle Passengers,11190
Dunseith,North Dakota,3422,2023-07-01,Personal Vehicle Passengers,19647
Dunseith,North Dakota,3422,2023-08-01,Personal Vehicle Passengers,14982
Dunseith,North Dakota,3422,2023-09-01,Personal Vehicle Passengers,9704
Dunseith,North Dakota,3422,2023-10-01,Personal Vehicle Passengers,6804
Dunseith,North Dakota,3422,2023-11-01,Personal Vehicle Passengers,5891
Dunseith,North Dakota,3422,2023-12-01,Personal Vehicle Passengers,6141
Dunseith,North Dakota,3422,2024-01-01,Personal Vehicle Passengers,5334
Dunseith,North Dakota,3422,2024-02-01,Personal Vehicle Passengers,6087
Dunseith,North Dakota,3422,2024-03-01,Personal Vehicle Passengers,6622
Dunseith,North Dakota,3422,2024-04-01,Personal Vehicle Passengers,6476
Dunseith,North Dakota,3422,2024-05-01,Personal Vehicle Passengers,7992
Dunseith,North Dakota,3422,2024-06-01,Personal Vehicle Passengers,13344
Dunseith,North Dakota,3422,2024-07-01,Personal Vehicle Passengers,19453
Dunseith,North Dakota,3422,2024-08-01,Personal Vehicle Passengers,18321
Dunseith,North Dakota,3422,2024-09-01,Personal Vehicle Passengers,10687
Dunseith,North Dakota,3422,2024-10-01,Personal Vehicle Passengers,8215
Dunseith,North Dakota,3422,2024-11-01,Personal Vehicle Passengers,6704
Dunseith,North Dakota,3422,2024-12-01,Personal Vehicle Passengers,6255
Dunseith,North Dakota,3422,2025-01-01,Personal Vehicle Passengers,5340
Dunseith,North Dakota,3422,2025-02-01,Personal Vehicle Passengers,5044
Dunseith,North Dakota,3422,2025-03-01,Personal Vehicle Passengers,4939
Dunseith,North Dakota,3422,2025-04-01,Personal Vehicle Passengers,4285
Dunseith,North Dakota,3422,2025-05-01,Personal Vehicle Passengers,5458
Dunseith,North Dakota,3422,2025-06-01,Personal Vehicle Passengers,10342
Dunseith,North Dakota,3422,2025-07-01,Personal Vehicle Passengers,15484
Dunseith,North Dakota,3422,2025-08-01,Personal Vehicle Passengers,13838
Dunseith,North Dakota,3422,2025-09-01,Personal Vehicle Passengers,7650
Dunseith,North Dakota,3422,2025-10-01,Personal Vehicle Passengers,6571
Dunseith,North Dakota,3422,2025-11-01,Personal Vehicle Passengers,5437
Dunseith,North Dakota,3422,2025-12-01,Personal Vehicle Passengers,4788
Dunseith,North Dakota,3422,2026-01-01,Personal Vehicle Passengers,4515
Dunseith,North Dakota,3422,2026-02-01,Personal Vehicle Passengers,4431
Dunseith,North Dakota,3422,2026-03-01,Personal Vehicle Passengers,5034
Dunseith,North Dakota,3422,2026-04-01,Personal Vehicle Passengers,4915
Dunseith,North Dakota,3422,2026-05-01,Personal Vehicle Passengers,6472
Dunseith,North Dakota,3422,2026-06-01,Personal Vehicle Passengers,10778
Dunseith,North Dakota,3422,2026-07-01,Personal Vehicle Passengers,16462
Dunseith,North Dakota,3422,2019-01-01,Personal Vehicles,2686
Dunseith,North Dakota,3422,2019-02-01,Personal Vehicles,2526
Dunseith,North Dakota,3422,2019-03-01,Personal Vehicles,3110
Dunseith,North Dakota,3422,2019-04-01,Personal Vehicles,3131
Dunseith,North Dakota,3422,2019-05-01,Personal Vehicles,3978
Dunseith,North Dakota,3422,2019-06-01,Personal Vehicles,6161
Dunseith,North Dakota,3422,2019-07-01,Personal Vehicles,8967
Dunseith,North Dakota,3422,2019-08-01,Personal Vehicles,7307
Dunseith,North Dakota,3422,2019-09-01,Personal Vehicles,4683
Dunseith,North Dakota,3422,2019-10-01,Personal Vehicles,3303
Dunseith,North Dakota,3422,2019-11-01,Personal Vehicles,3160
Dunseith,North Dakota,3422,2019-12-01,Personal Vehicles,3271
Dunseith,North Dakota,3422,2020-01-01,Personal Vehicles,2762
Dunseith,North Dakota,3422,2020-02-01,Personal Vehicles,2932
Dunseith,North Dakota,3422,2020-03-01,Personal Vehicles,1576
Dunseith,North Dakota,3422,2020-04-01,Personal Vehicles,319
Dunseith,North Dakota,3422,2020-05-01,Personal Vehicles,460
Dunseith,North Dakota,3422,2020-06-01,Personal Vehicles,1084
Dunseith,North Dakota,3422,2020-07-01,Personal Vehicles,1835
Dunseith,North Dakota,3422,2020-08-01,Personal Vehicles,2054
Dunseith,North Dakota,3422,2020-09-01,Personal Vehicles,1353
Dunseith,North Dakota,3422,2020-10-01,Personal Vehicles,619
Dunseith,North Dakota,3422,2020-11-01,Personal Vehicles,383
Dunseith,North Dakota,3422,2020-12-01,Personal Vehicles,400
Dunseith,North Dakota,3422,2021-01-01,Personal Vehicles,419
Dunseith,North Dakota,3422,2021-02-01,Personal Vehicles,329
Dunseith,North Dakota,3422,2021-03-01,Personal Vehicles,535
Dunseith,North Dakota,3422,2021-04-01,Personal Vehicles,603
Dunseith,North Dakota,3422,2021-05-01,Personal Vehicles,1021
Dunseith,North Dakota,3422,2021-06-01,Personal Vehicles,1731
Dunseith,North Dakota,3422,2021-07-01,Personal Vehicles,2473
Dunseith,North Dakota,3422,2021-08-01,Personal Vehicles,2295
Dunseith,North Dakota,3422,2021-09-01,Personal Vehicles,2164
Dunseith,North Dakota,3422,2021-10-01,Personal Vehicles,1401
Dunseith,North Dakota,3422,2021-11-01,Personal Vehicles,1384
Dunseith,North Dakota,3422,2021-12-01,Personal Vehicles,1321
Dunseith,North Dakota,3422,2022-01-01,Personal Vehicles,796
Dunseith,North Dakota,3422,2022-02-01,Personal Vehicles,797
Dunseith,North Dakota,3422,2022-03-01,Personal Vehicles,1367
Dunseith,North Dakota,3422,2022-04-01,Personal Vehicles,1935
Dunseith,North Dakota,3422,2022-05-01,Personal Vehicles,2993
Dunseith,North Dakota,3422,2022-06-01,Personal Vehicles,4047
Dunseith,North Dakota,3422,2022-07-01,Personal Vehicles,6624
Dunseith,North Dakota,3422,2022-08-01,Personal Vehicles,5201
Dunseith,North Dakota,3422,2022-09-01,Personal Vehicles,3982
Dunseith,North Dakota,3422,2022-10-01,Personal Vehicles,3465
Dunseith,North Dakota,3422,2022-11-01,Personal Vehicles,2539
Dunseith,North Dakota,3422,2022-12-01,Personal Vehicles,2192
Dunseith,North Dakota,3422,2023-01-01,Personal Vehicles,2457
Dunseith,North Dakota,3422,2023-02-01,Personal Vehicles,2285
Dunseith,North Dakota,3422,2023-03-01,Personal Vehicles,2657
Dunseith,North Dakota,3422,2023-04-01,Personal Vehicles,2612
Dunseith,North Dakota,3422,2023-05-01,Personal Vehicles,3626
Dunseith,North Dakota,3422,2023-06-01,Personal Vehicles,5209
Dunseith,North Dakota,3422,2023-07-01,Personal Vehicles,8309
Dunseith,North Dakota,3422,2023-08-01,Personal Vehicles,6577
Dunseith,North Dakota,3422,2023-09-01,Personal Vehicles,4608
Dunseith,North Dakota,3422,2023-10-01,Personal Vehicles,3368
Dunseith,North Dakota,3422,2023-11-01,Personal Vehicles,2876
Dunseith,North Dakota,3422,2023-12-01,Personal Vehicles,2909
Dunseith,North Dakota,3422,2024-01-01,Personal Vehicles,2553
Dunseith,North Dakota,3422,2024-02-01,Personal Vehicles,2838
Dunseith,North Dakota,3422,2024-03-01,Personal Vehicles,2967
Dunseith,North Dakota,3422,2024-04-01,Personal Vehicles,3167
Dunseith,North Dakota,3422,2024-05-01,Personal Vehicles,3831
Dunseith,North Dakota,3422,2024-06-01,Personal Vehicles,6000
Dunseith,North Dakota,3422,2024-07-01,Personal Vehicles,8274
Dunseith,North Dakota,3422,2024-08-01,Personal Vehicles,7720
Dunseith,North Dakota,3422,2024-09-01,Personal Vehicles,5059
Dunseith,North Dakota,3422,2024-10-01,Personal Vehicles,4063
Dunseith,North Dakota,3422,2024-11-01,Personal Vehicles,3138
Dunseith,North Dakota,3422,2024-12-01,Personal Vehicles,2912
Dunseith,North Dakota,3422,2025-01-01,Personal Vehicles,2572
Dunseith,North Dakota,3422,2025-02-01,Personal Vehicles,2372
Dunseith,North Dakota,3422,2025-03-01,Personal Vehicles,2342
Dunseith,North Dakota,3422,2025-04-01,Personal Vehicles,2194
Dunseith,North Dakota,3422,2025-05-01,Personal Vehicles,2791
Dunseith,North Dakota,3422,2025-06-01,Personal Vehicles,4750
Dunseith,North Dakota,3422,2025-07-01,Personal Vehicles,6648
Dunseith,North Dakota,3422,2025-08-01,Personal Vehicles,6047
Dunseith,North Dakota,3422,2025-09-01,Personal Vehicles,3722
Dunseith,North Dakota,3422,2025-10-01,Personal Vehicles,3319
Dunseith,North Dakota,3422,2025-11-01,Personal Vehicles,2667
Dunseith,North Dakota,3422,2025-12-01,Personal Vehicles,2282
Dunseith,North Dakota,3422,2026-01-01,Personal Vehicles,2174
Dunseith,North Dakota,3422,2026-02-01,Personal Vehicles,2140
Dunseith,North Dakota,3422,2026-03-01,Personal Vehicles,2348
Dunseith,North Dakota,3422,2026-04-01,Personal Vehicles,2476
Dunseith,North Dakota,3422,2026-05-01,Personal Vehicles,3213
Dunseith,North Dakota,3422,2026-06-01,Personal Vehicles,5110
Dunseith,North Dakota,3422,2026-07-01,Personal Vehicles,7051
Fortuna,North Dakota,3417,2019-05-01,Bus Passengers,115
Fortuna,North Dakota,3417,2020-02-01,Bus Passengers,36
Fortuna,North Dakota,3417,2022-07-01,Bus Passengers,20
Fortuna,North Dakota,3417,2022-08-01,Bus Passengers,23
Fortuna,North Dakota,3417,2022-09-01,Bus Passengers,70
Fortuna,North Dakota,3417,2023-05-01,Bus Passengers,37
Fortuna,North Dakota,3417,2023-07-01,Bus Passengers,34
Fortuna,North Dakota,3417,2023-08-01,Bus Passengers,46
Fortuna,North Dakota,3417,2023-09-01,Bus Passengers,83
Fortuna,North Dakota,3417,2023-10-01,Bus Passengers,30
Fortuna,North Dakota,3417,2024-01-01,Bus Passengers,88
Fortuna,North Dakota,3417,2024-09-01,Bus Passengers,33
Fortuna,North Dakota,3417,2025-01-01,Bus Passengers,43
Fortuna,North Dakota,3417,2025-04-01,Bus Passengers,27
Fortuna,North Dakota,3417,2019-05-01,Buses,3
Fortuna,North Dakota,3417,2020-02-01,Buses,1
Fortuna,North Dakota,3417,2022-07-01,Buses,1
Fortuna,North Dakota,3417,2022-08-01,Buses,1
Fortuna,North Dakota,3417,2022-09-01,Buses,2
Fortuna,North Dakota,3417,2023-05-01,Buses,1
Fortuna,North Dakota,3417,2023-07-01,Buses,2
Fortuna,North Dakota,3417,2023-08-01,Buses,1
Fortuna,North Dakota,3417,2023-09-01,Buses,2
Fortuna,North Dakota,3417,2023-10-01,Buses,1
Fortuna,North Dakota,3417,2024-01-01,Buses,2
Fortuna,North Dakota,3417,2024-09-01,Buses,1
Fortuna,North Dakota,3417,2025-01-01,Buses,1
Fortuna,North Dakota,3417,2025-04-01,Buses,1
Fortuna,North Dakota,3417,2019-01-01,Personal Vehicle Passengers,1376
Fortuna,North Dakota,3417,2019-02-01,Personal Vehicle Passengers,1134
Fortuna,North Dakota,3417,2019-03-01,Personal Vehicle Passengers,1504
Fortuna,North Dakota,3417,2019-04-01,Personal Vehicle Passengers,1800
Fortuna,North Dakota,3417,2019-05-01,Personal Vehicle Passengers,2185
Fortuna,North Dakota,3417,2019-06-01,Personal Vehicle Passengers,2824
Fortuna,North Dakota,3417,2019-07-01,Personal Vehicle Passengers,4056
Fortuna,North Dakota,3417,2019-08-01,Personal Vehicle Passengers,3831
Fortuna,North Dakota,3417,2019-09-01,Personal Vehicle Passengers,2256
Fortuna,North Dakota,3417,2019-10-01,Personal Vehicle Passengers,2011
Fortuna,North Dakota,3417,2019-11-01,Personal Vehicle Passengers,1575
Fortuna,North Dakota,3417,2019-12-01,Personal Vehicle Passengers,1824
Fortuna,North Dakota,3417,2020-01-01,Personal Vehicle Passengers,1400
Fortuna,North Dakota,3417,2020-02-01,Personal Vehicle Passengers,1844
Fortuna,North Dakota,3417,2020-03-01,Personal Vehicle Passengers,849
Fortuna,North Dakota,3417,2020-04-01,Personal Vehicle Passengers,73
Fortuna,North Dakota,3417,2020-05-01,Personal Vehicle Passengers,99
Fortuna,North Dakota,3417,2020-06-01,Personal Vehicle Passengers,129
Fortuna,North Dakota,3417,2020-07-01,Personal Vehicle Passengers,144
Fortuna,North Dakota,3417,2020-08-01,Personal Vehicle Passengers,141
Fortuna,North Dakota,3417,2020-09-01,Personal Vehicle Passengers,111
Fortuna,North Dakota,3417,2020-10-01,Personal Vehicle Passengers,115
Fortuna,North Dakota,3417,2020-11-01,Personal Vehicle Passengers,68
Fortuna,North Dakota,3417,2020-12-01,Personal Vehicle Passengers,65
Fortuna,North Dakota,3417,2021-01-01,Personal Vehicle Passengers,88
Fortuna,North Dakota,3417,2021-02-01,Personal Vehicle Passengers,58
Fortuna,North Dakota,3417,2021-03-01,Personal Vehicle Passengers,61
Fortuna,North Dakota,3417,2021-04-01,Personal Vehicle Passengers,100
Fortuna,North Dakota,3417,2021-05-01,Personal Vehicle Passengers,86
Fortuna,North Dakota,3417,2021-06-01,Personal Vehicle Passengers,172
Fortuna,North Dakota,3417,2021-07-01,Personal Vehicle Passengers,187
Fortuna,North Dakota,3417,2021-08-01,Personal Vehicle Passengers,275
Fortuna,North Dakota,3417,2021-09-01,Personal Vehicle Passengers,278
Fortuna,North Dakota,3417,2021-10-01,Personal Vehicle Passengers,289
Fortuna,North Dakota,3417,2021-11-01,Personal Vehicle Passengers,413
Fortuna,North Dakota,3417,2021-12-01,Personal Vehicle Passengers,516
Fortuna,North Dakota,3417,2022-01-01,Personal Vehicle Passengers,234
Fortuna,North Dakota,3417,2022-02-01,Personal Vehicle Passengers,264
Fortuna,North Dakota,3417,2022-03-01,Personal Vehicle Passengers,301
Fortuna,North Dakota,3417,2022-04-01,Personal Vehicle Passengers,481
Fortuna,North Dakota,3417,2022-05-01,Personal Vehicle Passengers,698
Fortuna,North Dakota,3417,2022-06-01,Personal Vehicle Passengers,937
Fortuna,North Dakota,3417,2022-07-01,Personal Vehicle Passengers,1588
Fortuna,North Dakota,3417,2022-08-01,Personal Vehicle Passengers,1454
Fortuna,North Dakota,3417,2022-09-01,Personal Vehicle Passengers,1166
Fortuna,North Dakota,3417,2022-10-01,Personal Vehicle Passengers,1472
Fortuna,North Dakota,3417,2022-11-01,Personal Vehicle Passengers,886
Fortuna,North Dakota,3417,2022-12-01,Personal Vehicle Passengers,907
Fortuna,North Dakota,3417,2023-01-01,Personal Vehicle Passengers,742
Fortuna,North Dakota,3417,2023-02-01,Personal Vehicle Passengers,765
Fortuna,North Dakota,3417,2023-03-01,Personal Vehicle Passengers,750
Fortuna,North Dakota,3417,2023-04-01,Personal Vehicle Passengers,959
Fortuna,North Dakota,3417,2023-05-01,Personal Vehicle Passengers,1149
Fortuna,North Dakota,3417,2023-06-01,Personal Vehicle Passengers,1605
Fortuna,North Dakota,3417,2023-07-01,Personal Vehicle Passengers,2559
Fortuna,North Dakota,3417,2023-08-01,Personal Vehicle Passengers,2327
Fortuna,North Dakota,3417,2023-09-01,Personal Vehicle Passengers,1730
Fortuna,North Dakota,3417,2023-10-01,Personal Vehicle Passengers,1666
Fortuna,North Dakota,3417,2023-11-01,Personal Vehicle Passengers,1231
Fortuna,North Dakota,3417,2023-12-01,Personal Vehicle Passengers,1462
Fortuna,North Dakota,3417,2024-01-01,Personal Vehicle Passengers,1154
Fortuna,North Dakota,3417,2024-02-01,Personal Vehicle Passengers,1041
Fortuna,North Dakota,3417,2024-03-01,Personal Vehicle Passengers,1021
Fortuna,North Dakota,3417,2024-04-01,Personal Vehicle Passengers,1020
Fortuna,North Dakota,3417,2024-05-01,Personal Vehicle Passengers,1233
Fortuna,North Dakota,3417,2024-06-01,Personal Vehicle Passengers,1809
Fortuna,North Dakota,3417,2024-07-01,Personal Vehicle Passengers,2369
Fortuna,North Dakota,3417,2024-08-01,Personal Vehicle Passengers,2397
Fortuna,North Dakota,3417,2024-09-01,Personal Vehicle Passengers,1619
Fortuna,North Dakota,3417,2024-10-01,Personal Vehicle Passengers,1624
Fortuna,North Dakota,3417,2024-11-01,Personal Vehicle Passengers,1151
Fortuna,North Dakota,3417,2024-12-01,Personal Vehicle Passengers,1535
Fortuna,North Dakota,3417,2025-01-01,Personal Vehicle Passengers,1538
Fortuna,North Dakota,3417,2025-02-01,Personal Vehicle Passengers,1134
Fortuna,North Dakota,3417,2025-03-01,Personal Vehicle Passengers,1170
Fortuna,North Dakota,3417,2025-04-01,Personal Vehicle Passengers,1261
Fortuna,North Dakota,3417,2025-05-01,Personal Vehicle Passengers,1160
Fortuna,North Dakota,3417,2025-06-01,Personal Vehicle Passengers,1634
Fortuna,North Dakota,3417,2025-07-01,Personal Vehicle Passengers,2202
Fortuna,North Dakota,3417,2025-08-01,Personal Vehicle Passengers,1972
Fortuna,North Dakota,3417,2025-09-01,Personal Vehicle Passengers,1444
Fortuna,North Dakota,3417,2025-10-01,Personal Vehicle Passengers,1724
Fortuna,North Dakota,3417,2025-11-01,Personal Vehicle Passengers,1456
Fortuna,North Dakota,3417,2025-12-01,Personal Vehicle Passengers,1431
Fortuna,North Dakota,3417,2026-01-01,Personal Vehicle Passengers,1118
Fortuna,North Dakota,3417,2026-02-01,Personal Vehicle Passengers,1371
Fortuna,North Dakota,3417,2026-03-01,Personal Vehicle Passengers,1005
Fortuna,North Dakota,3417,2026-04-01,Personal Vehicle Passengers,1268
Fortuna,North Dakota,3417,2026-05-01,Personal Vehicle Passengers,1319
Fortuna,North Dakota,3417,2026-06-01,Personal Vehicle Passengers,1729
Fortuna,North Dakota,3417,2026-07-01,Personal Vehicle Passengers,2316
Fortuna,North Dakota,3417,2019-01-01,Personal Vehicles,712
Fortuna,North Dakota,3417,2019-02-01,Personal Vehicles,603
Fortuna,North Dakota,3417,2019-03-01,Personal Vehicles,816
Fortuna,North Dakota,3417,2019-04-01,Personal Vehicles,939
Fortuna,North Dakota,3417,2019-05-01,Personal Vehicles,1100
Fortuna,North Dakota,3417,2019-06-01,Personal Vehicles,1434
Fortuna,North Dakota,3417,2019-07-01,Personal Vehicles,1842
Fortuna,North Dakota,3417,2019-08-01,Personal Vehicles,1828
Fortuna,North Dakota,3417,2019-09-01,Personal Vehicles,1217
Fortuna,North Dakota,3417,2019-10-01,Personal Vehicles,1072
Fortuna,North Dakota,3417,2019-11-01,Personal Vehicles,836
Fortuna,North Dakota,3417,2019-12-01,Personal Vehicles,924
Fortuna,North Dakota,3417,2020-01-01,Personal Vehicles,761
Fortuna,North Dakota,3417,2020-02-01,Personal Vehicles,898
Fortuna,North Dakota,3417,2020-03-01,Personal Vehicles,491
Fortuna,North Dakota,3417,2020-04-01,Personal Vehicles,57
Fortuna,North Dakota,3417,2020-05-01,Personal Vehicles,69
Fortuna,North Dakota,3417,2020-06-01,Personal Vehicles,99
Fortuna,North Dakota,3417,2020-07-01,Personal Vehicles,96
Fortuna,North Dakota,3417,2020-08-01,Personal Vehicles,118
Fortuna,North Dakota,3417,2020-09-01,Personal Vehicles,89
Fortuna,North Dakota,3417,2020-10-01,Personal Vehicles,89
Fortuna,North Dakota,3417,2020-11-01,Personal Vehicles,54
Fortuna,North Dakota,3417,2020-12-01,Personal Vehicles,50
Fortuna,North Dakota,3417,2021-01-01,Personal Vehicles,79
Fortuna,North Dakota,3417,2021-02-01,Personal Vehicles,50
Fortuna,North Dakota,3417,2021-03-01,Personal Vehicles,54
Fortuna,North Dakota,3417,2021-04-01,Personal Vehicles,78
Fortuna,North Dakota,3417,2021-05-01,Personal Vehicles,72
Fortuna,North Dakota,3417,2021-06-01,Personal Vehicles,121
Fortuna,North Dakota,3417,2021-07-01,Personal Vehicles,138
Fortuna,North Dakota,3417,2021-08-01,Personal Vehicles,190
Fortuna,North Dakota,3417,2021-09-01,Personal Vehicles,183
Fortuna,North Dakota,3417,2021-10-01,Personal Vehicles,201
Fortuna,North Dakota,3417,2021-11-01,Personal Vehicles,264
Fortuna,North Dakota,3417,2021-12-01,Personal Vehicles,294
Fortuna,North Dakota,3417,2022-01-01,Personal Vehicles,158
Fortuna,North Dakota,3417,2022-02-01,Personal Vehicles,166
Fortuna,North Dakota,3417,2022-03-01,Personal Vehicles,200
Fortuna,North Dakota,3417,2022-04-01,Personal Vehicles,287
Fortuna,North Dakota,3417,2022-05-01,Personal Vehicles,417
Fortuna,North Dakota,3417,2022-06-01,Personal Vehicles,487
Fortuna,North Dakota,3417,2022-07-01,Personal Vehicles,738
Fortuna,North Dakota,3417,2022-08-01,Personal Vehicles,802
Fortuna,North Dakota,3417,2022-09-01,Personal Vehicles,619
Fortuna,North Dakota,3417,2022-10-01,Personal Vehicles,776
Fortuna,North Dakota,3417,2022-11-01,Personal Vehicles,487
Fortuna,North Dakota,3417,2022-12-01,Personal Vehicles,465
Fortuna,North Dakota,3417,2023-01-01,Personal Vehicles,425
Fortuna,North Dakota,3417,2023-02-01,Personal Vehicles,439
Fortuna,North Dakota,3417,2023-03-01,Personal Vehicles,432
Fortuna,North Dakota,3417,2023-04-01,Personal Vehicles,515
Fortuna,North Dakota,3417,2023-05-01,Personal Vehicles,637
Fortuna,North Dakota,3417,2023-06-01,Personal Vehicles,840
Fortuna,North Dakota,3417,2023-07-01,Personal Vehicles,1196
Fortuna,North Dakota,3417,2023-08-01,Personal Vehicles,1157
Fortuna,North Dakota,3417,2023-09-01,Personal Vehicles,913
Fortuna,North Dakota,3417,2023-10-01,Personal Vehicles,865
Fortuna,North Dakota,3417,2023-11-01,Personal Vehicles,658
Fortuna,North Dakota,3417,2023-12-01,Personal Vehicles,700
Fortuna,North Dakota,3417,2024-01-01,Personal Vehicles,570
Fortuna,North Dakota,3417,2024-02-01,Personal Vehicles,557
Fortuna,North Dakota,3417,2024-03-01,Personal Vehicles,553
Fortuna,North Dakota,3417,2024-04-01,Personal Vehicles,582
Fortuna,North Dakota,3417,2024-05-01,Personal Vehicles,716
Fortuna,North Dakota,3417,2024-06-01,Personal Vehicles,921
Fortuna,North Dakota,3417,2024-07-01,Personal Vehicles,1133
Fortuna,North Dakota,3417,2024-08-01,Personal Vehicles,1167
Fortuna,North Dakota,3417,2024-09-01,Personal Vehicles,871
Fortuna,North Dakota,3417,2024-10-01,Personal Vehicles,858
Fortuna,North Dakota,3417,2024-11-01,Personal Vehicles,629
Fortuna,North Dakota,3417,2024-12-01,Personal Vehicles,739
Fortuna,North Dakota,3417,2025-01-01,Personal Vehicles,766
Fortuna,North Dakota,3417,2025-02-01,Personal Vehicles,574
Fortuna,North Dakota,3417,2025-03-01,Personal Vehicles,655
Fortuna,North Dakota,3417,2025-04-01,Personal Vehicles,669
Fortuna,North Dakota,3417,2025-05-01,Personal Vehicles,661
Fortuna,North Dakota,3417,2025-06-01,Personal Vehicles,867
Fortuna,North Dakota,3417,2025-07-01,Personal Vehicles,1066
Fortuna,North Dakota,3417,2025-08-01,Personal Vehicles,992
Fortuna,North Dakota,3417,2025-09-01,Personal Vehicles,812
Fortuna,North Dakota,3417,2025-10-01,Personal Vehicles,869
Fortuna,North Dakota,3417,2025-11-01,Personal Vehicles,724
Fortuna,North Dakota,3417,2025-12-01,Personal Vehicles,668
Fortuna,North Dakota,3417,2026-01-01,Personal Vehicles,601
Fortuna,North Dakota,3417,2026-02-01,Personal Vehicles,652
Fortuna,North Dakota,3417,2026-03-01,Personal Vehicles,589
Fortuna,North Dakota,3417,2026-04-01,Personal Vehicles,674
Fortuna,North Dakota,3417,2026-05-01,Personal Vehicles,739
Fortuna,North Dakota,3417,2026-06-01,Personal Vehicles,918
Fortuna,North Dakota,3417,2026-07-01,Personal Vehicles,1125
Hannah,North Dakota,3408,2019-01-01,Personal Vehicle Passengers,75
Hannah,North Dakota,3408,2019-02-01,Personal Vehicle Passengers,66
Hannah,North Dakota,3408,2019-03-01,Personal Vehicle Passengers,99
Hannah,North Dakota,3408,2019-04-01,Personal Vehicle Passengers,120
Hannah,North Dakota,3408,2019-05-01,Personal Vehicle Passengers,146
Hannah,North Dakota,3408,2019-06-01,Personal Vehicle Passengers,145
Hannah,North Dakota,3408,2019-07-01,Personal Vehicle Passengers,162
Hannah,North Dakota,3408,2019-08-01,Personal Vehicle Passengers,205
Hannah,North Dakota,3408,2019-09-01,Personal Vehicle Passengers,126
Hannah,North Dakota,3408,2019-10-01,Personal Vehicle Passengers,110
Hannah,North Dakota,3408,2019-11-01,Personal Vehicle Passengers,111
Hannah,North Dakota,3408,2019-12-01,Personal Vehicle Passengers,116
Hannah,North Dakota,3408,2020-01-01,Personal Vehicle Passengers,90
Hannah,North Dakota,3408,2020-02-01,Personal Vehicle Passengers,89
Hannah,North Dakota,3408,2020-03-01,Personal Vehicle Passengers,59
Hannah,North Dakota,3408,2020-04-01,Personal Vehicle Passengers,1
Hannah,North Dakota,3408,2020-05-01,Personal Vehicle Passengers,7
Hannah,North Dakota,3408,2020-06-01,Personal Vehicle Passengers,8
Hannah,North Dakota,3408,2020-07-01,Personal Vehicle Passengers,3
Hannah,North Dakota,3408,2020-08-01,Personal Vehicle Passengers,9
Hannah,North Dakota,3408,2020-09-01,Personal Vehicle Passengers,5
Hannah,North Dakota,3408,2020-10-01,Personal Vehicle Passengers,2
Hannah,North Dakota,3408,2020-11-01,Personal Vehicle Passengers,1
Hannah,North Dakota,3408,2020-12-01,Personal Vehicle Passengers,2
Hannah,North Dakota,3408,2021-01-01,Personal Vehicle Passengers,9
Hannah,North Dakota,3408,2021-02-01,Personal Vehicle Passengers,4
Hannah,North Dakota,3408,2021-03-01,Personal Vehicle Passengers,4
Hannah,North Dakota,3408,2021-04-01,Personal Vehicle Passengers,2
Hannah,North Dakota,3408,2021-05-01,Personal Vehicle Passengers,5
Hannah,North Dakota,3408,2021-06-01,Personal Vehicle Passengers,1
Hannah,North Dakota,3408,2021-07-01,Personal Vehicle Passengers,7
Hannah,North Dakota,3408,2021-08-01,Personal Vehicle Passengers,4
Hannah,North Dakota,3408,2021-09-01,Personal Vehicle Passengers,7
Hannah,North Dakota,3408,2021-10-01,Personal Vehicle Passengers,4
Hannah,North Dakota,3408,2021-11-01,Personal Vehicle Passengers,15
Hannah,North Dakota,3408,2021-12-01,Personal Vehicle Passengers,19
Hannah,North Dakota,3408,2022-01-01,Personal Vehicle Passengers,2
Hannah,North Dakota,3408,2022-02-01,Personal Vehicle Passengers,2
Hannah,North Dakota,3408,2022-03-01,Personal Vehicle Passengers,2
Hannah,North Dakota,3408,2022-04-01,Personal Vehicle Passengers,7
Hannah,North Dakota,3408,2022-05-01,Personal Vehicle Passengers,26
Hannah,North Dakota,3408,2022-06-01,Personal Vehicle Passengers,19
Hannah,North Dakota,3408,2022-07-01,Personal Vehicle Passengers,33
Hannah,North Dakota,3408,2022-08-01,Personal Vehicle Passengers,49
Hannah,North Dakota,3408,2022-09-01,Personal Vehicle Passengers,27
Hannah,North Dakota,3408,2022-10-01,Personal Vehicle Passengers,51
Hannah,North Dakota,3408,2022-11-01,Personal Vehicle Passengers,56
Hannah,North Dakota,3408,2022-12-01,Personal Vehicle Passengers,47
Hannah,North Dakota,3408,2023-01-01,Personal Vehicle Passengers,35
Hannah,North Dakota,3408,2023-02-01,Personal Vehicle Passengers,34
Hannah,North Dakota,3408,2023-03-01,Personal Vehicle Passengers,53
Hannah,North Dakota,3408,2023-04-01,Personal Vehicle Passengers,41
Hannah,North Dakota,3408,2023-05-01,Personal Vehicle Passengers,59
Hannah,North Dakota,3408,2023-06-01,Personal Vehicle Passengers,82
Hannah,North Dakota,3408,2023-07-01,Personal Vehicle Passengers,109
Hannah,North Dakota,3408,2023-08-01,Personal Vehicle Passengers,103
Hannah,North Dakota,3408,2023-09-01,Personal Vehicle Passengers,67
Hannah,North Dakota,3408,2023-10-01,Personal Vehicle Passengers,64
Hannah,North Dakota,3408,2023-11-01,Personal Vehicle Passengers,70
Hannah,North Dakota,3408,2023-12-01,Personal Vehicle Passengers,73
Hannah,North Dakota,3408,2024-01-01,Personal Vehicle Passengers,46
Hannah,North Dakota,3408,2024-02-01,Personal Vehicle Passengers,46
Hannah,North Dakota,3408,2024-03-01,Personal Vehicle Passengers,62
Hannah,North Dakota,3408,2024-04-01,Personal Vehicle Passengers,66
Hannah,North Dakota,3408,2024-05-01,Personal Vehicle Passengers,59
Hannah,North Dakota,3408,2024-06-01,Personal Vehicle Passengers,100
Hannah,North Dakota,3408,2024-07-01,Personal Vehicle Passengers,91
Hannah,North Dakota,3408,2024-08-01,Personal Vehicle Passengers,71
Hannah,North Dakota,3408,2024-09-01,Personal Vehicle Passengers,56
Hannah,North Dakota,3408,2024-10-01,Personal Vehicle Passengers,71
Hannah,North Dakota,3408,2024-11-01,Personal Vehicle Passengers,47
Hannah,North Dakota,3408,2024-12-01,Personal Vehicle Passengers,63
Hannah,North Dakota,3408,2025-01-01,Personal Vehicle Passengers,46
Hannah,North Dakota,3408,2025-02-01,Personal Vehicle Passengers,36
Hannah,North Dakota,3408,2025-03-01,Personal Vehicle Passengers,29
Hannah,North Dakota,3408,2025-04-01,Personal Vehicle Passengers,40
Hannah,North Dakota,3408,2025-05-01,Personal Vehicle Passengers,49
Hannah,North Dakota,3408,2025-06-01,Personal Vehicle Passengers,71
Hannah,North Dakota,3408,2025-07-01,Personal Vehicle Passengers,73
Hannah,North Dakota,3408,2025-08-01,Personal Vehicle Passengers,57
Hannah,North Dakota,3408,2025-09-01,Personal Vehicle Passengers,44
Hannah,North Dakota,3408,2025-10-01,Personal Vehicle Passengers,46
Hannah,North Dakota,3408,2025-11-01,Personal Vehicle Passengers,44
Hannah,North Dakota,3408,2025-12-01,Personal Vehicle Passengers,32
Hannah,North Dakota,3408,2026-01-01,Personal Vehicle Passengers,53
Hannah,North Dakota,3408,2026-02-01,Personal Vehicle Passengers,42
Hannah,North Dakota,3408,2026-03-01,Personal Vehicle Passengers,31
Hannah,North Dakota,3408,2026-04-01,Personal Vehicle Passengers,35
Hannah,North Dakota,3408,2026-05-01,Personal Vehicle Passengers,27
Hannah,North Dakota,3408,2026-06-01,Personal Vehicle Passengers,38
Hannah,North Dakota,3408,2026-07-01,Personal Vehicle Passengers,47
Hannah,North Dakota,3408,2019-01-01,Personal Vehicles,54
Hannah,North Dakota,3408,2019-02-01,Personal Vehicles,49
Hannah,North Dakota,3408,2019-03-01,Personal Vehicles,63
Hannah,North Dakota,3408,2019-04-01,Personal Vehicles,74
Hannah,North Dakota,3408,2019-05-01,Personal Vehicles,93
Hannah,North Dakota,3408,2019-06-01,Personal Vehicles,84
Hannah,North Dakota,3408,2019-07-01,Personal Vehicles,101
Hannah,North Dakota,3408,2019-08-01,Personal Vehicles,107
Hannah,North Dakota,3408,2019-09-01,Personal Vehicles,78
Hannah,North Dakota,3408,2019-10-01,Personal Vehicles,71
Hannah,North Dakota,3408,2019-11-01,Personal Vehicles,69
Hannah,North Dakota,3408,2019-12-01,Personal Vehicles,75
Hannah,North Dakota,3408,2020-01-01,Personal Vehicles,60
Hannah,North Dakota,3408,2020-02-01,Personal Vehicles,57
Hannah,North Dakota,3408,2020-03-01,Personal Vehicles,40
Hannah,North Dakota,3408,2020-04-01,Personal Vehicles,1
Hannah,North Dakota,3408,2020-05-01,Personal Vehicles,6
Hannah,North Dakota,3408,2020-06-01,Personal Vehicles,5
Hannah,North Dakota,3408,2020-07-01,Personal Vehicles,3
Hannah,North Dakota,3408,2020-08-01,Personal Vehicles,9
Hannah,North Dakota,3408,2020-09-01,Personal Vehicles,5
Hannah,North Dakota,3408,2020-10-01,Personal Vehicles,1
Hannah,North Dakota,3408,2020-11-01,Personal Vehicles,1
Hannah,North Dakota,3408,2020-12-01,Personal Vehicles,2
Hannah,North Dakota,3408,2021-01-01,Personal Vehicles,9
Hannah,North Dakota,3408,2021-02-01,Personal Vehicles,3
Hannah,North Dakota,3408,2021-03-01,Personal Vehicles,3
Hannah,North Dakota,3408,2021-04-01,Personal Vehicles,2
Hannah,North Dakota,3408,2021-05-01,Personal Vehicles,3
Hannah,North Dakota,3408,2021-06-01,Personal Vehicles,1
Hannah,North Dakota,3408,2021-07-01,Personal Vehicles,7
Hannah,North Dakota,3408,2021-08-01,Personal Vehicles,3
Hannah,North Dakota,3408,2021-09-01,Personal Vehicles,6
Hannah,North Dakota,3408,2021-10-01,Personal Vehicles,4
Hannah,North Dakota,3408,2021-11-01,Personal Vehicles,12
Hannah,North Dakota,3408,2021-12-01,Personal Vehicles,13
Hannah,North Dakota,3408,2022-01-01,Personal Vehicles,2
Hannah,North Dakota,3408,2022-02-01,Personal Vehicles,1
Hannah,North Dakota,3408,2022-03-01,Personal Vehicles,1
Hannah,North Dakota,3408,2022-04-01,Personal Vehicles,6
Hannah,North Dakota,3408,2022-05-01,Personal Vehicles,19
Hannah,North Dakota,3408,2022-06-01,Personal Vehicles,14
Hannah,North Dakota,3408,2022-07-01,Personal Vehicles,21
Hannah,North Dakota,3408,2022-08-01,Personal Vehicles,33
Hannah,North Dakota,3408,2022-09-01,Personal Vehicles,20
Hannah,North Dakota,3408,2022-10-01,Personal Vehicles,33
Hannah,North Dakota,3408,2022-11-01,Personal Vehicles,24
Hannah,North Dakota,3408,2022-12-01,Personal Vehicles,28
Hannah,North Dakota,3408,2023-01-01,Personal Vehicles,19
Hannah,North Dakota,3408,2023-02-01,Personal Vehicles,20
Hannah,North Dakota,3408,2023-03-01,Personal Vehicles,27
Hannah,North Dakota,3408,2023-04-01,Personal Vehicles,19
Hannah,North Dakota,3408,2023-05-01,Personal Vehicles,35
Hannah,North Dakota,3408,2023-06-01,Personal Vehicles,53
Hannah,North Dakota,3408,2023-07-01,Personal Vehicles,68
Hannah,North Dakota,3408,2023-08-01,Personal Vehicles,68
Hannah,North Dakota,3408,2023-09-01,Personal Vehicles,47
Hannah,North Dakota,3408,2023-10-01,Personal Vehicles,40
Hannah,North Dakota,3408,2023-11-01,Personal Vehicles,40
Hannah,North Dakota,3408,2023-12-01,Personal Vehicles,41
Hannah,North Dakota,3408,2024-01-01,Personal Vehicles,25
Hannah,North Dakota,3408,2024-02-01,Personal Vehicles,32
Hannah,North Dakota,3408,2024-03-01,Personal Vehicles,35
Hannah,North Dakota,3408,2024-04-01,Personal Vehicles,43
Hannah,North Dakota,3408,2024-05-01,Personal Vehicles,28
Hannah,North Dakota,3408,2024-06-01,Personal Vehicles,50
Hannah,North Dakota,3408,2024-07-01,Personal Vehicles,44
Hannah,North Dakota,3408,2024-08-01,Personal Vehicles,43
Hannah,North Dakota,3408,2024-09-01,Personal Vehicles,34
Hannah,North Dakota,3408,2024-10-01,Personal Vehicles,39
Hannah,North Dakota,3408,2024-11-01,Personal Vehicles,25
Hannah,North Dakota,3408,2024-12-01,Personal Vehicles,34
Hannah,North Dakota,3408,2025-01-01,Personal Vehicles,25
Hannah,North Dakota,3408,2025-02-01,Personal Vehicles,21
Hannah,North Dakota,3408,2025-03-01,Personal Vehicles,15
Hannah,North Dakota,3408,2025-04-01,Personal Vehicles,24
Hannah,North Dakota,3408,2025-05-01,Personal Vehicles,30
Hannah,North Dakota,3408,2025-06-01,Personal Vehicles,48
Hannah,North Dakota,3408,2025-07-01,Personal Vehicles,37
Hannah,North Dakota,3408,2025-08-01,Personal Vehicles,37
Hannah,North Dakota,3408,2025-09-01,Personal Vehicles,33
Hannah,North Dakota,3408,2025-10-01,Personal Vehicles,26
Hannah,North Dakota,3408,2025-11-01,Personal Vehicles,22
Hannah,North Dakota,3408,2025-12-01,Personal Vehicles,22
Hannah,North Dakota,3408,2026-01-01,Personal Vehicles,24
Hannah,North Dakota,3408,2026-02-01,Personal Vehicles,25
Hannah,North Dakota,3408,2026-03-01,Personal Vehicles,18
Hannah,North Dakota,3408,2026-04-01,Personal Vehicles,20
Hannah,North Dakota,3408,2026-05-01,Personal Vehicles,16
Hannah,North Dakota,3408,2026-06-01,Personal Vehicles,19
Hannah,North Dakota,3408,2026-07-01,Personal Vehicles,27
Hansboro,North Dakota,3415,2019-02-01,Bus Passengers,45
Hansboro,North Dakota,3415,2019-03-01,Bus Passengers,27
Hansboro,North Dakota,3415,2019-08-01,Bus Passengers,70
Hansboro,North Dakota,3415,2019-09-01,Bus Passengers,70
Hansboro,North Dakota,3415,2019-10-01,Bus Passengers,72
Hansboro,North Dakota,3415,2019-11-01,Bus Passengers,112
Hansboro,North Dakota,3415,2019-12-01,Bus Passengers,50
Hansboro,North Dakota,3415,2020-01-01,Bus Passengers,30
Hansboro,North Dakota,3415,2020-02-01,Bus Passengers,79
Hansboro,North Dakota,3415,2022-08-01,Bus Passengers,40
Hansboro,North Dakota,3415,2023-04-01,Bus Passengers,36
Hansboro,North Dakota,3415,2025-04-01,Bus Passengers,35
Hansboro,North Dakota,3415,2025-12-01,Bus Passengers,13
Hansboro,North Dakota,3415,2026-06-01,Bus Passengers,26
Hansboro,North Dakota,3415,2019-02-01,Buses,1
Hansboro,North Dakota,3415,2019-03-01,Buses,1
Hansboro,North Dakota,3415,2019-08-01,Buses,2
Hansboro,North Dakota,3415,2019-09-01,Buses,2
Hansboro,North Dakota,3415,2019-10-01,Buses,2
Hansboro,North Dakota,3415,2019-11-01,Buses,4
Hansboro,North Dakota,3415,2019-12-01,Buses,1
Hansboro,North Dakota,3415,2020-01-01,Buses,2
Hansboro,North Dakota,3415,2020-02-01,Buses,3
Hansboro,North Dakota,3415,2022-08-01,Buses,1
Hansboro,North Dakota,3415,2023-04-01,Buses,1
Hansboro,North Dakota,3415,2025-04-01,Buses,1
Hansboro,North Dakota,3415,2025-12-01,Buses,1
Hansboro,North Dakota,3415,2026-06-01,Buses,1
Hansboro,North Dakota,3415,2019-01-01,Personal Vehicle Passengers,682
Hansboro,North Dakota,3415,2019-02-01,Personal Vehicle Passengers,472
Hansboro,North Dakota,3415,2019-03-01,Personal Vehicle Passengers,760
Hansboro,North Dakota,3415,2019-04-01,Personal Vehicle Passengers,722
Hansboro,North Dakota,3415,2019-05-01,Personal Vehicle Passengers,874
Hansboro,North Dakota,3415,2019-06-01,Personal Vehicle Passengers,1101
Hansboro,North Dakota,3415,2019-07-01,Personal Vehicle Passengers,1448
Hansboro,North Dakota,3415,2019-08-01,Personal Vehicle Passengers,1495
Hansboro,North Dakota,3415,2019-09-01,Personal Vehicle Passengers,967
Hansboro,North Dakota,3415,2019-10-01,Personal Vehicle Passengers,805
Hansboro,North Dakota,3415,2019-11-01,Personal Vehicle Passengers,754
Hansboro,North Dakota,3415,2019-12-01,Personal Vehicle Passengers,896
Hansboro,North Dakota,3415,2020-01-01,Personal Vehicle Passengers,612
Hansboro,North Dakota,3415,2020-02-01,Personal Vehicle Passengers,817
Hansboro,North Dakota,3415,2020-03-01,Personal Vehicle Passengers,373
Hansboro,North Dakota,3415,2020-04-01,Personal Vehicle Passengers,57
Hansboro,North Dakota,3415,2020-05-01,Personal Vehicle Passengers,60
Hansboro,North Dakota,3415,2020-06-01,Personal Vehicle Passengers,81
Hansboro,North Dakota,3415,2020-07-01,Personal Vehicle Passengers,95
Hansboro,North Dakota,3415,2020-08-01,Personal Vehicle Passengers,81
Hansboro,North Dakota,3415,2020-09-01,Personal Vehicle Passengers,101
Hansboro,North Dakota,3415,2020-10-01,Personal Vehicle Passengers,82
Hansboro,North Dakota,3415,2020-11-01,Personal Vehicle Passengers,68
Hansboro,North Dakota,3415,2020-12-01,Personal Vehicle Passengers,75
Hansboro,North Dakota,3415,2021-01-01,Personal Vehicle Passengers,97
Hansboro,North Dakota,3415,2021-02-01,Personal Vehicle Passengers,44
Hansboro,North Dakota,3415,2021-03-01,Personal Vehicle Passengers,86
Hansboro,North Dakota,3415,2021-04-01,Personal Vehicle Passengers,96
Hansboro,North Dakota,3415,2021-05-01,Personal Vehicle Passengers,59
Hansboro,North Dakota,3415,2021-06-01,Personal Vehicle Passengers,124
Hansboro,North Dakota,3415,2021-07-01,Personal Vehicle Passengers,111
Hansboro,North Dakota,3415,2021-08-01,Personal Vehicle Passengers,155
Hansboro,North Dakota,3415,2021-09-01,Personal Vehicle Passengers,152
Hansboro,North Dakota,3415,2021-10-01,Personal Vehicle Passengers,172
Hansboro,North Dakota,3415,2021-11-01,Personal Vehicle Passengers,168
Hansboro,North Dakota,3415,2021-12-01,Personal Vehicle Passengers,232
Hansboro,North Dakota,3415,2022-01-01,Personal Vehicle Passengers,162
Hansboro,North Dakota,3415,2022-02-01,Personal Vehicle Passengers,88
Hansboro,North Dakota,3415,2022-03-01,Personal Vehicle Passengers,168
Hansboro,North Dakota,3415,2022-04-01,Personal Vehicle Passengers,349
Hansboro,North Dakota,3415,2022-05-01,Personal Vehicle Passengers,413
Hansboro,North Dakota,3415,2022-06-01,Personal Vehicle Passengers,517
Hansboro,North Dakota,3415,2022-07-01,Personal Vehicle Passengers,674
Hansboro,North Dakota,3415,2022-08-01,Personal Vehicle Passengers,771
Hansboro,North Dakota,3415,2022-09-01,Personal Vehicle Passengers,433
Hansboro,North Dakota,3415,2022-10-01,Personal Vehicle Passengers,564
Hansboro,North Dakota,3415,2022-11-01,Personal Vehicle Passengers,438
Hansboro,North Dakota,3415,2022-12-01,Personal Vehicle Passengers,377
Hansboro,North Dakota,3415,2023-01-01,Personal Vehicle Passengers,379
Hansboro,North Dakota,3415,2023-02-01,Personal Vehicle Passengers,351
Hansboro,North Dakota,3415,2023-03-01,Personal Vehicle Passengers,467
Hansboro,North Dakota,3415,2023-04-01,Personal Vehicle Passengers,423
Hansboro,North Dakota,3415,2023-05-01,Personal Vehicle Passengers,470
Hansboro,North Dakota,3415,2023-06-01,Personal Vehicle Passengers,850
Hansboro,North Dakota,3415,2023-07-01,Personal Vehicle Passengers,1178
Hansboro,North Dakota,3415,2023-08-01,Personal Vehicle Passengers,1153
Hansboro,North Dakota,3415,2023-09-01,Personal Vehicle Passengers,869
Hansboro,North Dakota,3415,2023-10-01,Personal Vehicle Passengers,796
Hansboro,North Dakota,3415,2023-11-01,Personal Vehicle Passengers,626
Hansboro,North Dakota,3415,2023-12-01,Personal Vehicle Passengers,667
Hansboro,North Dakota,3415,2024-01-01,Personal Vehicle Passengers,500
Hansboro,North Dakota,3415,2024-02-01,Personal Vehicle Passengers,512
Hansboro,North Dakota,3415,2024-03-01,Personal Vehicle Passengers,630
Hansboro,North Dakota,3415,2024-04-01,Personal Vehicle Passengers,668
Hansboro,North Dakota,3415,2024-05-01,Personal Vehicle Passengers,681
Hansboro,North Dakota,3415,2024-06-01,Personal Vehicle Passengers,964
Hansboro,North Dakota,3415,2024-07-01,Personal Vehicle Passengers,1297
Hansboro,North Dakota,3415,2024-08-01,Personal Vehicle Passengers,1096
Hansboro,North Dakota,3415,2024-09-01,Personal Vehicle Passengers,714
Hansboro,North Dakota,3415,2024-10-01,Personal Vehicle Passengers,813
Hansboro,North Dakota,3415,2024-11-01,Personal Vehicle Passengers,548
Hansboro,North Dakota,3415,2024-12-01,Personal Vehicle Passengers,638
Hansboro,North Dakota,3415,2025-01-01,Personal Vehicle Passengers,529
Hansboro,North Dakota,3415,2025-02-01,Personal Vehicle Passengers,430
Hansboro,North Dakota,3415,2025-03-01,Personal Vehicle Passengers,562
Hansboro,North Dakota,3415,2025-04-01,Personal Vehicle Passengers,433
Hansboro,North Dakota,3415,2025-05-01,Personal Vehicle Passengers,529
Hansboro,North Dakota,3415,2025-06-01,Personal Vehicle Passengers,629
Hansboro,North Dakota,3415,2025-07-01,Personal Vehicle Passengers,785
Hansboro,North Dakota,3415,2025-08-01,Personal Vehicle Passengers,826
Hansboro,North Dakota,3415,2025-09-01,Personal Vehicle Passengers,555
Hansboro,North Dakota,3415,2025-10-01,Personal Vehicle Passengers,619
Hansboro,North Dakota,3415,2025-11-01,Personal Vehicle Passengers,518
Hansboro,North Dakota,3415,2025-12-01,Personal Vehicle Passengers,533
Hansboro,North Dakota,3415,2026-01-01,Personal Vehicle Passengers,412
Hansboro,North Dakota,3415,2026-02-01,Personal Vehicle Passengers,396
Hansboro,North Dakota,3415,2026-03-01,Personal Vehicle Passengers,453
Hansboro,North Dakota,3415,2026-04-01,Personal Vehicle Passengers,574
Hansboro,North Dakota,3415,2026-05-01,Personal Vehicle Passengers,600
Hansboro,North Dakota,3415,2026-06-01,Personal Vehicle Passengers,751
Hansboro,North Dakota,3415,2026-07-01,Personal Vehicle Passengers,916
Hansboro,North Dakota,3415,2019-01-01,Personal Vehicles,367
Hansboro,North Dakota,3415,2019-02-01,Personal Vehicles,274
Hansboro,North Dakota,3415,2019-03-01,Personal Vehicles,390
Hansboro,North Dakota,3415,2019-04-01,Personal Vehicles,395
Hansboro,North Dakota,3415,2019-05-01,Personal Vehicles,459
Hansboro,North Dakota,3415,2019-06-01,Personal Vehicles,518
Hansboro,North Dakota,3415,2019-07-01,Personal Vehicles,697
Hansboro,North Dakota,3415,2019-08-01,Personal Vehicles,702
Hansboro,North Dakota,3415,2019-09-01,Personal Vehicles,554
Hansboro,North Dakota,3415,2019-10-01,Personal Vehicles,410
Hansboro,North Dakota,3415,2019-11-01,Personal Vehicles,344
Hansboro,North Dakota,3415,2019-12-01,Personal Vehicles,420
Hansboro,North Dakota,3415,2020-01-01,Personal Vehicles,325
Hansboro,North Dakota,3415,2020-02-01,Personal Vehicles,395
Hansboro,North Dakota,3415,2020-03-01,Personal Vehicles,223
Hansboro,North Dakota,3415,2020-04-01,Personal Vehicles,40
Hansboro,North Dakota,3415,2020-05-01,Personal Vehicles,53
Hansboro,North Dakota,3415,2020-06-01,Personal Vehicles,72
Hansboro,North Dakota,3415,2020-07-01,Personal Vehicles,76
Hansboro,North Dakota,3415,2020-08-01,Personal Vehicles,71
Hansboro,North Dakota,3415,2020-09-01,Personal Vehicles,85
Hansboro,North Dakota,3415,2020-10-01,Personal Vehicles,66
Hansboro,North Dakota,3415,2020-11-01,Personal Vehicles,59
Hansboro,North Dakota,3415,2020-12-01,Personal Vehicles,56
Hansboro,North Dakota,3415,2021-01-01,Personal Vehicles,75
Hansboro,North Dakota,3415,2021-02-01,Personal Vehicles,39
Hansboro,North Dakota,3415,2021-03-01,Personal Vehicles,72
Hansboro,North Dakota,3415,2021-04-01,Personal Vehicles,74
Hansboro,North Dakota,3415,2021-05-01,Personal Vehicles,51
Hansboro,North Dakota,3415,2021-06-01,Personal Vehicles,89
Hansboro,North Dakota,3415,2021-07-01,Personal Vehicles,91
Hansboro,North Dakota,3415,2021-08-01,Personal Vehicles,100
Hansboro,North Dakota,3415,2021-09-01,Personal Vehicles,112
Hansboro,North Dakota,3415,2021-10-01,Personal Vehicles,115
Hansboro,North Dakota,3415,2021-11-01,Personal Vehicles,109
Hansboro,North Dakota,3415,2021-12-01,Personal Vehicles,125
Hansboro,North Dakota,3415,2022-01-01,Personal Vehicles,88
Hansboro,North Dakota,3415,2022-02-01,Personal Vehicles,63
Hansboro,North Dakota,3415,2022-03-01,Personal Vehicles,99
Hansboro,North Dakota,3415,2022-04-01,Personal Vehicles,172
Hansboro,North Dakota,3415,2022-05-01,Personal Vehicles,239
Hansboro,North Dakota,3415,2022-06-01,Personal Vehicles,264
Hansboro,North Dakota,3415,2022-07-01,Personal Vehicles,339
Hansboro,North Dakota,3415,2022-08-01,Personal Vehicles,359
Hansboro,North Dakota,3415,2022-09-01,Personal Vehicles,256
Hansboro,North Dakota,3415,2022-10-01,Personal Vehicles,316
Hansboro,North Dakota,3415,2022-11-01,Personal Vehicles,219
Hansboro,North Dakota,3415,2022-12-01,Personal Vehicles,200
Hansboro,North Dakota,3415,2023-01-01,Personal Vehicles,212
Hansboro,North Dakota,3415,2023-02-01,Personal Vehicles,188
Hansboro,North Dakota,3415,2023-03-01,Personal Vehicles,229
Hansboro,North Dakota,3415,2023-04-01,Personal Vehicles,215
Hansboro,North Dakota,3415,2023-05-01,Personal Vehicles,277
Hansboro,North Dakota,3415,2023-06-01,Personal Vehicles,423
Hansboro,North Dakota,3415,2023-07-01,Personal Vehicles,564
Hansboro,North Dakota,3415,2023-08-01,Personal Vehicles,558
Hansboro,North Dakota,3415,2023-09-01,Personal Vehicles,435
Hansboro,North Dakota,3415,2023-10-01,Personal Vehicles,401
Hansboro,North Dakota,3415,2023-11-01,Personal Vehicles,322
Hansboro,North Dakota,3415,2023-12-01,Personal Vehicles,319
Hansboro,North Dakota,3415,2024-01-01,Personal Vehicles,225
Hansboro,North Dakota,3415,2024-02-01,Personal Vehicles,256
Hansboro,North Dakota,3415,2024-03-01,Personal Vehicles,305
Hansboro,North Dakota,3415,2024-04-01,Personal Vehicles,346
Hansboro,North Dakota,3415,2024-05-01,Personal Vehicles,374
Hansboro,North Dakota,3415,2024-06-01,Personal Vehicles,483
Hansboro,North Dakota,3415,2024-07-01,Personal Vehicles,568
Hansboro,North Dakota,3415,2024-08-01,Personal Vehicles,542
Hansboro,North Dakota,3415,2024-09-01,Personal Vehicles,381
Hansboro,North Dakota,3415,2024-10-01,Personal Vehicles,427
Hansboro,North Dakota,3415,2024-11-01,Personal Vehicles,307
Hansboro,North Dakota,3415,2024-12-01,Personal Vehicles,311
Hansboro,North Dakota,3415,2025-01-01,Personal Vehicles,274
Hansboro,North Dakota,3415,2025-02-01,Personal Vehicles,237
Hansboro,North Dakota,3415,2025-03-01,Personal Vehicles,295
Hansboro,North Dakota,3415,2025-04-01,Personal Vehicles,244
Hansboro,North Dakota,3415,2025-05-01,Personal Vehicles,309
Hansboro,North Dakota,3415,2025-06-01,Personal Vehicles,321
Hansboro,North Dakota,3415,2025-07-01,Personal Vehicles,402
Hansboro,North Dakota,3415,2025-08-01,Personal Vehicles,437
Hansboro,North Dakota,3415,2025-09-01,Personal Vehicles,317
Hansboro,North Dakota,3415,2025-10-01,Personal Vehicles,356
Hansboro,North Dakota,3415,2025-11-01,Personal Vehicles,283
Hansboro,North Dakota,3415,2025-12-01,Personal Vehicles,243
Hansboro,North Dakota,3415,2026-01-01,Personal Vehicles,208
Hansboro,North Dakota,3415,2026-02-01,Personal Vehicles,205
Hansboro,North Dakota,3415,2026-03-01,Personal Vehicles,259
Hansboro,North Dakota,3415,2026-04-01,Personal Vehicles,296
Hansboro,North Dakota,3415,2026-05-01,Personal Vehicles,342
Hansboro,North Dakota,3415,2026-06-01,Personal Vehicles,372
Hansboro,North Dakota,3415,2026-07-01,Personal Vehicles,442
Maida,North Dakota,3416,2019-02-01,Bus Passengers,16
Maida,North Dakota,3416,2019-03-01,Bus Passengers,26
Maida,North Dakota,3416,2019-04-01,Bus Passengers,16
Maida,North Dakota,3416,2023-03-01,Bus Passengers,16
Maida,North Dakota,3416,2019-02-01,Buses,1
Maida,North Dakota,3416,2019-03-01,Buses,2
Maida,North Dakota,3416,2019-04-01,Buses,1
Maida,North Dakota,3416,2023-03-01,Buses,1
Maida,North Dakota,3416,2019-01-01,Personal Vehicle Passengers,828
Maida,North Dakota,3416,2019-02-01,Personal Vehicle Passengers,607
Maida,North Dakota,3416,2019-03-01,Personal Vehicle Passengers,946
Maida,North Dakota,3416,2019-04-01,Personal Vehicle Passengers,971
Maida,North Dakota,3416,2019-05-01,Personal Vehicle Passengers,1381
Maida,North Dakota,3416,2019-06-01,Personal Vehicle Passengers,1516
Maida,North Dakota,3416,2019-07-01,Personal Vehicle Passengers,2063
Maida,North Dakota,3416,2019-08-01,Personal Vehicle Passengers,2096
Maida,North Dakota,3416,2019-09-01,Personal Vehicle Passengers,1346
Maida,North Dakota,3416,2019-10-01,Personal Vehicle Passengers,792
Maida,North Dakota,3416,2019-11-01,Personal Vehicle Passengers,691
Maida,North Dakota,3416,2019-12-01,Personal Vehicle Passengers,892
Maida,North Dakota,3416,2020-01-01,Personal Vehicle Passengers,738
Maida,North Dakota,3416,2020-02-01,Personal Vehicle Passengers,775
Maida,North Dakota,3416,2020-03-01,Personal Vehicle Passengers,365
Maida,North Dakota,3416,2020-04-01,Personal Vehicle Passengers,18
Maida,North Dakota,3416,2020-05-01,Personal Vehicle Passengers,65
Maida,North Dakota,3416,2020-06-01,Personal Vehicle Passengers,53
Maida,North Dakota,3416,2020-07-01,Personal Vehicle Passengers,71
Maida,North Dakota,3416,2020-08-01,Personal Vehicle Passengers,83
Maida,North Dakota,3416,2020-09-01,Personal Vehicle Passengers,68
Maida,North Dakota,3416,2020-10-01,Personal Vehicle Passengers,61
Maida,North Dakota,3416,2020-11-01,Personal Vehicle Passengers,31
Maida,North Dakota,3416,2020-12-01,Personal Vehicle Passengers,28
Maida,North Dakota,3416,2021-01-01,Personal Vehicle Passengers,41
Maida,North Dakota,3416,2021-02-01,Personal Vehicle Passengers,35
Maida,North Dakota,3416,2021-03-01,Personal Vehicle Passengers,33
Maida,North Dakota,3416,2021-04-01,Personal Vehicle Passengers,41
Maida,North Dakota,3416,2021-05-01,Personal Vehicle Passengers,53
Maida,North Dakota,3416,2021-06-01,Personal Vehicle Passengers,32
Maida,North Dakota,3416,2021-07-01,Personal Vehicle Passengers,57
Maida,North Dakota,3416,2021-08-01,Personal Vehicle Passengers,119
Maida,North Dakota,3416,2021-09-01,Personal Vehicle Passengers,87
Maida,North Dakota,3416,2021-10-01,Personal Vehicle Passengers,90
Maida,North Dakota,3416,2021-11-01,Personal Vehicle Passengers,111
Maida,North Dakota,3416,2021-12-01,Personal Vehicle Passengers,135
Maida,North Dakota,3416,2022-01-01,Personal Vehicle Passengers,93
Maida,North Dakota,3416,2022-02-01,Personal Vehicle Passengers,86
Maida,North Dakota,3416,2022-03-01,Personal Vehicle Passengers,162
Maida,North Dakota,3416,2022-04-01,Personal Vehicle Passengers,234
Maida,North Dakota,3416,2022-05-01,Personal Vehicle Passengers,418
Maida,North Dakota,3416,2022-06-01,Personal Vehicle Passengers,443
Maida,North Dakota,3416,2022-07-01,Personal Vehicle Passengers,687
Maida,North Dakota,3416,2022-08-01,Personal Vehicle Passengers,537
Maida,North Dakota,3416,2022-09-01,Personal Vehicle Passengers,423
Maida,North Dakota,3416,2022-10-01,Personal Vehicle Passengers,442
Maida,North Dakota,3416,2022-11-01,Personal Vehicle Passengers,316
Maida,North Dakota,3416,2022-12-01,Personal Vehicle Passengers,250
Maida,North Dakota,3416,2023-01-01,Personal Vehicle Passengers,338
Maida,North Dakota,3416,2023-02-01,Personal Vehicle Passengers,260
Maida,North Dakota,3416,2023-03-01,Personal Vehicle Passengers,412
Maida,North Dakota,3416,2023-04-01,Personal Vehicle Passengers,520
Maida,North Dakota,3416,2023-05-01,Personal Vehicle Passengers,732
Maida,North Dakota,3416,2023-06-01,Personal Vehicle Passengers,914
Maida,North Dakota,3416,2023-07-01,Personal Vehicle Passengers,1350
Maida,North Dakota,3416,2023-08-01,Personal Vehicle Passengers,1017
Maida,North Dakota,3416,2023-09-01,Personal Vehicle Passengers,741
Maida,North Dakota,3416,2023-10-01,Personal Vehicle Passengers,486
Maida,North Dakota,3416,2023-11-01,Personal Vehicle Passengers,445
Maida,North Dakota,3416,2023-12-01,Personal Vehicle Passengers,512
Maida,North Dakota,3416,2024-01-01,Personal Vehicle Passengers,365
Maida,North Dakota,3416,2024-02-01,Personal Vehicle Passengers,502
Maida,North Dakota,3416,2024-03-01,Personal Vehicle Passengers,533
Maida,North Dakota,3416,2024-04-01,Personal Vehicle Passengers,600
Maida,North Dakota,3416,2024-05-01,Personal Vehicle Passengers,721
Maida,North Dakota,3416,2024-06-01,Personal Vehicle Passengers,812
Maida,North Dakota,3416,2024-07-01,Personal Vehicle Passengers,987
Maida,North Dakota,3416,2024-08-01,Personal Vehicle Passengers,1154
Maida,North Dakota,3416,2024-09-01,Personal Vehicle Passengers,740
Maida,North Dakota,3416,2024-10-01,Personal Vehicle Passengers,534
Maida,North Dakota,3416,2024-11-01,Personal Vehicle Passengers,549
Maida,North Dakota,3416,2024-12-01,Personal Vehicle Passengers,402
Maida,North Dakota,3416,2025-01-01,Personal Vehicle Passengers,406
Maida,North Dakota,3416,2025-02-01,Personal Vehicle Passengers,404
Maida,North Dakota,3416,2025-03-01,Personal Vehicle Passengers,562
Maida,North Dakota,3416,2025-04-01,Personal Vehicle Passengers,418
Maida,North Dakota,3416,2025-05-01,Personal Vehicle Passengers,525
Maida,North Dakota,3416,2025-06-01,Personal Vehicle Passengers,581
Maida,North Dakota,3416,2025-07-01,Personal Vehicle Passengers,828
Maida,North Dakota,3416,2025-08-01,Personal Vehicle Passengers,975
Maida,North Dakota,3416,2025-09-01,Personal Vehicle Passengers,550
Maida,North Dakota,3416,2025-10-01,Personal Vehicle Passengers,501
Maida,North Dakota,3416,2025-11-01,Personal Vehicle Passengers,414
Maida,North Dakota,3416,2025-12-01,Personal Vehicle Passengers,357
Maida,North Dakota,3416,2026-01-01,Personal Vehicle Passengers,290
Maida,North Dakota,3416,2026-02-01,Personal Vehicle Passengers,337
Maida,North Dakota,3416,2026-03-01,Personal Vehicle Passengers,487
Maida,North Dakota,3416,2026-04-01,Personal Vehicle Passengers,306
Maida,North Dakota,3416,2026-05-01,Personal Vehicle Passengers,456
Maida,North Dakota,3416,2026-06-01,Personal Vehicle Passengers,514
Maida,North Dakota,3416,2026-07-01,Personal Vehicle Passengers,741
Maida,North Dakota,3416,2019-01-01,Personal Vehicles,345
Maida,North Dakota,3416,2019-02-01,Personal Vehicles,287
Maida,North Dakota,3416,2019-03-01,Personal Vehicles,407
Maida,North Dakota,3416,2019-04-01,Personal Vehicles,459
Maida,North Dakota,3416,2019-05-01,Personal Vehicles,668
Maida,North Dakota,3416,2019-06-01,Personal Vehicles,725
Maida,North Dakota,3416,2019-07-01,Personal Vehicles,947
Maida,North Dakota,3416,2019-08-01,Personal Vehicles,1028
Maida,North Dakota,3416,2019-09-01,Personal Vehicles,676
Maida,North Dakota,3416,2019-10-01,Personal Vehicles,388
Maida,North Dakota,3416,2019-11-01,Personal Vehicles,359
Maida,North Dakota,3416,2019-12-01,Personal Vehicles,394
Maida,North Dakota,3416,2020-01-01,Personal Vehicles,357
Maida,North Dakota,3416,2020-02-01,Personal Vehicles,365
Maida,North Dakota,3416,2020-03-01,Personal Vehicles,193
Maida,North Dakota,3416,2020-04-01,Personal Vehicles,15
Maida,North Dakota,3416,2020-05-01,Personal Vehicles,63
Maida,North Dakota,3416,2020-06-01,Personal Vehicles,51
Maida,North Dakota,3416,2020-07-01,Personal Vehicles,63
Maida,North Dakota,3416,2020-08-01,Personal Vehicles,77
Maida,North Dakota,3416,2020-09-01,Personal Vehicles,66
Maida,North Dakota,3416,2020-10-01,Personal Vehicles,44
Maida,North Dakota,3416,2020-11-01,Personal Vehicles,30
Maida,North Dakota,3416,2020-12-01,Personal Vehicles,29
Maida,North Dakota,3416,2021-01-01,Personal Vehicles,40
Maida,North Dakota,3416,2021-02-01,Personal Vehicles,30
Maida,North Dakota,3416,2021-03-01,Personal Vehicles,33
Maida,North Dakota,3416,2021-04-01,Personal Vehicles,38
Maida,North Dakota,3416,2021-05-01,Personal Vehicles,52
Maida,North Dakota,3416,2021-06-01,Personal Vehicles,27
Maida,North Dakota,3416,2021-07-01,Personal Vehicles,49
Maida,North Dakota,3416,2021-08-01,Personal Vehicles,97
Maida,North Dakota,3416,2021-09-01,Personal Vehicles,61
Maida,North Dakota,3416,2021-10-01,Personal Vehicles,72
Maida,North Dakota,3416,2021-11-01,Personal Vehicles,81
Maida,North Dakota,3416,2021-12-01,Personal Vehicles,89
Maida,North Dakota,3416,2022-01-01,Personal Vehicles,55
Maida,North Dakota,3416,2022-02-01,Personal Vehicles,56
Maida,North Dakota,3416,2022-03-01,Personal Vehicles,89
Maida,North Dakota,3416,2022-04-01,Personal Vehicles,139
Maida,North Dakota,3416,2022-05-01,Personal Vehicles,244
Maida,North Dakota,3416,2022-06-01,Personal Vehicles,244
Maida,North Dakota,3416,2022-07-01,Personal Vehicles,350
Maida,North Dakota,3416,2022-08-01,Personal Vehicles,305
Maida,North Dakota,3416,2022-09-01,Personal Vehicles,258
Maida,North Dakota,3416,2022-10-01,Personal Vehicles,239
Maida,North Dakota,3416,2022-11-01,Personal Vehicles,165
Maida,North Dakota,3416,2022-12-01,Personal Vehicles,125
Maida,North Dakota,3416,2023-01-01,Personal Vehicles,161
Maida,North Dakota,3416,2023-02-01,Personal Vehicles,130
Maida,North Dakota,3416,2023-03-01,Personal Vehicles,189
Maida,North Dakota,3416,2023-04-01,Personal Vehicles,228
Maida,North Dakota,3416,2023-05-01,Personal Vehicles,361
Maida,North Dakota,3416,2023-06-01,Personal Vehicles,460
Maida,North Dakota,3416,2023-07-01,Personal Vehicles,639
Maida,North Dakota,3416,2023-08-01,Personal Vehicles,513
Maida,North Dakota,3416,2023-09-01,Personal Vehicles,412
Maida,North Dakota,3416,2023-10-01,Personal Vehicles,241
Maida,North Dakota,3416,2023-11-01,Personal Vehicles,234
Maida,North Dakota,3416,2023-12-01,Personal Vehicles,259
Maida,North Dakota,3416,2024-01-01,Personal Vehicles,181
Maida,North Dakota,3416,2024-02-01,Personal Vehicles,231
Maida,North Dakota,3416,2024-03-01,Personal Vehicles,255
Maida,North Dakota,3416,2024-04-01,Personal Vehicles,287
Maida,North Dakota,3416,2024-05-01,Personal Vehicles,361
Maida,North Dakota,3416,2024-06-01,Personal Vehicles,435
Maida,North Dakota,3416,2024-07-01,Personal Vehicles,500
Maida,North Dakota,3416,2024-08-01,Personal Vehicles,597
Maida,North Dakota,3416,2024-09-01,Personal Vehicles,413
Maida,North Dakota,3416,2024-10-01,Personal Vehicles,294
Maida,North Dakota,3416,2024-11-01,Personal Vehicles,260
Maida,North Dakota,3416,2024-12-01,Personal Vehicles,201
Maida,North Dakota,3416,2025-01-01,Personal Vehicles,196
Maida,North Dakota,3416,2025-02-01,Personal Vehicles,205
Maida,North Dakota,3416,2025-03-01,Personal Vehicles,258
Maida,North Dakota,3416,2025-04-01,Personal Vehicles,204
Maida,North Dakota,3416,2025-05-01,Personal Vehicles,278
Maida,North Dakota,3416,2025-06-01,Personal Vehicles,308
Maida,North Dakota,3416,2025-07-01,Personal Vehicles,401
Maida,North Dakota,3416,2025-08-01,Personal Vehicles,505
Maida,North Dakota,3416,2025-09-01,Personal Vehicles,304
Maida,North Dakota,3416,2025-10-01,Personal Vehicles,266
Maida,North Dakota,3416,2025-11-01,Personal Vehicles,207
Maida,North Dakota,3416,2025-12-01,Personal Vehicles,176
Maida,North Dakota,3416,2026-01-01,Personal Vehicles,164
Maida,North Dakota,3416,2026-02-01,Personal Vehicles,176
Maida,North Dakota,3416,2026-03-01,Personal Vehicles,236
Maida,North Dakota,3416,2026-04-01,Personal Vehicles,162
Maida,North Dakota,3416,2026-05-01,Personal Vehicles,246
Maida,North Dakota,3416,2026-06-01,Personal Vehicles,267
Maida,North Dakota,3416,2026-07-01,Personal Vehicles,386
Neche,North Dakota,3404,2019-03-01,Bus Passengers,28
Neche,North Dakota,3404,2019-03-01,Buses,2
Neche,North Dakota,3404,2019-01-01,Personal Vehicle Passengers,3373
Neche,North Dakota,3404,2019-02-01,Personal Vehicle Passengers,3342
Neche,North Dakota,3404,2019-03-01,Personal Vehicle Passengers,4252
Neche,North Dakota,3404,2019-04-01,Personal Vehicle Passengers,4498
Neche,North Dakota,3404,2019-05-01,Personal Vehicle Passengers,5604
Neche,North Dakota,3404,2019-06-01,Personal Vehicle Passengers,5921
Neche,North Dakota,3404,2019-07-01,Personal Vehicle Passengers,6738
Neche,North Dakota,3404,2019-08-01,Personal Vehicle Passengers,6978
Neche,North Dakota,3404,2019-09-01,Personal Vehicle Passengers,4499
Neche,North Dakota,3404,2019-10-01,Personal Vehicle Passengers,3719
Neche,North Dakota,3404,2019-11-01,Personal Vehicle Passengers,4489
Neche,North Dakota,3404,2019-12-01,Personal Vehicle Passengers,5265
Neche,North Dakota,3404,2020-01-01,Personal Vehicle Passengers,4092
Neche,North Dakota,3404,2020-02-01,Personal Vehicle Passengers,4280
Neche,North Dakota,3404,2020-03-01,Personal Vehicle Passengers,2007
Neche,North Dakota,3404,2020-04-01,Personal Vehicle Passengers,177
Neche,North Dakota,3404,2020-05-01,Personal Vehicle Passengers,172
Neche,North Dakota,3404,2020-06-01,Personal Vehicle Passengers,251
Neche,North Dakota,3404,2020-07-01,Personal Vehicle Passengers,267
Neche,North Dakota,3404,2020-08-01,Personal Vehicle Passengers,254
Neche,North Dakota,3404,2020-09-01,Personal Vehicle Passengers,248
Neche,North Dakota,3404,2020-10-01,Personal Vehicle Passengers,244
Neche,North Dakota,3404,2020-11-01,Personal Vehicle Passengers,200
Neche,North Dakota,3404,2020-12-01,Personal Vehicle Passengers,200
Neche,North Dakota,3404,2021-01-01,Personal Vehicle Passengers,195
Neche,North Dakota,3404,2021-02-01,Personal Vehicle Passengers,213
Neche,North Dakota,3404,2021-03-01,Personal Vehicle Passengers,224
Neche,North Dakota,3404,2021-04-01,Personal Vehicle Passengers,233
Neche,North Dakota,3404,2021-05-01,Personal Vehicle Passengers,182
Neche,North Dakota,3404,2021-06-01,Personal Vehicle Passengers,214
Neche,North Dakota,3404,2021-07-01,Personal Vehicle Passengers,189
Neche,North Dakota,3404,2021-08-01,Personal Vehicle Passengers,267
Neche,North Dakota,3404,2021-09-01,Personal Vehicle Passengers,289
Neche,North Dakota,3404,2021-10-01,Personal Vehicle Passengers,267
Neche,North Dakota,3404,2021-11-01,Personal Vehicle Passengers,325
Neche,North Dakota,3404,2021-12-01,Personal Vehicle Passengers,670
Neche,North Dakota,3404,2022-01-01,Personal Vehicle Passengers,236
Neche,North Dakota,3404,2022-02-01,Personal Vehicle Passengers,553
Neche,North Dakota,3404,2022-03-01,Personal Vehicle Passengers,398
Neche,North Dakota,3404,2022-04-01,Personal Vehicle Passengers,630
Neche,North Dakota,3404,2022-05-01,Personal Vehicle Passengers,309
Neche,North Dakota,3404,2022-06-01,Personal Vehicle Passengers,1100
Neche,North Dakota,3404,2022-07-01,Personal Vehicle Passengers,1630
Neche,North Dakota,3404,2022-08-01,Personal Vehicle Passengers,1437
Neche,North Dakota,3404,2022-09-01,Personal Vehicle Passengers,1156
Neche,North Dakota,3404,2022-10-01,Personal Vehicle Passengers,1404
Neche,North Dakota,3404,2022-11-01,Personal Vehicle Passengers,1264
Neche,North Dakota,3404,2022-12-01,Personal Vehicle Passengers,1277
Neche,North Dakota,3404,2023-01-01,Personal Vehicle Passengers,1244
Neche,North Dakota,3404,2023-02-01,Personal Vehicle Passengers,1062
Neche,North Dakota,3404,2023-03-01,Personal Vehicle Passengers,1461
Neche,North Dakota,3404,2023-04-01,Personal Vehicle Passengers,1320
Neche,North Dakota,3404,2023-05-01,Personal Vehicle Passengers,1811
Neche,North Dakota,3404,2023-06-01,Personal Vehicle Passengers,2450
Neche,North Dakota,3404,2023-07-01,Personal Vehicle Passengers,3093
Neche,North Dakota,3404,2023-08-01,Personal Vehicle Passengers,3163
Neche,North Dakota,3404,2023-09-01,Personal Vehicle Passengers,2314
Neche,North Dakota,3404,2023-10-01,Personal Vehicle Passengers,1908
Neche,North Dakota,3404,2023-11-01,Personal Vehicle Passengers,1718
Neche,North Dakota,3404,2023-12-01,Personal Vehicle Passengers,2745
Neche,North Dakota,3404,2024-01-01,Personal Vehicle Passengers,1526
Neche,North Dakota,3404,2024-02-01,Personal Vehicle Passengers,1754
Neche,North Dakota,3404,2024-03-01,Personal Vehicle Passengers,2057
Neche,North Dakota,3404,2024-04-01,Personal Vehicle Passengers,1962
Neche,North Dakota,3404,2024-05-01,Personal Vehicle Passengers,2186
Neche,North Dakota,3404,2024-06-01,Personal Vehicle Passengers,2613
Neche,North Dakota,3404,2024-07-01,Personal Vehicle Passengers,2910
Neche,North Dakota,3404,2024-08-01,Personal Vehicle Passengers,3792
Neche,North Dakota,3404,2024-09-01,Personal Vehicle Passengers,2599
Neche,North Dakota,3404,2024-10-01,Personal Vehicle Passengers,1978
Neche,North Dakota,3404,2024-11-01,Personal Vehicle Passengers,2347
Neche,North Dakota,3404,2024-12-01,Personal Vehicle Passengers,2408
Neche,North Dakota,3404,2025-01-01,Personal Vehicle Passengers,2011
Neche,North Dakota,3404,2025-02-01,Personal Vehicle Passengers,2067
Neche,North Dakota,3404,2025-03-01,Personal Vehicle Passengers,1878
Neche,North Dakota,3404,2025-04-01,Personal Vehicle Passengers,1648
Neche,North Dakota,3404,2025-05-01,Personal Vehicle Passengers,2038
Neche,North Dakota,3404,2025-06-01,Personal Vehicle Passengers,1862
Neche,North Dakota,3404,2025-07-01,Personal Vehicle Passengers,2305
Neche,North Dakota,3404,2025-08-01,Personal Vehicle Passengers,2736
Neche,North Dakota,3404,2025-09-01,Personal Vehicle Passengers,1843
Neche,North Dakota,3404,2025-10-01,Personal Vehicle Passengers,1905
Neche,North Dakota,3404,2025-11-01,Personal Vehicle Passengers,1686
Neche,North Dakota,3404,2025-12-01,Personal Vehicle Passengers,1696
Neche,North Dakota,3404,2026-01-01,Personal Vehicle Passengers,1406
Neche,North Dakota,3404,2026-02-01,Personal Vehicle Passengers,1557
Neche,North Dakota,3404,2026-03-01,Personal Vehicle Passengers,1869
Neche,North Dakota,3404,2026-04-01,Personal Vehicle Passengers,2236
Neche,North Dakota,3404,2026-05-01,Personal Vehicle Passengers,2331
Neche,North Dakota,3404,2026-06-01,Personal Vehicle Passengers,2251
Neche,North Dakota,3404,2026-07-01,Personal Vehicle Passengers,3051
Neche,North Dakota,3404,2019-01-01,Personal Vehicles,2054
Neche,North Dakota,3404,2019-02-01,Personal Vehicles,1981
Neche,North Dakota,3404,2019-03-01,Personal Vehicles,2462
Neche,North Dakota,3404,2019-04-01,Personal Vehicles,2984
Neche,North Dakota,3404,2019-05-01,Personal Vehicles,3430
Neche,North Dakota,3404,2019-06-01,Personal Vehicles,3489
Neche,North Dakota,3404,2019-07-01,Personal Vehicles,3719
Neche,North Dakota,3404,2019-08-01,Personal Vehicles,3753
Neche,North Dakota,3404,2019-09-01,Personal Vehicles,2783
Neche,North Dakota,3404,2019-10-01,Personal Vehicles,2469
Neche,North Dakota,3404,2019-11-01,Personal Vehicles,2707
Neche,North Dakota,3404,2019-12-01,Personal Vehicles,3182
Neche,North Dakota,3404,2020-01-01,Personal Vehicles,2512
Neche,North Dakota,3404,2020-02-01,Personal Vehicles,2524
Neche,North Dakota,3404,2020-03-01,Personal Vehicles,1344
Neche,North Dakota,3404,2020-04-01,Personal Vehicles,171
Neche,North Dakota,3404,2020-05-01,Personal Vehicles,163
Neche,North Dakota,3404,2020-06-01,Personal Vehicles,232
Neche,North Dakota,3404,2020-07-01,Personal Vehicles,244
Neche,North Dakota,3404,2020-08-01,Personal Vehicles,220
Neche,North Dakota,3404,2020-09-01,Personal Vehicles,221
Neche,North Dakota,3404,2020-10-01,Personal Vehicles,215
Neche,North Dakota,3404,2020-11-01,Personal Vehicles,184
Neche,North Dakota,3404,2020-12-01,Personal Vehicles,176
Neche,North Dakota,3404,2021-01-01,Personal Vehicles,178
Neche,North Dakota,3404,2021-02-01,Personal Vehicles,193
Neche,North Dakota,3404,2021-03-01,Personal Vehicles,197
Neche,North Dakota,3404,2021-04-01,Personal Vehicles,212
Neche,North Dakota,3404,2021-05-01,Personal Vehicles,155
Neche,North Dakota,3404,2021-06-01,Personal Vehicles,187
Neche,North Dakota,3404,2021-07-01,Personal Vehicles,164
Neche,North Dakota,3404,2021-08-01,Personal Vehicles,196
Neche,North Dakota,3404,2021-09-01,Personal Vehicles,223
Neche,North Dakota,3404,2021-10-01,Personal Vehicles,212
Neche,North Dakota,3404,2021-11-01,Personal Vehicles,245
Neche,North Dakota,3404,2021-12-01,Personal Vehicles,482
Neche,North Dakota,3404,2022-01-01,Personal Vehicles,184
Neche,North Dakota,3404,2022-02-01,Personal Vehicles,345
Neche,North Dakota,3404,2022-03-01,Personal Vehicles,260
Neche,North Dakota,3404,2022-04-01,Personal Vehicles,420
Neche,North Dakota,3404,2022-05-01,Personal Vehicles,195
Neche,North Dakota,3404,2022-06-01,Personal Vehicles,816
Neche,North Dakota,3404,2022-07-01,Personal Vehicles,881
Neche,North Dakota,3404,2022-08-01,Personal Vehicles,826
Neche,North Dakota,3404,2022-09-01,Personal Vehicles,740
Neche,North Dakota,3404,2022-10-01,Personal Vehicles,926
Neche,North Dakota,3404,2022-11-01,Personal Vehicles,837
Neche,North Dakota,3404,2022-12-01,Personal Vehicles,854
Neche,North Dakota,3404,2023-01-01,Personal Vehicles,813
Neche,North Dakota,3404,2023-02-01,Personal Vehicles,733
Neche,North Dakota,3404,2023-03-01,Personal Vehicles,953
Neche,North Dakota,3404,2023-04-01,Personal Vehicles,898
Neche,North Dakota,3404,2023-05-01,Personal Vehicles,1241
Neche,North Dakota,3404,2023-06-01,Personal Vehicles,1639
Neche,North Dakota,3404,2023-07-01,Personal Vehicles,1784
Neche,North Dakota,3404,2023-08-01,Personal Vehicles,1856
Neche,North Dakota,3404,2023-09-01,Personal Vehicles,1494
Neche,North Dakota,3404,2023-10-01,Personal Vehicles,1154
Neche,North Dakota,3404,2023-11-01,Personal Vehicles,1120
Neche,North Dakota,3404,2023-12-01,Personal Vehicles,1574
Neche,North Dakota,3404,2024-01-01,Personal Vehicles,971
Neche,North Dakota,3404,2024-02-01,Personal Vehicles,1083
Neche,North Dakota,3404,2024-03-01,Personal Vehicles,1227
Neche,North Dakota,3404,2024-04-01,Personal Vehicles,1321
Neche,North Dakota,3404,2024-05-01,Personal Vehicles,1386
Neche,North Dakota,3404,2024-06-01,Personal Vehicles,1610
Neche,North Dakota,3404,2024-07-01,Personal Vehicles,1663
Neche,North Dakota,3404,2024-08-01,Personal Vehicles,2018
Neche,North Dakota,3404,2024-09-01,Personal Vehicles,1557
Neche,North Dakota,3404,2024-10-01,Personal Vehicles,1267
Neche,North Dakota,3404,2024-11-01,Personal Vehicles,1310
Neche,North Dakota,3404,2024-12-01,Personal Vehicles,1466
Neche,North Dakota,3404,2025-01-01,Personal Vehicles,1304
Neche,North Dakota,3404,2025-02-01,Personal Vehicles,1277
Neche,North Dakota,3404,2025-03-01,Personal Vehicles,1160
Neche,North Dakota,3404,2025-04-01,Personal Vehicles,999
Neche,North Dakota,3404,2025-05-01,Personal Vehicles,1189
Neche,North Dakota,3404,2025-06-01,Personal Vehicles,1148
Neche,North Dakota,3404,2025-07-01,Personal Vehicles,1228
Neche,North Dakota,3404,2025-08-01,Personal Vehicles,1409
Neche,North Dakota,3404,2025-09-01,Personal Vehicles,1110
Neche,North Dakota,3404,2025-10-01,Personal Vehicles,1098
Neche,North Dakota,3404,2025-11-01,Personal Vehicles,989
Neche,North Dakota,3404,2025-12-01,Personal Vehicles,934
Neche,North Dakota,3404,2026-01-01,Personal Vehicles,815
Neche,North Dakota,3404,2026-02-01,Personal Vehicles,880
Neche,North Dakota,3404,2026-03-01,Personal Vehicles,1126
Neche,North Dakota,3404,2026-04-01,Personal Vehicles,1364
Neche,North Dakota,3404,2026-05-01,Personal Vehicles,1445
Neche,North Dakota,3404,2026-06-01,Personal Vehicles,1367
Neche,North Dakota,3404,2026-07-01,Personal Vehicles,1550
Noonan,North Dakota,3420,2019-03-01,Bus Passengers,8
Noonan,North Dakota,3420,2022-10-01,Bus Passengers,44
Noonan,North Dakota,3420,2023-10-01,Bus Passengers,46
Noonan,North Dakota,3420,2019-03-01,Buses,1
Noonan,North Dakota,3420,2022-10-01,Buses,1
Noonan,North Dakota,3420,2023-10-01,Buses,1
Noonan,North Dakota,3420,2019-01-01,Personal Vehicle Passengers,2926
Noonan,North Dakota,3420,2019-02-01,Personal Vehicle Passengers,2472
Noonan,North Dakota,3420,2019-03-01,Personal Vehicle Passengers,2779
Noonan,North Dakota,3420,2019-04-01,Personal Vehicle Passengers,3147
Noonan,North Dakota,3420,2019-05-01,Personal Vehicle Passengers,3615
Noonan,North Dakota,3420,2019-06-01,Personal Vehicle Passengers,3843
Noonan,North Dakota,3420,2019-07-01,Personal Vehicle Passengers,5127
Noonan,North Dakota,3420,2019-08-01,Personal Vehicle Passengers,4826
Noonan,North Dakota,3420,2019-09-01,Personal Vehicle Passengers,3726
Noonan,North Dakota,3420,2019-10-01,Personal Vehicle Passengers,3126
Noonan,North Dakota,3420,2019-11-01,Personal Vehicle Passengers,2970
Noonan,North Dakota,3420,2019-12-01,Personal Vehicle Passengers,3638
Noonan,North Dakota,3420,2020-01-01,Personal Vehicle Passengers,2957
Noonan,North Dakota,3420,2020-02-01,Personal Vehicle Passengers,3022
Noonan,North Dakota,3420,2020-03-01,Personal Vehicle Passengers,1477
Noonan,North Dakota,3420,2020-04-01,Personal Vehicle Passengers,89
Noonan,North Dakota,3420,2020-05-01,Personal Vehicle Passengers,124
Noonan,North Dakota,3420,2020-06-01,Personal Vehicle Passengers,136
Noonan,North Dakota,3420,2020-07-01,Personal Vehicle Passengers,162
Noonan,North Dakota,3420,2020-08-01,Personal Vehicle Passengers,193
Noonan,North Dakota,3420,2020-09-01,Personal Vehicle Passengers,123
Noonan,North Dakota,3420,2020-10-01,Personal Vehicle Passengers,132
Noonan,North Dakota,3420,2020-11-01,Personal Vehicle Passengers,116
Noonan,North Dakota,3420,2020-12-01,Personal Vehicle Passengers,99
Noonan,North Dakota,3420,2021-01-01,Personal Vehicle Passengers,81
Noonan,North Dakota,3420,2021-02-01,Personal Vehicle Passengers,76
Noonan,North Dakota,3420,2021-03-01,Personal Vehicle Passengers,98
Noonan,North Dakota,3420,2021-04-01,Personal Vehicle Passengers,115
Noonan,North Dakota,3420,2021-05-01,Personal Vehicle Passengers,108
Noonan,North Dakota,3420,2021-06-01,Personal Vehicle Passengers,105
Noonan,North Dakota,3420,2021-07-01,Personal Vehicle Passengers,118
Noonan,North Dakota,3420,2021-08-01,Personal Vehicle Passengers,224
Noonan,North Dakota,3420,2021-09-01,Personal Vehicle Passengers,197
Noonan,North Dakota,3420,2021-10-01,Personal Vehicle Passengers,246
Noonan,North Dakota,3420,2021-11-01,Personal Vehicle Passengers,315
Noonan,North Dakota,3420,2021-12-01,Personal Vehicle Passengers,707
Noonan,North Dakota,3420,2022-01-01,Personal Vehicle Passengers,192
Noonan,North Dakota,3420,2022-02-01,Personal Vehicle Passengers,255
Noonan,North Dakota,3420,2022-03-01,Personal Vehicle Passengers,273
Noonan,North Dakota,3420,2022-04-01,Personal Vehicle Passengers,764
Noonan,North Dakota,3420,2022-05-01,Personal Vehicle Passengers,946
Noonan,North Dakota,3420,2022-06-01,Personal Vehicle Passengers,1199
Noonan,North Dakota,3420,2022-07-01,Personal Vehicle Passengers,1705
Noonan,North Dakota,3420,2022-08-01,Personal Vehicle Passengers,1487
Noonan,North Dakota,3420,2022-09-01,Personal Vehicle Passengers,1185
Noonan,North Dakota,3420,2022-10-01,Personal Vehicle Passengers,1693
Noonan,North Dakota,3420,2022-11-01,Personal Vehicle Passengers,1420
Noonan,North Dakota,3420,2022-12-01,Personal Vehicle Passengers,1383
Noonan,North Dakota,3420,2023-01-01,Personal Vehicle Passengers,1249
Noonan,North Dakota,3420,2023-02-01,Personal Vehicle Passengers,1335
Noonan,North Dakota,3420,2023-03-01,Personal Vehicle Passengers,1129
Noonan,North Dakota,3420,2023-04-01,Personal Vehicle Passengers,1447
Noonan,North Dakota,3420,2023-05-01,Personal Vehicle Passengers,1811
Noonan,North Dakota,3420,2023-06-01,Personal Vehicle Passengers,2276
Noonan,North Dakota,3420,2023-07-01,Personal Vehicle Passengers,3627
Noonan,North Dakota,3420,2023-08-01,Personal Vehicle Passengers,2918
Noonan,North Dakota,3420,2023-09-01,Personal Vehicle Passengers,2019
Noonan,North Dakota,3420,2023-10-01,Personal Vehicle Passengers,1992
Noonan,North Dakota,3420,2023-11-01,Personal Vehicle Passengers,1836
Noonan,North Dakota,3420,2023-12-01,Personal Vehicle Passengers,2065
Noonan,North Dakota,3420,2024-01-01,Personal Vehicle Passengers,1632
Noonan,North Dakota,3420,2024-02-01,Personal Vehicle Passengers,1818
Noonan,North Dakota,3420,2024-03-01,Personal Vehicle Passengers,1648
Noonan,North Dakota,3420,2024-04-01,Personal Vehicle Passengers,1808
Noonan,North Dakota,3420,2024-05-01,Personal Vehicle Passengers,2146
Noonan,North Dakota,3420,2024-06-01,Personal Vehicle Passengers,2394
Noonan,North Dakota,3420,2024-07-01,Personal Vehicle Passengers,3503
Noonan,North Dakota,3420,2024-08-01,Personal Vehicle Passengers,3325
Noonan,North Dakota,3420,2024-09-01,Personal Vehicle Passengers,2465
Noonan,North Dakota,3420,2024-10-01,Personal Vehicle Passengers,2288
Noonan,North Dakota,3420,2024-11-01,Personal Vehicle Passengers,1790
Noonan,North Dakota,3420,2024-12-01,Personal Vehicle Passengers,1986
Noonan,North Dakota,3420,2025-01-01,Personal Vehicle Passengers,1977
Noonan,North Dakota,3420,2025-02-01,Personal Vehicle Passengers,1876
Noonan,North Dakota,3420,2025-03-01,Personal Vehicle Passengers,1744
Noonan,North Dakota,3420,2025-04-01,Personal Vehicle Passengers,1515
Noonan,North Dakota,3420,2025-05-01,Personal Vehicle Passengers,1980
Noonan,North Dakota,3420,2025-06-01,Personal Vehicle Passengers,2104
Noonan,North Dakota,3420,2025-07-01,Personal Vehicle Passengers,3317
Noonan,North Dakota,3420,2025-08-01,Personal Vehicle Passengers,2962
Noonan,North Dakota,3420,2025-09-01,Personal Vehicle Passengers,2101
Noonan,North Dakota,3420,2025-10-01,Personal Vehicle Passengers,2266
Noonan,North Dakota,3420,2025-11-01,Personal Vehicle Passengers,1658
Noonan,North Dakota,3420,2025-12-01,Personal Vehicle Passengers,1945
Noonan,North Dakota,3420,2026-01-01,Personal Vehicle Passengers,1723
Noonan,North Dakota,3420,2026-02-01,Personal Vehicle Passengers,1816
Noonan,North Dakota,3420,2026-03-01,Personal Vehicle Passengers,2035
Noonan,North Dakota,3420,2026-04-01,Personal Vehicle Passengers,2063
Noonan,North Dakota,3420,2026-05-01,Personal Vehicle Passengers,2332
Noonan,North Dakota,3420,2026-06-01,Personal Vehicle Passengers,2969
Noonan,North Dakota,3420,2026-07-01,Personal Vehicle Passengers,4120
Noonan,North Dakota,3420,2019-01-01,Personal Vehicles,1735
Noonan,North Dakota,3420,2019-02-01,Personal Vehicles,1433
Noonan,North Dakota,3420,2019-03-01,Personal Vehicles,1706
Noonan,North Dakota,3420,2019-04-01,Personal Vehicles,1962
Noonan,North Dakota,3420,2019-05-01,Personal Vehicles,2185
Noonan,North Dakota,3420,2019-06-01,Personal Vehicles,2320
Noonan,North Dakota,3420,2019-07-01,Personal Vehicles,2845
Noonan,North Dakota,3420,2019-08-01,Personal Vehicles,2685
Noonan,North Dakota,3420,2019-09-01,Personal Vehicles,2215
Noonan,North Dakota,3420,2019-10-01,Personal Vehicles,1916
Noonan,North Dakota,3420,2019-11-01,Personal Vehicles,1718
Noonan,North Dakota,3420,2019-12-01,Personal Vehicles,2137
Noonan,North Dakota,3420,2020-01-01,Personal Vehicles,1744
Noonan,North Dakota,3420,2020-02-01,Personal Vehicles,1710
Noonan,North Dakota,3420,2020-03-01,Personal Vehicles,953
Noonan,North Dakota,3420,2020-04-01,Personal Vehicles,80
Noonan,North Dakota,3420,2020-05-01,Personal Vehicles,111
Noonan,North Dakota,3420,2020-06-01,Personal Vehicles,122
Noonan,North Dakota,3420,2020-07-01,Personal Vehicles,139
Noonan,North Dakota,3420,2020-08-01,Personal Vehicles,178
Noonan,North Dakota,3420,2020-09-01,Personal Vehicles,108
Noonan,North Dakota,3420,2020-10-01,Personal Vehicles,125
Noonan,North Dakota,3420,2020-11-01,Personal Vehicles,105
Noonan,North Dakota,3420,2020-12-01,Personal Vehicles,93
Noonan,North Dakota,3420,2021-01-01,Personal Vehicles,76
Noonan,North Dakota,3420,2021-02-01,Personal Vehicles,74
Noonan,North Dakota,3420,2021-03-01,Personal Vehicles,94
Noonan,North Dakota,3420,2021-04-01,Personal Vehicles,101
Noonan,North Dakota,3420,2021-05-01,Personal Vehicles,101
Noonan,North Dakota,3420,2021-06-01,Personal Vehicles,95
Noonan,North Dakota,3420,2021-07-01,Personal Vehicles,100
Noonan,North Dakota,3420,2021-08-01,Personal Vehicles,155
Noonan,North Dakota,3420,2021-09-01,Personal Vehicles,140
Noonan,North Dakota,3420,2021-10-01,Personal Vehicles,156
Noonan,North Dakota,3420,2021-11-01,Personal Vehicles,207
Noonan,North Dakota,3420,2021-12-01,Personal Vehicles,469
Noonan,North Dakota,3420,2022-01-01,Personal Vehicles,139
Noonan,North Dakota,3420,2022-02-01,Personal Vehicles,160
Noonan,North Dakota,3420,2022-03-01,Personal Vehicles,196
Noonan,North Dakota,3420,2022-04-01,Personal Vehicles,489
Noonan,North Dakota,3420,2022-05-01,Personal Vehicles,618
Noonan,North Dakota,3420,2022-06-01,Personal Vehicles,775
Noonan,North Dakota,3420,2022-07-01,Personal Vehicles,983
Noonan,North Dakota,3420,2022-08-01,Personal Vehicles,912
Noonan,North Dakota,3420,2022-09-01,Personal Vehicles,758
Noonan,North Dakota,3420,2022-10-01,Personal Vehicles,974
Noonan,North Dakota,3420,2022-11-01,Personal Vehicles,884
Noonan,North Dakota,3420,2022-12-01,Personal Vehicles,840
Noonan,North Dakota,3420,2023-01-01,Personal Vehicles,779
Noonan,North Dakota,3420,2023-02-01,Personal Vehicles,749
Noonan,North Dakota,3420,2023-03-01,Personal Vehicles,726
Noonan,North Dakota,3420,2023-04-01,Personal Vehicles,850
Noonan,North Dakota,3420,2023-05-01,Personal Vehicles,1093
Noonan,North Dakota,3420,2023-06-01,Personal Vehicles,1338
Noonan,North Dakota,3420,2023-07-01,Personal Vehicles,1857
Noonan,North Dakota,3420,2023-08-01,Personal Vehicles,1600
Noonan,North Dakota,3420,2023-09-01,Personal Vehicles,1241
Noonan,North Dakota,3420,2023-10-01,Personal Vehicles,1181
Noonan,North Dakota,3420,2023-11-01,Personal Vehicles,1044
Noonan,North Dakota,3420,2023-12-01,Personal Vehicles,1221
Noonan,North Dakota,3420,2024-01-01,Personal Vehicles,929
Noonan,North Dakota,3420,2024-02-01,Personal Vehicles,980
Noonan,North Dakota,3420,2024-03-01,Personal Vehicles,978
Noonan,North Dakota,3420,2024-04-01,Personal Vehicles,1128
Noonan,North Dakota,3420,2024-05-01,Personal Vehicles,1285
Noonan,North Dakota,3420,2024-06-01,Personal Vehicles,1374
Noonan,North Dakota,3420,2024-07-01,Personal Vehicles,1850
Noonan,North Dakota,3420,2024-08-01,Personal Vehicles,1778
Noonan,North Dakota,3420,2024-09-01,Personal Vehicles,1452
Noonan,North Dakota,3420,2024-10-01,Personal Vehicles,1375
Noonan,North Dakota,3420,2024-11-01,Personal Vehicles,1075
Noonan,North Dakota,3420,2024-12-01,Personal Vehicles,1228
Noonan,North Dakota,3420,2025-01-01,Personal Vehicles,1118
Noonan,North Dakota,3420,2025-02-01,Personal Vehicles,1030
Noonan,North Dakota,3420,2025-03-01,Personal Vehicles,1054
Noonan,North Dakota,3420,2025-04-01,Personal Vehicles,932
Noonan,North Dakota,3420,2025-05-01,Personal Vehicles,1177
Noonan,North Dakota,3420,2025-06-01,Personal Vehicles,1251
Noonan,North Dakota,3420,2025-07-01,Personal Vehicles,1738
Noonan,North Dakota,3420,2025-08-01,Personal Vehicles,1627
Noonan,North Dakota,3420,2025-09-01,Personal Vehicles,1288
Noonan,North Dakota,3420,2025-10-01,Personal Vehicles,1352
Noonan,North Dakota,3420,2025-11-01,Personal Vehicles,977
Noonan,North Dakota,3420,2025-12-01,Personal Vehicles,1113
Noonan,North Dakota,3420,2026-01-01,Personal Vehicles,969
Noonan,North Dakota,3420,2026-02-01,Personal Vehicles,972
Noonan,North Dakota,3420,2026-03-01,Personal Vehicles,1130
Noonan,North Dakota,3420,2026-04-01,Personal Vehicles,1219
Noonan,North Dakota,3420,2026-05-01,Personal Vehicles,1414
Noonan,North Dakota,3420,2026-06-01,Personal Vehicles,1662
Noonan,North Dakota,3420,2026-07-01,Personal Vehicles,2062
Northgate,North Dakota,3406,2019-01-01,Bus Passengers,36
Northgate,North Dakota,3406,2019-04-01,Bus Passengers,53
Northgate,North Dakota,3406,2020-02-01,Bus Passengers,34
Northgate,North Dakota,3406,2022-07-01,Bus Passengers,42
Northgate,North Dakota,3406,2022-09-01,Bus Passengers,16
Northgate,North Dakota,3406,2023-06-01,Bus Passengers,38
Northgate,North Dakota,3406,2023-10-01,Bus Passengers,14
Northgate,North Dakota,3406,2024-08-01,Bus Passengers,39
Northgate,North Dakota,3406,2025-01-01,Bus Passengers,49
Northgate,North Dakota,3406,2025-08-01,Bus Passengers,32
Northgate,North Dakota,3406,2019-01-01,Buses,1
Northgate,North Dakota,3406,2019-04-01,Buses,1
Northgate,North Dakota,3406,2020-02-01,Buses,1
Northgate,North Dakota,3406,2022-07-01,Buses,1
Northgate,North Dakota,3406,2022-09-01,Buses,1
Northgate,North Dakota,3406,2023-06-01,Buses,1
Northgate,North Dakota,3406,2023-10-01,Buses,1
Northgate,North Dakota,3406,2024-08-01,Buses,1
Northgate,North Dakota,3406,2025-01-01,Buses,2
Northgate,North Dakota,3406,2025-08-01,Buses,1
Northgate,North Dakota,3406,2019-01-01,Personal Vehicle Passengers,1377
Northgate,North Dakota,3406,2019-02-01,Personal Vehicle Passengers,1640
Northgate,North Dakota,3406,2019-03-01,Personal Vehicle Passengers,1588
Northgate,North Dakota,3406,2019-04-01,Personal Vehicle Passengers,2165
Northgate,North Dakota,3406,2019-05-01,Personal Vehicle Passengers,1899
Northgate,North Dakota,3406,2019-06-01,Personal Vehicle Passengers,2161
Northgate,North Dakota,3406,2019-07-01,Personal Vehicle Passengers,3182
Northgate,North Dakota,3406,2019-08-01,Personal Vehicle Passengers,3412
Northgate,North Dakota,3406,2019-09-01,Personal Vehicle Passengers,2056
Northgate,North Dakota,3406,2019-10-01,Personal Vehicle Passengers,2168
Northgate,North Dakota,3406,2019-11-01,Personal Vehicle Passengers,2078
Northgate,North Dakota,3406,2019-12-01,Personal Vehicle Passengers,2184
Northgate,North Dakota,3406,2020-01-01,Personal Vehicle Passengers,1525
Northgate,North Dakota,3406,2020-02-01,Personal Vehicle Passengers,1833
Northgate,North Dakota,3406,2020-03-01,Personal Vehicle Passengers,714
Northgate,North Dakota,3406,2020-04-01,Personal Vehicle Passengers,50
Northgate,North Dakota,3406,2020-05-01,Personal Vehicle Passengers,86
Northgate,North Dakota,3406,2020-06-01,Personal Vehicle Passengers,101
Northgate,North Dakota,3406,2020-07-01,Personal Vehicle Passengers,134
Northgate,North Dakota,3406,2020-08-01,Personal Vehicle Passengers,127
Northgate,North Dakota,3406,2020-09-01,Personal Vehicle Passengers,75
Northgate,North Dakota,3406,2020-10-01,Personal Vehicle Passengers,77
Northgate,North Dakota,3406,2020-11-01,Personal Vehicle Passengers,84
Northgate,North Dakota,3406,2020-12-01,Personal Vehicle Passengers,72
Northgate,North Dakota,3406,2021-01-01,Personal Vehicle Passengers,65
Northgate,North Dakota,3406,2021-02-01,Personal Vehicle Passengers,52
Northgate,North Dakota,3406,2021-03-01,Personal Vehicle Passengers,72
Northgate,North Dakota,3406,2021-04-01,Personal Vehicle Passengers,93
Northgate,North Dakota,3406,2021-05-01,Personal Vehicle Passengers,123
Northgate,North Dakota,3406,2021-06-01,Personal Vehicle Passengers,93
Northgate,North Dakota,3406,2021-07-01,Personal Vehicle Passengers,137
Northgate,North Dakota,3406,2021-08-01,Personal Vehicle Passengers,240
Northgate,North Dakota,3406,2021-09-01,Personal Vehicle Passengers,281
Northgate,North Dakota,3406,2021-10-01,Personal Vehicle Passengers,390
Northgate,North Dakota,3406,2021-11-01,Personal Vehicle Passengers,449
Northgate,North Dakota,3406,2021-12-01,Personal Vehicle Passengers,688
Northgate,North Dakota,3406,2022-01-01,Personal Vehicle Passengers,249
Northgate,North Dakota,3406,2022-02-01,Personal Vehicle Passengers,275
Northgate,North Dakota,3406,2022-03-01,Personal Vehicle Passengers,336
Northgate,North Dakota,3406,2022-04-01,Personal Vehicle Passengers,823
Northgate,North Dakota,3406,2022-05-01,Personal Vehicle Passengers,803
Northgate,North Dakota,3406,2022-06-01,Personal Vehicle Passengers,845
Northgate,North Dakota,3406,2022-07-01,Personal Vehicle Passengers,1460
Northgate,North Dakota,3406,2022-08-01,Personal Vehicle Passengers,1430
Northgate,North Dakota,3406,2022-09-01,Personal Vehicle Passengers,1053
Northgate,North Dakota,3406,2022-10-01,Personal Vehicle Passengers,1208
Northgate,North Dakota,3406,2022-11-01,Personal Vehicle Passengers,990
Northgate,North Dakota,3406,2022-12-01,Personal Vehicle Passengers,1014
Northgate,North Dakota,3406,2023-01-01,Personal Vehicle Passengers,761
Northgate,North Dakota,3406,2023-02-01,Personal Vehicle Passengers,1002
Northgate,North Dakota,3406,2023-03-01,Personal Vehicle Passengers,882
Northgate,North Dakota,3406,2023-04-01,Personal Vehicle Passengers,1129
Northgate,North Dakota,3406,2023-05-01,Personal Vehicle Passengers,1153
Northgate,North Dakota,3406,2023-06-01,Personal Vehicle Passengers,1377
Northgate,North Dakota,3406,2023-07-01,Personal Vehicle Passengers,2149
Northgate,North Dakota,3406,2023-08-01,Personal Vehicle Passengers,1895
Northgate,North Dakota,3406,2023-09-01,Personal Vehicle Passengers,1377
Northgate,North Dakota,3406,2023-10-01,Personal Vehicle Passengers,1474
Northgate,North Dakota,3406,2023-11-01,Personal Vehicle Passengers,1208
Northgate,North Dakota,3406,2023-12-01,Personal Vehicle Passengers,1176
Northgate,North Dakota,3406,2024-01-01,Personal Vehicle Passengers,928
Northgate,North Dakota,3406,2024-02-01,Personal Vehicle Passengers,1205
Northgate,North Dakota,3406,2024-03-01,Personal Vehicle Passengers,910
Northgate,North Dakota,3406,2024-04-01,Personal Vehicle Passengers,1151
Northgate,North Dakota,3406,2024-05-01,Personal Vehicle Passengers,1216
Northgate,North Dakota,3406,2024-06-01,Personal Vehicle Passengers,1367
Northgate,North Dakota,3406,2024-07-01,Personal Vehicle Passengers,2018
Northgate,North Dakota,3406,2024-08-01,Personal Vehicle Passengers,2164
Northgate,North Dakota,3406,2024-09-01,Personal Vehicle Passengers,1302
Northgate,North Dakota,3406,2024-10-01,Personal Vehicle Passengers,1598
Northgate,North Dakota,3406,2024-11-01,Personal Vehicle Passengers,1253
Northgate,North Dakota,3406,2024-12-01,Personal Vehicle Passengers,1137
Northgate,North Dakota,3406,2025-01-01,Personal Vehicle Passengers,915
Northgate,North Dakota,3406,2025-02-01,Personal Vehicle Passengers,799
Northgate,North Dakota,3406,2025-03-01,Personal Vehicle Passengers,587
Northgate,North Dakota,3406,2025-04-01,Personal Vehicle Passengers,782
Northgate,North Dakota,3406,2025-05-01,Personal Vehicle Passengers,896
Northgate,North Dakota,3406,2025-06-01,Personal Vehicle Passengers,963
Northgate,North Dakota,3406,2025-07-01,Personal Vehicle Passengers,1609
Northgate,North Dakota,3406,2025-08-01,Personal Vehicle Passengers,1379
Northgate,North Dakota,3406,2025-09-01,Personal Vehicle Passengers,986
Northgate,North Dakota,3406,2025-10-01,Personal Vehicle Passengers,1301
Northgate,North Dakota,3406,2025-11-01,Personal Vehicle Passengers,966
Northgate,North Dakota,3406,2025-12-01,Personal Vehicle Passengers,834
Northgate,North Dakota,3406,2026-01-01,Personal Vehicle Passengers,737
Northgate,North Dakota,3406,2026-02-01,Personal Vehicle Passengers,749
Northgate,North Dakota,3406,2026-03-01,Personal Vehicle Passengers,657
Northgate,North Dakota,3406,2026-04-01,Personal Vehicle Passengers,849
Northgate,North Dakota,3406,2026-05-01,Personal Vehicle Passengers,971
Northgate,North Dakota,3406,2026-06-01,Personal Vehicle Passengers,1192
Northgate,North Dakota,3406,2026-07-01,Personal Vehicle Passengers,1736
Northgate,North Dakota,3406,2019-01-01,Personal Vehicles,724
Northgate,North Dakota,3406,2019-02-01,Personal Vehicles,762
Northgate,North Dakota,3406,2019-03-01,Personal Vehicles,839
Northgate,North Dakota,3406,2019-04-01,Personal Vehicles,1044
Northgate,North Dakota,3406,2019-05-01,Personal Vehicles,1024
Northgate,North Dakota,3406,2019-06-01,Personal Vehicles,1122
Northgate,North Dakota,3406,2019-07-01,Personal Vehicles,1483
Northgate,North Dakota,3406,2019-08-01,Personal Vehicles,1598
Northgate,North Dakota,3406,2019-09-01,Personal Vehicles,1074
Northgate,North Dakota,3406,2019-10-01,Personal Vehicles,1084
Northgate,North Dakota,3406,2019-11-01,Personal Vehicles,991
Northgate,North Dakota,3406,2019-12-01,Personal Vehicles,1081
Northgate,North Dakota,3406,2020-01-01,Personal Vehicles,762
Northgate,North Dakota,3406,2020-02-01,Personal Vehicles,828
Northgate,North Dakota,3406,2020-03-01,Personal Vehicles,391
Northgate,North Dakota,3406,2020-04-01,Personal Vehicles,37
Northgate,North Dakota,3406,2020-05-01,Personal Vehicles,65
Northgate,North Dakota,3406,2020-06-01,Personal Vehicles,80
Northgate,North Dakota,3406,2020-07-01,Personal Vehicles,100
Northgate,North Dakota,3406,2020-08-01,Personal Vehicles,91
Northgate,North Dakota,3406,2020-09-01,Personal Vehicles,56
Northgate,North Dakota,3406,2020-10-01,Personal Vehicles,53
Northgate,North Dakota,3406,2020-11-01,Personal Vehicles,60
Northgate,North Dakota,3406,2020-12-01,Personal Vehicles,52
Northgate,North Dakota,3406,2021-01-01,Personal Vehicles,51
Northgate,North Dakota,3406,2021-02-01,Personal Vehicles,38
Northgate,North Dakota,3406,2021-03-01,Personal Vehicles,50
Northgate,North Dakota,3406,2021-04-01,Personal Vehicles,66
Northgate,North Dakota,3406,2021-05-01,Personal Vehicles,96
Northgate,North Dakota,3406,2021-06-01,Personal Vehicles,69
Northgate,North Dakota,3406,2021-07-01,Personal Vehicles,92
Northgate,North Dakota,3406,2021-08-01,Personal Vehicles,147
Northgate,North Dakota,3406,2021-09-01,Personal Vehicles,160
Northgate,North Dakota,3406,2021-10-01,Personal Vehicles,210
Northgate,North Dakota,3406,2021-11-01,Personal Vehicles,249
Northgate,North Dakota,3406,2021-12-01,Personal Vehicles,376
Northgate,North Dakota,3406,2022-01-01,Personal Vehicles,151
Northgate,North Dakota,3406,2022-02-01,Personal Vehicles,143
Northgate,North Dakota,3406,2022-03-01,Personal Vehicles,193
Northgate,North Dakota,3406,2022-04-01,Personal Vehicles,375
Northgate,North Dakota,3406,2022-05-01,Personal Vehicles,423
Northgate,North Dakota,3406,2022-06-01,Personal Vehicles,404
Northgate,North Dakota,3406,2022-07-01,Personal Vehicles,633
Northgate,North Dakota,3406,2022-08-01,Personal Vehicles,658
Northgate,North Dakota,3406,2022-09-01,Personal Vehicles,523
Northgate,North Dakota,3406,2022-10-01,Personal Vehicles,604
Northgate,North Dakota,3406,2022-11-01,Personal Vehicles,485
Northgate,North Dakota,3406,2022-12-01,Personal Vehicles,477
Northgate,North Dakota,3406,2023-01-01,Personal Vehicles,407
Northgate,North Dakota,3406,2023-02-01,Personal Vehicles,475
Northgate,North Dakota,3406,2023-03-01,Personal Vehicles,431
Northgate,North Dakota,3406,2023-04-01,Personal Vehicles,525
Northgate,North Dakota,3406,2023-05-01,Personal Vehicles,584
Northgate,North Dakota,3406,2023-06-01,Personal Vehicles,699
Northgate,North Dakota,3406,2023-07-01,Personal Vehicles,931
Northgate,North Dakota,3406,2023-08-01,Personal Vehicles,892
Northgate,North Dakota,3406,2023-09-01,Personal Vehicles,672
Northgate,North Dakota,3406,2023-10-01,Personal Vehicles,705
Northgate,North Dakota,3406,2023-11-01,Personal Vehicles,607
Northgate,North Dakota,3406,2023-12-01,Personal Vehicles,550
Northgate,North Dakota,3406,2024-01-01,Personal Vehicles,456
Northgate,North Dakota,3406,2024-02-01,Personal Vehicles,527
Northgate,North Dakota,3406,2024-03-01,Personal Vehicles,435
Northgate,North Dakota,3406,2024-04-01,Personal Vehicles,563
Northgate,North Dakota,3406,2024-05-01,Personal Vehicles,604
Northgate,North Dakota,3406,2024-06-01,Personal Vehicles,668
Northgate,North Dakota,3406,2024-07-01,Personal Vehicles,881
Northgate,North Dakota,3406,2024-08-01,Personal Vehicles,965
Northgate,North Dakota,3406,2024-09-01,Personal Vehicles,687
Northgate,North Dakota,3406,2024-10-01,Personal Vehicles,787
Northgate,North Dakota,3406,2024-11-01,Personal Vehicles,639
Northgate,North Dakota,3406,2024-12-01,Personal Vehicles,583
Northgate,North Dakota,3406,2025-01-01,Personal Vehicles,450
Northgate,North Dakota,3406,2025-02-01,Personal Vehicles,394
Northgate,North Dakota,3406,2025-03-01,Personal Vehicles,332
Northgate,North Dakota,3406,2025-04-01,Personal Vehicles,421
Northgate,North Dakota,3406,2025-05-01,Personal Vehicles,487
Northgate,North Dakota,3406,2025-06-01,Personal Vehicles,503
Northgate,North Dakota,3406,2025-07-01,Personal Vehicles,764
Northgate,North Dakota,3406,2025-08-01,Personal Vehicles,660
Northgate,North Dakota,3406,2025-09-01,Personal Vehicles,524
Northgate,North Dakota,3406,2025-10-01,Personal Vehicles,651
Northgate,North Dakota,3406,2025-11-01,Personal Vehicles,475
Northgate,North Dakota,3406,2025-12-01,Personal Vehicles,405
Northgate,North Dakota,3406,2026-01-01,Personal Vehicles,351
Northgate,North Dakota,3406,2026-02-01,Personal Vehicles,353
Northgate,North Dakota,3406,2026-03-01,Personal Vehicles,336
Northgate,North Dakota,3406,2026-04-01,Personal Vehicles,426
Northgate,North Dakota,3406,2026-05-01,Personal Vehicles,506
Northgate,North Dakota,3406,2026-06-01,Personal Vehicles,603
Northgate,North Dakota,3406,2026-07-01,Personal Vehicles,789
Pembina,North Dakota,3401,2019-01-01,Bus Passengers,1402
Pembina,North Dakota,3401,2019-02-01,Bus Passengers,2434
Pembina,North Dakota,3401,2019-03-01,Bus Passengers,1054
Pembina,North Dakota,3401,2019-04-01,Bus Passengers,1261
Pembina,North Dakota,3401,2019-05-01,Bus Passengers,2311
Pembina,North Dakota,3401,2019-06-01,Bus Passengers,1268
Pembina,North Dakota,3401,2019-07-01,Bus Passengers,1456
Pembina,North Dakota,3401,2019-08-01,Bus Passengers,2752
Pembina,North Dakota,3401,2019-09-01,Bus Passengers,2082
Pembina,North Dakota,3401,2019-10-01,Bus Passengers,1780
Pembina,North Dakota,3401,2019-11-01,Bus Passengers,2209
Pembina,North Dakota,3401,2019-12-01,Bus Passengers,746
Pembina,North Dakota,3401,2020-01-01,Bus Passengers,848
Pembina,North Dakota,3401,2020-02-01,Bus Passengers,1362
Pembina,North Dakota,3401,2020-03-01,Bus Passengers,284
Pembina,North Dakota,3401,2021-05-01,Bus Passengers,4
Pembina,North Dakota,3401,2021-07-01,Bus Passengers,7
Pembina,North Dakota,3401,2021-08-01,Bus Passengers,151
Pembina,North Dakota,3401,2021-09-01,Bus Passengers,100
Pembina,North Dakota,3401,2021-10-01,Bus Passengers,48
Pembina,North Dakota,3401,2021-11-01,Bus Passengers,23
Pembina,North Dakota,3401,2021-12-01,Bus Passengers,23
Pembina,North Dakota,3401,2022-01-01,Bus Passengers,23
Pembina,North Dakota,3401,2022-02-01,Bus Passengers,32
Pembina,North Dakota,3401,2022-03-01,Bus Passengers,58
Pembina,North Dakota,3401,2022-04-01,Bus Passengers,58
Pembina,North Dakota,3401,2022-05-01,Bus Passengers,235
Pembina,North Dakota,3401,2022-06-01,Bus Passengers,361
Pembina,North Dakota,3401,2022-07-01,Bus Passengers,499
Pembina,North Dakota,3401,2022-08-01,Bus Passengers,972
Pembina,North Dakota,3401,2022-09-01,Bus Passengers,510
Pembina,North Dakota,3401,2022-10-01,Bus Passengers,723
Pembina,North Dakota,3401,2022-11-01,Bus Passengers,1043
Pembina,North Dakota,3401,2022-12-01,Bus Passengers,234
Pembina,North Dakota,3401,2023-01-01,Bus Passengers,549
Pembina,North Dakota,3401,2023-02-01,Bus Passengers,447
Pembina,North Dakota,3401,2023-03-01,Bus Passengers,306
Pembina,North Dakota,3401,2023-04-01,Bus Passengers,293
Pembina,North Dakota,3401,2023-05-01,Bus Passengers,1437
Pembina,North Dakota,3401,2023-06-01,Bus Passengers,642
Pembina,North Dakota,3401,2023-07-01,Bus Passengers,483
Pembina,North Dakota,3401,2023-08-01,Bus Passengers,795
Pembina,North Dakota,3401,2023-09-01,Bus Passengers,502
Pembina,North Dakota,3401,2023-10-01,Bus Passengers,1167
Pembina,North Dakota,3401,2023-11-01,Bus Passengers,1641
Pembina,North Dakota,3401,2023-12-01,Bus Passengers,425
Pembina,North Dakota,3401,2024-01-01,Bus Passengers,563
Pembina,North Dakota,3401,2024-02-01,Bus Passengers,1196
Pembina,North Dakota,3401,2024-03-01,Bus Passengers,517
Pembina,North Dakota,3401,2024-04-01,Bus Passengers,573
Pembina,North Dakota,3401,2024-05-01,Bus Passengers,1140
Pembina,North Dakota,3401,2024-06-01,Bus Passengers,483
Pembina,North Dakota,3401,2024-07-01,Bus Passengers,618
Pembina,North Dakota,3401,2024-08-01,Bus Passengers,1384
Pembina,North Dakota,3401,2024-09-01,Bus Passengers,815
Pembina,North Dakota,3401,2024-10-01,Bus Passengers,998
Pembina,North Dakota,3401,2024-11-01,Bus Passengers,1096
Pembina,North Dakota,3401,2024-12-01,Bus Passengers,361
Pembina,North Dakota,3401,2025-01-01,Bus Passengers,448
Pembina,North Dakota,3401,2025-02-01,Bus Passengers,927
Pembina,North Dakota,3401,2025-03-01,Bus Passengers,686
Pembina,North Dakota,3401,2025-04-01,Bus Passengers,464
Pembina,North Dakota,3401,2025-05-01,Bus Passengers,720
Pembina,North Dakota,3401,2025-07-01,Bus Passengers,314
Pembina,North Dakota,3401,2025-08-01,Bus Passengers,543
Pembina,North Dakota,3401,2025-09-01,Bus Passengers,204
Pembina,North Dakota,3401,2025-11-01,Bus Passengers,709
Pembina,North Dakota,3401,2025-12-01,Bus Passengers,262
Pembina,North Dakota,3401,2026-01-01,Bus Passengers,233
Pembina,North Dakota,3401,2026-02-01,Bus Passengers,605
Pembina,North Dakota,3401,2026-03-01,Bus Passengers,303
Pembina,North Dakota,3401,2026-04-01,Bus Passengers,436
Pembina,North Dakota,3401,2026-05-01,Bus Passengers,306
Pembina,North Dakota,3401,2026-06-01,Bus Passengers,259
Pembina,North Dakota,3401,2026-07-01,Bus Passengers,291
Pembina,North Dakota,3401,2019-01-01,Buses,50
Pembina,North Dakota,3401,2019-02-01,Buses,75
Pembina,North Dakota,3401,2019-03-01,Buses,31
Pembina,North Dakota,3401,2019-04-01,Buses,50
Pembina,North Dakota,3401,2019-05-01,Buses,78
Pembina,North Dakota,3401,2019-06-01,Buses,61
Pembina,North Dakota,3401,2019-07-01,Buses,60
Pembina,North Dakota,3401,2019-08-01,Buses,86
Pembina,North Dakota,3401,2019-09-01,Buses,55
Pembina,North Dakota,3401,2019-10-01,Buses,58
Pembina,North Dakota,3401,2019-11-01,Buses,68
Pembina,North Dakota,3401,2019-12-01,Buses,25
Pembina,North Dakota,3401,2020-01-01,Buses,31
Pembina,North Dakota,3401,2020-02-01,Buses,47
Pembina,North Dakota,3401,2020-03-01,Buses,13
Pembina,North Dakota,3401,2021-05-01,Buses,1
Pembina,North Dakota,3401,2021-07-01,Buses,1
Pembina,North Dakota,3401,2021-08-01,Buses,7
Pembina,North Dakota,3401,2021-09-01,Buses,5
Pembina,North Dakota,3401,2021-10-01,Buses,5
Pembina,North Dakota,3401,2021-11-01,Buses,2
Pembina,North Dakota,3401,2021-12-01,Buses,2
Pembina,North Dakota,3401,2022-01-01,Buses,2
Pembina,North Dakota,3401,2022-02-01,Buses,1
Pembina,North Dakota,3401,2022-03-01,Buses,3
Pembina,North Dakota,3401,2022-04-01,Buses,4
Pembina,North Dakota,3401,2022-05-01,Buses,10
Pembina,North Dakota,3401,2022-06-01,Buses,17
Pembina,North Dakota,3401,2022-07-01,Buses,22
Pembina,North Dakota,3401,2022-08-01,Buses,36
Pembina,North Dakota,3401,2022-09-01,Buses,18
Pembina,North Dakota,3401,2022-10-01,Buses,33
Pembina,North Dakota,3401,2022-11-01,Buses,25
Pembina,North Dakota,3401,2022-12-01,Buses,9
Pembina,North Dakota,3401,2023-01-01,Buses,18
Pembina,North Dakota,3401,2023-02-01,Buses,18
Pembina,North Dakota,3401,2023-03-01,Buses,16
Pembina,North Dakota,3401,2023-04-01,Buses,9
Pembina,North Dakota,3401,2023-05-01,Buses,39
Pembina,North Dakota,3401,2023-06-01,Buses,25
Pembina,North Dakota,3401,2023-07-01,Buses,31
Pembina,North Dakota,3401,2023-08-01,Buses,30
Pembina,North Dakota,3401,2023-09-01,Buses,25
Pembina,North Dakota,3401,2023-10-01,Buses,44
Pembina,North Dakota,3401,2023-11-01,Buses,56
Pembina,North Dakota,3401,2023-12-01,Buses,16
Pembina,North Dakota,3401,2024-01-01,Buses,19
Pembina,North Dakota,3401,2024-02-01,Buses,42
Pembina,North Dakota,3401,2024-03-01,Buses,21
Pembina,North Dakota,3401,2024-04-01,Buses,24
Pembina,North Dakota,3401,2024-05-01,Buses,33
Pembina,North Dakota,3401,2024-06-01,Buses,23
Pembina,North Dakota,3401,2024-07-01,Buses,21
Pembina,North Dakota,3401,2024-08-01,Buses,41
Pembina,North Dakota,3401,2024-09-01,Buses,31
Pembina,North Dakota,3401,2024-10-01,Buses,33
Pembina,North Dakota,3401,2024-11-01,Buses,39
Pembina,North Dakota,3401,2024-12-01,Buses,12
Pembina,North Dakota,3401,2025-01-01,Buses,18
Pembina,North Dakota,3401,2025-02-01,Buses,28
Pembina,North Dakota,3401,2025-03-01,Buses,34
Pembina,North Dakota,3401,2025-04-01,Buses,19
Pembina,North Dakota,3401,2025-05-01,Buses,19
Pembina,North Dakota,3401,2025-07-01,Buses,13
Pembina,North Dakota,3401,2025-08-01,Buses,26
Pembina,North Dakota,3401,2025-09-01,Buses,11
Pembina,North Dakota,3401,2025-11-01,Buses,23
Pembina,North Dakota,3401,2025-12-01,Buses,11
Pembina,North Dakota,3401,2026-01-01,Buses,9
Pembina,North Dakota,3401,2026-02-01,Buses,19
Pembina,North Dakota,3401,2026-03-01,Buses,13
Pembina,North Dakota,3401,2026-04-01,Buses,17
Pembina,North Dakota,3401,2026-05-01,Buses,9
Pembina,North Dakota,3401,2026-06-01,Buses,12
Pembina,North Dakota,3401,2026-07-01,Buses,14
Pembina,North Dakota,3401,2019-01-01,Personal Vehicle Passengers,29226
Pembina,North Dakota,3401,2019-02-01,Personal Vehicle Passengers,29211
Pembina,North Dakota,3401,2019-03-01,Personal Vehicle Passengers,50040
Pembina,North Dakota,3401,2019-04-01,Personal Vehicle Passengers,37592
Pembina,North Dakota,3401,2019-05-01,Personal Vehicle Passengers,50151
Pembina,North Dakota,3401,2019-06-01,Personal Vehicle Passengers,56025
Pembina,North Dakota,3401,2019-07-01,Personal Vehicle Passengers,72550
Pembina,North Dakota,3401,2019-08-01,Personal Vehicle Passengers,91644
Pembina,North Dakota,3401,2019-09-01,Personal Vehicle Passengers,44776
Pembina,North Dakota,3401,2019-10-01,Personal Vehicle Passengers,40712
Pembina,North Dakota,3401,2019-11-01,Personal Vehicle Passengers,42372
Pembina,North Dakota,3401,2019-12-01,Personal Vehicle Passengers,37109
Pembina,North Dakota,3401,2020-01-01,Personal Vehicle Passengers,30855
Pembina,North Dakota,3401,2020-02-01,Personal Vehicle Passengers,34052
Pembina,North Dakota,3401,2020-03-01,Personal Vehicle Passengers,17222
Pembina,North Dakota,3401,2020-04-01,Personal Vehicle Passengers,1054
Pembina,North Dakota,3401,2020-05-01,Personal Vehicle Passengers,1372
Pembina,North Dakota,3401,2020-06-01,Personal Vehicle Passengers,1715
Pembina,North Dakota,3401,2020-07-01,Personal Vehicle Passengers,1861
Pembina,North Dakota,3401,2020-08-01,Personal Vehicle Passengers,2237
Pembina,North Dakota,3401,2020-09-01,Personal Vehicle Passengers,1997
Pembina,North Dakota,3401,2020-10-01,Personal Vehicle Passengers,2117
Pembina,North Dakota,3401,2020-11-01,Personal Vehicle Passengers,1671
Pembina,North Dakota,3401,2020-12-01,Personal Vehicle Passengers,1931
Pembina,North Dakota,3401,2021-01-01,Personal Vehicle Passengers,2099
Pembina,North Dakota,3401,2021-02-01,Personal Vehicle Passengers,1484
Pembina,North Dakota,3401,2021-03-01,Personal Vehicle Passengers,2264
Pembina,North Dakota,3401,2021-04-01,Personal Vehicle Passengers,2455
Pembina,North Dakota,3401,2021-05-01,Personal Vehicle Passengers,2527
Pembina,North Dakota,3401,2021-06-01,Personal Vehicle Passengers,2765
Pembina,North Dakota,3401,2021-07-01,Personal Vehicle Passengers,3687
Pembina,North Dakota,3401,2021-08-01,Personal Vehicle Passengers,7680
Pembina,North Dakota,3401,2021-09-01,Personal Vehicle Passengers,7566
Pembina,North Dakota,3401,2021-10-01,Personal Vehicle Passengers,7856
Pembina,North Dakota,3401,2021-11-01,Personal Vehicle Passengers,11177
Pembina,North Dakota,3401,2021-12-01,Personal Vehicle Passengers,15338
Pembina,North Dakota,3401,2022-01-01,Personal Vehicle Passengers,7051
Pembina,North Dakota,3401,2022-02-01,Personal Vehicle Passengers,5064
Pembina,North Dakota,3401,2022-03-01,Personal Vehicle Passengers,17451
Pembina,North Dakota,3401,2022-04-01,Personal Vehicle Passengers,21476
Pembina,North Dakota,3401,2022-05-01,Personal Vehicle Passengers,23575
Pembina,North Dakota,3401,2022-06-01,Personal Vehicle Passengers,32161
Pembina,North Dakota,3401,2022-07-01,Personal Vehicle Passengers,48259
Pembina,North Dakota,3401,2022-08-01,Personal Vehicle Passengers,51180
Pembina,North Dakota,3401,2022-09-01,Personal Vehicle Passengers,34582
Pembina,North Dakota,3401,2022-10-01,Personal Vehicle Passengers,35301
Pembina,North Dakota,3401,2022-11-01,Personal Vehicle Passengers,30632
Pembina,North Dakota,3401,2022-12-01,Personal Vehicle Passengers,29389
Pembina,North Dakota,3401,2023-01-01,Personal Vehicle Passengers,24917
Pembina,North Dakota,3401,2023-02-01,Personal Vehicle Passengers,24770
Pembina,North Dakota,3401,2023-03-01,Personal Vehicle Passengers,41080
Pembina,North Dakota,3401,2023-04-01,Personal Vehicle Passengers,33855
Pembina,North Dakota,3401,2023-05-01,Personal Vehicle Passengers,43904
Pembina,North Dakota,3401,2023-06-01,Personal Vehicle Passengers,49064
Pembina,North Dakota,3401,2023-07-01,Personal Vehicle Passengers,66609
Pembina,North Dakota,3401,2023-08-01,Personal Vehicle Passengers,77661
Pembina,North Dakota,3401,2023-09-01,Personal Vehicle Passengers,46271
Pembina,North Dakota,3401,2023-10-01,Personal Vehicle Passengers,41911
Pembina,North Dakota,3401,2023-11-01,Personal Vehicle Passengers,36137
Pembina,North Dakota,3401,2023-12-01,Personal Vehicle Passengers,33798
Pembina,North Dakota,3401,2024-01-01,Personal Vehicle Passengers,28216
Pembina,North Dakota,3401,2024-02-01,Personal Vehicle Passengers,32018
Pembina,North Dakota,3401,2024-03-01,Personal Vehicle Passengers,49651
Pembina,North Dakota,3401,2024-04-01,Personal Vehicle Passengers,41438
Pembina,North Dakota,3401,2024-05-01,Personal Vehicle Passengers,48329
Pembina,North Dakota,3401,2024-06-01,Personal Vehicle Passengers,51586
Pembina,North Dakota,3401,2024-07-01,Personal Vehicle Passengers,66310
Pembina,North Dakota,3401,2024-08-01,Personal Vehicle Passengers,93590
Pembina,North Dakota,3401,2024-09-01,Personal Vehicle Passengers,45792
Pembina,North Dakota,3401,2024-10-01,Personal Vehicle Passengers,44424
Pembina,North Dakota,3401,2024-11-01,Personal Vehicle Passengers,43165
Pembina,North Dakota,3401,2024-12-01,Personal Vehicle Passengers,34339
Pembina,North Dakota,3401,2025-01-01,Personal Vehicle Passengers,26939
Pembina,North Dakota,3401,2025-02-01,Personal Vehicle Passengers,22855
Pembina,North Dakota,3401,2025-03-01,Personal Vehicle Passengers,29862
Pembina,North Dakota,3401,2025-04-01,Personal Vehicle Passengers,25099
Pembina,North Dakota,3401,2025-05-01,Personal Vehicle Passengers,29571
Pembina,North Dakota,3401,2025-06-01,Personal Vehicle Passengers,32348
Pembina,North Dakota,3401,2025-07-01,Personal Vehicle Passengers,41323
Pembina,North Dakota,3401,2025-08-01,Personal Vehicle Passengers,52049
Pembina,North Dakota,3401,2025-09-01,Personal Vehicle Passengers,29648
Pembina,North Dakota,3401,2025-10-01,Personal Vehicle Passengers,31667
Pembina,North Dakota,3401,2025-11-01,Personal Vehicle Passengers,29422
Pembina,North Dakota,3401,2025-12-01,Personal Vehicle Passengers,26122
Pembina,North Dakota,3401,2026-01-01,Personal Vehicle Passengers,19246
Pembina,North Dakota,3401,2026-02-01,Personal Vehicle Passengers,19011
Pembina,North Dakota,3401,2026-03-01,Personal Vehicle Passengers,28273
Pembina,North Dakota,3401,2026-04-01,Personal Vehicle Passengers,28240
Pembina,North Dakota,3401,2026-05-01,Personal Vehicle Passengers,33820
Pembina,North Dakota,3401,2026-06-01,Personal Vehicle Passengers,34657
Pembina,North Dakota,3401,2026-07-01,Personal Vehicle Passengers,50069
Pembina,North Dakota,3401,2019-01-01,Personal Vehicles,13609
Pembina,North Dakota,3401,2019-02-01,Personal Vehicles,13302
Pembina,North Dakota,3401,2019-03-01,Personal Vehicles,20513
Pembina,North Dakota,3401,2019-04-01,Personal Vehicles,16925
Pembina,North Dakota,3401,2019-05-01,Personal Vehicles,22163
Pembina,North Dakota,3401,2019-06-01,Personal Vehicles,24210
Pembina,North Dakota,3401,2019-07-01,Personal Vehicles,29266
Pembina,North Dakota,3401,2019-08-01,Personal Vehicles,35055
Pembina,North Dakota,3401,2019-09-01,Personal Vehicles,21006
Pembina,North Dakota,3401,2019-10-01,Personal Vehicles,19329
Pembina,North Dakota,3401,2019-11-01,Personal Vehicles,18897
Pembina,North Dakota,3401,2019-12-01,Personal Vehicles,16625
Pembina,North Dakota,3401,2020-01-01,Personal Vehicles,14329
Pembina,North Dakota,3401,2020-02-01,Personal Vehicles,15530
Pembina,North Dakota,3401,2020-03-01,Personal Vehicles,8614
Pembina,North Dakota,3401,2020-04-01,Personal Vehicles,734
Pembina,North Dakota,3401,2020-05-01,Personal Vehicles,1036
Pembina,North Dakota,3401,2020-06-01,Personal Vehicles,1282
Pembina,North Dakota,3401,2020-07-01,Personal Vehicles,1321
Pembina,North Dakota,3401,2020-08-01,Personal Vehicles,1591
Pembina,North Dakota,3401,2020-09-01,Personal Vehicles,1460
Pembina,North Dakota,3401,2020-10-01,Personal Vehicles,1480
Pembina,North Dakota,3401,2020-11-01,Personal Vehicles,1247
Pembina,North Dakota,3401,2020-12-01,Personal Vehicles,1264
Pembina,North Dakota,3401,2021-01-01,Personal Vehicles,1469
Pembina,North Dakota,3401,2021-02-01,Personal Vehicles,1077
Pembina,North Dakota,3401,2021-03-01,Personal Vehicles,1694
Pembina,North Dakota,3401,2021-04-01,Personal Vehicles,1807
Pembina,North Dakota,3401,2021-05-01,Personal Vehicles,1840
Pembina,North Dakota,3401,2021-06-01,Personal Vehicles,1941
Pembina,North Dakota,3401,2021-07-01,Personal Vehicles,2415
Pembina,North Dakota,3401,2021-08-01,Personal Vehicles,4426
Pembina,North Dakota,3401,2021-09-01,Personal Vehicles,4462
Pembina,North Dakota,3401,2021-10-01,Personal Vehicles,4472
Pembina,North Dakota,3401,2021-11-01,Personal Vehicles,6399
Pembina,North Dakota,3401,2021-12-01,Personal Vehicles,8004
Pembina,North Dakota,3401,2022-01-01,Personal Vehicles,3919
Pembina,North Dakota,3401,2022-02-01,Personal Vehicles,2801
Pembina,North Dakota,3401,2022-03-01,Personal Vehicles,7759
Pembina,North Dakota,3401,2022-04-01,Personal Vehicles,10134
Pembina,North Dakota,3401,2022-05-01,Personal Vehicles,10773
Pembina,North Dakota,3401,2022-06-01,Personal Vehicles,14526
Pembina,North Dakota,3401,2022-07-01,Personal Vehicles,19831
Pembina,North Dakota,3401,2022-08-01,Personal Vehicles,20947
Pembina,North Dakota,3401,2022-09-01,Personal Vehicles,15795
Pembina,North Dakota,3401,2022-10-01,Personal Vehicles,16242
Pembina,North Dakota,3401,2022-11-01,Personal Vehicles,13940
Pembina,North Dakota,3401,2022-12-01,Personal Vehicles,12603
Pembina,North Dakota,3401,2023-01-01,Personal Vehicles,11362
Pembina,North Dakota,3401,2023-02-01,Personal Vehicles,11156
Pembina,North Dakota,3401,2023-03-01,Personal Vehicles,16679
Pembina,North Dakota,3401,2023-04-01,Personal Vehicles,14564
Pembina,North Dakota,3401,2023-05-01,Personal Vehicles,18668
Pembina,North Dakota,3401,2023-06-01,Personal Vehicles,20811
Pembina,North Dakota,3401,2023-07-01,Personal Vehicles,25576
Pembina,North Dakota,3401,2023-08-01,Personal Vehicles,29658
Pembina,North Dakota,3401,2023-09-01,Personal Vehicles,20035
Pembina,North Dakota,3401,2023-10-01,Personal Vehicles,18755
Pembina,North Dakota,3401,2023-11-01,Personal Vehicles,16090
Pembina,North Dakota,3401,2023-12-01,Personal Vehicles,14319
Pembina,North Dakota,3401,2024-01-01,Personal Vehicles,12437
Pembina,North Dakota,3401,2024-02-01,Personal Vehicles,13965
Pembina,North Dakota,3401,2024-03-01,Personal Vehicles,19565
Pembina,North Dakota,3401,2024-04-01,Personal Vehicles,17955
Pembina,North Dakota,3401,2024-05-01,Personal Vehicles,20479
Pembina,North Dakota,3401,2024-06-01,Personal Vehicles,21308
Pembina,North Dakota,3401,2024-07-01,Personal Vehicles,25585
Pembina,North Dakota,3401,2024-08-01,Personal Vehicles,34844
Pembina,North Dakota,3401,2024-09-01,Personal Vehicles,20348
Pembina,North Dakota,3401,2024-10-01,Personal Vehicles,19895
Pembina,North Dakota,3401,2024-11-01,Personal Vehicles,18659
Pembina,North Dakota,3401,2024-12-01,Personal Vehicles,14634
Pembina,North Dakota,3401,2025-01-01,Personal Vehicles,12281
Pembina,North Dakota,3401,2025-02-01,Personal Vehicles,10535
Pembina,North Dakota,3401,2025-03-01,Personal Vehicles,13037
Pembina,North Dakota,3401,2025-04-01,Personal Vehicles,10979
Pembina,North Dakota,3401,2025-05-01,Personal Vehicles,13192
Pembina,North Dakota,3401,2025-06-01,Personal Vehicles,14226
Pembina,North Dakota,3401,2025-07-01,Personal Vehicles,16965
Pembina,North Dakota,3401,2025-08-01,Personal Vehicles,20538
Pembina,North Dakota,3401,2025-09-01,Personal Vehicles,13957
Pembina,North Dakota,3401,2025-10-01,Personal Vehicles,14809
Pembina,North Dakota,3401,2025-11-01,Personal Vehicles,13394
Pembina,North Dakota,3401,2025-12-01,Personal Vehicles,11094
Pembina,North Dakota,3401,2026-01-01,Personal Vehicles,8904
Pembina,North Dakota,3401,2026-02-01,Personal Vehicles,8834
Pembina,North Dakota,3401,2026-03-01,Personal Vehicles,12239
Pembina,North Dakota,3401,2026-04-01,Personal Vehicles,12523
Pembina,North Dakota,3401,2026-05-01,Personal Vehicles,14783
Pembina,North Dakota,3401,2026-06-01,Personal Vehicles,15095
Pembina,North Dakota,3401,2026-07-01,Personal Vehicles,19812
Portal,North Dakota,3403,2019-01-01,Bus Passengers,215
Portal,North Dakota,3403,2019-02-01,Bus Passengers,303
Portal,North Dakota,3403,2019-03-01,Bus Passengers,358
Portal,North Dakota,3403,2019-04-01,Bus Passengers,242
Portal,North Dakota,3403,2019-05-01,Bus Passengers,258
Portal,North Dakota,3403,2019-06-01,Bus Passengers,244
Portal,North Dakota,3403,2019-07-01,Bus Passengers,329
Portal,North Dakota,3403,2019-08-01,Bus Passengers,506
Portal,North Dakota,3403,2019-09-01,Bus Passengers,724
Portal,North Dakota,3403,2019-10-01,Bus Passengers,490
Portal,North Dakota,3403,2019-11-01,Bus Passengers,396
Portal,North Dakota,3403,2019-12-01,Bus Passengers,144
Portal,North Dakota,3403,2020-01-01,Bus Passengers,251
Portal,North Dakota,3403,2020-02-01,Bus Passengers,212
Portal,North Dakota,3403,2020-03-01,Bus Passengers,296
Portal,North Dakota,3403,2021-12-01,Bus Passengers,43
Portal,North Dakota,3403,2022-04-01,Bus Passengers,72
Portal,North Dakota,3403,2022-05-01,Bus Passengers,113
Portal,North Dakota,3403,2022-06-01,Bus Passengers,122
Portal,North Dakota,3403,2022-07-01,Bus Passengers,80
Portal,North Dakota,3403,2022-08-01,Bus Passengers,487
Portal,North Dakota,3403,2022-09-01,Bus Passengers,265
Portal,North Dakota,3403,2022-10-01,Bus Passengers,292
Portal,North Dakota,3403,2022-11-01,Bus Passengers,359
Portal,North Dakota,3403,2022-12-01,Bus Passengers,47
Portal,North Dakota,3403,2023-01-01,Bus Passengers,39
Portal,North Dakota,3403,2023-02-01,Bus Passengers,281
Portal,North Dakota,3403,2023-03-01,Bus Passengers,104
Portal,North Dakota,3403,2023-04-01,Bus Passengers,165
Portal,North Dakota,3403,2023-05-01,Bus Passengers,426
Portal,North Dakota,3403,2023-06-01,Bus Passengers,366
Portal,North Dakota,3403,2023-07-01,Bus Passengers,335
Portal,North Dakota,3403,2023-08-01,Bus Passengers,37
Portal,North Dakota,3403,2023-09-01,Bus Passengers,308
Portal,North Dakota,3403,2023-10-01,Bus Passengers,470
Portal,North Dakota,3403,2023-11-01,Bus Passengers,362
Portal,North Dakota,3403,2023-12-01,Bus Passengers,56
Portal,North Dakota,3403,2024-01-01,Bus Passengers,192
Portal,North Dakota,3403,2024-02-01,Bus Passengers,122
Portal,North Dakota,3403,2024-03-01,Bus Passengers,249
Portal,North Dakota,3403,2024-04-01,Bus Passengers,268
Portal,North Dakota,3403,2024-05-01,Bus Passengers,227
Portal,North Dakota,3403,2024-06-01,Bus Passengers,244
Portal,North Dakota,3403,2024-07-01,Bus Passengers,343
Portal,North Dakota,3403,2024-08-01,Bus Passengers,380
Portal,North Dakota,3403,2024-09-01,Bus Passengers,283
Portal,North Dakota,3403,2024-10-01,Bus Passengers,460
Portal,North Dakota,3403,2024-11-01,Bus Passengers,410
Portal,North Dakota,3403,2024-12-01,Bus Passengers,47
Portal,North Dakota,3403,2025-01-01,Bus Passengers,136
Portal,North Dakota,3403,2025-02-01,Bus Passengers,153
Portal,North Dakota,3403,2025-03-01,Bus Passengers,221
Portal,North Dakota,3403,2025-04-01,Bus Passengers,44
Portal,North Dakota,3403,2025-05-01,Bus Passengers,208
Portal,North Dakota,3403,2025-06-01,Bus Passengers,105
Portal,North Dakota,3403,2025-07-01,Bus Passengers,169
Portal,North Dakota,3403,2025-08-01,Bus Passengers,79
Portal,North Dakota,3403,2025-09-01,Bus Passengers,63
Portal,North Dakota,3403,2025-11-01,Bus Passengers,176
Portal,North Dakota,3403,2025-12-01,Bus Passengers,98
Portal,North Dakota,3403,2026-01-01,Bus Passengers,90
Portal,North Dakota,3403,2026-03-01,Bus Passengers,14
Portal,North Dakota,3403,2026-04-01,Bus Passengers,138
Portal,North Dakota,3403,2026-05-01,Bus Passengers,387
Portal,North Dakota,3403,2026-06-01,Bus Passengers,42
Portal,North Dakota,3403,2026-07-01,Bus Passengers,108
Portal,North Dakota,3403,2019-01-01,Buses,5
Portal,North Dakota,3403,2019-02-01,Buses,7
Portal,North Dakota,3403,2019-03-01,Buses,9
Portal,North Dakota,3403,2019-04-01,Buses,6
Portal,North Dakota,3403,2019-05-01,Buses,6
Portal,North Dakota,3403,2019-06-01,Buses,6
Portal,North Dakota,3403,2019-07-01,Buses,8
Portal,North Dakota,3403,2019-08-01,Buses,13
Portal,North Dakota,3403,2019-09-01,Buses,15
Portal,North Dakota,3403,2019-10-01,Buses,11
Portal,North Dakota,3403,2019-11-01,Buses,9
Portal,North Dakota,3403,2019-12-01,Buses,4
Portal,North Dakota,3403,2020-01-01,Buses,5
Portal,North Dakota,3403,2020-02-01,Buses,5
Portal,North Dakota,3403,2020-03-01,Buses,6
Portal,North Dakota,3403,2021-12-01,Buses,1
Portal,North Dakota,3403,2022-04-01,Buses,2
Portal,North Dakota,3403,2022-05-01,Buses,5
Portal,North Dakota,3403,2022-06-01,Buses,3
Portal,North Dakota,3403,2022-07-01,Buses,3
Portal,North Dakota,3403,2022-08-01,Buses,11
Portal,North Dakota,3403,2022-09-01,Buses,9
Portal,North Dakota,3403,2022-10-01,Buses,7
Portal,North Dakota,3403,2022-11-01,Buses,9
Portal,North Dakota,3403,2022-12-01,Buses,2
Portal,North Dakota,3403,2023-01-01,Buses,1
Portal,North Dakota,3403,2023-02-01,Buses,7
Portal,North Dakota,3403,2023-03-01,Buses,4
Portal,North Dakota,3403,2023-04-01,Buses,4
Portal,North Dakota,3403,2023-05-01,Buses,10
Portal,North Dakota,3403,2023-06-01,Buses,8
Portal,North Dakota,3403,2023-07-01,Buses,9
Portal,North Dakota,3403,2023-08-01,Buses,1
Portal,North Dakota,3403,2023-09-01,Buses,9
Portal,North Dakota,3403,2023-10-01,Buses,12
Portal,North Dakota,3403,2023-11-01,Buses,8
Portal,North Dakota,3403,2023-12-01,Buses,1
Portal,North Dakota,3403,2024-01-01,Buses,6
Portal,North Dakota,3403,2024-02-01,Buses,3
Portal,North Dakota,3403,2024-03-01,Buses,7
Portal,North Dakota,3403,2024-04-01,Buses,6
Portal,North Dakota,3403,2024-05-01,Buses,6
Portal,North Dakota,3403,2024-06-01,Buses,7
Portal,North Dakota,3403,2024-07-01,Buses,9
Portal,North Dakota,3403,2024-08-01,Buses,9
Portal,North Dakota,3403,2024-09-01,Buses,9
Portal,North Dakota,3403,2024-10-01,Buses,10
Portal,North Dakota,3403,2024-11-01,Buses,10
Portal,North Dakota,3403,2024-12-01,Buses,1
Portal,North Dakota,3403,2025-01-01,Buses,4
Portal,North Dakota,3403,2025-02-01,Buses,5
Portal,North Dakota,3403,2025-03-01,Buses,9
Portal,North Dakota,3403,2025-04-01,Buses,3
Portal,North Dakota,3403,2025-05-01,Buses,5
Portal,North Dakota,3403,2025-06-01,Buses,2
Portal,North Dakota,3403,2025-07-01,Buses,4
Portal,North Dakota,3403,2025-08-01,Buses,2
Portal,North Dakota,3403,2025-09-01,Buses,2
Portal,North Dakota,3403,2025-11-01,Buses,5
Portal,North Dakota,3403,2025-12-01,Buses,7
Portal,North Dakota,3403,2026-01-01,Buses,3
Portal,North Dakota,3403,2026-03-01,Buses,1
Portal,North Dakota,3403,2026-04-01,Buses,3
Portal,North Dakota,3403,2026-05-01,Buses,10
Portal,North Dakota,3403,2026-06-01,Buses,1
Portal,North Dakota,3403,2026-07-01,Buses,3
Portal,North Dakota,3403,2019-01-01,Personal Vehicle Passengers,7281
Portal,North Dakota,3403,2019-02-01,Personal Vehicle Passengers,6697
Portal,North Dakota,3403,2019-03-01,Personal Vehicle Passengers,7633
Portal,North Dakota,3403,2019-04-01,Personal Vehicle Passengers,10153
Portal,North Dakota,3403,2019-05-01,Personal Vehicle Passengers,10980
Portal,North Dakota,3403,2019-06-01,Personal Vehicle Passengers,13941
Portal,North Dakota,3403,2019-07-01,Personal Vehicle Passengers,21716
Portal,North Dakota,3403,2019-08-01,Personal Vehicle Passengers,21744
Portal,North Dakota,3403,2019-09-01,Personal Vehicle Passengers,11892
Portal,North Dakota,3403,2019-10-01,Personal Vehicle Passengers,11458
Portal,North Dakota,3403,2019-11-01,Personal Vehicle Passengers,9534
Portal,North Dakota,3403,2019-12-01,Personal Vehicle Passengers,9524
Portal,North Dakota,3403,2020-01-01,Personal Vehicle Passengers,6796
Portal,North Dakota,3403,2020-02-01,Personal Vehicle Passengers,7809
Portal,North Dakota,3403,2020-03-01,Personal Vehicle Passengers,4391
Portal,North Dakota,3403,2020-04-01,Personal Vehicle Passengers,882
Portal,North Dakota,3403,2020-05-01,Personal Vehicle Passengers,1229
Portal,North Dakota,3403,2020-06-01,Personal Vehicle Passengers,1324
Portal,North Dakota,3403,2020-07-01,Personal Vehicle Passengers,1412
Portal,North Dakota,3403,2020-08-01,Personal Vehicle Passengers,2018
Portal,North Dakota,3403,2020-09-01,Personal Vehicle Passengers,1648
Portal,North Dakota,3403,2020-10-01,Personal Vehicle Passengers,1468
Portal,North Dakota,3403,2020-11-01,Personal Vehicle Passengers,1230
Portal,North Dakota,3403,2020-12-01,Personal Vehicle Passengers,1084
Portal,North Dakota,3403,2021-01-01,Personal Vehicle Passengers,1273
Portal,North Dakota,3403,2021-02-01,Personal Vehicle Passengers,1004
Portal,North Dakota,3403,2021-03-01,Personal Vehicle Passengers,1350
Portal,North Dakota,3403,2021-04-01,Personal Vehicle Passengers,1458
Portal,North Dakota,3403,2021-05-01,Personal Vehicle Passengers,1798
Portal,North Dakota,3403,2021-06-01,Personal Vehicle Passengers,1973
Portal,North Dakota,3403,2021-07-01,Personal Vehicle Passengers,2524
Portal,North Dakota,3403,2021-08-01,Personal Vehicle Passengers,3904
Portal,North Dakota,3403,2021-09-01,Personal Vehicle Passengers,3448
Portal,North Dakota,3403,2021-10-01,Personal Vehicle Passengers,3991
Portal,North Dakota,3403,2021-11-01,Personal Vehicle Passengers,4476
Portal,North Dakota,3403,2021-12-01,Personal Vehicle Passengers,5239
Portal,North Dakota,3403,2022-01-01,Personal Vehicle Passengers,2913
Portal,North Dakota,3403,2022-02-01,Personal Vehicle Passengers,3223
Portal,North Dakota,3403,2022-03-01,Personal Vehicle Passengers,3848
Portal,North Dakota,3403,2022-04-01,Personal Vehicle Passengers,6568
Portal,North Dakota,3403,2022-05-01,Personal Vehicle Passengers,8099
Portal,North Dakota,3403,2022-06-01,Personal Vehicle Passengers,9838
Portal,North Dakota,3403,2022-07-01,Personal Vehicle Passengers,14981
Portal,North Dakota,3403,2022-08-01,Personal Vehicle Passengers,15278
Portal,North Dakota,3403,2022-09-01,Personal Vehicle Passengers,10037
Portal,North Dakota,3403,2022-10-01,Personal Vehicle Passengers,11061
Portal,North Dakota,3403,2022-11-01,Personal Vehicle Passengers,7770
Portal,North Dakota,3403,2022-12-01,Personal Vehicle Passengers,6799
Portal,North Dakota,3403,2023-01-01,Personal Vehicle Passengers,5635
Portal,North Dakota,3403,2023-02-01,Personal Vehicle Passengers,6132
Portal,North Dakota,3403,2023-03-01,Personal Vehicle Passengers,6374
Portal,North Dakota,3403,2023-04-01,Personal Vehicle Passengers,8034
Portal,North Dakota,3403,2023-05-01,Personal Vehicle Passengers,10158
Portal,North Dakota,3403,2023-06-01,Personal Vehicle Passengers,13029
Portal,North Dakota,3403,2023-07-01,Personal Vehicle Passengers,18651
Portal,North Dakota,3403,2023-08-01,Personal Vehicle Passengers,19487
Portal,North Dakota,3403,2023-09-01,Personal Vehicle Passengers,12631
Portal,North Dakota,3403,2023-10-01,Personal Vehicle Passengers,12363
Portal,North Dakota,3403,2023-11-01,Personal Vehicle Passengers,9334
Portal,North Dakota,3403,2023-12-01,Personal Vehicle Passengers,8407
Portal,North Dakota,3403,2024-01-01,Personal Vehicle Passengers,6472
Portal,North Dakota,3403,2024-02-01,Personal Vehicle Passengers,7203
Portal,North Dakota,3403,2024-03-01,Personal Vehicle Passengers,7794
Portal,North Dakota,3403,2024-04-01,Personal Vehicle Passengers,9086
Portal,North Dakota,3403,2024-05-01,Personal Vehicle Passengers,11008
Portal,North Dakota,3403,2024-06-01,Personal Vehicle Passengers,14442
Portal,North Dakota,3403,2024-07-01,Personal Vehicle Passengers,19235
Portal,North Dakota,3403,2024-08-01,Personal Vehicle Passengers,21061
Portal,North Dakota,3403,2024-09-01,Personal Vehicle Passengers,11529
Portal,North Dakota,3403,2024-10-01,Personal Vehicle Passengers,12391
Portal,North Dakota,3403,2024-11-01,Personal Vehicle Passengers,8666
Portal,North Dakota,3403,2024-12-01,Personal Vehicle Passengers,7903
Portal,North Dakota,3403,2025-01-01,Personal Vehicle Passengers,6384
Portal,North Dakota,3403,2025-02-01,Personal Vehicle Passengers,5540
Portal,North Dakota,3403,2025-03-01,Personal Vehicle Passengers,5729
Portal,North Dakota,3403,2025-04-01,Personal Vehicle Passengers,6555
Portal,North Dakota,3403,2025-05-01,Personal Vehicle Passengers,7737
Portal,North Dakota,3403,2025-06-01,Personal Vehicle Passengers,10463
Portal,North Dakota,3403,2025-07-01,Personal Vehicle Passengers,15392
Portal,North Dakota,3403,2025-08-01,Personal Vehicle Passengers,16081
Portal,North Dakota,3403,2025-09-01,Personal Vehicle Passengers,9315
Portal,North Dakota,3403,2025-10-01,Personal Vehicle Passengers,10534
Portal,North Dakota,3403,2025-11-01,Personal Vehicle Passengers,7115
Portal,North Dakota,3403,2025-12-01,Personal Vehicle Passengers,6487
Portal,North Dakota,3403,2026-01-01,Personal Vehicle Passengers,5410
Portal,North Dakota,3403,2026-02-01,Personal Vehicle Passengers,4955
Portal,North Dakota,3403,2026-03-01,Personal Vehicle Passengers,5324
Portal,North Dakota,3403,2026-04-01,Personal Vehicle Passengers,6945
Portal,North Dakota,3403,2026-05-01,Personal Vehicle Passengers,8723
Portal,North Dakota,3403,2026-06-01,Personal Vehicle Passengers,10773
Portal,North Dakota,3403,2026-07-01,Personal Vehicle Passengers,14493
Portal,North Dakota,3403,2019-01-01,Personal Vehicles,4008
Portal,North Dakota,3403,2019-02-01,Personal Vehicles,3465
Portal,North Dakota,3403,2019-03-01,Personal Vehicles,4191
Portal,North Dakota,3403,2019-04-01,Personal Vehicles,5161
Portal,North Dakota,3403,2019-05-01,Personal Vehicles,5907
Portal,North Dakota,3403,2019-06-01,Personal Vehicles,6947
Portal,North Dakota,3403,2019-07-01,Personal Vehicles,9382
Portal,North Dakota,3403,2019-08-01,Personal Vehicles,9589
Portal,North Dakota,3403,2019-09-01,Personal Vehicles,6417
Portal,North Dakota,3403,2019-10-01,Personal Vehicles,5973
Portal,North Dakota,3403,2019-11-01,Personal Vehicles,4913
Portal,North Dakota,3403,2019-12-01,Personal Vehicles,4631
Portal,North Dakota,3403,2020-01-01,Personal Vehicles,3748
Portal,North Dakota,3403,2020-02-01,Personal Vehicles,3866
Portal,North Dakota,3403,2020-03-01,Personal Vehicles,2471
Portal,North Dakota,3403,2020-04-01,Personal Vehicles,651
Portal,North Dakota,3403,2020-05-01,Personal Vehicles,898
Portal,North Dakota,3403,2020-06-01,Personal Vehicles,919
Portal,North Dakota,3403,2020-07-01,Personal Vehicles,989
Portal,North Dakota,3403,2020-08-01,Personal Vehicles,1396
Portal,North Dakota,3403,2020-09-01,Personal Vehicles,1140
Portal,North Dakota,3403,2020-10-01,Personal Vehicles,1017
Portal,North Dakota,3403,2020-11-01,Personal Vehicles,916
Portal,North Dakota,3403,2020-12-01,Personal Vehicles,777
Portal,North Dakota,3403,2021-01-01,Personal Vehicles,940
Portal,North Dakota,3403,2021-02-01,Personal Vehicles,725
Portal,North Dakota,3403,2021-03-01,Personal Vehicles,1024
Portal,North Dakota,3403,2021-04-01,Personal Vehicles,1081
Portal,North Dakota,3403,2021-05-01,Personal Vehicles,1295
Portal,North Dakota,3403,2021-06-01,Personal Vehicles,1369
Portal,North Dakota,3403,2021-07-01,Personal Vehicles,1590
Portal,North Dakota,3403,2021-08-01,Personal Vehicles,2317
Portal,North Dakota,3403,2021-09-01,Personal Vehicles,2192
Portal,North Dakota,3403,2021-10-01,Personal Vehicles,2435
Portal,North Dakota,3403,2021-11-01,Personal Vehicles,2702
Portal,North Dakota,3403,2021-12-01,Personal Vehicles,2778
Portal,North Dakota,3403,2022-01-01,Personal Vehicles,1855
Portal,North Dakota,3403,2022-02-01,Personal Vehicles,1927
Portal,North Dakota,3403,2022-03-01,Personal Vehicles,2326
Portal,North Dakota,3403,2022-04-01,Personal Vehicles,3441
Portal,North Dakota,3403,2022-05-01,Personal Vehicles,4352
Portal,North Dakota,3403,2022-06-01,Personal Vehicles,4953
Portal,North Dakota,3403,2022-07-01,Personal Vehicles,6671
Portal,North Dakota,3403,2022-08-01,Personal Vehicles,7018
Portal,North Dakota,3403,2022-09-01,Personal Vehicles,5402
Portal,North Dakota,3403,2022-10-01,Personal Vehicles,5615
Portal,North Dakota,3403,2022-11-01,Personal Vehicles,3973
Portal,North Dakota,3403,2022-12-01,Personal Vehicles,3275
Portal,North Dakota,3403,2023-01-01,Personal Vehicles,2969
Portal,North Dakota,3403,2023-02-01,Personal Vehicles,3043
Portal,North Dakota,3403,2023-03-01,Personal Vehicles,3352
Portal,North Dakota,3403,2023-04-01,Personal Vehicles,4074
Portal,North Dakota,3403,2023-05-01,Personal Vehicles,5235
Portal,North Dakota,3403,2023-06-01,Personal Vehicles,6257
Portal,North Dakota,3403,2023-07-01,Personal Vehicles,7914
Portal,North Dakota,3403,2023-08-01,Personal Vehicles,8715
Portal,North Dakota,3403,2023-09-01,Personal Vehicles,6468
Portal,North Dakota,3403,2023-10-01,Personal Vehicles,6202
Portal,North Dakota,3403,2023-11-01,Personal Vehicles,4646
Portal,North Dakota,3403,2023-12-01,Personal Vehicles,3966
Portal,North Dakota,3403,2024-01-01,Personal Vehicles,3289
Portal,North Dakota,3403,2024-02-01,Personal Vehicles,3474
Portal,North Dakota,3403,2024-03-01,Personal Vehicles,3867
Portal,North Dakota,3403,2024-04-01,Personal Vehicles,4562
Portal,North Dakota,3403,2024-05-01,Personal Vehicles,5483
Portal,North Dakota,3403,2024-06-01,Personal Vehicles,6624
Portal,North Dakota,3403,2024-07-01,Personal Vehicles,8140
Portal,North Dakota,3403,2024-08-01,Personal Vehicles,9137
Portal,North Dakota,3403,2024-09-01,Personal Vehicles,6008
Portal,North Dakota,3403,2024-10-01,Personal Vehicles,6175
Portal,North Dakota,3403,2024-11-01,Personal Vehicles,4446
Portal,North Dakota,3403,2024-12-01,Personal Vehicles,3842
Portal,North Dakota,3403,2025-01-01,Personal Vehicles,3349
Portal,North Dakota,3403,2025-02-01,Personal Vehicles,2843
Portal,North Dakota,3403,2025-03-01,Personal Vehicles,3203
Portal,North Dakota,3403,2025-04-01,Personal Vehicles,3485
Portal,North Dakota,3403,2025-05-01,Personal Vehicles,4084
Portal,North Dakota,3403,2025-06-01,Personal Vehicles,5048
Portal,North Dakota,3403,2025-07-01,Personal Vehicles,6624
Portal,North Dakota,3403,2025-08-01,Personal Vehicles,7371
Portal,North Dakota,3403,2025-09-01,Personal Vehicles,5083
Portal,North Dakota,3403,2025-10-01,Personal Vehicles,5451
Portal,North Dakota,3403,2025-11-01,Personal Vehicles,3873
Portal,North Dakota,3403,2025-12-01,Personal Vehicles,3176
Portal,North Dakota,3403,2026-01-01,Personal Vehicles,2861
Portal,North Dakota,3403,2026-02-01,Personal Vehicles,2629
Portal,North Dakota,3403,2026-03-01,Personal Vehicles,2946
Portal,North Dakota,3403,2026-04-01,Personal Vehicles,3539
Portal,North Dakota,3403,2026-05-01,Personal Vehicles,4483
Portal,North Dakota,3403,2026-06-01,Personal Vehicles,5211
Portal,North Dakota,3403,2026-07-01,Personal Vehicles,6381
Sarles,North Dakota,3409,2019-01-01,Bus Passengers,20
Sarles,North Dakota,3409,2019-02-01,Bus Passengers,48
Sarles,North Dakota,3409,2019-03-01,Bus Passengers,76
Sarles,North Dakota,3409,2019-04-01,Bus Passengers,38
Sarles,North Dakota,3409,2019-05-01,Bus Passengers,7
Sarles,North Dakota,3409,2019-06-01,Bus Passengers,28
Sarles,North Dakota,3409,2019-07-01,Bus Passengers,46
Sarles,North Dakota,3409,2019-08-01,Bus Passengers,25
Sarles,North Dakota,3409,2019-09-01,Bus Passengers,50
Sarles,North Dakota,3409,2019-10-01,Bus Passengers,25
Sarles,North Dakota,3409,2019-11-01,Bus Passengers,52
Sarles,North Dakota,3409,2019-12-01,Bus Passengers,53
Sarles,North Dakota,3409,2020-03-01,Bus Passengers,6
Sarles,North Dakota,3409,2021-05-01,Bus Passengers,12
Sarles,North Dakota,3409,2023-10-01,Bus Passengers,44
Sarles,North Dakota,3409,2023-11-01,Bus Passengers,41
Sarles,North Dakota,3409,2024-02-01,Bus Passengers,23
Sarles,North Dakota,3409,2025-02-01,Bus Passengers,24
Sarles,North Dakota,3409,2025-12-01,Bus Passengers,46
Sarles,North Dakota,3409,2019-01-01,Buses,3
Sarles,North Dakota,3409,2019-02-01,Buses,6
Sarles,North Dakota,3409,2019-03-01,Buses,9
Sarles,North Dakota,3409,2019-04-01,Buses,6
Sarles,North Dakota,3409,2019-05-01,Buses,1
Sarles,North Dakota,3409,2019-06-01,Buses,2
Sarles,North Dakota,3409,2019-07-01,Buses,7
Sarles,North Dakota,3409,2019-08-01,Buses,2
Sarles,North Dakota,3409,2019-09-01,Buses,6
Sarles,North Dakota,3409,2019-10-01,Buses,4
Sarles,North Dakota,3409,2019-11-01,Buses,8
Sarles,North Dakota,3409,2019-12-01,Buses,8
Sarles,North Dakota,3409,2020-03-01,Buses,1
Sarles,North Dakota,3409,2021-05-01,Buses,2
Sarles,North Dakota,3409,2023-10-01,Buses,2
Sarles,North Dakota,3409,2023-11-01,Buses,2
Sarles,North Dakota,3409,2024-02-01,Buses,1
Sarles,North Dakota,3409,2025-02-01,Buses,1
Sarles,North Dakota,3409,2025-09-01,Buses,2
Sarles,North Dakota,3409,2025-12-01,Buses,2
Sarles,North Dakota,3409,2019-01-01,Personal Vehicle Passengers,338
Sarles,North Dakota,3409,2019-02-01,Personal Vehicle Passengers,418
Sarles,North Dakota,3409,2019-03-01,Personal Vehicle Passengers,509
Sarles,North Dakota,3409,2019-04-01,Personal Vehicle Passengers,538
Sarles,North Dakota,3409,2019-05-01,Personal Vehicle Passengers,440
Sarles,North Dakota,3409,2019-06-01,Personal Vehicle Passengers,671
Sarles,North Dakota,3409,2019-07-01,Personal Vehicle Passengers,736
Sarles,North Dakota,3409,2019-08-01,Personal Vehicle Passengers,624
Sarles,North Dakota,3409,2019-09-01,Personal Vehicle Passengers,542
Sarles,North Dakota,3409,2019-10-01,Personal Vehicle Passengers,423
Sarles,North Dakota,3409,2019-11-01,Personal Vehicle Passengers,360
Sarles,North Dakota,3409,2019-12-01,Personal Vehicle Passengers,439
Sarles,North Dakota,3409,2020-01-01,Personal Vehicle Passengers,273
Sarles,North Dakota,3409,2020-02-01,Personal Vehicle Passengers,376
Sarles,North Dakota,3409,2020-03-01,Personal Vehicle Passengers,192
Sarles,North Dakota,3409,2020-04-01,Personal Vehicle Passengers,22
Sarles,North Dakota,3409,2020-05-01,Personal Vehicle Passengers,31
Sarles,North Dakota,3409,2020-06-01,Personal Vehicle Passengers,35
Sarles,North Dakota,3409,2020-07-01,Personal Vehicle Passengers,60
Sarles,North Dakota,3409,2020-08-01,Personal Vehicle Passengers,77
Sarles,North Dakota,3409,2020-09-01,Personal Vehicle Passengers,51
Sarles,North Dakota,3409,2020-10-01,Personal Vehicle Passengers,48
Sarles,North Dakota,3409,2020-11-01,Personal Vehicle Passengers,24
Sarles,North Dakota,3409,2020-12-01,Personal Vehicle Passengers,17
Sarles,North Dakota,3409,2021-01-01,Personal Vehicle Passengers,33
Sarles,North Dakota,3409,2021-02-01,Personal Vehicle Passengers,31
Sarles,North Dakota,3409,2021-03-01,Personal Vehicle Passengers,43
Sarles,North Dakota,3409,2021-04-01,Personal Vehicle Passengers,41
Sarles,North Dakota,3409,2021-05-01,Personal Vehicle Passengers,42
Sarles,North Dakota,3409,2021-06-01,Personal Vehicle Passengers,37
Sarles,North Dakota,3409,2021-07-01,Personal Vehicle Passengers,41
Sarles,North Dakota,3409,2021-08-01,Personal Vehicle Passengers,65
Sarles,North Dakota,3409,2021-09-01,Personal Vehicle Passengers,55
Sarles,North Dakota,3409,2021-10-01,Personal Vehicle Passengers,49
Sarles,North Dakota,3409,2021-11-01,Personal Vehicle Passengers,64
Sarles,North Dakota,3409,2021-12-01,Personal Vehicle Passengers,107
Sarles,North Dakota,3409,2022-01-01,Personal Vehicle Passengers,39
Sarles,North Dakota,3409,2022-02-01,Personal Vehicle Passengers,61
Sarles,North Dakota,3409,2022-03-01,Personal Vehicle Passengers,94
Sarles,North Dakota,3409,2022-04-01,Personal Vehicle Passengers,103
Sarles,North Dakota,3409,2022-05-01,Personal Vehicle Passengers,188
Sarles,North Dakota,3409,2022-06-01,Personal Vehicle Passengers,196
Sarles,North Dakota,3409,2022-07-01,Personal Vehicle Passengers,265
Sarles,North Dakota,3409,2022-08-01,Personal Vehicle Passengers,306
Sarles,North Dakota,3409,2022-09-01,Personal Vehicle Passengers,161
Sarles,North Dakota,3409,2022-10-01,Personal Vehicle Passengers,233
Sarles,North Dakota,3409,2022-11-01,Personal Vehicle Passengers,149
Sarles,North Dakota,3409,2022-12-01,Personal Vehicle Passengers,150
Sarles,North Dakota,3409,2023-01-01,Personal Vehicle Passengers,140
Sarles,North Dakota,3409,2023-02-01,Personal Vehicle Passengers,243
Sarles,North Dakota,3409,2023-03-01,Personal Vehicle Passengers,233
Sarles,North Dakota,3409,2023-04-01,Personal Vehicle Passengers,387
Sarles,North Dakota,3409,2023-05-01,Personal Vehicle Passengers,335
Sarles,North Dakota,3409,2023-06-01,Personal Vehicle Passengers,440
Sarles,North Dakota,3409,2023-07-01,Personal Vehicle Passengers,514
Sarles,North Dakota,3409,2023-08-01,Personal Vehicle Passengers,446
Sarles,North Dakota,3409,2023-09-01,Personal Vehicle Passengers,428
Sarles,North Dakota,3409,2023-10-01,Personal Vehicle Passengers,360
Sarles,North Dakota,3409,2023-11-01,Personal Vehicle Passengers,311
Sarles,North Dakota,3409,2023-12-01,Personal Vehicle Passengers,309
Sarles,North Dakota,3409,2024-01-01,Personal Vehicle Passengers,281
Sarles,North Dakota,3409,2024-02-01,Personal Vehicle Passengers,344
Sarles,North Dakota,3409,2024-03-01,Personal Vehicle Passengers,450
Sarles,North Dakota,3409,2024-04-01,Personal Vehicle Passengers,436
Sarles,North Dakota,3409,2024-05-01,Personal Vehicle Passengers,434
Sarles,North Dakota,3409,2024-06-01,Personal Vehicle Passengers,422
Sarles,North Dakota,3409,2024-07-01,Personal Vehicle Passengers,610
Sarles,North Dakota,3409,2024-08-01,Personal Vehicle Passengers,734
Sarles,North Dakota,3409,2024-09-01,Personal Vehicle Passengers,412
Sarles,North Dakota,3409,2024-10-01,Personal Vehicle Passengers,425
Sarles,North Dakota,3409,2024-11-01,Personal Vehicle Passengers,358
Sarles,North Dakota,3409,2024-12-01,Personal Vehicle Passengers,375
Sarles,North Dakota,3409,2025-01-01,Personal Vehicle Passengers,295
Sarles,North Dakota,3409,2025-02-01,Personal Vehicle Passengers,149
Sarles,North Dakota,3409,2025-03-01,Personal Vehicle Passengers,281
Sarles,North Dakota,3409,2025-04-01,Personal Vehicle Passengers,221
Sarles,North Dakota,3409,2025-05-01,Personal Vehicle Passengers,268
Sarles,North Dakota,3409,2025-06-01,Personal Vehicle Passengers,344
Sarles,North Dakota,3409,2025-07-01,Personal Vehicle Passengers,423
Sarles,North Dakota,3409,2025-08-01,Personal Vehicle Passengers,440
Sarles,North Dakota,3409,2025-09-01,Personal Vehicle Passengers,364
Sarles,North Dakota,3409,2025-10-01,Personal Vehicle Passengers,368
Sarles,North Dakota,3409,2025-11-01,Personal Vehicle Passengers,277
Sarles,North Dakota,3409,2025-12-01,Personal Vehicle Passengers,274
Sarles,North Dakota,3409,2026-01-01,Personal Vehicle Passengers,322
Sarles,North Dakota,3409,2026-02-01,Personal Vehicle Passengers,193
Sarles,North Dakota,3409,2026-03-01,Personal Vehicle Passengers,312
Sarles,North Dakota,3409,2026-04-01,Personal Vehicle Passengers,333
Sarles,North Dakota,3409,2026-05-01,Personal Vehicle Passengers,317
Sarles,North Dakota,3409,2026-06-01,Personal Vehicle Passengers,421
Sarles,North Dakota,3409,2026-07-01,Personal Vehicle Passengers,535
Sarles,North Dakota,3409,2019-01-01,Personal Vehicles,171
Sarles,North Dakota,3409,2019-02-01,Personal Vehicles,179
Sarles,North Dakota,3409,2019-03-01,Personal Vehicles,230
Sarles,North Dakota,3409,2019-04-01,Personal Vehicles,266
Sarles,North Dakota,3409,2019-05-01,Personal Vehicles,228
Sarles,North Dakota,3409,2019-06-01,Personal Vehicles,325
Sarles,North Dakota,3409,2019-07-01,Personal Vehicles,362
Sarles,North Dakota,3409,2019-08-01,Personal Vehicles,324
Sarles,North Dakota,3409,2019-09-01,Personal Vehicles,265
Sarles,North Dakota,3409,2019-10-01,Personal Vehicles,216
Sarles,North Dakota,3409,2019-11-01,Personal Vehicles,174
Sarles,North Dakota,3409,2019-12-01,Personal Vehicles,203
Sarles,North Dakota,3409,2020-01-01,Personal Vehicles,149
Sarles,North Dakota,3409,2020-02-01,Personal Vehicles,187
Sarles,North Dakota,3409,2020-03-01,Personal Vehicles,110
Sarles,North Dakota,3409,2020-04-01,Personal Vehicles,21
Sarles,North Dakota,3409,2020-05-01,Personal Vehicles,24
Sarles,North Dakota,3409,2020-06-01,Personal Vehicles,32
Sarles,North Dakota,3409,2020-07-01,Personal Vehicles,53
Sarles,North Dakota,3409,2020-08-01,Personal Vehicles,71
Sarles,North Dakota,3409,2020-09-01,Personal Vehicles,47
Sarles,North Dakota,3409,2020-10-01,Personal Vehicles,47
Sarles,North Dakota,3409,2020-11-01,Personal Vehicles,19
Sarles,North Dakota,3409,2020-12-01,Personal Vehicles,14
Sarles,North Dakota,3409,2021-01-01,Personal Vehicles,28
Sarles,North Dakota,3409,2021-02-01,Personal Vehicles,27
Sarles,North Dakota,3409,2021-03-01,Personal Vehicles,40
Sarles,North Dakota,3409,2021-04-01,Personal Vehicles,39
Sarles,North Dakota,3409,2021-05-01,Personal Vehicles,29
Sarles,North Dakota,3409,2021-06-01,Personal Vehicles,35
Sarles,North Dakota,3409,2021-07-01,Personal Vehicles,34
Sarles,North Dakota,3409,2021-08-01,Personal Vehicles,46
Sarles,North Dakota,3409,2021-09-01,Personal Vehicles,44
Sarles,North Dakota,3409,2021-10-01,Personal Vehicles,34
Sarles,North Dakota,3409,2021-11-01,Personal Vehicles,43
Sarles,North Dakota,3409,2021-12-01,Personal Vehicles,61
Sarles,North Dakota,3409,2022-01-01,Personal Vehicles,30
Sarles,North Dakota,3409,2022-02-01,Personal Vehicles,47
Sarles,North Dakota,3409,2022-03-01,Personal Vehicles,63
Sarles,North Dakota,3409,2022-04-01,Personal Vehicles,69
Sarles,North Dakota,3409,2022-05-01,Personal Vehicles,107
Sarles,North Dakota,3409,2022-06-01,Personal Vehicles,111
Sarles,North Dakota,3409,2022-07-01,Personal Vehicles,135
Sarles,North Dakota,3409,2022-08-01,Personal Vehicles,175
Sarles,North Dakota,3409,2022-09-01,Personal Vehicles,97
Sarles,North Dakota,3409,2022-10-01,Personal Vehicles,139
Sarles,North Dakota,3409,2022-11-01,Personal Vehicles,93
Sarles,North Dakota,3409,2022-12-01,Personal Vehicles,82
Sarles,North Dakota,3409,2023-01-01,Personal Vehicles,84
Sarles,North Dakota,3409,2023-02-01,Personal Vehicles,121
Sarles,North Dakota,3409,2023-03-01,Personal Vehicles,121
Sarles,North Dakota,3409,2023-04-01,Personal Vehicles,167
Sarles,North Dakota,3409,2023-05-01,Personal Vehicles,181
Sarles,North Dakota,3409,2023-06-01,Personal Vehicles,234
Sarles,North Dakota,3409,2023-07-01,Personal Vehicles,271
Sarles,North Dakota,3409,2023-08-01,Personal Vehicles,238
Sarles,North Dakota,3409,2023-09-01,Personal Vehicles,212
Sarles,North Dakota,3409,2023-10-01,Personal Vehicles,178
Sarles,North Dakota,3409,2023-11-01,Personal Vehicles,138
Sarles,North Dakota,3409,2023-12-01,Personal Vehicles,148
Sarles,North Dakota,3409,2024-01-01,Personal Vehicles,128
Sarles,North Dakota,3409,2024-02-01,Personal Vehicles,151
Sarles,North Dakota,3409,2024-03-01,Personal Vehicles,165
Sarles,North Dakota,3409,2024-04-01,Personal Vehicles,222
Sarles,North Dakota,3409,2024-05-01,Personal Vehicles,227
Sarles,North Dakota,3409,2024-06-01,Personal Vehicles,229
Sarles,North Dakota,3409,2024-07-01,Personal Vehicles,292
Sarles,North Dakota,3409,2024-08-01,Personal Vehicles,335
Sarles,North Dakota,3409,2024-09-01,Personal Vehicles,240
Sarles,North Dakota,3409,2024-10-01,Personal Vehicles,215
Sarles,North Dakota,3409,2024-11-01,Personal Vehicles,186
Sarles,North Dakota,3409,2024-12-01,Personal Vehicles,182
Sarles,North Dakota,3409,2025-01-01,Personal Vehicles,130
Sarles,North Dakota,3409,2025-02-01,Personal Vehicles,91
Sarles,North Dakota,3409,2025-03-01,Personal Vehicles,145
Sarles,North Dakota,3409,2025-04-01,Personal Vehicles,128
Sarles,North Dakota,3409,2025-05-01,Personal Vehicles,171
Sarles,North Dakota,3409,2025-06-01,Personal Vehicles,212
Sarles,North Dakota,3409,2025-07-01,Personal Vehicles,235
Sarles,North Dakota,3409,2025-08-01,Personal Vehicles,242
Sarles,North Dakota,3409,2025-09-01,Personal Vehicles,198
Sarles,North Dakota,3409,2025-10-01,Personal Vehicles,213
Sarles,North Dakota,3409,2025-11-01,Personal Vehicles,147
Sarles,North Dakota,3409,2025-12-01,Personal Vehicles,135
Sarles,North Dakota,3409,2026-01-01,Personal Vehicles,137
Sarles,North Dakota,3409,2026-02-01,Personal Vehicles,104
Sarles,North Dakota,3409,2026-03-01,Personal Vehicles,165
Sarles,North Dakota,3409,2026-04-01,Personal Vehicles,179
Sarles,North Dakota,3409,2026-05-01,Personal Vehicles,188
Sarles,North Dakota,3409,2026-06-01,Personal Vehicles,239
Sarles,North Dakota,3409,2026-07-01,Personal Vehicles,281
Sherwood,North Dakota,3414,2019-02-01,Bus Passengers,26
Sherwood,North Dakota,3414,2023-02-01,Bus Passengers,30
Sherwood,North Dakota,3414,2023-06-01,Bus Passengers,13
Sherwood,North Dakota,3414,2023-08-01,Bus Passengers,21
Sherwood,North Dakota,3414,2024-04-01,Bus Passengers,43
Sherwood,North Dakota,3414,2024-12-01,Bus Passengers,9
Sherwood,North Dakota,3414,2025-01-01,Bus Passengers,27
Sherwood,North Dakota,3414,2019-02-01,Buses,1
Sherwood,North Dakota,3414,2023-02-01,Buses,1
Sherwood,North Dakota,3414,2023-06-01,Buses,1
Sherwood,North Dakota,3414,2023-08-01,Buses,2
Sherwood,North Dakota,3414,2024-04-01,Buses,2
Sherwood,North Dakota,3414,2024-12-01,Buses,1
Sherwood,North Dakota,3414,2025-01-01,Buses,1
Sherwood,North Dakota,3414,2019-01-01,Personal Vehicle Passengers,1716
Sherwood,North Dakota,3414,2019-02-01,Personal Vehicle Passengers,1801
Sherwood,North Dakota,3414,2019-03-01,Personal Vehicle Passengers,2058
Sherwood,North Dakota,3414,2019-04-01,Personal Vehicle Passengers,2106
Sherwood,North Dakota,3414,2019-05-01,Personal Vehicle Passengers,2333
Sherwood,North Dakota,3414,2019-06-01,Personal Vehicle Passengers,2374
Sherwood,North Dakota,3414,2019-07-01,Personal Vehicle Passengers,3055
Sherwood,North Dakota,3414,2019-08-01,Personal Vehicle Passengers,3253
Sherwood,North Dakota,3414,2019-09-01,Personal Vehicle Passengers,2185
Sherwood,North Dakota,3414,2019-10-01,Personal Vehicle Passengers,2175
Sherwood,North Dakota,3414,2019-11-01,Personal Vehicle Passengers,2249
Sherwood,North Dakota,3414,2019-12-01,Personal Vehicle Passengers,2783
Sherwood,North Dakota,3414,2020-01-01,Personal Vehicle Passengers,1990
Sherwood,North Dakota,3414,2020-02-01,Personal Vehicle Passengers,2220
Sherwood,North Dakota,3414,2020-03-01,Personal Vehicle Passengers,989
Sherwood,North Dakota,3414,2020-04-01,Personal Vehicle Passengers,42
Sherwood,North Dakota,3414,2020-05-01,Personal Vehicle Passengers,143
Sherwood,North Dakota,3414,2020-06-01,Personal Vehicle Passengers,146
Sherwood,North Dakota,3414,2020-07-01,Personal Vehicle Passengers,197
Sherwood,North Dakota,3414,2020-08-01,Personal Vehicle Passengers,233
Sherwood,North Dakota,3414,2020-09-01,Personal Vehicle Passengers,176
Sherwood,North Dakota,3414,2020-10-01,Personal Vehicle Passengers,146
Sherwood,North Dakota,3414,2020-11-01,Personal Vehicle Passengers,58
Sherwood,North Dakota,3414,2020-12-01,Personal Vehicle Passengers,86
Sherwood,North Dakota,3414,2021-01-01,Personal Vehicle Passengers,71
Sherwood,North Dakota,3414,2021-02-01,Personal Vehicle Passengers,41
Sherwood,North Dakota,3414,2021-03-01,Personal Vehicle Passengers,63
Sherwood,North Dakota,3414,2021-04-01,Personal Vehicle Passengers,140
Sherwood,North Dakota,3414,2021-05-01,Personal Vehicle Passengers,170
Sherwood,North Dakota,3414,2021-06-01,Personal Vehicle Passengers,152
Sherwood,North Dakota,3414,2021-07-01,Personal Vehicle Passengers,257
Sherwood,North Dakota,3414,2021-08-01,Personal Vehicle Passengers,276
Sherwood,North Dakota,3414,2021-09-01,Personal Vehicle Passengers,274
Sherwood,North Dakota,3414,2021-10-01,Personal Vehicle Passengers,321
Sherwood,North Dakota,3414,2021-11-01,Personal Vehicle Passengers,406
Sherwood,North Dakota,3414,2021-12-01,Personal Vehicle Passengers,776
Sherwood,North Dakota,3414,2022-01-01,Personal Vehicle Passengers,244
Sherwood,North Dakota,3414,2022-02-01,Personal Vehicle Passengers,353
Sherwood,North Dakota,3414,2022-03-01,Personal Vehicle Passengers,396
Sherwood,North Dakota,3414,2022-04-01,Personal Vehicle Passengers,934
Sherwood,North Dakota,3414,2022-05-01,Personal Vehicle Passengers,1051
Sherwood,North Dakota,3414,2022-06-01,Personal Vehicle Passengers,982
Sherwood,North Dakota,3414,2022-07-01,Personal Vehicle Passengers,1279
Sherwood,North Dakota,3414,2022-08-01,Personal Vehicle Passengers,1292
Sherwood,North Dakota,3414,2022-09-01,Personal Vehicle Passengers,1006
Sherwood,North Dakota,3414,2022-10-01,Personal Vehicle Passengers,1405
Sherwood,North Dakota,3414,2022-11-01,Personal Vehicle Passengers,1295
Sherwood,North Dakota,3414,2022-12-01,Personal Vehicle Passengers,1421
Sherwood,North Dakota,3414,2023-01-01,Personal Vehicle Passengers,1087
Sherwood,North Dakota,3414,2023-02-01,Personal Vehicle Passengers,1218
Sherwood,North Dakota,3414,2023-03-01,Personal Vehicle Passengers,1205
Sherwood,North Dakota,3414,2023-04-01,Personal Vehicle Passengers,1535
Sherwood,North Dakota,3414,2023-05-01,Personal Vehicle Passengers,1660
Sherwood,North Dakota,3414,2023-06-01,Personal Vehicle Passengers,1786
Sherwood,North Dakota,3414,2023-07-01,Personal Vehicle Passengers,2860
Sherwood,North Dakota,3414,2023-08-01,Personal Vehicle Passengers,2702
Sherwood,North Dakota,3414,2023-09-01,Personal Vehicle Passengers,2130
Sherwood,North Dakota,3414,2023-10-01,Personal Vehicle Passengers,2021
Sherwood,North Dakota,3414,2023-11-01,Personal Vehicle Passengers,1813
Sherwood,North Dakota,3414,2023-12-01,Personal Vehicle Passengers,2296
Sherwood,North Dakota,3414,2024-01-01,Personal Vehicle Passengers,1518
Sherwood,North Dakota,3414,2024-02-01,Personal Vehicle Passengers,1800
Sherwood,North Dakota,3414,2024-03-01,Personal Vehicle Passengers,1594
Sherwood,North Dakota,3414,2024-04-01,Personal Vehicle Passengers,2025
Sherwood,North Dakota,3414,2024-05-01,Personal Vehicle Passengers,1911
Sherwood,North Dakota,3414,2024-06-01,Personal Vehicle Passengers,2199
Sherwood,North Dakota,3414,2024-07-01,Personal Vehicle Passengers,3031
Sherwood,North Dakota,3414,2024-08-01,Personal Vehicle Passengers,3253
Sherwood,North Dakota,3414,2024-09-01,Personal Vehicle Passengers,2114
Sherwood,North Dakota,3414,2024-10-01,Personal Vehicle Passengers,2112
Sherwood,North Dakota,3414,2024-11-01,Personal Vehicle Passengers,2033
Sherwood,North Dakota,3414,2024-12-01,Personal Vehicle Passengers,2100
Sherwood,North Dakota,3414,2025-01-01,Personal Vehicle Passengers,1592
Sherwood,North Dakota,3414,2025-02-01,Personal Vehicle Passengers,1465
Sherwood,North Dakota,3414,2025-03-01,Personal Vehicle Passengers,1218
Sherwood,North Dakota,3414,2025-04-01,Personal Vehicle Passengers,1562
Sherwood,North Dakota,3414,2025-05-01,Personal Vehicle Passengers,1515
Sherwood,North Dakota,3414,2025-06-01,Personal Vehicle Passengers,1592
Sherwood,North Dakota,3414,2025-07-01,Personal Vehicle Passengers,2325
Sherwood,North Dakota,3414,2025-08-01,Personal Vehicle Passengers,2272
Sherwood,North Dakota,3414,2025-09-01,Personal Vehicle Passengers,1552
Sherwood,North Dakota,3414,2025-10-01,Personal Vehicle Passengers,1699
Sherwood,North Dakota,3414,2025-11-01,Personal Vehicle Passengers,1556
Sherwood,North Dakota,3414,2025-12-01,Personal Vehicle Passengers,1628
Sherwood,North Dakota,3414,2026-01-01,Personal Vehicle Passengers,1448
Sherwood,North Dakota,3414,2026-02-01,Personal Vehicle Passengers,1323
Sherwood,North Dakota,3414,2026-03-01,Personal Vehicle Passengers,1218
Sherwood,North Dakota,3414,2026-04-01,Personal Vehicle Passengers,1653
Sherwood,North Dakota,3414,2026-05-01,Personal Vehicle Passengers,1467
Sherwood,North Dakota,3414,2026-06-01,Personal Vehicle Passengers,1714
Sherwood,North Dakota,3414,2026-07-01,Personal Vehicle Passengers,2680
Sherwood,North Dakota,3414,2019-01-01,Personal Vehicles,942
Sherwood,North Dakota,3414,2019-02-01,Personal Vehicles,917
Sherwood,North Dakota,3414,2019-03-01,Personal Vehicles,1110
Sherwood,North Dakota,3414,2019-04-01,Personal Vehicles,1185
Sherwood,North Dakota,3414,2019-05-01,Personal Vehicles,1317
Sherwood,North Dakota,3414,2019-06-01,Personal Vehicles,1303
Sherwood,North Dakota,3414,2019-07-01,Personal Vehicles,1603
Sherwood,North Dakota,3414,2019-08-01,Personal Vehicles,1632
Sherwood,North Dakota,3414,2019-09-01,Personal Vehicles,1280
Sherwood,North Dakota,3414,2019-10-01,Personal Vehicles,1246
Sherwood,North Dakota,3414,2019-11-01,Personal Vehicles,1158
Sherwood,North Dakota,3414,2019-12-01,Personal Vehicles,1417
Sherwood,North Dakota,3414,2020-01-01,Personal Vehicles,1022
Sherwood,North Dakota,3414,2020-02-01,Personal Vehicles,1089
Sherwood,North Dakota,3414,2020-03-01,Personal Vehicles,592
Sherwood,North Dakota,3414,2020-04-01,Personal Vehicles,35
Sherwood,North Dakota,3414,2020-05-01,Personal Vehicles,123
Sherwood,North Dakota,3414,2020-06-01,Personal Vehicles,126
Sherwood,North Dakota,3414,2020-07-01,Personal Vehicles,171
Sherwood,North Dakota,3414,2020-08-01,Personal Vehicles,203
Sherwood,North Dakota,3414,2020-09-01,Personal Vehicles,154
Sherwood,North Dakota,3414,2020-10-01,Personal Vehicles,135
Sherwood,North Dakota,3414,2020-11-01,Personal Vehicles,58
Sherwood,North Dakota,3414,2020-12-01,Personal Vehicles,72
Sherwood,North Dakota,3414,2021-01-01,Personal Vehicles,65
Sherwood,North Dakota,3414,2021-02-01,Personal Vehicles,38
Sherwood,North Dakota,3414,2021-03-01,Personal Vehicles,57
Sherwood,North Dakota,3414,2021-04-01,Personal Vehicles,120
Sherwood,North Dakota,3414,2021-05-01,Personal Vehicles,152
Sherwood,North Dakota,3414,2021-06-01,Personal Vehicles,127
Sherwood,North Dakota,3414,2021-07-01,Personal Vehicles,202
Sherwood,North Dakota,3414,2021-08-01,Personal Vehicles,203
Sherwood,North Dakota,3414,2021-09-01,Personal Vehicles,211
Sherwood,North Dakota,3414,2021-10-01,Personal Vehicles,222
Sherwood,North Dakota,3414,2021-11-01,Personal Vehicles,259
Sherwood,North Dakota,3414,2021-12-01,Personal Vehicles,474
Sherwood,North Dakota,3414,2022-01-01,Personal Vehicles,159
Sherwood,North Dakota,3414,2022-02-01,Personal Vehicles,191
Sherwood,North Dakota,3414,2022-03-01,Personal Vehicles,230
Sherwood,North Dakota,3414,2022-04-01,Personal Vehicles,516
Sherwood,North Dakota,3414,2022-05-01,Personal Vehicles,606
Sherwood,North Dakota,3414,2022-06-01,Personal Vehicles,600
Sherwood,North Dakota,3414,2022-07-01,Personal Vehicles,698
Sherwood,North Dakota,3414,2022-08-01,Personal Vehicles,712
Sherwood,North Dakota,3414,2022-09-01,Personal Vehicles,589
Sherwood,North Dakota,3414,2022-10-01,Personal Vehicles,790
Sherwood,North Dakota,3414,2022-11-01,Personal Vehicles,719
Sherwood,North Dakota,3414,2022-12-01,Personal Vehicles,771
Sherwood,North Dakota,3414,2023-01-01,Personal Vehicles,597
Sherwood,North Dakota,3414,2023-02-01,Personal Vehicles,629
Sherwood,North Dakota,3414,2023-03-01,Personal Vehicles,661
Sherwood,North Dakota,3414,2023-04-01,Personal Vehicles,846
Sherwood,North Dakota,3414,2023-05-01,Personal Vehicles,958
Sherwood,North Dakota,3414,2023-06-01,Personal Vehicles,993
Sherwood,North Dakota,3414,2023-07-01,Personal Vehicles,1397
Sherwood,North Dakota,3414,2023-08-01,Personal Vehicles,1331
Sherwood,North Dakota,3414,2023-09-01,Personal Vehicles,1163
Sherwood,North Dakota,3414,2023-10-01,Personal Vehicles,1057
Sherwood,North Dakota,3414,2023-11-01,Personal Vehicles,988
Sherwood,North Dakota,3414,2023-12-01,Personal Vehicles,1157
Sherwood,North Dakota,3414,2024-01-01,Personal Vehicles,802
Sherwood,North Dakota,3414,2024-02-01,Personal Vehicles,915
Sherwood,North Dakota,3414,2024-03-01,Personal Vehicles,840
Sherwood,North Dakota,3414,2024-04-01,Personal Vehicles,1072
Sherwood,North Dakota,3414,2024-05-01,Personal Vehicles,1076
Sherwood,North Dakota,3414,2024-06-01,Personal Vehicles,1156
Sherwood,North Dakota,3414,2024-07-01,Personal Vehicles,1510
Sherwood,North Dakota,3414,2024-08-01,Personal Vehicles,1578
Sherwood,North Dakota,3414,2024-09-01,Personal Vehicles,1120
Sherwood,North Dakota,3414,2024-10-01,Personal Vehicles,1130
Sherwood,North Dakota,3414,2024-11-01,Personal Vehicles,1056
Sherwood,North Dakota,3414,2024-12-01,Personal Vehicles,1099
Sherwood,North Dakota,3414,2025-01-01,Personal Vehicles,842
Sherwood,North Dakota,3414,2025-02-01,Personal Vehicles,752
Sherwood,North Dakota,3414,2025-03-01,Personal Vehicles,680
Sherwood,North Dakota,3414,2025-04-01,Personal Vehicles,793
Sherwood,North Dakota,3414,2025-05-01,Personal Vehicles,826
Sherwood,North Dakota,3414,2025-06-01,Personal Vehicles,882
Sherwood,North Dakota,3414,2025-07-01,Personal Vehicles,1184
Sherwood,North Dakota,3414,2025-08-01,Personal Vehicles,1164
Sherwood,North Dakota,3414,2025-09-01,Personal Vehicles,857
Sherwood,North Dakota,3414,2025-10-01,Personal Vehicles,904
Sherwood,North Dakota,3414,2025-11-01,Personal Vehicles,837
Sherwood,North Dakota,3414,2025-12-01,Personal Vehicles,836
Sherwood,North Dakota,3414,2026-01-01,Personal Vehicles,718
Sherwood,North Dakota,3414,2026-02-01,Personal Vehicles,700
Sherwood,North Dakota,3414,2026-03-01,Personal Vehicles,695
Sherwood,North Dakota,3414,2026-04-01,Personal Vehicles,854
Sherwood,North Dakota,3414,2026-05-01,Personal Vehicles,814
Sherwood,North Dakota,3414,2026-06-01,Personal Vehicles,942
Sherwood,North Dakota,3414,2026-07-01,Personal Vehicles,1322
St John,North Dakota,3405,2019-01-01,Bus Passengers,28
St John,North Dakota,3405,2019-03-01,Bus Passengers,31
St John,North Dakota,3405,2019-05-01,Bus Passengers,24
St John,North Dakota,3405,2019-06-01,Bus Passengers,47
St John,North Dakota,3405,2019-07-01,Bus Passengers,26
St John,North Dakota,3405,2019-09-01,Bus Passengers,11
St John,North Dakota,3405,2019-11-01,Bus Passengers,48
St John,North Dakota,3405,2020-02-01,Bus Passengers,47
St John,North Dakota,3405,2020-03-01,Bus Passengers,21
St John,North Dakota,3405,2023-09-01,Bus Passengers,21
St John,North Dakota,3405,2019-01-01,Buses,2
St John,North Dakota,3405,2019-03-01,Buses,3
St John,North Dakota,3405,2019-05-01,Buses,1
St John,North Dakota,3405,2019-06-01,Buses,3
St John,North Dakota,3405,2019-07-01,Buses,2
St John,North Dakota,3405,2019-09-01,Buses,1
St John,North Dakota,3405,2019-11-01,Buses,3
St John,North Dakota,3405,2020-02-01,Buses,2
St John,North Dakota,3405,2020-03-01,Buses,1
St John,North Dakota,3405,2023-09-01,Buses,1
St John,North Dakota,3405,2019-01-01,Personal Vehicle Passengers,1230
St John,North Dakota,3405,2019-02-01,Personal Vehicle Passengers,1324
St John,North Dakota,3405,2019-03-01,Personal Vehicle Passengers,1772
St John,North Dakota,3405,2019-04-01,Personal Vehicle Passengers,1838
St John,North Dakota,3405,2019-05-01,Personal Vehicle Passengers,2099
St John,North Dakota,3405,2019-06-01,Personal Vehicle Passengers,2528
St John,North Dakota,3405,2019-07-01,Personal Vehicle Passengers,2988
St John,North Dakota,3405,2019-08-01,Personal Vehicle Passengers,3229
St John,North Dakota,3405,2019-09-01,Personal Vehicle Passengers,2332
St John,North Dakota,3405,2019-10-01,Personal Vehicle Passengers,1724
St John,North Dakota,3405,2019-11-01,Personal Vehicle Passengers,1551
St John,North Dakota,3405,2019-12-01,Personal Vehicle Passengers,1966
St John,North Dakota,3405,2020-01-01,Personal Vehicle Passengers,1393
St John,North Dakota,3405,2020-02-01,Personal Vehicle Passengers,1576
St John,North Dakota,3405,2020-03-01,Personal Vehicle Passengers,759
St John,North Dakota,3405,2020-04-01,Personal Vehicle Passengers,42
St John,North Dakota,3405,2020-05-01,Personal Vehicle Passengers,60
St John,North Dakota,3405,2020-06-01,Personal Vehicle Passengers,94
St John,North Dakota,3405,2020-07-01,Personal Vehicle Passengers,113
St John,North Dakota,3405,2020-08-01,Personal Vehicle Passengers,161
St John,North Dakota,3405,2020-09-01,Personal Vehicle Passengers,98
St John,North Dakota,3405,2020-10-01,Personal Vehicle Passengers,77
St John,North Dakota,3405,2020-11-01,Personal Vehicle Passengers,50
St John,North Dakota,3405,2020-12-01,Personal Vehicle Passengers,72
St John,North Dakota,3405,2021-01-01,Personal Vehicle Passengers,53
St John,North Dakota,3405,2021-02-01,Personal Vehicle Passengers,40
St John,North Dakota,3405,2021-03-01,Personal Vehicle Passengers,71
St John,North Dakota,3405,2021-04-01,Personal Vehicle Passengers,75
St John,North Dakota,3405,2021-05-01,Personal Vehicle Passengers,64
St John,North Dakota,3405,2021-06-01,Personal Vehicle Passengers,64
St John,North Dakota,3405,2021-07-01,Personal Vehicle Passengers,87
St John,North Dakota,3405,2021-08-01,Personal Vehicle Passengers,147
St John,North Dakota,3405,2021-09-01,Personal Vehicle Passengers,144
St John,North Dakota,3405,2021-10-01,Personal Vehicle Passengers,135
St John,North Dakota,3405,2021-11-01,Personal Vehicle Passengers,146
St John,North Dakota,3405,2021-12-01,Personal Vehicle Passengers,290
St John,North Dakota,3405,2022-01-01,Personal Vehicle Passengers,101
St John,North Dakota,3405,2022-02-01,Personal Vehicle Passengers,105
St John,North Dakota,3405,2022-03-01,Personal Vehicle Passengers,165
St John,North Dakota,3405,2022-04-01,Personal Vehicle Passengers,299
St John,North Dakota,3405,2022-05-01,Personal Vehicle Passengers,474
St John,North Dakota,3405,2022-06-01,Personal Vehicle Passengers,564
St John,North Dakota,3405,2022-07-01,Personal Vehicle Passengers,782
St John,North Dakota,3405,2022-08-01,Personal Vehicle Passengers,870
St John,North Dakota,3405,2022-09-01,Personal Vehicle Passengers,671
St John,North Dakota,3405,2022-10-01,Personal Vehicle Passengers,715
St John,North Dakota,3405,2022-11-01,Personal Vehicle Passengers,617
St John,North Dakota,3405,2022-12-01,Personal Vehicle Passengers,535
St John,North Dakota,3405,2023-01-01,Personal Vehicle Passengers,501
St John,North Dakota,3405,2023-02-01,Personal Vehicle Passengers,532
St John,North Dakota,3405,2023-03-01,Personal Vehicle Passengers,641
St John,North Dakota,3405,2023-04-01,Personal Vehicle Passengers,581
St John,North Dakota,3405,2023-05-01,Personal Vehicle Passengers,911
St John,North Dakota,3405,2023-06-01,Personal Vehicle Passengers,1174
St John,North Dakota,3405,2023-07-01,Personal Vehicle Passengers,1438
St John,North Dakota,3405,2023-08-01,Personal Vehicle Passengers,1360
St John,North Dakota,3405,2023-09-01,Personal Vehicle Passengers,1097
St John,North Dakota,3405,2023-10-01,Personal Vehicle Passengers,957
St John,North Dakota,3405,2023-11-01,Personal Vehicle Passengers,888
St John,North Dakota,3405,2023-12-01,Personal Vehicle Passengers,1010
St John,North Dakota,3405,2024-01-01,Personal Vehicle Passengers,690
St John,North Dakota,3405,2024-02-01,Personal Vehicle Passengers,818
St John,North Dakota,3405,2024-03-01,Personal Vehicle Passengers,896
St John,North Dakota,3405,2024-04-01,Personal Vehicle Passengers,947
St John,North Dakota,3405,2024-05-01,Personal Vehicle Passengers,1004
St John,North Dakota,3405,2024-06-01,Personal Vehicle Passengers,1233
St John,North Dakota,3405,2024-07-01,Personal Vehicle Passengers,1589
St John,North Dakota,3405,2024-08-01,Personal Vehicle Passengers,1843
St John,North Dakota,3405,2024-09-01,Personal Vehicle Passengers,1145
St John,North Dakota,3405,2024-10-01,Personal Vehicle Passengers,1194
St John,North Dakota,3405,2024-11-01,Personal Vehicle Passengers,869
St John,North Dakota,3405,2024-12-01,Personal Vehicle Passengers,978
St John,North Dakota,3405,2025-01-01,Personal Vehicle Passengers,763
St John,North Dakota,3405,2025-02-01,Personal Vehicle Passengers,598
St John,North Dakota,3405,2025-03-01,Personal Vehicle Passengers,566
St John,North Dakota,3405,2025-04-01,Personal Vehicle Passengers,591
St John,North Dakota,3405,2025-05-01,Personal Vehicle Passengers,813
St John,North Dakota,3405,2025-06-01,Personal Vehicle Passengers,1019
St John,North Dakota,3405,2025-07-01,Personal Vehicle Passengers,1117
St John,North Dakota,3405,2025-08-01,Personal Vehicle Passengers,1117
St John,North Dakota,3405,2025-09-01,Personal Vehicle Passengers,920
St John,North Dakota,3405,2025-10-01,Personal Vehicle Passengers,766
St John,North Dakota,3405,2025-11-01,Personal Vehicle Passengers,733
St John,North Dakota,3405,2025-12-01,Personal Vehicle Passengers,656
St John,North Dakota,3405,2026-01-01,Personal Vehicle Passengers,589
St John,North Dakota,3405,2026-02-01,Personal Vehicle Passengers,630
St John,North Dakota,3405,2026-03-01,Personal Vehicle Passengers,656
St John,North Dakota,3405,2026-04-01,Personal Vehicle Passengers,694
St John,North Dakota,3405,2026-05-01,Personal Vehicle Passengers,813
St John,North Dakota,3405,2026-06-01,Personal Vehicle Passengers,941
St John,North Dakota,3405,2026-07-01,Personal Vehicle Passengers,1266
St John,North Dakota,3405,2019-01-01,Personal Vehicles,653
St John,North Dakota,3405,2019-02-01,Personal Vehicles,681
St John,North Dakota,3405,2019-03-01,Personal Vehicles,908
St John,North Dakota,3405,2019-04-01,Personal Vehicles,971
St John,North Dakota,3405,2019-05-01,Personal Vehicles,1142
St John,North Dakota,3405,2019-06-01,Personal Vehicles,1242
St John,North Dakota,3405,2019-07-01,Personal Vehicles,1467
St John,North Dakota,3405,2019-08-01,Personal Vehicles,1584
St John,North Dakota,3405,2019-09-01,Personal Vehicles,1221
St John,North Dakota,3405,2019-10-01,Personal Vehicles,937
St John,North Dakota,3405,2019-11-01,Personal Vehicles,828
St John,North Dakota,3405,2019-12-01,Personal Vehicles,1039
St John,North Dakota,3405,2020-01-01,Personal Vehicles,751
St John,North Dakota,3405,2020-02-01,Personal Vehicles,800
St John,North Dakota,3405,2020-03-01,Personal Vehicles,429
St John,North Dakota,3405,2020-04-01,Personal Vehicles,36
St John,North Dakota,3405,2020-05-01,Personal Vehicles,55
St John,North Dakota,3405,2020-06-01,Personal Vehicles,80
St John,North Dakota,3405,2020-07-01,Personal Vehicles,100
St John,North Dakota,3405,2020-08-01,Personal Vehicles,142
St John,North Dakota,3405,2020-09-01,Personal Vehicles,93
St John,North Dakota,3405,2020-10-01,Personal Vehicles,72
St John,North Dakota,3405,2020-11-01,Personal Vehicles,47
St John,North Dakota,3405,2020-12-01,Personal Vehicles,58
St John,North Dakota,3405,2021-01-01,Personal Vehicles,43
St John,North Dakota,3405,2021-02-01,Personal Vehicles,37
St John,North Dakota,3405,2021-03-01,Personal Vehicles,65
St John,North Dakota,3405,2021-04-01,Personal Vehicles,70
St John,North Dakota,3405,2021-05-01,Personal Vehicles,59
St John,North Dakota,3405,2021-06-01,Personal Vehicles,56
St John,North Dakota,3405,2021-07-01,Personal Vehicles,80
St John,North Dakota,3405,2021-08-01,Personal Vehicles,122
St John,North Dakota,3405,2021-09-01,Personal Vehicles,125
St John,North Dakota,3405,2021-10-01,Personal Vehicles,97
St John,North Dakota,3405,2021-11-01,Personal Vehicles,101
St John,North Dakota,3405,2021-12-01,Personal Vehicles,202
St John,North Dakota,3405,2022-01-01,Personal Vehicles,69
St John,North Dakota,3405,2022-02-01,Personal Vehicles,71
St John,North Dakota,3405,2022-03-01,Personal Vehicles,100
St John,North Dakota,3405,2022-04-01,Personal Vehicles,189
St John,North Dakota,3405,2022-05-01,Personal Vehicles,283
St John,North Dakota,3405,2022-06-01,Personal Vehicles,333
St John,North Dakota,3405,2022-07-01,Personal Vehicles,454
St John,North Dakota,3405,2022-08-01,Personal Vehicles,504
St John,North Dakota,3405,2022-09-01,Personal Vehicles,412
St John,North Dakota,3405,2022-10-01,Personal Vehicles,430
St John,North Dakota,3405,2022-11-01,Personal Vehicles,336
St John,North Dakota,3405,2022-12-01,Personal Vehicles,316
St John,North Dakota,3405,2023-01-01,Personal Vehicles,291
St John,North Dakota,3405,2023-02-01,Personal Vehicles,307
St John,North Dakota,3405,2023-03-01,Personal Vehicles,375
St John,North Dakota,3405,2023-04-01,Personal Vehicles,343
St John,North Dakota,3405,2023-05-01,Personal Vehicles,547
St John,North Dakota,3405,2023-06-01,Personal Vehicles,699
St John,North Dakota,3405,2023-07-01,Personal Vehicles,773
St John,North Dakota,3405,2023-08-01,Personal Vehicles,753
St John,North Dakota,3405,2023-09-01,Personal Vehicles,641
St John,North Dakota,3405,2023-10-01,Personal Vehicles,565
St John,North Dakota,3405,2023-11-01,Personal Vehicles,482
St John,North Dakota,3405,2023-12-01,Personal Vehicles,568
St John,North Dakota,3405,2024-01-01,Personal Vehicles,397
St John,North Dakota,3405,2024-02-01,Personal Vehicles,433
St John,North Dakota,3405,2024-03-01,Personal Vehicles,487
St John,North Dakota,3405,2024-04-01,Personal Vehicles,568
St John,North Dakota,3405,2024-05-01,Personal Vehicles,607
St John,North Dakota,3405,2024-06-01,Personal Vehicles,696
St John,North Dakota,3405,2024-07-01,Personal Vehicles,852
St John,North Dakota,3405,2024-08-01,Personal Vehicles,990
St John,North Dakota,3405,2024-09-01,Personal Vehicles,694
St John,North Dakota,3405,2024-10-01,Personal Vehicles,692
St John,North Dakota,3405,2024-11-01,Personal Vehicles,457
St John,North Dakota,3405,2024-12-01,Personal Vehicles,560
St John,North Dakota,3405,2025-01-01,Personal Vehicles,436
St John,North Dakota,3405,2025-02-01,Personal Vehicles,334
St John,North Dakota,3405,2025-03-01,Personal Vehicles,355
St John,North Dakota,3405,2025-04-01,Personal Vehicles,358
St John,North Dakota,3405,2025-05-01,Personal Vehicles,495
St John,North Dakota,3405,2025-06-01,Personal Vehicles,584
St John,North Dakota,3405,2025-07-01,Personal Vehicles,637
St John,North Dakota,3405,2025-08-01,Personal Vehicles,648
St John,North Dakota,3405,2025-09-01,Personal Vehicles,572
St John,North Dakota,3405,2025-10-01,Personal Vehicles,441
St John,North Dakota,3405,2025-11-01,Personal Vehicles,394
St John,North Dakota,3405,2025-12-01,Personal Vehicles,385
St John,North Dakota,3405,2026-01-01,Personal Vehicles,327
St John,North Dakota,3405,2026-02-01,Personal Vehicles,347
St John,North Dakota,3405,2026-03-01,Personal Vehicles,380
St John,North Dakota,3405,2026-04-01,Personal Vehicles,418
St John,North Dakota,3405,2026-05-01,Personal Vehicles,483
St John,North Dakota,3405,2026-06-01,Personal Vehicles,573
St John,North Dakota,3405,2026-07-01,Personal Vehicles,693
Walhalla,North Dakota,3407,2019-06-01,Bus Passengers,27
Walhalla,North Dakota,3407,2019-09-01,Bus Passengers,18
Walhalla,North Dakota,3407,2019-10-01,Bus Passengers,14
Walhalla,North Dakota,3407,2025-11-01,Bus Passengers,20
Walhalla,North Dakota,3407,2026-02-01,Bus Passengers,14
Walhalla,North Dakota,3407,2019-06-01,Buses,1
Walhalla,North Dakota,3407,2019-09-01,Buses,1
Walhalla,North Dakota,3407,2019-10-01,Buses,1
Walhalla,North Dakota,3407,2024-11-01,Buses,2
Walhalla,North Dakota,3407,2025-11-01,Buses,2
Walhalla,North Dakota,3407,2026-02-01,Buses,1
Walhalla,North Dakota,3407,2019-01-01,Personal Vehicle Passengers,3940
Walhalla,North Dakota,3407,2019-02-01,Personal Vehicle Passengers,3606
Walhalla,North Dakota,3407,2019-03-01,Personal Vehicle Passengers,4613
Walhalla,North Dakota,3407,2019-04-01,Personal Vehicle Passengers,4606
Walhalla,North Dakota,3407,2019-05-01,Personal Vehicle Passengers,5842
Walhalla,North Dakota,3407,2019-06-01,Personal Vehicle Passengers,6259
Walhalla,North Dakota,3407,2019-07-01,Personal Vehicle Passengers,7839
Walhalla,North Dakota,3407,2019-08-01,Personal Vehicle Passengers,8370
Walhalla,North Dakota,3407,2019-09-01,Personal Vehicle Passengers,5101
Walhalla,North Dakota,3407,2019-10-01,Personal Vehicle Passengers,4073
Walhalla,North Dakota,3407,2019-11-01,Personal Vehicle Passengers,4509
Walhalla,North Dakota,3407,2019-12-01,Personal Vehicle Passengers,5419
Walhalla,North Dakota,3407,2020-01-01,Personal Vehicle Passengers,4264
Walhalla,North Dakota,3407,2020-02-01,Personal Vehicle Passengers,4795
Walhalla,North Dakota,3407,2020-03-01,Personal Vehicle Passengers,2234
Walhalla,North Dakota,3407,2020-04-01,Personal Vehicle Passengers,83
Walhalla,North Dakota,3407,2020-05-01,Personal Vehicle Passengers,127
Walhalla,North Dakota,3407,2020-06-01,Personal Vehicle Passengers,176
Walhalla,North Dakota,3407,2020-07-01,Personal Vehicle Passengers,208
Walhalla,North Dakota,3407,2020-08-01,Personal Vehicle Passengers,221
Walhalla,North Dakota,3407,2020-09-01,Personal Vehicle Passengers,247
Walhalla,North Dakota,3407,2020-10-01,Personal Vehicle Passengers,195
Walhalla,North Dakota,3407,2020-11-01,Personal Vehicle Passengers,181
Walhalla,North Dakota,3407,2020-12-01,Personal Vehicle Passengers,157
Walhalla,North Dakota,3407,2021-01-01,Personal Vehicle Passengers,152
Walhalla,North Dakota,3407,2021-02-01,Personal Vehicle Passengers,146
Walhalla,North Dakota,3407,2021-03-01,Personal Vehicle Passengers,171
Walhalla,North Dakota,3407,2021-04-01,Personal Vehicle Passengers,180
Walhalla,North Dakota,3407,2021-05-01,Personal Vehicle Passengers,171
Walhalla,North Dakota,3407,2021-06-01,Personal Vehicle Passengers,185
Walhalla,North Dakota,3407,2021-07-01,Personal Vehicle Passengers,169
Walhalla,North Dakota,3407,2021-08-01,Personal Vehicle Passengers,276
Walhalla,North Dakota,3407,2021-09-01,Personal Vehicle Passengers,245
Walhalla,North Dakota,3407,2021-10-01,Personal Vehicle Passengers,271
Walhalla,North Dakota,3407,2021-11-01,Personal Vehicle Passengers,385
Walhalla,North Dakota,3407,2021-12-01,Personal Vehicle Passengers,608
Walhalla,North Dakota,3407,2022-01-01,Personal Vehicle Passengers,238
Walhalla,North Dakota,3407,2022-02-01,Personal Vehicle Passengers,379
Walhalla,North Dakota,3407,2022-03-01,Personal Vehicle Passengers,558
Walhalla,North Dakota,3407,2022-04-01,Personal Vehicle Passengers,858
Walhalla,North Dakota,3407,2022-05-01,Personal Vehicle Passengers,1343
Walhalla,North Dakota,3407,2022-06-01,Personal Vehicle Passengers,1308
Walhalla,North Dakota,3407,2022-07-01,Personal Vehicle Passengers,1869
Walhalla,North Dakota,3407,2022-08-01,Personal Vehicle Passengers,1977
Walhalla,North Dakota,3407,2022-09-01,Personal Vehicle Passengers,1559
Walhalla,North Dakota,3407,2022-10-01,Personal Vehicle Passengers,1846
Walhalla,North Dakota,3407,2022-11-01,Personal Vehicle Passengers,1506
Walhalla,North Dakota,3407,2022-12-01,Personal Vehicle Passengers,1475
Walhalla,North Dakota,3407,2023-01-01,Personal Vehicle Passengers,1328
Walhalla,North Dakota,3407,2023-02-01,Personal Vehicle Passengers,1297
Walhalla,North Dakota,3407,2023-03-01,Personal Vehicle Passengers,1660
Walhalla,North Dakota,3407,2023-04-01,Personal Vehicle Passengers,1666
Walhalla,North Dakota,3407,2023-05-01,Personal Vehicle Passengers,2716
Walhalla,North Dakota,3407,2023-06-01,Personal Vehicle Passengers,3803
Walhalla,North Dakota,3407,2023-07-01,Personal Vehicle Passengers,4546
Walhalla,North Dakota,3407,2023-08-01,Personal Vehicle Passengers,4759
Walhalla,North Dakota,3407,2023-09-01,Personal Vehicle Passengers,3723
Walhalla,North Dakota,3407,2023-10-01,Personal Vehicle Passengers,2696
Walhalla,North Dakota,3407,2023-11-01,Personal Vehicle Passengers,2624
Walhalla,North Dakota,3407,2023-12-01,Personal Vehicle Passengers,4144
Walhalla,North Dakota,3407,2024-01-01,Personal Vehicle Passengers,2991
Walhalla,North Dakota,3407,2024-02-01,Personal Vehicle Passengers,3239
Walhalla,North Dakota,3407,2024-03-01,Personal Vehicle Passengers,3288
Walhalla,North Dakota,3407,2024-04-01,Personal Vehicle Passengers,3184
Walhalla,North Dakota,3407,2024-05-01,Personal Vehicle Passengers,3774
Walhalla,North Dakota,3407,2024-06-01,Personal Vehicle Passengers,4378
Walhalla,North Dakota,3407,2024-07-01,Personal Vehicle Passengers,4906
Walhalla,North Dakota,3407,2024-08-01,Personal Vehicle Passengers,6054
Walhalla,North Dakota,3407,2024-09-01,Personal Vehicle Passengers,4111
Walhalla,North Dakota,3407,2024-10-01,Personal Vehicle Passengers,3179
Walhalla,North Dakota,3407,2024-11-01,Personal Vehicle Passengers,3018
Walhalla,North Dakota,3407,2024-12-01,Personal Vehicle Passengers,4635
Walhalla,North Dakota,3407,2025-01-01,Personal Vehicle Passengers,3363
Walhalla,North Dakota,3407,2025-02-01,Personal Vehicle Passengers,2892
Walhalla,North Dakota,3407,2025-03-01,Personal Vehicle Passengers,2891
Walhalla,North Dakota,3407,2025-04-01,Personal Vehicle Passengers,2286
Walhalla,North Dakota,3407,2025-05-01,Personal Vehicle Passengers,2899
Walhalla,North Dakota,3407,2025-06-01,Personal Vehicle Passengers,3491
Walhalla,North Dakota,3407,2025-07-01,Personal Vehicle Passengers,4476
Walhalla,North Dakota,3407,2025-08-01,Personal Vehicle Passengers,4760
Walhalla,North Dakota,3407,2025-09-01,Personal Vehicle Passengers,3546
Walhalla,North Dakota,3407,2025-10-01,Personal Vehicle Passengers,2958
Walhalla,North Dakota,3407,2025-11-01,Personal Vehicle Passengers,2892
Walhalla,North Dakota,3407,2025-12-01,Personal Vehicle Passengers,3554
Walhalla,North Dakota,3407,2026-01-01,Personal Vehicle Passengers,3090
Walhalla,North Dakota,3407,2026-02-01,Personal Vehicle Passengers,2744
Walhalla,North Dakota,3407,2026-03-01,Personal Vehicle Passengers,3237
Walhalla,North Dakota,3407,2026-04-01,Personal Vehicle Passengers,3357
Walhalla,North Dakota,3407,2026-05-01,Personal Vehicle Passengers,4117
Walhalla,North Dakota,3407,2026-06-01,Personal Vehicle Passengers,3857
Walhalla,North Dakota,3407,2026-07-01,Personal Vehicle Passengers,6358
Walhalla,North Dakota,3407,2019-01-01,Personal Vehicles,2160
Walhalla,North Dakota,3407,2019-02-01,Personal Vehicles,1935
Walhalla,North Dakota,3407,2019-03-01,Personal Vehicles,2399
Walhalla,North Dakota,3407,2019-04-01,Personal Vehicles,2674
Walhalla,North Dakota,3407,2019-05-01,Personal Vehicles,3235
Walhalla,North Dakota,3407,2019-06-01,Personal Vehicles,3246
Walhalla,North Dakota,3407,2019-07-01,Personal Vehicles,3801
Walhalla,North Dakota,3407,2019-08-01,Personal Vehicles,3928
Walhalla,North Dakota,3407,2019-09-01,Personal Vehicles,2802
Walhalla,North Dakota,3407,2019-10-01,Personal Vehicles,2332
Walhalla,North Dakota,3407,2019-11-01,Personal Vehicles,2415
Walhalla,North Dakota,3407,2019-12-01,Personal Vehicles,2943
Walhalla,North Dakota,3407,2020-01-01,Personal Vehicles,2233
Walhalla,North Dakota,3407,2020-02-01,Personal Vehicles,2478
Walhalla,North Dakota,3407,2020-03-01,Personal Vehicles,1288
Walhalla,North Dakota,3407,2020-04-01,Personal Vehicles,79
Walhalla,North Dakota,3407,2020-05-01,Personal Vehicles,116
Walhalla,North Dakota,3407,2020-06-01,Personal Vehicles,159
Walhalla,North Dakota,3407,2020-07-01,Personal Vehicles,192
Walhalla,North Dakota,3407,2020-08-01,Personal Vehicles,204
Walhalla,North Dakota,3407,2020-09-01,Personal Vehicles,229
Walhalla,North Dakota,3407,2020-10-01,Personal Vehicles,176
Walhalla,North Dakota,3407,2020-11-01,Personal Vehicles,166
Walhalla,North Dakota,3407,2020-12-01,Personal Vehicles,148
Walhalla,North Dakota,3407,2021-01-01,Personal Vehicles,140
Walhalla,North Dakota,3407,2021-02-01,Personal Vehicles,136
Walhalla,North Dakota,3407,2021-03-01,Personal Vehicles,170
Walhalla,North Dakota,3407,2021-04-01,Personal Vehicles,171
Walhalla,North Dakota,3407,2021-05-01,Personal Vehicles,163
Walhalla,North Dakota,3407,2021-06-01,Personal Vehicles,175
Walhalla,North Dakota,3407,2021-07-01,Personal Vehicles,154
Walhalla,North Dakota,3407,2021-08-01,Personal Vehicles,237
Walhalla,North Dakota,3407,2021-09-01,Personal Vehicles,218
Walhalla,North Dakota,3407,2021-10-01,Personal Vehicles,220
Walhalla,North Dakota,3407,2021-11-01,Personal Vehicles,275
Walhalla,North Dakota,3407,2021-12-01,Personal Vehicles,420
Walhalla,North Dakota,3407,2022-01-01,Personal Vehicles,159
Walhalla,North Dakota,3407,2022-02-01,Personal Vehicles,272
Walhalla,North Dakota,3407,2022-03-01,Personal Vehicles,310
Walhalla,North Dakota,3407,2022-04-01,Personal Vehicles,543
Walhalla,North Dakota,3407,2022-05-01,Personal Vehicles,837
Walhalla,North Dakota,3407,2022-06-01,Personal Vehicles,809
Walhalla,North Dakota,3407,2022-07-01,Personal Vehicles,980
Walhalla,North Dakota,3407,2022-08-01,Personal Vehicles,1070
Walhalla,North Dakota,3407,2022-09-01,Personal Vehicles,925
Walhalla,North Dakota,3407,2022-10-01,Personal Vehicles,1103
Walhalla,North Dakota,3407,2022-11-01,Personal Vehicles,857
Walhalla,North Dakota,3407,2022-12-01,Personal Vehicles,847
Walhalla,North Dakota,3407,2023-01-01,Personal Vehicles,770
Walhalla,North Dakota,3407,2023-02-01,Personal Vehicles,771
Walhalla,North Dakota,3407,2023-03-01,Personal Vehicles,958
Walhalla,North Dakota,3407,2023-04-01,Personal Vehicles,985
Walhalla,North Dakota,3407,2023-05-01,Personal Vehicles,1529
Walhalla,North Dakota,3407,2023-06-01,Personal Vehicles,2030
Walhalla,North Dakota,3407,2023-07-01,Personal Vehicles,2276
Walhalla,North Dakota,3407,2023-08-01,Personal Vehicles,2448
Walhalla,North Dakota,3407,2023-09-01,Personal Vehicles,2020
Walhalla,North Dakota,3407,2023-10-01,Personal Vehicles,1460
Walhalla,North Dakota,3407,2023-11-01,Personal Vehicles,1447
Walhalla,North Dakota,3407,2023-12-01,Personal Vehicles,2045
Walhalla,North Dakota,3407,2024-01-01,Personal Vehicles,1505
Walhalla,North Dakota,3407,2024-02-01,Personal Vehicles,1572
Walhalla,North Dakota,3407,2024-03-01,Personal Vehicles,1693
Walhalla,North Dakota,3407,2024-04-01,Personal Vehicles,1786
Walhalla,North Dakota,3407,2024-05-01,Personal Vehicles,2066
Walhalla,North Dakota,3407,2024-06-01,Personal Vehicles,2327
Walhalla,North Dakota,3407,2024-07-01,Personal Vehicles,2457
Walhalla,North Dakota,3407,2024-08-01,Personal Vehicles,2910
Walhalla,North Dakota,3407,2024-09-01,Personal Vehicles,2205
Walhalla,North Dakota,3407,2024-10-01,Personal Vehicles,1746
Walhalla,North Dakota,3407,2024-11-01,Personal Vehicles,1633
Walhalla,North Dakota,3407,2024-12-01,Personal Vehicles,2289
Walhalla,North Dakota,3407,2025-01-01,Personal Vehicles,1750
Walhalla,North Dakota,3407,2025-02-01,Personal Vehicles,1590
Walhalla,North Dakota,3407,2025-03-01,Personal Vehicles,1615
Walhalla,North Dakota,3407,2025-04-01,Personal Vehicles,1287
Walhalla,North Dakota,3407,2025-05-01,Personal Vehicles,1604
Walhalla,North Dakota,3407,2025-06-01,Personal Vehicles,1966
Walhalla,North Dakota,3407,2025-07-01,Personal Vehicles,2294
Walhalla,North Dakota,3407,2025-08-01,Personal Vehicles,2356
Walhalla,North Dakota,3407,2025-09-01,Personal Vehicles,1976
Walhalla,North Dakota,3407,2025-10-01,Personal Vehicles,1645
Walhalla,North Dakota,3407,2025-11-01,Personal Vehicles,1565
Walhalla,North Dakota,3407,2025-12-01,Personal Vehicles,1815
Walhalla,North Dakota,3407,2026-01-01,Personal Vehicles,1546
Walhalla,North Dakota,3407,2026-02-01,Personal Vehicles,1407
Walhalla,North Dakota,3407,2026-03-01,Personal Vehicles,1729
Walhalla,North Dakota,3407,2026-04-01,Personal Vehicles,1946
Walhalla,North Dakota,3407,2026-05-01,Personal Vehicles,2340
Walhalla,North Dakota,3407,2026-06-01,Personal Vehicles,2183
Walhalla,North Dakota,3407,2026-07-01,Personal Vehicles,3092
Westhope,North Dakota,3419,2019-01-01,Personal Vehicle Passengers,1127
Westhope,North Dakota,3419,2019-02-01,Personal Vehicle Passengers,1176
Westhope,North Dakota,3419,2019-03-01,Personal Vehicle Passengers,1365
Westhope,North Dakota,3419,2019-04-01,Personal Vehicle Passengers,1057
Westhope,North Dakota,3419,2019-05-01,Personal Vehicle Passengers,1275
Westhope,North Dakota,3419,2019-06-01,Personal Vehicle Passengers,1730
Westhope,North Dakota,3419,2019-07-01,Personal Vehicle Passengers,2293
Westhope,North Dakota,3419,2019-08-01,Personal Vehicle Passengers,2288
Westhope,North Dakota,3419,2019-09-01,Personal Vehicle Passengers,1377
Westhope,North Dakota,3419,2019-10-01,Personal Vehicle Passengers,1346
Westhope,North Dakota,3419,2019-11-01,Personal Vehicle Passengers,1171
Westhope,North Dakota,3419,2019-12-01,Personal Vehicle Passengers,1516
Westhope,North Dakota,3419,2020-01-01,Personal Vehicle Passengers,1168
Westhope,North Dakota,3419,2020-02-01,Personal Vehicle Passengers,1456
Westhope,North Dakota,3419,2020-03-01,Personal Vehicle Passengers,614
Westhope,North Dakota,3419,2020-04-01,Personal Vehicle Passengers,23
Westhope,North Dakota,3419,2020-05-01,Personal Vehicle Passengers,33
Westhope,North Dakota,3419,2020-06-01,Personal Vehicle Passengers,43
Westhope,North Dakota,3419,2020-07-01,Personal Vehicle Passengers,51
Westhope,North Dakota,3419,2020-08-01,Personal Vehicle Passengers,53
Westhope,North Dakota,3419,2020-09-01,Personal Vehicle Passengers,53
Westhope,North Dakota,3419,2020-10-01,Personal Vehicle Passengers,33
Westhope,North Dakota,3419,2020-11-01,Personal Vehicle Passengers,22
Westhope,North Dakota,3419,2020-12-01,Personal Vehicle Passengers,36
Westhope,North Dakota,3419,2021-01-01,Personal Vehicle Passengers,22
Westhope,North Dakota,3419,2021-02-01,Personal Vehicle Passengers,11
Westhope,North Dakota,3419,2021-03-01,Personal Vehicle Passengers,35
Westhope,North Dakota,3419,2021-04-01,Personal Vehicle Passengers,36
Westhope,North Dakota,3419,2021-05-01,Personal Vehicle Passengers,40
Westhope,North Dakota,3419,2021-06-01,Personal Vehicle Passengers,44
Westhope,North Dakota,3419,2021-07-01,Personal Vehicle Passengers,65
Westhope,North Dakota,3419,2021-08-01,Personal Vehicle Passengers,113
Westhope,North Dakota,3419,2021-09-01,Personal Vehicle Passengers,98
Westhope,North Dakota,3419,2021-10-01,Personal Vehicle Passengers,172
Westhope,North Dakota,3419,2021-11-01,Personal Vehicle Passengers,231
Westhope,North Dakota,3419,2021-12-01,Personal Vehicle Passengers,344
Westhope,North Dakota,3419,2022-01-01,Personal Vehicle Passengers,161
Westhope,North Dakota,3419,2022-02-01,Personal Vehicle Passengers,130
Westhope,North Dakota,3419,2022-03-01,Personal Vehicle Passengers,298
Westhope,North Dakota,3419,2022-04-01,Personal Vehicle Passengers,381
Westhope,North Dakota,3419,2022-05-01,Personal Vehicle Passengers,415
Westhope,North Dakota,3419,2022-06-01,Personal Vehicle Passengers,471
Westhope,North Dakota,3419,2022-07-01,Personal Vehicle Passengers,775
Westhope,North Dakota,3419,2022-08-01,Personal Vehicle Passengers,663
Westhope,North Dakota,3419,2022-09-01,Personal Vehicle Passengers,493
Westhope,North Dakota,3419,2022-10-01,Personal Vehicle Passengers,638
Westhope,North Dakota,3419,2022-11-01,Personal Vehicle Passengers,661
Westhope,North Dakota,3419,2022-12-01,Personal Vehicle Passengers,634
Westhope,North Dakota,3419,2023-01-01,Personal Vehicle Passengers,531
Westhope,North Dakota,3419,2023-02-01,Personal Vehicle Passengers,489
Westhope,North Dakota,3419,2023-03-01,Personal Vehicle Passengers,644
Westhope,North Dakota,3419,2023-04-01,Personal Vehicle Passengers,529
Westhope,North Dakota,3419,2023-05-01,Personal Vehicle Passengers,630
Westhope,North Dakota,3419,2023-06-01,Personal Vehicle Passengers,1063
Westhope,North Dakota,3419,2023-07-01,Personal Vehicle Passengers,1566
Westhope,North Dakota,3419,2023-08-01,Personal Vehicle Passengers,1416
Westhope,North Dakota,3419,2023-09-01,Personal Vehicle Passengers,794
Westhope,North Dakota,3419,2023-10-01,Personal Vehicle Passengers,870
Westhope,North Dakota,3419,2023-11-01,Personal Vehicle Passengers,823
Westhope,North Dakota,3419,2023-12-01,Personal Vehicle Passengers,764
Westhope,North Dakota,3419,2024-01-01,Personal Vehicle Passengers,702
Westhope,North Dakota,3419,2024-02-01,Personal Vehicle Passengers,709
Westhope,North Dakota,3419,2024-03-01,Personal Vehicle Passengers,823
Westhope,North Dakota,3419,2024-04-01,Personal Vehicle Passengers,828
Westhope,North Dakota,3419,2024-05-01,Personal Vehicle Passengers,788
Westhope,North Dakota,3419,2024-06-01,Personal Vehicle Passengers,1101
Westhope,North Dakota,3419,2024-07-01,Personal Vehicle Passengers,1558
Westhope,North Dakota,3419,2024-08-01,Personal Vehicle Passengers,1459
Westhope,North Dakota,3419,2024-09-01,Personal Vehicle Passengers,991
Westhope,North Dakota,3419,2024-10-01,Personal Vehicle Passengers,1002
Westhope,North Dakota,3419,2024-11-01,Personal Vehicle Passengers,873
Westhope,North Dakota,3419,2024-12-01,Personal Vehicle Passengers,811
Westhope,North Dakota,3419,2025-01-01,Personal Vehicle Passengers,643
Westhope,North Dakota,3419,2025-02-01,Personal Vehicle Passengers,516
Westhope,North Dakota,3419,2025-03-01,Personal Vehicle Passengers,640
Westhope,North Dakota,3419,2025-04-01,Personal Vehicle Passengers,446
Westhope,North Dakota,3419,2025-05-01,Personal Vehicle Passengers,522
Westhope,North Dakota,3419,2025-06-01,Personal Vehicle Passengers,586
Westhope,North Dakota,3419,2025-07-01,Personal Vehicle Passengers,860
Westhope,North Dakota,3419,2025-08-01,Personal Vehicle Passengers,905
Westhope,North Dakota,3419,2025-09-01,Personal Vehicle Passengers,550
Westhope,North Dakota,3419,2025-10-01,Personal Vehicle Passengers,704
Westhope,North Dakota,3419,2025-11-01,Personal Vehicle Passengers,617
Westhope,North Dakota,3419,2025-12-01,Personal Vehicle Passengers,640
Westhope,North Dakota,3419,2026-01-01,Personal Vehicle Passengers,572
Westhope,North Dakota,3419,2026-02-01,Personal Vehicle Passengers,445
Westhope,North Dakota,3419,2026-03-01,Personal Vehicle Passengers,594
Westhope,North Dakota,3419,2026-04-01,Personal Vehicle Passengers,632
Westhope,North Dakota,3419,2026-05-01,Personal Vehicle Passengers,627
Westhope,North Dakota,3419,2026-06-01,Personal Vehicle Passengers,819
Westhope,North Dakota,3419,2026-07-01,Personal Vehicle Passengers,1413
Westhope,North Dakota,3419,2019-01-01,Personal Vehicles,550
Westhope,North Dakota,3419,2019-02-01,Personal Vehicles,535
Westhope,North Dakota,3419,2019-03-01,Personal Vehicles,616
Westhope,North Dakota,3419,2019-04-01,Personal Vehicles,563
Westhope,North Dakota,3419,2019-05-01,Personal Vehicles,641
Westhope,North Dakota,3419,2019-06-01,Personal Vehicles,798
Westhope,North Dakota,3419,2019-07-01,Personal Vehicles,1059
Westhope,North Dakota,3419,2019-08-01,Personal Vehicles,1035
Westhope,North Dakota,3419,2019-09-01,Personal Vehicles,706
Westhope,North Dakota,3419,2019-10-01,Personal Vehicles,691
Westhope,North Dakota,3419,2019-11-01,Personal Vehicles,546
Westhope,North Dakota,3419,2019-12-01,Personal Vehicles,681
Westhope,North Dakota,3419,2020-01-01,Personal Vehicles,570
Westhope,North Dakota,3419,2020-02-01,Personal Vehicles,664
Westhope,North Dakota,3419,2020-03-01,Personal Vehicles,312
Westhope,North Dakota,3419,2020-04-01,Personal Vehicles,16
Westhope,North Dakota,3419,2020-05-01,Personal Vehicles,24
Westhope,North Dakota,3419,2020-06-01,Personal Vehicles,31
Westhope,North Dakota,3419,2020-07-01,Personal Vehicles,41
Westhope,North Dakota,3419,2020-08-01,Personal Vehicles,41
Westhope,North Dakota,3419,2020-09-01,Personal Vehicles,34
Westhope,North Dakota,3419,2020-10-01,Personal Vehicles,24
Westhope,North Dakota,3419,2020-11-01,Personal Vehicles,17
Westhope,North Dakota,3419,2020-12-01,Personal Vehicles,27
Westhope,North Dakota,3419,2021-01-01,Personal Vehicles,17
Westhope,North Dakota,3419,2021-02-01,Personal Vehicles,10
Westhope,North Dakota,3419,2021-03-01,Personal Vehicles,30
Westhope,North Dakota,3419,2021-04-01,Personal Vehicles,25
Westhope,North Dakota,3419,2021-05-01,Personal Vehicles,33
Westhope,North Dakota,3419,2021-06-01,Personal Vehicles,35
Westhope,North Dakota,3419,2021-07-01,Personal Vehicles,44
Westhope,North Dakota,3419,2021-08-01,Personal Vehicles,71
Westhope,North Dakota,3419,2021-09-01,Personal Vehicles,67
Westhope,North Dakota,3419,2021-10-01,Personal Vehicles,102
Westhope,North Dakota,3419,2021-11-01,Personal Vehicles,136
Westhope,North Dakota,3419,2021-12-01,Personal Vehicles,184
Westhope,North Dakota,3419,2022-01-01,Personal Vehicles,85
Westhope,North Dakota,3419,2022-02-01,Personal Vehicles,76
Westhope,North Dakota,3419,2022-03-01,Personal Vehicles,154
Westhope,North Dakota,3419,2022-04-01,Personal Vehicles,213
Westhope,North Dakota,3419,2022-05-01,Personal Vehicles,240
Westhope,North Dakota,3419,2022-06-01,Personal Vehicles,253
Westhope,North Dakota,3419,2022-07-01,Personal Vehicles,388
Westhope,North Dakota,3419,2022-08-01,Personal Vehicles,307
Westhope,North Dakota,3419,2022-09-01,Personal Vehicles,263
Westhope,North Dakota,3419,2022-10-01,Personal Vehicles,337
Westhope,North Dakota,3419,2022-11-01,Personal Vehicles,337
Westhope,North Dakota,3419,2022-12-01,Personal Vehicles,282
Westhope,North Dakota,3419,2023-01-01,Personal Vehicles,270
Westhope,North Dakota,3419,2023-02-01,Personal Vehicles,240
Westhope,North Dakota,3419,2023-03-01,Personal Vehicles,297
Westhope,North Dakota,3419,2023-04-01,Personal Vehicles,276
Westhope,North Dakota,3419,2023-05-01,Personal Vehicles,344
Westhope,North Dakota,3419,2023-06-01,Personal Vehicles,511
Westhope,North Dakota,3419,2023-07-01,Personal Vehicles,731
Westhope,North Dakota,3419,2023-08-01,Personal Vehicles,655
Westhope,North Dakota,3419,2023-09-01,Personal Vehicles,414
Westhope,North Dakota,3419,2023-10-01,Personal Vehicles,433
Westhope,North Dakota,3419,2023-11-01,Personal Vehicles,397
Westhope,North Dakota,3419,2023-12-01,Personal Vehicles,368
Westhope,North Dakota,3419,2024-01-01,Personal Vehicles,339
Westhope,North Dakota,3419,2024-02-01,Personal Vehicles,326
Westhope,North Dakota,3419,2024-03-01,Personal Vehicles,353
Westhope,North Dakota,3419,2024-04-01,Personal Vehicles,392
Westhope,North Dakota,3419,2024-05-01,Personal Vehicles,402
Westhope,North Dakota,3419,2024-06-01,Personal Vehicles,501
Westhope,North Dakota,3419,2024-07-01,Personal Vehicles,671
Westhope,North Dakota,3419,2024-08-01,Personal Vehicles,647
Westhope,North Dakota,3419,2024-09-01,Personal Vehicles,496
Westhope,North Dakota,3419,2024-10-01,Personal Vehicles,497
Westhope,North Dakota,3419,2024-11-01,Personal Vehicles,430
Westhope,North Dakota,3419,2024-12-01,Personal Vehicles,389
Westhope,North Dakota,3419,2025-01-01,Personal Vehicles,324
Westhope,North Dakota,3419,2025-02-01,Personal Vehicles,263
Westhope,North Dakota,3419,2025-03-01,Personal Vehicles,303
Westhope,North Dakota,3419,2025-04-01,Personal Vehicles,234
Westhope,North Dakota,3419,2025-05-01,Personal Vehicles,278
Westhope,North Dakota,3419,2025-06-01,Personal Vehicles,300
Westhope,North Dakota,3419,2025-07-01,Personal Vehicles,434
Westhope,North Dakota,3419,2025-08-01,Personal Vehicles,455
Westhope,North Dakota,3419,2025-09-01,Personal Vehicles,310
Westhope,North Dakota,3419,2025-10-01,Personal Vehicles,392
Westhope,North Dakota,3419,2025-11-01,Personal Vehicles,350
Westhope,North Dakota,3419,2025-12-01,Personal Vehicles,315
Westhope,North Dakota,3419,2026-01-01,Personal Vehicles,288
Westhope,North Dakota,3419,2026-02-01,Personal Vehicles,236
Westhope,North Dakota,3419,2026-03-01,Personal Vehicles,291
Westhope,North Dakota,3419,2026-04-01,Personal Vehicles,346
Westhope,North Dakota,3419,2026-05-01,Personal Vehicles,345
Westhope,North Dakota,3419,2026-06-01,Personal Vehicles,392
Westhope,North Dakota,3419,2026-07-01,Personal Vehicles,616
