park,year,category,sector,value
BADL,2012,Economic Output,Total,60151236.0
BADL,2012,Jobs,Total,779.0
BADL,2012,Labor Income,Total,18171123.0
BADL,2012,Value Added,Total,32877018.0
BADL,2012,Visitor Spending,Total,52145435.0
BADL,2012,Visits,Total,883406.0
BADL,2013,Economic Output,Total,61862487.0
BADL,2013,Jobs,Total,793.0
BADL,2013,Labor Income,Total,18611846.0
BADL,2013,Value Added,Total,33665623.0
BADL,2013,Visitor Spending,Total,53653606.0
BADL,2013,Visits,Total,892373.0
BADL,2014,Economic Output,Camping,1179307.0
BADL,2014,Economic Output,Gas,839859.0
BADL,2014,Economic Output,Groceries,977097.0
BADL,2014,Economic Output,Lodging,18312328.0
BADL,2014,Economic Output,Recreation Industries,4061022.0
BADL,2014,Economic Output,Restaurants,10240566.0
BADL,2014,Economic Output,Retail,2353601.0
BADL,2014,Economic Output,Secondary Effects,25163444.0
BADL,2014,Economic Output,Transportation,3057674.0
BADL,2014,Jobs,Camping,17.0
BADL,2014,Jobs,Gas,13.0
BADL,2014,Jobs,Groceries,16.0
BADL,2014,Jobs,Lodging,237.0
BADL,2014,Jobs,Recreation Industries,82.0
BADL,2014,Jobs,Restaurants,223.0
BADL,2014,Jobs,Retail,58.0
BADL,2014,Jobs,Secondary Effects,201.0
BADL,2014,Jobs,Transportation,27.0
BADL,2014,Labor Income,Camping,485244.0
BADL,2014,Labor Income,Gas,339779.0
BADL,2014,Labor Income,Groceries,403763.0
BADL,2014,Labor Income,Lodging,5224181.0
BADL,2014,Labor Income,Recreation Industries,1339398.0
BADL,2014,Labor Income,Restaurants,4000076.0
BADL,2014,Labor Income,Retail,1385277.0
BADL,2014,Labor Income,Secondary Effects,6991080.0
BADL,2014,Labor Income,Transportation,714705.0
BADL,2014,Value Added,Camping,750489.0
BADL,2014,Value Added,Gas,438959.0
BADL,2014,Value Added,Groceries,603071.0
BADL,2014,Value Added,Lodging,9914284.0
BADL,2014,Value Added,Recreation Industries,1873353.0
BADL,2014,Value Added,Restaurants,5320005.0
BADL,2014,Value Added,Retail,1313717.0
BADL,2014,Value Added,Secondary Effects,12571221.0
BADL,2014,Value Added,Transportation,1622581.0
BADL,2014,Visitor Spending,Camping,1179307.0
BADL,2014,Visitor Spending,Gas,7776121.0
BADL,2014,Visitor Spending,Groceries,3502141.0
BADL,2014,Visitor Spending,Lodging,18312328.0
BADL,2014,Visitor Spending,Recreation Industries,4061022.0
BADL,2014,Visitor Spending,Restaurants,10240566.0
BADL,2014,Visitor Spending,Retail,5183762.0
BADL,2014,Visitor Spending,Secondary Effects,0.0
BADL,2014,Visitor Spending,Transportation,3057674.0
BADL,2014,Visits,Total,868094.0
BADL,2015,Economic Output,Camping,1348046.0
BADL,2015,Economic Output,Gas,974831.0
BADL,2015,Economic Output,Groceries,1129254.0
BADL,2015,Economic Output,Lodging,21630163.0
BADL,2015,Economic Output,Recreation Industries,4766515.0
BADL,2015,Economic Output,Restaurants,11975207.0
BADL,2015,Economic Output,Retail,2731029.0
BADL,2015,Economic Output,Secondary Effects,29418793.0
BADL,2015,Economic Output,Transportation,3564064.0
BADL,2015,Jobs,Camping,20.0
BADL,2015,Jobs,Gas,15.0
BADL,2015,Jobs,Groceries,19.0
BADL,2015,Jobs,Lodging,277.0
BADL,2015,Jobs,Recreation Industries,96.0
BADL,2015,Jobs,Restaurants,261.0
BADL,2015,Jobs,Retail,66.0
BADL,2015,Jobs,Secondary Effects,230.0
BADL,2015,Jobs,Transportation,31.0
BADL,2015,Labor Income,Camping,548853.0
BADL,2015,Labor Income,Gas,398489.0
BADL,2015,Labor Income,Groceries,471516.0
BADL,2015,Labor Income,Lodging,6105943.0
BADL,2015,Labor Income,Recreation Industries,1559868.0
BADL,2015,Labor Income,Restaurants,4664930.0
BADL,2015,Labor Income,Retail,1624104.0
BADL,2015,Labor Income,Secondary Effects,8156821.0
BADL,2015,Labor Income,Transportation,833172.0
BADL,2015,Value Added,Camping,848869.0
BADL,2015,Value Added,Gas,514806.0
BADL,2015,Value Added,Groceries,704269.0
BADL,2015,Value Added,Lodging,11587664.0
BADL,2015,Value Added,Recreation Industries,2181715.0
BADL,2015,Value Added,Restaurants,6204244.0
BADL,2015,Value Added,Retail,1540207.0
BADL,2015,Value Added,Secondary Effects,14667115.0
BADL,2015,Value Added,Transportation,1889428.0
BADL,2015,Visitor Spending,Camping,1348046.0
BADL,2015,Visitor Spending,Gas,8948651.0
BADL,2015,Visitor Spending,Groceries,4013087.0
BADL,2015,Visitor Spending,Lodging,21630162.0
BADL,2015,Visitor Spending,Recreation Industries,4766515.0
BADL,2015,Visitor Spending,Restaurants,11975207.0
BADL,2015,Visitor Spending,Retail,5963445.0
BADL,2015,Visitor Spending,Secondary Effects,0.0
BADL,2015,Visitor Spending,Transportation,3564064.0
BADL,2015,Visits,Total,989354.0
BADL,2016,Economic Output,Camping,1435309.0
BADL,2016,Economic Output,Gas,997482.0
BADL,2016,Economic Output,Groceries,1160021.0
BADL,2016,Economic Output,Lodging,22269149.0
BADL,2016,Economic Output,Recreation Industries,4913845.0
BADL,2016,Economic Output,Restaurants,12263293.0
BADL,2016,Economic Output,Retail,2794203.0
BADL,2016,Economic Output,Secondary Effects,30156973.0
BADL,2016,Economic Output,Transportation,3650251.0
BADL,2016,Jobs,Camping,21.0
BADL,2016,Jobs,Gas,15.0
BADL,2016,Jobs,Groceries,19.0
BADL,2016,Jobs,Lodging,282.0
BADL,2016,Jobs,Recreation Industries,98.0
BADL,2016,Jobs,Restaurants,266.0
BADL,2016,Jobs,Retail,67.0
BADL,2016,Jobs,Secondary Effects,231.0
BADL,2016,Jobs,Transportation,32.0
BADL,2016,Labor Income,Camping,578249.0
BADL,2016,Labor Income,Gas,411992.0
BADL,2016,Labor Income,Groceries,489426.0
BADL,2016,Labor Income,Lodging,6220350.0
BADL,2016,Labor Income,Recreation Industries,1595589.0
BADL,2016,Labor Income,Restaurants,4764167.0
BADL,2016,Labor Income,Retail,1678915.0
BADL,2016,Labor Income,Secondary Effects,8343753.0
BADL,2016,Labor Income,Transportation,853430.0
BADL,2016,Value Added,Camping,894334.0
BADL,2016,Value Added,Gas,532249.0
BADL,2016,Value Added,Groceries,731020.0
BADL,2016,Value Added,Lodging,11804784.0
BADL,2016,Value Added,Recreation Industries,2231677.0
BADL,2016,Value Added,Restaurants,6336227.0
BADL,2016,Value Added,Retail,1592186.0
BADL,2016,Value Added,Secondary Effects,15005246.0
BADL,2016,Value Added,Transportation,1933209.0
BADL,2016,Visitor Spending,Camping,1435309.0
BADL,2016,Visitor Spending,Gas,9078293.0
BADL,2016,Visitor Spending,Groceries,4087373.0
BADL,2016,Visitor Spending,Lodging,22269149.0
BADL,2016,Visitor Spending,Recreation Industries,4913845.0
BADL,2016,Visitor Spending,Restaurants,12263293.0
BADL,2016,Visitor Spending,Retail,6049046.0
BADL,2016,Visitor Spending,Secondary Effects,0.0
BADL,2016,Visitor Spending,Transportation,3650251.0
BADL,2016,Visits,Total,996263.0
BADL,2017,Economic Output,Camping,1435690.0
BADL,2017,Economic Output,Gas,1212186.0
BADL,2017,Economic Output,Groceries,1209160.0
BADL,2017,Economic Output,Lodging,22556438.0
BADL,2017,Economic Output,Recreation Industries,4956079.0
BADL,2017,Economic Output,Restaurants,12729401.0
BADL,2017,Economic Output,Retail,3087446.0
BADL,2017,Economic Output,Secondary Effects,29749165.0
BADL,2017,Economic Output,Transportation,3782226.0
BADL,2017,Jobs,Camping,30.0
BADL,2017,Jobs,Gas,21.0
BADL,2017,Jobs,Groceries,19.0
BADL,2017,Jobs,Lodging,237.0
BADL,2017,Jobs,Recreation Industries,95.0
BADL,2017,Jobs,Restaurants,229.0
BADL,2017,Jobs,Retail,68.0
BADL,2017,Jobs,Secondary Effects,225.0
BADL,2017,Jobs,Transportation,28.0
BADL,2017,Labor Income,Camping,851947.0
BADL,2017,Labor Income,Gas,605124.0
BADL,2017,Labor Income,Groceries,507495.0
BADL,2017,Labor Income,Lodging,5817159.0
BADL,2017,Labor Income,Recreation Industries,1806592.0
BADL,2017,Labor Income,Restaurants,4314830.0
BADL,2017,Labor Income,Retail,1892459.0
BADL,2017,Labor Income,Secondary Effects,8381322.0
BADL,2017,Labor Income,Transportation,809288.0
BADL,2017,Non-local Visitor Spending,Camping,1435690.0
BADL,2017,Non-local Visitor Spending,Gas,9451356.0
BADL,2017,Non-local Visitor Spending,Groceries,4234815.0
BADL,2017,Non-local Visitor Spending,Lodging,22556439.0
BADL,2017,Non-local Visitor Spending,Recreation Industries,4825858.0
BADL,2017,Non-local Visitor Spending,Restaurants,12568891.0
BADL,2017,Non-local Visitor Spending,Retail,6333641.0
BADL,2017,Non-local Visitor Spending,Secondary Effects,0.0
BADL,2017,Non-local Visitor Spending,Transportation,3757617.0
BADL,2017,Party Days/Nights,Total,497392.0
BADL,2017,Value Added,Camping,908946.0
BADL,2017,Value Added,Gas,601839.0
BADL,2017,Value Added,Groceries,787251.0
BADL,2017,Value Added,Lodging,13205677.0
BADL,2017,Value Added,Recreation Industries,2426928.0
BADL,2017,Value Added,Restaurants,6598835.0
BADL,2017,Value Added,Retail,1730732.0
BADL,2017,Value Added,Secondary Effects,15017287.0
BADL,2017,Value Added,Transportation,2064431.0
BADL,2017,Visitor Spending,Camping,1435690.0
BADL,2017,Visitor Spending,Gas,9697488.0
BADL,2017,Visitor Spending,Groceries,4381015.0
BADL,2017,Visitor Spending,Lodging,22556439.0
BADL,2017,Visitor Spending,Recreation Industries,4956079.0
BADL,2017,Visitor Spending,Restaurants,12729401.0
BADL,2017,Visitor Spending,Retail,6459092.0
BADL,2017,Visitor Spending,Secondary Effects,0.0
BADL,2017,Visitor Spending,Transportation,3782183.0
BADL,2017,Visits,Total,1054325.0
BADL,2018,Economic Output,Camping,1313749.0
BADL,2018,Economic Output,Gas,1556108.0
BADL,2018,Economic Output,Groceries,1259277.0
BADL,2018,Economic Output,Lodging,22899098.0
BADL,2018,Economic Output,Recreation Industries,4946019.0
BADL,2018,Economic Output,Restaurants,12989507.0
BADL,2018,Economic Output,Retail,3207651.0
BADL,2018,Economic Output,Secondary Effects,31007948.0
BADL,2018,Economic Output,Transportation,3362910.0
BADL,2018,Jobs,Camping,22.0
BADL,2018,Jobs,Gas,21.0
BADL,2018,Jobs,Groceries,20.0
BADL,2018,Jobs,Lodging,222.0
BADL,2018,Jobs,Recreation Industries,94.0
BADL,2018,Jobs,Restaurants,222.0
BADL,2018,Jobs,Retail,64.0
BADL,2018,Jobs,Secondary Effects,230.0
BADL,2018,Jobs,Transportation,30.0
BADL,2018,Labor Income,Camping,902892.0
BADL,2018,Labor Income,Gas,606086.0
BADL,2018,Labor Income,Groceries,522542.0
BADL,2018,Labor Income,Lodging,5935928.0
BADL,2018,Labor Income,Recreation Industries,1574997.0
BADL,2018,Labor Income,Restaurants,4350279.0
BADL,2018,Labor Income,Retail,1944218.0
BADL,2018,Labor Income,Secondary Effects,9222286.0
BADL,2018,Labor Income,Transportation,895060.0
BADL,2018,Non-local Visitor Spending,Camping,1313749.0
BADL,2018,Non-local Visitor Spending,Gas,9242540.0
BADL,2018,Non-local Visitor Spending,Groceries,4358082.0
BADL,2018,Non-local Visitor Spending,Lodging,22899098.0
BADL,2018,Non-local Visitor Spending,Recreation Industries,4814406.0
BADL,2018,Non-local Visitor Spending,Restaurants,12824232.0
BADL,2018,Non-local Visitor Spending,Retail,6201427.0
BADL,2018,Non-local Visitor Spending,Secondary Effects,0.0
BADL,2018,Non-local Visitor Spending,Transportation,3340923.0
BADL,2018,Party Days/Nights,Total,475397.0
BADL,2018,Value Added,Camping,966979.0
BADL,2018,Value Added,Gas,802590.0
BADL,2018,Value Added,Groceries,758644.0
BADL,2018,Value Added,Lodging,13823605.0
BADL,2018,Value Added,Recreation Industries,2273397.0
BADL,2018,Value Added,Restaurants,6674431.0
BADL,2018,Value Added,Retail,1844114.0
BADL,2018,Value Added,Secondary Effects,15966998.0
BADL,2018,Value Added,Transportation,1727376.0
BADL,2018,Visitor Spending,Camping,1313749.0
BADL,2018,Visitor Spending,Gas,9488466.0
BADL,2018,Visitor Spending,Groceries,4513539.0
BADL,2018,Visitor Spending,Lodging,22899098.0
BADL,2018,Visitor Spending,Recreation Industries,4946019.0
BADL,2018,Visitor Spending,Restaurants,12989507.0
BADL,2018,Visitor Spending,Retail,6326728.0
BADL,2018,Visitor Spending,Secondary Effects,0.0
BADL,2018,Visitor Spending,Transportation,3362897.0
BADL,2018,Visits,Total,1008942.0
BADL,2019,Economic Output,Camping,1300185.0
BADL,2019,Economic Output,Gas,1501676.0
BADL,2019,Economic Output,Groceries,1216853.0
BADL,2019,Economic Output,Lodging,22029296.0
BADL,2019,Economic Output,Recreation Industries,4786273.0
BADL,2019,Economic Output,Restaurants,12536886.0
BADL,2019,Economic Output,Retail,3090360.0
BADL,2019,Economic Output,Secondary Effects,29943883.0
BADL,2019,Economic Output,Transportation,3237113.0
BADL,2019,Jobs,Camping,21.0
BADL,2019,Jobs,Gas,20.0
BADL,2019,Jobs,Groceries,19.0
BADL,2019,Jobs,Lodging,213.0
BADL,2019,Jobs,Recreation Industries,91.0
BADL,2019,Jobs,Restaurants,214.0
BADL,2019,Jobs,Retail,62.0
BADL,2019,Jobs,Secondary Effects,221.0
BADL,2019,Jobs,Transportation,29.0
BADL,2019,Labor Income,Camping,893625.0
BADL,2019,Labor Income,Gas,588140.0
BADL,2019,Labor Income,Groceries,508155.0
BADL,2019,Labor Income,Lodging,5710810.0
BADL,2019,Labor Income,Recreation Industries,1523068.0
BADL,2019,Labor Income,Restaurants,4197445.0
BADL,2019,Labor Income,Retail,1883549.0
BADL,2019,Labor Income,Secondary Effects,8905258.0
BADL,2019,Labor Income,Transportation,865123.0
BADL,2019,Non-local Visitor Spending,Camping,1300185.0
BADL,2019,Non-local Visitor Spending,Gas,8919903.0
BADL,2019,Non-local Visitor Spending,Groceries,4212000.0
BADL,2019,Non-local Visitor Spending,Lodging,22029295.0
BADL,2019,Non-local Visitor Spending,Recreation Industries,4658754.0
BADL,2019,Non-local Visitor Spending,Restaurants,12377096.0
BADL,2019,Non-local Visitor Spending,Retail,5974813.0
BADL,2019,Non-local Visitor Spending,Secondary Effects,0.0
BADL,2019,Non-local Visitor Spending,Transportation,3215774.0
BADL,2019,Party Days/Nights,Total,457605.0
BADL,2019,Value Added,Camping,957055.0
BADL,2019,Value Added,Gas,778826.0
BADL,2019,Value Added,Groceries,737757.0
BADL,2019,Value Added,Lodging,13299350.0
BADL,2019,Value Added,Recreation Industries,2198441.0
BADL,2019,Value Added,Restaurants,6439945.0
BADL,2019,Value Added,Retail,1786568.0
BADL,2019,Value Added,Secondary Effects,15419818.0
BADL,2019,Value Added,Transportation,1670473.0
BADL,2019,Visitor Spending,Camping,1300185.0
BADL,2019,Visitor Spending,Gas,9156563.0
BADL,2019,Visitor Spending,Groceries,4361481.0
BADL,2019,Visitor Spending,Lodging,22029295.0
BADL,2019,Visitor Spending,Recreation Industries,4786273.0
BADL,2019,Visitor Spending,Restaurants,12536886.0
BADL,2019,Visitor Spending,Retail,6095384.0
BADL,2019,Visitor Spending,Secondary Effects,0.0
BADL,2019,Visitor Spending,Transportation,3237064.0
BADL,2019,Visits,Total,970998.0
BADL,2020,Economic Output,Camping,1227430.0
BADL,2020,Economic Output,Gas,1423444.0
BADL,2020,Economic Output,Groceries,1151200.0
BADL,2020,Economic Output,Lodging,21070532.0
BADL,2020,Economic Output,Recreation Industries,4570919.0
BADL,2020,Economic Output,Restaurants,11979838.0
BADL,2020,Economic Output,Retail,2930721.0
BADL,2020,Economic Output,Secondary Effects,28595965.0
BADL,2020,Economic Output,Transportation,3076259.0
BADL,2020,Jobs,Camping,20.0
BADL,2020,Jobs,Gas,19.0
BADL,2020,Jobs,Groceries,18.0
BADL,2020,Jobs,Lodging,204.0
BADL,2020,Jobs,Recreation Industries,87.0
BADL,2020,Jobs,Restaurants,204.0
BADL,2020,Jobs,Retail,58.0
BADL,2020,Jobs,Secondary Effects,209.0
BADL,2020,Jobs,Transportation,28.0
BADL,2020,Labor Income,Camping,843672.0
BADL,2020,Labor Income,Gas,560602.0
BADL,2020,Labor Income,Groceries,483802.0
BADL,2020,Labor Income,Lodging,5462601.0
BADL,2020,Labor Income,Recreation Industries,1453527.0
BADL,2020,Labor Income,Restaurants,4009749.0
BADL,2020,Labor Income,Retail,1796190.0
BADL,2020,Labor Income,Secondary Effects,8504586.0
BADL,2020,Labor Income,Transportation,825514.0
BADL,2020,Non-local Visitor Spending,Camping,1227430.0
BADL,2020,Non-local Visitor Spending,Gas,8454963.0
BADL,2020,Non-local Visitor Spending,Groceries,3984298.0
BADL,2020,Non-local Visitor Spending,Lodging,21070531.0
BADL,2020,Non-local Visitor Spending,Recreation Industries,4449197.0
BADL,2020,Non-local Visitor Spending,Restaurants,11827155.0
BADL,2020,Non-local Visitor Spending,Retail,5666002.0
BADL,2020,Non-local Visitor Spending,Secondary Effects,0.0
BADL,2020,Non-local Visitor Spending,Transportation,3055796.0
BADL,2020,Party Days/Nights,Total,432081.0
BADL,2020,Value Added,Camping,903556.0
BADL,2020,Value Added,Gas,742359.0
BADL,2020,Value Added,Groceries,702400.0
BADL,2020,Value Added,Lodging,12721320.0
BADL,2020,Value Added,Recreation Industries,2098063.0
BADL,2020,Value Added,Restaurants,6151972.0
BADL,2020,Value Added,Retail,1703707.0
BADL,2020,Value Added,Secondary Effects,14725470.0
BADL,2020,Value Added,Transportation,1594825.0
BADL,2020,Visitor Spending,Camping,1227430.0
BADL,2020,Visitor Spending,Gas,8679535.0
BADL,2020,Visitor Spending,Groceries,4126166.0
BADL,2020,Visitor Spending,Lodging,21070531.0
BADL,2020,Visitor Spending,Recreation Industries,4570919.0
BADL,2020,Visitor Spending,Restaurants,11979838.0
BADL,2020,Visitor Spending,Retail,5780514.0
BADL,2020,Visitor Spending,Secondary Effects,0.0
BADL,2020,Visitor Spending,Transportation,3076154.0
BADL,2020,Visits,Total,916932.0
BADL,2021,Economic Output,Camping,1716926.0
BADL,2021,Economic Output,Gas,3322849.0
BADL,2021,Economic Output,Groceries,1947654.0
BADL,2021,Economic Output,Lodging,29931945.0
BADL,2021,Economic Output,Recreation Industries,6277658.0
BADL,2021,Economic Output,Restaurants,17310952.0
BADL,2021,Economic Output,Retail,4329034.0
BADL,2021,Economic Output,Secondary Effects,44974979.0
BADL,2021,Economic Output,Transportation,4272524.0
BADL,2021,Jobs,Camping,24.0
BADL,2021,Jobs,Gas,32.0
BADL,2021,Jobs,Groceries,26.0
BADL,2021,Jobs,Lodging,287.0
BADL,2021,Jobs,Recreation Industries,125.0
BADL,2021,Jobs,Restaurants,261.0
BADL,2021,Jobs,Retail,78.0
BADL,2021,Jobs,Secondary Effects,300.0
BADL,2021,Jobs,Transportation,61.0
BADL,2021,Labor Income,Camping,805362.0
BADL,2021,Labor Income,Gas,985419.0
BADL,2021,Labor Income,Groceries,742119.0
BADL,2021,Labor Income,Lodging,8333742.0
BADL,2021,Labor Income,Recreation Industries,2409930.0
BADL,2021,Labor Income,Restaurants,5394889.0
BADL,2021,Labor Income,Retail,2335653.0
BADL,2021,Labor Income,Secondary Effects,12612253.0
BADL,2021,Labor Income,Transportation,1162758.0
BADL,2021,Non-local Visitor Spending,Camping,1716926.0
BADL,2021,Non-local Visitor Spending,Gas,14734901.0
BADL,2021,Non-local Visitor Spending,Groceries,5662935.0
BADL,2021,Non-local Visitor Spending,Lodging,29931945.0
BADL,2021,Non-local Visitor Spending,Recreation Industries,6110446.0
BADL,2021,Non-local Visitor Spending,Restaurants,17090371.0
BADL,2021,Non-local Visitor Spending,Retail,7630504.0
BADL,2021,Non-local Visitor Spending,Secondary Effects,0.0
BADL,2021,Non-local Visitor Spending,Transportation,4244072.0
BADL,2021,Party Days/Nights,Total,576813.0
BADL,2021,Value Added,Camping,1238560.0
BADL,2021,Value Added,Gas,1758496.0
BADL,2021,Value Added,Groceries,1086920.0
BADL,2021,Value Added,Lodging,18625721.0
BADL,2021,Value Added,Recreation Industries,2975748.0
BADL,2021,Value Added,Restaurants,8319938.0
BADL,2021,Value Added,Retail,2757792.0
BADL,2021,Value Added,Secondary Effects,22128112.0
BADL,2021,Value Added,Transportation,2116807.0
BADL,2021,Visitor Spending,Camping,1716926.0
BADL,2021,Visitor Spending,Gas,15127239.0
BADL,2021,Visitor Spending,Groceries,5865350.0
BADL,2021,Visitor Spending,Lodging,29931945.0
BADL,2021,Visitor Spending,Recreation Industries,6277658.0
BADL,2021,Visitor Spending,Restaurants,17310952.0
BADL,2021,Visitor Spending,Retail,7784940.0
BADL,2021,Visitor Spending,Secondary Effects,0.0
BADL,2021,Visitor Spending,Transportation,4272175.0
BADL,2021,Visits,Total,1224226.0
BADL,2022,Economic Output,Camping,1430651.0
BADL,2022,Economic Output,Gas,2762341.0
BADL,2022,Economic Output,Groceries,1618823.0
BADL,2022,Economic Output,Lodging,25015146.0
BADL,2022,Economic Output,Recreation Industries,5246542.0
BADL,2022,Economic Output,Restaurants,14565489.0
BADL,2022,Economic Output,Retail,3602847.0
BADL,2022,Economic Output,Secondary Effects,37532927.0
BADL,2022,Economic Output,Transportation,3559260.0
BADL,2022,Jobs,Camping,20.0
BADL,2022,Jobs,Gas,26.0
BADL,2022,Jobs,Groceries,22.0
BADL,2022,Jobs,Lodging,240.0
BADL,2022,Jobs,Recreation Industries,104.0
BADL,2022,Jobs,Restaurants,218.0
BADL,2022,Jobs,Retail,64.0
BADL,2022,Jobs,Secondary Effects,247.0
BADL,2022,Jobs,Transportation,50.0
BADL,2022,Labor Income,Camping,670705.0
BADL,2022,Labor Income,Gas,820613.0
BADL,2022,Labor Income,Groceries,618516.0
BADL,2022,Labor Income,Lodging,6960915.0
BADL,2022,Labor Income,Recreation Industries,2009950.0
BADL,2022,Labor Income,Restaurants,4502746.0
BADL,2022,Labor Income,Retail,1947215.0
BADL,2022,Labor Income,Secondary Effects,10525817.0
BADL,2022,Labor Income,Transportation,968083.0
BADL,2022,Non-local Visitor Spending,Camping,1430651.0
BADL,2022,Non-local Visitor Spending,Gas,12249573.0
BADL,2022,Non-local Visitor Spending,Groceries,4707230.0
BADL,2022,Non-local Visitor Spending,Lodging,25015146.0
BADL,2022,Non-local Visitor Spending,Recreation Industries,5107136.0
BADL,2022,Non-local Visitor Spending,Restaurants,14380625.0
BADL,2022,Non-local Visitor Spending,Retail,6350815.0
BADL,2022,Non-local Visitor Spending,Secondary Effects,0.0
BADL,2022,Non-local Visitor Spending,Transportation,3535292.0
BADL,2022,Party Days/Nights,Total,474417.0
BADL,2022,Value Added,Camping,1031471.0
BADL,2022,Value Added,Gas,1464389.0
BADL,2022,Value Added,Groceries,905887.0
BADL,2022,Value Added,Lodging,15557495.0
BADL,2022,Value Added,Recreation Industries,2481856.0
BADL,2022,Value Added,Restaurants,6944082.0
BADL,2022,Value Added,Retail,2299143.0
BADL,2022,Value Added,Secondary Effects,18466787.0
BADL,2022,Value Added,Transportation,1765135.0
BADL,2022,Visitor Spending,Camping,1430651.0
BADL,2022,Visitor Spending,Gas,12575475.0
BADL,2022,Visitor Spending,Groceries,4875076.0
BADL,2022,Visitor Spending,Lodging,25015146.0
BADL,2022,Visitor Spending,Recreation Industries,5246542.0
BADL,2022,Visitor Spending,Restaurants,14565489.0
BADL,2022,Visitor Spending,Retail,6479032.0
BADL,2022,Visitor Spending,Secondary Effects,0.0
BADL,2022,Visitor Spending,Transportation,3558604.0
BADL,2022,Visits,Total,1006809.0
BADL,2023,Economic Output,Camping,5286740.0
BADL,2023,Economic Output,Gas,3128207.0
BADL,2023,Economic Output,Groceries,2430941.0
BADL,2023,Economic Output,Lodging,57104119.0
BADL,2023,Economic Output,Recreation Industries,4855215.0
BADL,2023,Economic Output,Restaurants,25254698.0
BADL,2023,Economic Output,Retail,6822380.0
BADL,2023,Economic Output,Secondary Effects,80182247.0
BADL,2023,Economic Output,Transportation,8220013.0
BADL,2023,Jobs,Camping,74.0
BADL,2023,Jobs,Gas,30.0
BADL,2023,Jobs,Groceries,33.0
BADL,2023,Jobs,Lodging,611.0
BADL,2023,Jobs,Recreation Industries,94.0
BADL,2023,Jobs,Restaurants,368.0
BADL,2023,Jobs,Retail,115.0
BADL,2023,Jobs,Secondary Effects,522.0
BADL,2023,Jobs,Transportation,68.0
BADL,2023,Labor Income,Camping,2445107.0
BADL,2023,Labor Income,Gas,885172.0
BADL,2023,Labor Income,Groceries,957402.0
BADL,2023,Labor Income,Lodging,19113943.0
BADL,2023,Labor Income,Recreation Industries,1896383.0
BADL,2023,Labor Income,Restaurants,7940986.0
BADL,2023,Labor Income,Retail,3824947.0
BADL,2023,Labor Income,Secondary Effects,23633435.0
BADL,2023,Labor Income,Transportation,1709345.0
BADL,2023,Non-local Visitor Spending,Camping,5233571.0
BADL,2023,Non-local Visitor Spending,Gas,14002929.0
BADL,2023,Non-local Visitor Spending,Groceries,7195626.0
BADL,2023,Non-local Visitor Spending,Lodging,56536006.0
BADL,2023,Non-local Visitor Spending,Recreation Industries,4762684.0
BADL,2023,Non-local Visitor Spending,Restaurants,24953370.0
BADL,2023,Non-local Visitor Spending,Retail,12126878.0
BADL,2023,Non-local Visitor Spending,Secondary Effects,0.0
BADL,2023,Non-local Visitor Spending,Transportation,8149416.0
BADL,2023,Party Days/Nights,Total,365795.0
BADL,2023,Value Added,Camping,3787146.0
BADL,2023,Value Added,Gas,1632532.0
BADL,2023,Value Added,Groceries,1385418.0
BADL,2023,Value Added,Lodging,37552101.0
BADL,2023,Value Added,Recreation Industries,2296796.0
BADL,2023,Value Added,Restaurants,12159758.0
BADL,2023,Value Added,Retail,4455798.0
BADL,2023,Value Added,Secondary Effects,40569487.0
BADL,2023,Value Added,Transportation,3784497.0
BADL,2023,Visitor Spending,Camping,5286740.0
BADL,2023,Visitor Spending,Gas,14241131.0
BADL,2023,Visitor Spending,Groceries,7320766.0
BADL,2023,Visitor Spending,Lodging,57104119.0
BADL,2023,Visitor Spending,Recreation Industries,4855215.0
BADL,2023,Visitor Spending,Restaurants,25254698.0
BADL,2023,Visitor Spending,Retail,12276350.0
BADL,2023,Visitor Spending,Secondary Effects,0.0
BADL,2023,Visitor Spending,Transportation,8239624.0
BADL,2023,Visits,Total,1046400.0
BADL,2024,Economic Output,Camping,5841509.0
BADL,2024,Economic Output,Gas,2800343.0
BADL,2024,Economic Output,Groceries,2225925.0
BADL,2024,Economic Output,Lodging,60964569.0
BADL,2024,Economic Output,Recreation Industries,5122014.0
BADL,2024,Economic Output,Restaurants,26810808.0
BADL,2024,Economic Output,Retail,6937867.0
BADL,2024,Economic Output,Secondary Effects,71975883.0
BADL,2024,Economic Output,Transportation,8734433.0
BADL,2024,Jobs,Camping,46.0
BADL,2024,Jobs,Gas,22.0
BADL,2024,Jobs,Groceries,26.0
BADL,2024,Jobs,Lodging,441.0
BADL,2024,Jobs,Recreation Industries,75.0
BADL,2024,Jobs,Restaurants,267.0
BADL,2024,Jobs,Retail,92.0
BADL,2024,Jobs,Secondary Effects,410.0
BADL,2024,Jobs,Transportation,32.0
BADL,2024,Labor Income,Camping,1852065.0
BADL,2024,Labor Income,Gas,847028.0
BADL,2024,Labor Income,Groceries,794451.0
BADL,2024,Labor Income,Lodging,17370692.0
BADL,2024,Labor Income,Recreation Industries,2032710.0
BADL,2024,Labor Income,Restaurants,7475554.0
BADL,2024,Labor Income,Retail,3705704.0
BADL,2024,Labor Income,Secondary Effects,22151487.0
BADL,2024,Labor Income,Transportation,2670831.0
BADL,2024,Non-local Visitor Spending,Camping,5781795.0
BADL,2024,Non-local Visitor Spending,Gas,14803995.0
BADL,2024,Non-local Visitor Spending,Groceries,7596919.0
BADL,2024,Non-local Visitor Spending,Lodging,60357840.0
BADL,2024,Non-local Visitor Spending,Recreation Industries,5024361.0
BADL,2024,Non-local Visitor Spending,Restaurants,26490554.0
BADL,2024,Non-local Visitor Spending,Retail,12769493.0
BADL,2024,Non-local Visitor Spending,Secondary Effects,0.0
BADL,2024,Non-local Visitor Spending,Transportation,8660068.0
BADL,2024,Party Days/Nights,Total,383904.0
BADL,2024,Value Added,Camping,3740974.0
BADL,2024,Value Added,Gas,1850480.0
BADL,2024,Value Added,Groceries,1497052.0
BADL,2024,Value Added,Lodging,41876745.0
BADL,2024,Value Added,Recreation Industries,2991038.0
BADL,2024,Value Added,Restaurants,13160773.0
BADL,2024,Value Added,Retail,4363245.0
BADL,2024,Value Added,Secondary Effects,37761868.0
BADL,2024,Value Added,Transportation,4058519.0
BADL,2024,Visitor Spending,Camping,5841509.0
BADL,2024,Visitor Spending,Gas,15055609.0
BADL,2024,Visitor Spending,Groceries,7728906.0
BADL,2024,Visitor Spending,Lodging,60964569.0
BADL,2024,Visitor Spending,Recreation Industries,5122014.0
BADL,2024,Visitor Spending,Restaurants,26810808.0
BADL,2024,Visitor Spending,Retail,12927089.0
BADL,2024,Visitor Spending,Secondary Effects,0.0
BADL,2024,Visitor Spending,Transportation,8755902.0
BADL,2024,Visits,Total,1094245.0
DETO,2012,Economic Output,Total,27700047.0
DETO,2012,Jobs,Total,352.0
DETO,2012,Labor Income,Total,8581011.0
DETO,2012,Value Added,Total,15349690.0
DETO,2012,Visitor Spending,Total,24517772.0
DETO,2012,Visits,Total,416994.0
DETO,2013,Economic Output,Total,28424284.0
DETO,2013,Jobs,Total,357.0
DETO,2013,Labor Income,Total,8765039.0
DETO,2013,Value Added,Total,15678551.0
DETO,2013,Visitor Spending,Total,25130373.0
DETO,2013,Visits,Total,417325.0
DETO,2014,Economic Output,Camping,558401.0
DETO,2014,Economic Output,Gas,427998.0
DETO,2014,Economic Output,Groceries,490519.0
DETO,2014,Economic Output,Lodging,9297019.0
DETO,2014,Economic Output,Recreation Industries,2058701.0
DETO,2014,Economic Output,Restaurants,5192479.0
DETO,2014,Economic Output,Retail,1190247.0
DETO,2014,Economic Output,Secondary Effects,12931062.0
DETO,2014,Economic Output,Transportation,1547431.0
DETO,2014,Jobs,Camping,8.0
DETO,2014,Jobs,Gas,6.0
DETO,2014,Jobs,Groceries,8.0
DETO,2014,Jobs,Lodging,120.0
DETO,2014,Jobs,Recreation Industries,38.0
DETO,2014,Jobs,Restaurants,112.0
DETO,2014,Jobs,Retail,29.0
DETO,2014,Jobs,Secondary Effects,98.0
DETO,2014,Jobs,Transportation,13.0
DETO,2014,Labor Income,Camping,225504.0
DETO,2014,Labor Income,Gas,177757.0
DETO,2014,Labor Income,Groceries,196382.0
DETO,2014,Labor Income,Lodging,2708062.0
DETO,2014,Labor Income,Recreation Industries,650321.0
DETO,2014,Labor Income,Restaurants,2041306.0
DETO,2014,Labor Income,Retail,699500.0
DETO,2014,Labor Income,Secondary Effects,3727418.0
DETO,2014,Labor Income,Transportation,352620.0
DETO,2014,Value Added,Camping,352265.0
DETO,2014,Value Added,Gas,225304.0
DETO,2014,Value Added,Groceries,303993.0
DETO,2014,Value Added,Lodging,5059856.0
DETO,2014,Value Added,Recreation Industries,1033227.0
DETO,2014,Value Added,Restaurants,2721387.0
DETO,2014,Value Added,Retail,672749.0
DETO,2014,Value Added,Secondary Effects,6726032.0
DETO,2014,Value Added,Transportation,830135.0
DETO,2014,Visitor Spending,Camping,558401.0
DETO,2014,Visitor Spending,Gas,3962724.0
DETO,2014,Visitor Spending,Groceries,1758134.0
DETO,2014,Visitor Spending,Lodging,9297019.0
DETO,2014,Visitor Spending,Recreation Industries,2058701.0
DETO,2014,Visitor Spending,Restaurants,5192479.0
DETO,2014,Visitor Spending,Retail,2621500.0
DETO,2014,Visitor Spending,Secondary Effects,0.0
DETO,2014,Visitor Spending,Transportation,1547431.0
DETO,2014,Visits,Total,440875.0
DETO,2015,Economic Output,Camping,631742.0
DETO,2015,Economic Output,Gas,472669.0
DETO,2015,Economic Output,Groceries,542533.0
DETO,2015,Economic Output,Lodging,10365397.0
DETO,2015,Economic Output,Recreation Industries,2293127.0
DETO,2015,Economic Output,Restaurants,5750355.0
DETO,2015,Economic Output,Retail,1314272.0
DETO,2015,Economic Output,Secondary Effects,14326686.0
DETO,2015,Economic Output,Transportation,1712194.0
DETO,2015,Jobs,Camping,9.0
DETO,2015,Jobs,Gas,7.0
DETO,2015,Jobs,Groceries,9.0
DETO,2015,Jobs,Lodging,132.0
DETO,2015,Jobs,Recreation Industries,43.0
DETO,2015,Jobs,Restaurants,124.0
DETO,2015,Jobs,Retail,31.0
DETO,2015,Jobs,Secondary Effects,107.0
DETO,2015,Jobs,Transportation,15.0
DETO,2015,Labor Income,Camping,252444.0
DETO,2015,Labor Income,Gas,198351.0
DETO,2015,Labor Income,Groceries,219476.0
DETO,2015,Labor Income,Lodging,2987577.0
DETO,2015,Labor Income,Recreation Industries,718746.0
DETO,2015,Labor Income,Restaurants,2254477.0
DETO,2015,Labor Income,Retail,780405.0
DETO,2015,Labor Income,Secondary Effects,4121809.0
DETO,2015,Labor Income,Transportation,390229.0
DETO,2015,Value Added,Camping,394350.0
DETO,2015,Value Added,Gas,251406.0
DETO,2015,Value Added,Groceries,339743.0
DETO,2015,Value Added,Lodging,5582114.0
DETO,2015,Value Added,Recreation Industries,1141940.0
DETO,2015,Value Added,Restaurants,3005577.0
DETO,2015,Value Added,Retail,750560.0
DETO,2015,Value Added,Secondary Effects,7438296.0
DETO,2015,Value Added,Transportation,917620.0
DETO,2015,Visitor Spending,Camping,631742.0
DETO,2015,Visitor Spending,Gas,4338863.0
DETO,2015,Visitor Spending,Groceries,1928029.0
DETO,2015,Visitor Spending,Lodging,10365397.0
DETO,2015,Visitor Spending,Recreation Industries,2293127.0
DETO,2015,Visitor Spending,Restaurants,5750355.0
DETO,2015,Visitor Spending,Retail,2869837.0
DETO,2015,Visitor Spending,Secondary Effects,0.0
DETO,2015,Visitor Spending,Transportation,1712194.0
DETO,2015,Visits,Total,478833.0
DETO,2016,Economic Output,Camping,680380.0
DETO,2016,Economic Output,Gas,498108.0
DETO,2016,Economic Output,Groceries,572421.0
DETO,2016,Economic Output,Lodging,11033575.0
DETO,2016,Economic Output,Recreation Industries,2437816.0
DETO,2016,Economic Output,Restaurants,6078719.0
DETO,2016,Economic Output,Retail,1384839.0
DETO,2016,Economic Output,Secondary Effects,15152121.0
DETO,2016,Economic Output,Transportation,1808133.0
DETO,2016,Jobs,Camping,10.0
DETO,2016,Jobs,Gas,7.0
DETO,2016,Jobs,Groceries,9.0
DETO,2016,Jobs,Lodging,139.0
DETO,2016,Jobs,Recreation Industries,45.0
DETO,2016,Jobs,Restaurants,131.0
DETO,2016,Jobs,Retail,33.0
DETO,2016,Jobs,Secondary Effects,110.0
DETO,2016,Jobs,Transportation,16.0
DETO,2016,Labor Income,Camping,269027.0
DETO,2016,Labor Income,Gas,211199.0
DETO,2016,Labor Income,Groceries,233988.0
DETO,2016,Labor Income,Lodging,3146790.0
DETO,2016,Labor Income,Recreation Industries,758160.0
DETO,2016,Labor Income,Restaurants,2376736.0
DETO,2016,Labor Income,Retail,830841.0
DETO,2016,Labor Income,Secondary Effects,4350628.0
DETO,2016,Labor Income,Transportation,412164.0
DETO,2016,Value Added,Camping,420254.0
DETO,2016,Value Added,Gas,267691.0
DETO,2016,Value Added,Groceries,362206.0
DETO,2016,Value Added,Lodging,5879593.0
DETO,2016,Value Added,Recreation Industries,1204561.0
DETO,2016,Value Added,Restaurants,3168568.0
DETO,2016,Value Added,Retail,799067.0
DETO,2016,Value Added,Secondary Effects,7851811.0
DETO,2016,Value Added,Transportation,968089.0
DETO,2016,Visitor Spending,Camping,680380.0
DETO,2016,Visitor Spending,Gas,4533248.0
DETO,2016,Visitor Spending,Groceries,2016943.0
DETO,2016,Visitor Spending,Lodging,11033575.0
DETO,2016,Visitor Spending,Recreation Industries,2437816.0
DETO,2016,Visitor Spending,Restaurants,6078719.0
DETO,2016,Visitor Spending,Retail,2997989.0
DETO,2016,Visitor Spending,Secondary Effects,0.0
DETO,2016,Visitor Spending,Transportation,1808133.0
DETO,2016,Visits,Total,496210.0
DETO,2017,Economic Output,Camping,654656.0
DETO,2017,Economic Output,Gas,574902.0
DETO,2017,Economic Output,Groceries,567917.0
DETO,2017,Economic Output,Lodging,10597180.0
DETO,2017,Economic Output,Recreation Industries,2334563.0
DETO,2017,Economic Output,Restaurants,5988006.0
DETO,2017,Economic Output,Retail,1453982.0
DETO,2017,Economic Output,Secondary Effects,14724804.0
DETO,2017,Economic Output,Transportation,1779106.0
DETO,2017,Jobs,Camping,14.0
DETO,2017,Jobs,Gas,10.0
DETO,2017,Jobs,Groceries,9.0
DETO,2017,Jobs,Lodging,111.0
DETO,2017,Jobs,Recreation Industries,45.0
DETO,2017,Jobs,Restaurants,106.0
DETO,2017,Jobs,Retail,31.0
DETO,2017,Jobs,Secondary Effects,103.0
DETO,2017,Jobs,Transportation,13.0
DETO,2017,Labor Income,Camping,388696.0
DETO,2017,Labor Income,Gas,290311.0
DETO,2017,Labor Income,Groceries,237446.0
DETO,2017,Labor Income,Lodging,2781401.0
DETO,2017,Labor Income,Recreation Industries,731858.0
DETO,2017,Labor Income,Restaurants,2083618.0
DETO,2017,Labor Income,Retail,900928.0
DETO,2017,Labor Income,Secondary Effects,4164621.0
DETO,2017,Labor Income,Transportation,378252.0
DETO,2017,Non-local Visitor Spending,Camping,654656.0
DETO,2017,Non-local Visitor Spending,Gas,4480494.0
DETO,2017,Non-local Visitor Spending,Groceries,1987152.0
DETO,2017,Non-local Visitor Spending,Lodging,10597180.0
DETO,2017,Non-local Visitor Spending,Recreation Industries,2271751.0
DETO,2017,Non-local Visitor Spending,Restaurants,5910584.0
DETO,2017,Non-local Visitor Spending,Retail,2981292.0
DETO,2017,Non-local Visitor Spending,Secondary Effects,0.0
DETO,2017,Non-local Visitor Spending,Transportation,1767237.0
DETO,2017,Party Days/Nights,Total,235184.0
DETO,2017,Value Added,Camping,411646.0
DETO,2017,Value Added,Gas,277738.0
DETO,2017,Value Added,Groceries,374944.0
DETO,2017,Value Added,Lodging,6219647.0
DETO,2017,Value Added,Recreation Industries,1146953.0
DETO,2017,Value Added,Restaurants,3161881.0
DETO,2017,Value Added,Retail,829502.0
DETO,2017,Value Added,Secondary Effects,7657252.0
DETO,2017,Value Added,Transportation,959433.0
DETO,2017,Visitor Spending,Camping,654656.0
DETO,2017,Visitor Spending,Gas,4599215.0
DETO,2017,Visitor Spending,Groceries,2057672.0
DETO,2017,Visitor Spending,Lodging,10597180.0
DETO,2017,Visitor Spending,Recreation Industries,2334563.0
DETO,2017,Visitor Spending,Restaurants,5988006.0
DETO,2017,Visitor Spending,Retail,3041803.0
DETO,2017,Visitor Spending,Secondary Effects,0.0
DETO,2017,Visitor Spending,Transportation,1779086.0
DETO,2017,Visits,Total,499030.0
DETO,2018,Economic Output,Camping,638620.0
DETO,2018,Economic Output,Gas,721170.0
DETO,2018,Economic Output,Groceries,584697.0
DETO,2018,Economic Output,Lodging,10291005.0
DETO,2018,Economic Output,Recreation Industries,2258815.0
DETO,2018,Economic Output,Restaurants,5892803.0
DETO,2018,Economic Output,Retail,1474068.0
DETO,2018,Economic Output,Secondary Effects,14774829.0
DETO,2018,Economic Output,Transportation,1534110.0
DETO,2018,Jobs,Camping,11.0
DETO,2018,Jobs,Gas,9.0
DETO,2018,Jobs,Groceries,9.0
DETO,2018,Jobs,Lodging,99.0
DETO,2018,Jobs,Recreation Industries,39.0
DETO,2018,Jobs,Restaurants,99.0
DETO,2018,Jobs,Retail,29.0
DETO,2018,Jobs,Secondary Effects,107.0
DETO,2018,Jobs,Transportation,12.0
DETO,2018,Labor Income,Camping,438712.0
DETO,2018,Labor Income,Gas,312848.0
DETO,2018,Labor Income,Groceries,245266.0
DETO,2018,Labor Income,Lodging,2729847.0
DETO,2018,Labor Income,Recreation Industries,725142.0
DETO,2018,Labor Income,Restaurants,2005054.0
DETO,2018,Labor Income,Retail,890483.0
DETO,2018,Labor Income,Secondary Effects,4407367.0
DETO,2018,Labor Income,Transportation,454408.0
DETO,2018,Non-local Visitor Spending,Camping,638620.0
DETO,2018,Non-local Visitor Spending,Gas,4283932.0
DETO,2018,Non-local Visitor Spending,Groceries,2023973.0
DETO,2018,Non-local Visitor Spending,Lodging,10291005.0
DETO,2018,Non-local Visitor Spending,Recreation Industries,2198101.0
DETO,2018,Non-local Visitor Spending,Restaurants,5816560.0
DETO,2018,Non-local Visitor Spending,Retail,2849629.0
DETO,2018,Non-local Visitor Spending,Secondary Effects,0.0
DETO,2018,Non-local Visitor Spending,Transportation,1523967.0
DETO,2018,Party Days/Nights,Total,220673.0
DETO,2018,Value Added,Camping,468811.0
DETO,2018,Value Added,Gas,390946.0
DETO,2018,Value Added,Groceries,359890.0
DETO,2018,Value Added,Lodging,6235668.0
DETO,2018,Value Added,Recreation Industries,1141250.0
DETO,2018,Value Added,Restaurants,3065910.0
DETO,2018,Value Added,Retail,870682.0
DETO,2018,Value Added,Secondary Effects,7760011.0
DETO,2018,Value Added,Transportation,831979.0
DETO,2018,Visitor Spending,Camping,638620.0
DETO,2018,Visitor Spending,Gas,4397380.0
DETO,2018,Visitor Spending,Groceries,2095687.0
DETO,2018,Visitor Spending,Lodging,10291005.0
DETO,2018,Visitor Spending,Recreation Industries,2258815.0
DETO,2018,Visitor Spending,Restaurants,5892803.0
DETO,2018,Visitor Spending,Retail,2907431.0
DETO,2018,Visitor Spending,Secondary Effects,0.0
DETO,2018,Visitor Spending,Transportation,1534104.0
DETO,2018,Visits,Total,468215.0
DETO,2019,Economic Output,Camping,607943.0
DETO,2019,Economic Output,Gas,697224.0
DETO,2019,Economic Output,Groceries,563536.0
DETO,2019,Economic Output,Lodging,10056355.0
DETO,2019,Economic Output,Recreation Industries,2202602.0
DETO,2019,Economic Output,Restaurants,5749602.0
DETO,2019,Economic Output,Retail,1425976.0
DETO,2019,Economic Output,Secondary Effects,14401474.0
DETO,2019,Economic Output,Transportation,1488250.0
DETO,2019,Jobs,Camping,10.0
DETO,2019,Jobs,Gas,8.0
DETO,2019,Jobs,Groceries,9.0
DETO,2019,Jobs,Lodging,97.0
DETO,2019,Jobs,Recreation Industries,38.0
DETO,2019,Jobs,Restaurants,97.0
DETO,2019,Jobs,Retail,28.0
DETO,2019,Jobs,Secondary Effects,103.0
DETO,2019,Jobs,Transportation,12.0
DETO,2019,Labor Income,Camping,417664.0
DETO,2019,Labor Income,Gas,304143.0
DETO,2019,Labor Income,Groceries,237896.0
DETO,2019,Labor Income,Lodging,2667768.0
DETO,2019,Labor Income,Recreation Industries,706604.0
DETO,2019,Labor Income,Restaurants,1955748.0
DETO,2019,Labor Income,Retail,866224.0
DETO,2019,Labor Income,Secondary Effects,4296063.0
DETO,2019,Labor Income,Transportation,442713.0
DETO,2019,Non-local Visitor Spending,Camping,607943.0
DETO,2019,Non-local Visitor Spending,Gas,4141077.0
DETO,2019,Non-local Visitor Spending,Groceries,1950183.0
DETO,2019,Non-local Visitor Spending,Lodging,10056355.0
DETO,2019,Non-local Visitor Spending,Recreation Industries,2143176.0
DETO,2019,Non-local Visitor Spending,Restaurants,5675136.0
DETO,2019,Non-local Visitor Spending,Retail,2756387.0
DETO,2019,Non-local Visitor Spending,Secondary Effects,0.0
DETO,2019,Non-local Visitor Spending,Transportation,1478305.0
DETO,2019,Party Days/Nights,Total,212392.0
DETO,2019,Value Added,Camping,446319.0
DETO,2019,Value Added,Gas,380068.0
DETO,2019,Value Added,Groceries,349076.0
DETO,2019,Value Added,Lodging,6093862.0
DETO,2019,Value Added,Recreation Industries,1112074.0
DETO,2019,Value Added,Restaurants,2990516.0
DETO,2019,Value Added,Retail,846963.0
DETO,2019,Value Added,Secondary Effects,7563661.0
DETO,2019,Value Added,Transportation,810813.0
DETO,2019,Visitor Spending,Camping,607943.0
DETO,2019,Visitor Spending,Gas,4251366.0
DETO,2019,Visitor Spending,Groceries,2019844.0
DETO,2019,Visitor Spending,Lodging,10056355.0
DETO,2019,Visitor Spending,Recreation Industries,2202602.0
DETO,2019,Visitor Spending,Restaurants,5749602.0
DETO,2019,Visitor Spending,Retail,2812576.0
DETO,2019,Visitor Spending,Secondary Effects,0.0
DETO,2019,Visitor Spending,Transportation,1488227.0
DETO,2019,Visits,Total,450786.0
DETO,2020,Economic Output,Camping,536394.0
DETO,2020,Economic Output,Gas,659890.0
DETO,2020,Economic Output,Groceries,527652.0
DETO,2020,Economic Output,Lodging,9737591.0
DETO,2020,Economic Output,Recreation Industries,2110418.0
DETO,2020,Economic Output,Restaurants,5531666.0
DETO,2020,Economic Output,Retail,1350732.0
DETO,2020,Economic Output,Secondary Effects,13816758.0
DETO,2020,Economic Output,Transportation,1418489.0
DETO,2020,Jobs,Camping,9.0
DETO,2020,Jobs,Gas,8.0
DETO,2020,Jobs,Groceries,8.0
DETO,2020,Jobs,Lodging,94.0
DETO,2020,Jobs,Recreation Industries,37.0
DETO,2020,Jobs,Restaurants,93.0
DETO,2020,Jobs,Retail,26.0
DETO,2020,Jobs,Secondary Effects,98.0
DETO,2020,Jobs,Transportation,12.0
DETO,2020,Labor Income,Camping,368532.0
DETO,2020,Labor Income,Gas,289459.0
DETO,2020,Labor Income,Groceries,224167.0
DETO,2020,Labor Income,Lodging,2583365.0
DETO,2020,Labor Income,Recreation Industries,676560.0
DETO,2020,Labor Income,Restaurants,1881057.0
DETO,2020,Labor Income,Retail,825082.0
DETO,2020,Labor Income,Secondary Effects,4121920.0
DETO,2020,Labor Income,Transportation,423769.0
DETO,2020,Non-local Visitor Spending,Camping,536394.0
DETO,2020,Non-local Visitor Spending,Gas,3917565.0
DETO,2020,Non-local Visitor Spending,Groceries,1824166.0
DETO,2020,Non-local Visitor Spending,Lodging,9737590.0
DETO,2020,Non-local Visitor Spending,Recreation Industries,2052880.0
DETO,2020,Non-local Visitor Spending,Restaurants,5459493.0
DETO,2020,Non-local Visitor Spending,Retail,2610036.0
DETO,2020,Non-local Visitor Spending,Secondary Effects,0.0
DETO,2020,Non-local Visitor Spending,Transportation,1408818.0
DETO,2020,Party Days/Nights,Total,199557.0
DETO,2020,Value Added,Camping,393816.0
DETO,2020,Value Added,Gas,361718.0
DETO,2020,Value Added,Groceries,328931.0
DETO,2020,Value Added,Lodging,5901065.0
DETO,2020,Value Added,Recreation Industries,1064790.0
DETO,2020,Value Added,Restaurants,2876307.0
DETO,2020,Value Added,Retail,806736.0
DETO,2020,Value Added,Secondary Effects,7255591.0
DETO,2020,Value Added,Transportation,776352.0
DETO,2020,Visitor Spending,Camping,536394.0
DETO,2020,Visitor Spending,Gas,4023719.0
DETO,2020,Visitor Spending,Groceries,1891227.0
DETO,2020,Visitor Spending,Lodging,9737590.0
DETO,2020,Visitor Spending,Recreation Industries,2110418.0
DETO,2020,Visitor Spending,Restaurants,5531666.0
DETO,2020,Visitor Spending,Retail,2664166.0
DETO,2020,Visitor Spending,Secondary Effects,0.0
DETO,2020,Visitor Spending,Transportation,1418441.0
DETO,2020,Visits,Total,423997.0
DETO,2021,Economic Output,Camping,755161.0
DETO,2021,Economic Output,Gas,1496701.0
DETO,2021,Economic Output,Groceries,870962.0
DETO,2021,Economic Output,Lodging,13313644.0
DETO,2021,Economic Output,Recreation Industries,2805608.0
DETO,2021,Economic Output,Restaurants,7719708.0
DETO,2021,Economic Output,Retail,1936446.0
DETO,2021,Economic Output,Secondary Effects,20504678.0
DETO,2021,Economic Output,Transportation,1907075.0
DETO,2021,Jobs,Camping,11.0
DETO,2021,Jobs,Gas,14.0
DETO,2021,Jobs,Groceries,13.0
DETO,2021,Jobs,Lodging,128.0
DETO,2021,Jobs,Recreation Industries,52.0
DETO,2021,Jobs,Restaurants,115.0
DETO,2021,Jobs,Retail,35.0
DETO,2021,Jobs,Secondary Effects,133.0
DETO,2021,Jobs,Transportation,22.0
DETO,2021,Labor Income,Camping,357629.0
DETO,2021,Labor Income,Gas,456083.0
DETO,2021,Labor Income,Groceries,354605.0
DETO,2021,Labor Income,Lodging,3796159.0
DETO,2021,Labor Income,Recreation Industries,953887.0
DETO,2021,Labor Income,Restaurants,2461645.0
DETO,2021,Labor Income,Retail,1037751.0
DETO,2021,Labor Income,Secondary Effects,5692633.0
DETO,2021,Labor Income,Transportation,539904.0
DETO,2021,Non-local Visitor Spending,Camping,755161.0
DETO,2021,Non-local Visitor Spending,Gas,6634871.0
DETO,2021,Non-local Visitor Spending,Groceries,2530629.0
DETO,2021,Non-local Visitor Spending,Lodging,13313644.0
DETO,2021,Non-local Visitor Spending,Recreation Industries,2729386.0
DETO,2021,Non-local Visitor Spending,Restaurants,7619155.0
DETO,2021,Non-local Visitor Spending,Retail,3411929.0
DETO,2021,Non-local Visitor Spending,Secondary Effects,0.0
DETO,2021,Non-local Visitor Spending,Transportation,1894107.0
DETO,2021,Party Days/Nights,Total,259280.0
DETO,2021,Value Added,Camping,543878.0
DETO,2021,Value Added,Gas,805783.0
DETO,2021,Value Added,Groceries,505524.0
DETO,2021,Value Added,Lodging,8267813.0
DETO,2021,Value Added,Recreation Industries,1425426.0
DETO,2021,Value Added,Restaurants,3752805.0
DETO,2021,Value Added,Retail,1235701.0
DETO,2021,Value Added,Secondary Effects,10140487.0
DETO,2021,Value Added,Transportation,993150.0
DETO,2021,Visitor Spending,Camping,755161.0
DETO,2021,Visitor Spending,Gas,6813715.0
DETO,2021,Visitor Spending,Groceries,2622899.0
DETO,2021,Visitor Spending,Lodging,13313644.0
DETO,2021,Visitor Spending,Recreation Industries,2805608.0
DETO,2021,Visitor Spending,Restaurants,7719708.0
DETO,2021,Visitor Spending,Retail,3482328.0
DETO,2021,Visitor Spending,Secondary Effects,0.0
DETO,2021,Visitor Spending,Transportation,1906919.0
DETO,2021,Visits,Total,550712.0
DETO,2022,Economic Output,Camping,670118.0
DETO,2022,Economic Output,Gas,1320592.0
DETO,2022,Economic Output,Groceries,768067.0
DETO,2022,Economic Output,Lodging,11762016.0
DETO,2022,Economic Output,Recreation Industries,2483538.0
DETO,2022,Economic Output,Restaurants,6874023.0
DETO,2022,Economic Output,Retail,1708148.0
DETO,2022,Economic Output,Secondary Effects,18113186.0
DETO,2022,Economic Output,Transportation,1682345.0
DETO,2022,Jobs,Camping,9.0
DETO,2022,Jobs,Gas,12.0
DETO,2022,Jobs,Groceries,11.0
DETO,2022,Jobs,Lodging,113.0
DETO,2022,Jobs,Recreation Industries,46.0
DETO,2022,Jobs,Restaurants,102.0
DETO,2022,Jobs,Retail,30.0
DETO,2022,Jobs,Secondary Effects,116.0
DETO,2022,Jobs,Transportation,20.0
DETO,2022,Labor Income,Camping,317178.0
DETO,2022,Labor Income,Gas,403114.0
DETO,2022,Labor Income,Groceries,313571.0
DETO,2022,Labor Income,Lodging,3351869.0
DETO,2022,Labor Income,Recreation Industries,842647.0
DETO,2022,Labor Income,Restaurants,2174336.0
DETO,2022,Labor Income,Retail,916990.0
DETO,2022,Labor Income,Secondary Effects,5028722.0
DETO,2022,Labor Income,Transportation,475865.0
DETO,2022,Non-local Visitor Spending,Camping,670118.0
DETO,2022,Non-local Visitor Spending,Gas,5854217.0
DETO,2022,Non-local Visitor Spending,Groceries,2231793.0
DETO,2022,Non-local Visitor Spending,Lodging,11762016.0
DETO,2022,Non-local Visitor Spending,Recreation Industries,2416064.0
DETO,2022,Non-local Visitor Spending,Restaurants,6784546.0
DETO,2022,Non-local Visitor Spending,Retail,3009720.0
DETO,2022,Non-local Visitor Spending,Secondary Effects,0.0
DETO,2022,Non-local Visitor Spending,Transportation,1670752.0
DETO,2022,Party Days/Nights,Total,226339.0
DETO,2022,Value Added,Camping,482360.0
DETO,2022,Value Added,Gas,712194.0
DETO,2022,Value Added,Groceries,447026.0
DETO,2022,Value Added,Lodging,7300189.0
DETO,2022,Value Added,Recreation Industries,1259196.0
DETO,2022,Value Added,Restaurants,3314791.0
DETO,2022,Value Added,Retail,1091903.0
DETO,2022,Value Added,Secondary Effects,8957762.0
DETO,2022,Value Added,Transportation,876667.0
DETO,2022,Visitor Spending,Camping,670118.0
DETO,2022,Visitor Spending,Gas,6011955.0
DETO,2022,Visitor Spending,Groceries,2313031.0
DETO,2022,Visitor Spending,Lodging,11762016.0
DETO,2022,Visitor Spending,Recreation Industries,2483538.0
DETO,2022,Visitor Spending,Restaurants,6874023.0
DETO,2022,Visitor Spending,Retail,3071778.0
DETO,2022,Visitor Spending,Secondary Effects,0.0
DETO,2022,Visitor Spending,Transportation,1682035.0
DETO,2022,Visits,Total,480713.0
DETO,2023,Economic Output,Camping,721654.0
DETO,2023,Economic Output,Gas,1419851.0
DETO,2023,Economic Output,Groceries,824945.0
DETO,2023,Economic Output,Lodging,12676509.0
DETO,2023,Economic Output,Recreation Industries,2680502.0
DETO,2023,Economic Output,Restaurants,7464143.0
DETO,2023,Economic Output,Retail,1836902.0
DETO,2023,Economic Output,Secondary Effects,19510157.0
DETO,2023,Economic Output,Transportation,1809620.0
DETO,2023,Jobs,Camping,10.0
DETO,2023,Jobs,Gas,13.0
DETO,2023,Jobs,Groceries,12.0
DETO,2023,Jobs,Lodging,122.0
DETO,2023,Jobs,Recreation Industries,50.0
DETO,2023,Jobs,Restaurants,110.0
DETO,2023,Jobs,Retail,32.0
DETO,2023,Jobs,Secondary Effects,123.0
DETO,2023,Jobs,Transportation,21.0
DETO,2023,Labor Income,Camping,341381.0
DETO,2023,Labor Income,Gas,434164.0
DETO,2023,Labor Income,Groceries,337716.0
DETO,2023,Labor Income,Lodging,3610473.0
DETO,2023,Labor Income,Recreation Industries,907605.0
DETO,2023,Labor Income,Restaurants,2341994.0
DETO,2023,Labor Income,Retail,987814.0
DETO,2023,Labor Income,Secondary Effects,5416666.0
DETO,2023,Labor Income,Transportation,511408.0
DETO,2023,Non-local Visitor Spending,Camping,721654.0
DETO,2023,Non-local Visitor Spending,Gas,6294285.0
DETO,2023,Non-local Visitor Spending,Groceries,2397070.0
DETO,2023,Non-local Visitor Spending,Lodging,12676509.0
DETO,2023,Non-local Visitor Spending,Recreation Industries,2607655.0
DETO,2023,Non-local Visitor Spending,Restaurants,7367056.0
DETO,2023,Non-local Visitor Spending,Retail,3236592.0
DETO,2023,Non-local Visitor Spending,Secondary Effects,0.0
DETO,2023,Non-local Visitor Spending,Transportation,1796908.0
DETO,2023,Party Days/Nights,Total,240692.0
DETO,2023,Value Added,Camping,519167.0
DETO,2023,Value Added,Gas,767053.0
DETO,2023,Value Added,Groceries,481446.0
DETO,2023,Value Added,Lodging,7863391.0
DETO,2023,Value Added,Recreation Industries,1356262.0
DETO,2023,Value Added,Restaurants,3570383.0
DETO,2023,Value Added,Retail,1176235.0
DETO,2023,Value Added,Secondary Effects,9648638.0
DETO,2023,Value Added,Transportation,943567.0
DETO,2023,Visitor Spending,Camping,721654.0
DETO,2023,Visitor Spending,Gas,6463858.0
DETO,2023,Visitor Spending,Groceries,2484319.0
DETO,2023,Visitor Spending,Lodging,12676509.0
DETO,2023,Visitor Spending,Recreation Industries,2680502.0
DETO,2023,Visitor Spending,Restaurants,7464143.0
DETO,2023,Visitor Spending,Retail,3303317.0
DETO,2023,Visitor Spending,Secondary Effects,0.0
DETO,2023,Visitor Spending,Transportation,1809027.0
DETO,2023,Visits,Total,511205.0
DETO,2024,Economic Output,Camping,848225.0
DETO,2024,Economic Output,Gas,980158.0
DETO,2024,Economic Output,Groceries,844751.0
DETO,2024,Economic Output,Lodging,14641762.0
DETO,2024,Economic Output,Recreation Industries,3221554.0
DETO,2024,Economic Output,Restaurants,8659714.0
DETO,2024,Economic Output,Retail,1949146.0
DETO,2024,Economic Output,Secondary Effects,18612814.0
DETO,2024,Economic Output,Transportation,2530408.0
DETO,2024,Jobs,Camping,7.0
DETO,2024,Jobs,Gas,7.0
DETO,2024,Jobs,Groceries,10.0
DETO,2024,Jobs,Lodging,105.0
DETO,2024,Jobs,Recreation Industries,44.0
DETO,2024,Jobs,Restaurants,88.0
DETO,2024,Jobs,Retail,27.0
DETO,2024,Jobs,Secondary Effects,103.0
DETO,2024,Jobs,Transportation,16.0
DETO,2024,Labor Income,Camping,279630.0
DETO,2024,Labor Income,Gas,317437.0
DETO,2024,Labor Income,Groceries,306572.0
DETO,2024,Labor Income,Lodging,4001417.0
DETO,2024,Labor Income,Recreation Industries,1135499.0
DETO,2024,Labor Income,Restaurants,2422423.0
DETO,2024,Labor Income,Retail,1004918.0
DETO,2024,Labor Income,Secondary Effects,5411669.0
DETO,2024,Labor Income,Transportation,767929.0
DETO,2024,Non-local Visitor Spending,Camping,848225.0
DETO,2024,Non-local Visitor Spending,Gas,5131883.0
DETO,2024,Non-local Visitor Spending,Groceries,2830681.0
DETO,2024,Non-local Visitor Spending,Lodging,14641762.0
DETO,2024,Non-local Visitor Spending,Recreation Industries,3134254.0
DETO,2024,Non-local Visitor Spending,Restaurants,8547237.0
DETO,2024,Non-local Visitor Spending,Retail,3556566.0
DETO,2024,Non-local Visitor Spending,Secondary Effects,0.0
DETO,2024,Non-local Visitor Spending,Transportation,2513456.0
DETO,2024,Party Days/Nights,Total,254717.0
DETO,2024,Value Added,Camping,542820.0
DETO,2024,Value Added,Gas,660180.0
DETO,2024,Value Added,Groceries,573915.0
DETO,2024,Value Added,Lodging,10212309.0
DETO,2024,Value Added,Recreation Industries,1988571.0
DETO,2024,Value Added,Restaurants,4186913.0
DETO,2024,Value Added,Retail,1197520.0
DETO,2024,Value Added,Secondary Effects,9807783.0
DETO,2024,Value Added,Transportation,1170211.0
DETO,2024,Visitor Spending,Camping,848225.0
DETO,2024,Visitor Spending,Gas,5269664.0
DETO,2024,Visitor Spending,Groceries,2933163.0
DETO,2024,Visitor Spending,Lodging,14641762.0
DETO,2024,Visitor Spending,Recreation Industries,3221554.0
DETO,2024,Visitor Spending,Restaurants,8659714.0
DETO,2024,Visitor Spending,Retail,3629695.0
DETO,2024,Visitor Spending,Secondary Effects,0.0
DETO,2024,Visitor Spending,Transportation,2530408.0
DETO,2024,Visits,Total,540890.0
KNRI,2012,Economic Output,Total,988424.0
KNRI,2012,Jobs,Total,12.0
KNRI,2012,Labor Income,Total,317487.0
KNRI,2012,Value Added,Total,564298.0
KNRI,2012,Visitor Spending,Total,861517.0
KNRI,2012,Visits,Total,16010.0
KNRI,2013,Economic Output,Total,916308.0
KNRI,2013,Jobs,Total,11.0
KNRI,2013,Labor Income,Total,293046.0
KNRI,2013,Value Added,Total,520849.0
KNRI,2013,Visitor Spending,Total,797942.0
KNRI,2013,Visits,Total,14476.0
KNRI,2014,Economic Output,Camping,17506.0
KNRI,2014,Economic Output,Gas,8659.0
KNRI,2014,Economic Output,Groceries,8936.0
KNRI,2014,Economic Output,Lodging,189992.0
KNRI,2014,Economic Output,Recreation Industries,54602.0
KNRI,2014,Economic Output,Restaurants,136144.0
KNRI,2014,Economic Output,Retail,32659.0
KNRI,2014,Economic Output,Secondary Effects,294004.0
KNRI,2014,Economic Output,Transportation,20617.0
KNRI,2014,Jobs,Camping,0.0
KNRI,2014,Jobs,Gas,0.0
KNRI,2014,Jobs,Groceries,0.0
KNRI,2014,Jobs,Lodging,2.0
KNRI,2014,Jobs,Recreation Industries,1.0
KNRI,2014,Jobs,Restaurants,3.0
KNRI,2014,Jobs,Retail,1.0
KNRI,2014,Jobs,Secondary Effects,2.0
KNRI,2014,Jobs,Transportation,0.0
KNRI,2014,Labor Income,Camping,9775.0
KNRI,2014,Labor Income,Gas,3894.0
KNRI,2014,Labor Income,Groceries,3650.0
KNRI,2014,Labor Income,Lodging,56062.0
KNRI,2014,Labor Income,Recreation Industries,21644.0
KNRI,2014,Labor Income,Restaurants,55594.0
KNRI,2014,Labor Income,Retail,18295.0
KNRI,2014,Labor Income,Secondary Effects,90053.0
KNRI,2014,Labor Income,Transportation,5025.0
KNRI,2014,Value Added,Camping,13796.0
KNRI,2014,Value Added,Gas,4998.0
KNRI,2014,Value Added,Groceries,5510.0
KNRI,2014,Value Added,Lodging,107171.0
KNRI,2014,Value Added,Recreation Industries,27919.0
KNRI,2014,Value Added,Restaurants,76752.0
KNRI,2014,Value Added,Retail,16582.0
KNRI,2014,Value Added,Secondary Effects,155942.0
KNRI,2014,Value Added,Transportation,13478.0
KNRI,2014,Visitor Spending,Camping,17506.0
KNRI,2014,Visitor Spending,Gas,80174.0
KNRI,2014,Visitor Spending,Groceries,32027.0
KNRI,2014,Visitor Spending,Lodging,189992.0
KNRI,2014,Visitor Spending,Recreation Industries,54602.0
KNRI,2014,Visitor Spending,Restaurants,136144.0
KNRI,2014,Visitor Spending,Retail,71922.0
KNRI,2014,Visitor Spending,Secondary Effects,0.0
KNRI,2014,Visitor Spending,Transportation,20617.0
KNRI,2014,Visits,Total,10751.0
KNRI,2015,Economic Output,Camping,19090.0
KNRI,2015,Economic Output,Gas,9322.0
KNRI,2015,Economic Output,Groceries,9619.0
KNRI,2015,Economic Output,Lodging,207034.0
KNRI,2015,Economic Output,Recreation Industries,59343.0
KNRI,2015,Economic Output,Restaurants,147216.0
KNRI,2015,Economic Output,Retail,35161.0
KNRI,2015,Economic Output,Secondary Effects,317849.0
KNRI,2015,Economic Output,Transportation,22256.0
KNRI,2015,Jobs,Camping,0.0
KNRI,2015,Jobs,Gas,0.0
KNRI,2015,Jobs,Groceries,0.0
KNRI,2015,Jobs,Lodging,3.0
KNRI,2015,Jobs,Recreation Industries,1.0
KNRI,2015,Jobs,Restaurants,3.0
KNRI,2015,Jobs,Retail,1.0
KNRI,2015,Jobs,Secondary Effects,2.0
KNRI,2015,Jobs,Transportation,0.0
KNRI,2015,Labor Income,Camping,10548.0
KNRI,2015,Labor Income,Gas,4236.0
KNRI,2015,Labor Income,Groceries,3970.0
KNRI,2015,Labor Income,Lodging,60450.0
KNRI,2015,Labor Income,Recreation Industries,23340.0
KNRI,2015,Labor Income,Restaurants,59952.0
KNRI,2015,Labor Income,Retail,19898.0
KNRI,2015,Labor Income,Secondary Effects,97219.0
KNRI,2015,Labor Income,Transportation,5426.0
KNRI,2015,Value Added,Camping,14887.0
KNRI,2015,Value Added,Gas,5436.0
KNRI,2015,Value Added,Groceries,5993.0
KNRI,2015,Value Added,Lodging,115558.0
KNRI,2015,Value Added,Recreation Industries,30107.0
KNRI,2015,Value Added,Restaurants,82768.0
KNRI,2015,Value Added,Retail,18036.0
KNRI,2015,Value Added,Secondary Effects,168361.0
KNRI,2015,Value Added,Transportation,14532.0
KNRI,2015,Visitor Spending,Camping,19090.0
KNRI,2015,Visitor Spending,Gas,85571.0
KNRI,2015,Visitor Spending,Groceries,34184.0
KNRI,2015,Visitor Spending,Lodging,207034.0
KNRI,2015,Visitor Spending,Recreation Industries,59343.0
KNRI,2015,Visitor Spending,Restaurants,147216.0
KNRI,2015,Visitor Spending,Retail,76759.0
KNRI,2015,Visitor Spending,Secondary Effects,0.0
KNRI,2015,Visitor Spending,Transportation,22256.0
KNRI,2015,Visits,Total,11377.0
KNRI,2016,Economic Output,Camping,23029.0
KNRI,2016,Economic Output,Gas,11110.0
KNRI,2016,Economic Output,Groceries,11463.0
KNRI,2016,Economic Output,Lodging,249818.0
KNRI,2016,Economic Output,Recreation Industries,71407.0
KNRI,2016,Economic Output,Restaurants,176246.0
KNRI,2016,Economic Output,Retail,41910.0
KNRI,2016,Economic Output,Secondary Effects,380496.0
KNRI,2016,Economic Output,Transportation,26602.0
KNRI,2016,Jobs,Camping,0.0
KNRI,2016,Jobs,Gas,0.0
KNRI,2016,Jobs,Groceries,0.0
KNRI,2016,Jobs,Lodging,3.0
KNRI,2016,Jobs,Recreation Industries,1.0
KNRI,2016,Jobs,Restaurants,3.0
KNRI,2016,Jobs,Retail,1.0
KNRI,2016,Jobs,Secondary Effects,3.0
KNRI,2016,Jobs,Transportation,0.0
KNRI,2016,Labor Income,Camping,12590.0
KNRI,2016,Labor Income,Gas,5101.0
KNRI,2016,Labor Income,Groceries,4781.0
KNRI,2016,Labor Income,Lodging,72176.0
KNRI,2016,Labor Income,Recreation Industries,27867.0
KNRI,2016,Labor Income,Restaurants,71579.0
KNRI,2016,Labor Income,Retail,23961.0
KNRI,2016,Labor Income,Secondary Effects,116206.0
KNRI,2016,Labor Income,Transportation,6487.0
KNRI,2016,Value Added,Camping,17770.0
KNRI,2016,Value Added,Gas,6546.0
KNRI,2016,Value Added,Groceries,7217.0
KNRI,2016,Value Added,Lodging,137975.0
KNRI,2016,Value Added,Recreation Industries,35947.0
KNRI,2016,Value Added,Restaurants,98820.0
KNRI,2016,Value Added,Retail,21718.0
KNRI,2016,Value Added,Secondary Effects,201253.0
KNRI,2016,Value Added,Transportation,17350.0
KNRI,2016,Visitor Spending,Camping,23029.0
KNRI,2016,Visitor Spending,Gas,101107.0
KNRI,2016,Visitor Spending,Groceries,40390.0
KNRI,2016,Visitor Spending,Lodging,249818.0
KNRI,2016,Visitor Spending,Recreation Industries,71407.0
KNRI,2016,Visitor Spending,Restaurants,176246.0
KNRI,2016,Visitor Spending,Retail,90698.0
KNRI,2016,Visitor Spending,Secondary Effects,0.0
KNRI,2016,Visitor Spending,Transportation,26602.0
KNRI,2016,Visits,Total,13328.0
KNRI,2017,Economic Output,Camping,19240.0
KNRI,2017,Economic Output,Gas,11139.0
KNRI,2017,Economic Output,Groceries,9883.0
KNRI,2017,Economic Output,Lodging,208512.0
KNRI,2017,Economic Output,Recreation Industries,59402.0
KNRI,2017,Economic Output,Restaurants,150868.0
KNRI,2017,Economic Output,Retail,38203.0
KNRI,2017,Economic Output,Secondary Effects,326351.0
KNRI,2017,Economic Output,Transportation,22776.0
KNRI,2017,Jobs,Camping,0.0
KNRI,2017,Jobs,Gas,0.0
KNRI,2017,Jobs,Groceries,0.0
KNRI,2017,Jobs,Lodging,2.0
KNRI,2017,Jobs,Recreation Industries,1.0
KNRI,2017,Jobs,Restaurants,2.0
KNRI,2017,Jobs,Retail,1.0
KNRI,2017,Jobs,Secondary Effects,2.0
KNRI,2017,Jobs,Transportation,0.0
KNRI,2017,Labor Income,Camping,14421.0
KNRI,2017,Labor Income,Gas,6375.0
KNRI,2017,Labor Income,Groceries,4412.0
KNRI,2017,Labor Income,Lodging,56685.0
KNRI,2017,Labor Income,Recreation Industries,22120.0
KNRI,2017,Labor Income,Restaurants,55415.0
KNRI,2017,Labor Income,Retail,22141.0
KNRI,2017,Labor Income,Secondary Effects,102317.0
KNRI,2017,Labor Income,Transportation,7963.0
KNRI,2017,Non-local Visitor Spending,Camping,19240.0
KNRI,2017,Non-local Visitor Spending,Gas,84374.0
KNRI,2017,Non-local Visitor Spending,Groceries,32809.0
KNRI,2017,Non-local Visitor Spending,Lodging,208512.0
KNRI,2017,Non-local Visitor Spending,Recreation Industries,53745.0
KNRI,2017,Non-local Visitor Spending,Restaurants,142242.0
KNRI,2017,Non-local Visitor Spending,Retail,73378.0
KNRI,2017,Non-local Visitor Spending,Secondary Effects,0.0
KNRI,2017,Non-local Visitor Spending,Transportation,21770.0
KNRI,2017,Party Days/Nights,Total,5926.0
KNRI,2017,Value Added,Camping,13849.0
KNRI,2017,Value Added,Gas,6161.0
KNRI,2017,Value Added,Groceries,6542.0
KNRI,2017,Value Added,Lodging,118559.0
KNRI,2017,Value Added,Recreation Industries,28826.0
KNRI,2017,Value Added,Restaurants,84339.0
KNRI,2017,Value Added,Retail,18404.0
KNRI,2017,Value Added,Secondary Effects,178699.0
KNRI,2017,Value Added,Transportation,14757.0
KNRI,2017,Visitor Spending,Camping,19240.0
KNRI,2017,Visitor Spending,Gas,89112.0
KNRI,2017,Visitor Spending,Groceries,35808.0
KNRI,2017,Visitor Spending,Lodging,208512.0
KNRI,2017,Visitor Spending,Recreation Industries,59402.0
KNRI,2017,Visitor Spending,Restaurants,150868.0
KNRI,2017,Visitor Spending,Retail,79923.0
KNRI,2017,Visitor Spending,Secondary Effects,0.0
KNRI,2017,Visitor Spending,Transportation,22776.0
KNRI,2017,Visits,Total,11645.0
KNRI,2018,Economic Output,Camping,19963.0
KNRI,2018,Economic Output,Gas,14939.0
KNRI,2018,Economic Output,Groceries,10866.0
KNRI,2018,Economic Output,Lodging,216691.0
KNRI,2018,Economic Output,Recreation Industries,61488.0
KNRI,2018,Economic Output,Restaurants,158802.0
KNRI,2018,Economic Output,Retail,41428.0
KNRI,2018,Economic Output,Secondary Effects,364945.0
KNRI,2018,Economic Output,Transportation,20979.0
KNRI,2018,Jobs,Camping,0.0
KNRI,2018,Jobs,Gas,0.0
KNRI,2018,Jobs,Groceries,0.0
KNRI,2018,Jobs,Lodging,2.0
KNRI,2018,Jobs,Recreation Industries,1.0
KNRI,2018,Jobs,Restaurants,2.0
KNRI,2018,Jobs,Retail,1.0
KNRI,2018,Jobs,Secondary Effects,2.0
KNRI,2018,Jobs,Transportation,0.0
KNRI,2018,Labor Income,Camping,12135.0
KNRI,2018,Labor Income,Gas,6607.0
KNRI,2018,Labor Income,Groceries,4754.0
KNRI,2018,Labor Income,Lodging,53495.0
KNRI,2018,Labor Income,Recreation Industries,20998.0
KNRI,2018,Labor Income,Restaurants,55312.0
KNRI,2018,Labor Income,Retail,25937.0
KNRI,2018,Labor Income,Secondary Effects,120702.0
KNRI,2018,Labor Income,Transportation,8474.0
KNRI,2018,Non-local Visitor Spending,Camping,19963.0
KNRI,2018,Non-local Visitor Spending,Gas,86247.0
KNRI,2018,Non-local Visitor Spending,Groceries,35680.0
KNRI,2018,Non-local Visitor Spending,Lodging,216691.0
KNRI,2018,Non-local Visitor Spending,Recreation Industries,55632.0
KNRI,2018,Non-local Visitor Spending,Restaurants,149719.0
KNRI,2018,Non-local Visitor Spending,Retail,75015.0
KNRI,2018,Non-local Visitor Spending,Secondary Effects,0.0
KNRI,2018,Non-local Visitor Spending,Transportation,20057.0
KNRI,2018,Party Days/Nights,Total,5944.0
KNRI,2018,Value Added,Camping,13326.0
KNRI,2018,Value Added,Gas,8428.0
KNRI,2018,Value Added,Groceries,6717.0
KNRI,2018,Value Added,Lodging,117370.0
KNRI,2018,Value Added,Recreation Industries,28064.0
KNRI,2018,Value Added,Restaurants,87913.0
KNRI,2018,Value Added,Retail,24009.0
KNRI,2018,Value Added,Secondary Effects,202183.0
KNRI,2018,Value Added,Transportation,14420.0
KNRI,2018,Visitor Spending,Camping,19963.0
KNRI,2018,Visitor Spending,Gas,91094.0
KNRI,2018,Visitor Spending,Groceries,38945.0
KNRI,2018,Visitor Spending,Lodging,216691.0
KNRI,2018,Visitor Spending,Recreation Industries,61488.0
KNRI,2018,Visitor Spending,Restaurants,158802.0
KNRI,2018,Visitor Spending,Retail,81712.0
KNRI,2018,Visitor Spending,Secondary Effects,0.0
KNRI,2018,Visitor Spending,Transportation,20979.0
KNRI,2018,Visits,Total,11682.0
KNRI,2019,Economic Output,Camping,17852.0
KNRI,2019,Economic Output,Gas,13284.0
KNRI,2019,Economic Output,Groceries,9653.0
KNRI,2019,Economic Output,Lodging,193768.0
KNRI,2019,Economic Output,Recreation Industries,55033.0
KNRI,2019,Economic Output,Restaurants,142062.0
KNRI,2019,Economic Output,Retail,36849.0
KNRI,2019,Economic Output,Secondary Effects,326379.0
KNRI,2019,Economic Output,Transportation,18680.0
KNRI,2019,Jobs,Camping,0.0
KNRI,2019,Jobs,Gas,0.0
KNRI,2019,Jobs,Groceries,0.0
KNRI,2019,Jobs,Lodging,2.0
KNRI,2019,Jobs,Recreation Industries,1.0
KNRI,2019,Jobs,Restaurants,2.0
KNRI,2019,Jobs,Retail,1.0
KNRI,2019,Jobs,Secondary Effects,2.0
KNRI,2019,Jobs,Transportation,0.0
KNRI,2019,Labor Income,Camping,10852.0
KNRI,2019,Labor Income,Gas,5908.0
KNRI,2019,Labor Income,Groceries,4250.0
KNRI,2019,Labor Income,Lodging,47839.0
KNRI,2019,Labor Income,Recreation Industries,18781.0
KNRI,2019,Labor Income,Restaurants,49467.0
KNRI,2019,Labor Income,Retail,23199.0
KNRI,2019,Labor Income,Secondary Effects,107947.0
KNRI,2019,Labor Income,Transportation,7581.0
KNRI,2019,Non-local Visitor Spending,Camping,17852.0
KNRI,2019,Non-local Visitor Spending,Gas,76693.0
KNRI,2019,Non-local Visitor Spending,Groceries,31700.0
KNRI,2019,Non-local Visitor Spending,Lodging,193768.0
KNRI,2019,Non-local Visitor Spending,Recreation Industries,49789.0
KNRI,2019,Non-local Visitor Spending,Restaurants,133942.0
KNRI,2019,Non-local Visitor Spending,Retail,66730.0
KNRI,2019,Non-local Visitor Spending,Secondary Effects,0.0
KNRI,2019,Non-local Visitor Spending,Transportation,17863.0
KNRI,2019,Party Days/Nights,Total,5268.0
KNRI,2019,Value Added,Camping,11918.0
KNRI,2019,Value Added,Gas,7536.0
KNRI,2019,Value Added,Groceries,6005.0
KNRI,2019,Value Added,Lodging,104961.0
KNRI,2019,Value Added,Recreation Industries,25100.0
KNRI,2019,Value Added,Restaurants,78623.0
KNRI,2019,Value Added,Retail,21474.0
KNRI,2019,Value Added,Secondary Effects,180817.0
KNRI,2019,Value Added,Transportation,12903.0
KNRI,2019,Visitor Spending,Camping,17852.0
KNRI,2019,Visitor Spending,Gas,80999.0
KNRI,2019,Visitor Spending,Groceries,34598.0
KNRI,2019,Visitor Spending,Lodging,193768.0
KNRI,2019,Visitor Spending,Recreation Industries,55033.0
KNRI,2019,Visitor Spending,Restaurants,142062.0
KNRI,2019,Visitor Spending,Retail,72681.0
KNRI,2019,Visitor Spending,Secondary Effects,0.0
KNRI,2019,Visitor Spending,Transportation,18680.0
KNRI,2019,Visits,Total,10354.0
KNRI,2020,Economic Output,Camping,9178.0
KNRI,2020,Economic Output,Gas,6779.0
KNRI,2020,Economic Output,Groceries,4929.0
KNRI,2020,Economic Output,Lodging,99373.0
KNRI,2020,Economic Output,Recreation Industries,28255.0
KNRI,2020,Economic Output,Restaurants,72903.0
KNRI,2020,Economic Output,Retail,18799.0
KNRI,2020,Economic Output,Secondary Effects,167449.0
KNRI,2020,Economic Output,Transportation,9544.0
KNRI,2020,Jobs,Camping,0.0
KNRI,2020,Jobs,Gas,0.0
KNRI,2020,Jobs,Groceries,0.0
KNRI,2020,Jobs,Lodging,1.0
KNRI,2020,Jobs,Recreation Industries,1.0
KNRI,2020,Jobs,Restaurants,1.0
KNRI,2020,Jobs,Retail,0.0
KNRI,2020,Jobs,Secondary Effects,1.0
KNRI,2020,Jobs,Transportation,0.0
KNRI,2020,Labor Income,Camping,5580.0
KNRI,2020,Labor Income,Gas,3031.0
KNRI,2020,Labor Income,Groceries,2184.0
KNRI,2020,Labor Income,Lodging,24535.0
KNRI,2020,Labor Income,Recreation Industries,9636.0
KNRI,2020,Labor Income,Restaurants,25378.0
KNRI,2020,Labor Income,Retail,11901.0
KNRI,2020,Labor Income,Secondary Effects,55382.0
KNRI,2020,Labor Income,Transportation,3892.0
KNRI,2020,Non-local Visitor Spending,Camping,9178.0
KNRI,2020,Non-local Visitor Spending,Gas,39134.0
KNRI,2020,Non-local Visitor Spending,Groceries,16185.0
KNRI,2020,Non-local Visitor Spending,Lodging,99373.0
KNRI,2020,Non-local Visitor Spending,Recreation Industries,25560.0
KNRI,2020,Non-local Visitor Spending,Restaurants,68730.0
KNRI,2020,Non-local Visitor Spending,Retail,34038.0
KNRI,2020,Non-local Visitor Spending,Secondary Effects,0.0
KNRI,2020,Non-local Visitor Spending,Transportation,9122.0
KNRI,2020,Party Days/Nights,Total,2679.0
KNRI,2020,Value Added,Camping,6128.0
KNRI,2020,Value Added,Gas,3867.0
KNRI,2020,Value Added,Groceries,3086.0
KNRI,2020,Value Added,Lodging,53832.0
KNRI,2020,Value Added,Recreation Industries,12878.0
KNRI,2020,Value Added,Restaurants,40335.0
KNRI,2020,Value Added,Retail,11016.0
KNRI,2020,Value Added,Secondary Effects,92769.0
KNRI,2020,Value Added,Transportation,6625.0
KNRI,2020,Visitor Spending,Camping,9178.0
KNRI,2020,Visitor Spending,Gas,41334.0
KNRI,2020,Visitor Spending,Groceries,17666.0
KNRI,2020,Visitor Spending,Lodging,99373.0
KNRI,2020,Visitor Spending,Recreation Industries,28255.0
KNRI,2020,Visitor Spending,Restaurants,72903.0
KNRI,2020,Visitor Spending,Retail,37078.0
KNRI,2020,Visitor Spending,Secondary Effects,0.0
KNRI,2020,Visitor Spending,Transportation,9544.0
KNRI,2020,Visits,Total,5263.0
KNRI,2021,Economic Output,Camping,20745.0
KNRI,2021,Economic Output,Gas,25275.0
KNRI,2021,Economic Output,Groceries,13324.0
KNRI,2021,Economic Output,Lodging,224303.0
KNRI,2021,Economic Output,Recreation Industries,61835.0
KNRI,2021,Economic Output,Restaurants,167719.0
KNRI,2021,Economic Output,Retail,44310.0
KNRI,2021,Economic Output,Secondary Effects,365473.0
KNRI,2021,Economic Output,Transportation,21095.0
KNRI,2021,Jobs,Camping,0.0
KNRI,2021,Jobs,Gas,0.0
KNRI,2021,Jobs,Groceries,0.0
KNRI,2021,Jobs,Lodging,2.0
KNRI,2021,Jobs,Recreation Industries,1.0
KNRI,2021,Jobs,Restaurants,2.0
KNRI,2021,Jobs,Retail,1.0
KNRI,2021,Jobs,Secondary Effects,2.0
KNRI,2021,Jobs,Transportation,0.0
KNRI,2021,Labor Income,Camping,9813.0
KNRI,2021,Labor Income,Gas,8803.0
KNRI,2021,Labor Income,Groceries,5514.0
KNRI,2021,Labor Income,Lodging,53873.0
KNRI,2021,Labor Income,Recreation Industries,24583.0
KNRI,2021,Labor Income,Restaurants,54938.0
KNRI,2021,Labor Income,Retail,24136.0
KNRI,2021,Labor Income,Secondary Effects,112688.0
KNRI,2021,Labor Income,Transportation,8055.0
KNRI,2021,Non-local Visitor Spending,Camping,20745.0
KNRI,2021,Non-local Visitor Spending,Gas,108932.0
KNRI,2021,Non-local Visitor Spending,Groceries,36760.0
KNRI,2021,Non-local Visitor Spending,Lodging,224303.0
KNRI,2021,Non-local Visitor Spending,Recreation Industries,55932.0
KNRI,2021,Non-local Visitor Spending,Restaurants,158108.0
KNRI,2021,Non-local Visitor Spending,Retail,73143.0
KNRI,2021,Non-local Visitor Spending,Secondary Effects,0.0
KNRI,2021,Non-local Visitor Spending,Transportation,20164.0
KNRI,2021,Party Days/Nights,Total,5715.0
KNRI,2021,Value Added,Camping,14819.0
KNRI,2021,Value Added,Gas,13521.0
KNRI,2021,Value Added,Groceries,7500.0
KNRI,2021,Value Added,Lodging,135295.0
KNRI,2021,Value Added,Recreation Industries,27747.0
KNRI,2021,Value Added,Restaurants,82171.0
KNRI,2021,Value Added,Retail,27030.0
KNRI,2021,Value Added,Secondary Effects,179636.0
KNRI,2021,Value Added,Transportation,14535.0
KNRI,2021,Visitor Spending,Camping,20745.0
KNRI,2021,Visitor Spending,Gas,115065.0
KNRI,2021,Visitor Spending,Groceries,40126.0
KNRI,2021,Visitor Spending,Lodging,224303.0
KNRI,2021,Visitor Spending,Recreation Industries,61835.0
KNRI,2021,Visitor Spending,Restaurants,167719.0
KNRI,2021,Visitor Spending,Retail,79683.0
KNRI,2021,Visitor Spending,Secondary Effects,0.0
KNRI,2021,Visitor Spending,Transportation,21093.0
KNRI,2021,Visits,Total,11223.0
KNRI,2022,Economic Output,Camping,17214.0
KNRI,2022,Economic Output,Gas,20981.0
KNRI,2022,Economic Output,Groceries,11054.0
KNRI,2022,Economic Output,Lodging,186978.0
KNRI,2022,Economic Output,Recreation Industries,51544.0
KNRI,2022,Economic Output,Restaurants,140724.0
KNRI,2022,Economic Output,Retail,36786.0
KNRI,2022,Economic Output,Secondary Effects,304194.0
KNRI,2022,Economic Output,Transportation,17554.0
KNRI,2022,Jobs,Camping,0.0
KNRI,2022,Jobs,Gas,0.0
KNRI,2022,Jobs,Groceries,0.0
KNRI,2022,Jobs,Lodging,2.0
KNRI,2022,Jobs,Recreation Industries,1.0
KNRI,2022,Jobs,Restaurants,2.0
KNRI,2022,Jobs,Retail,1.0
KNRI,2022,Jobs,Secondary Effects,2.0
KNRI,2022,Jobs,Transportation,0.0
KNRI,2022,Labor Income,Camping,8139.0
KNRI,2022,Labor Income,Gas,7320.0
KNRI,2022,Labor Income,Groceries,4587.0
KNRI,2022,Labor Income,Lodging,44883.0
KNRI,2022,Labor Income,Recreation Industries,20450.0
KNRI,2022,Labor Income,Restaurants,45725.0
KNRI,2022,Labor Income,Retail,20072.0
KNRI,2022,Labor Income,Secondary Effects,93796.0
KNRI,2022,Labor Income,Transportation,6704.0
KNRI,2022,Non-local Visitor Spending,Camping,17214.0
KNRI,2022,Non-local Visitor Spending,Gas,90423.0
KNRI,2022,Non-local Visitor Spending,Groceries,30494.0
KNRI,2022,Non-local Visitor Spending,Lodging,186978.0
KNRI,2022,Non-local Visitor Spending,Recreation Industries,46619.0
KNRI,2022,Non-local Visitor Spending,Restaurants,132659.0
KNRI,2022,Non-local Visitor Spending,Retail,60721.0
KNRI,2022,Non-local Visitor Spending,Secondary Effects,0.0
KNRI,2022,Non-local Visitor Spending,Transportation,16776.0
KNRI,2022,Party Days/Nights,Total,4692.0
KNRI,2022,Value Added,Camping,12289.0
KNRI,2022,Value Added,Gas,11243.0
KNRI,2022,Value Added,Groceries,6239.0
KNRI,2022,Value Added,Lodging,112719.0
KNRI,2022,Value Added,Recreation Industries,23081.0
KNRI,2022,Value Added,Restaurants,68391.0
KNRI,2022,Value Added,Retail,22479.0
KNRI,2022,Value Added,Secondary Effects,149517.0
KNRI,2022,Value Added,Transportation,12115.0
KNRI,2022,Visitor Spending,Camping,17214.0
KNRI,2022,Visitor Spending,Gas,95517.0
KNRI,2022,Visitor Spending,Groceries,33288.0
KNRI,2022,Visitor Spending,Lodging,186978.0
KNRI,2022,Visitor Spending,Recreation Industries,51544.0
KNRI,2022,Visitor Spending,Restaurants,140724.0
KNRI,2022,Visitor Spending,Retail,66153.0
KNRI,2022,Visitor Spending,Secondary Effects,0.0
KNRI,2022,Visitor Spending,Transportation,17551.0
KNRI,2022,Visits,Total,9217.0
KNRI,2023,Economic Output,Camping,15382.0
KNRI,2023,Economic Output,Gas,18700.0
KNRI,2023,Economic Output,Groceries,9839.0
KNRI,2023,Economic Output,Lodging,167102.0
KNRI,2023,Economic Output,Recreation Industries,46117.0
KNRI,2023,Economic Output,Restaurants,126661.0
KNRI,2023,Economic Output,Retail,32794.0
KNRI,2023,Economic Output,Secondary Effects,271627.0
KNRI,2023,Economic Output,Transportation,15640.0
KNRI,2023,Jobs,Camping,0.0
KNRI,2023,Jobs,Gas,0.0
KNRI,2023,Jobs,Groceries,0.0
KNRI,2023,Jobs,Lodging,2.0
KNRI,2023,Jobs,Recreation Industries,1.0
KNRI,2023,Jobs,Restaurants,2.0
KNRI,2023,Jobs,Retail,1.0
KNRI,2023,Jobs,Secondary Effects,2.0
KNRI,2023,Jobs,Transportation,0.0
KNRI,2023,Labor Income,Camping,7268.0
KNRI,2023,Labor Income,Gas,6536.0
KNRI,2023,Labor Income,Groceries,4094.0
KNRI,2023,Labor Income,Lodging,40090.0
KNRI,2023,Labor Income,Recreation Industries,18259.0
KNRI,2023,Labor Income,Restaurants,40824.0
KNRI,2023,Labor Income,Retail,17925.0
KNRI,2023,Labor Income,Secondary Effects,83755.0
KNRI,2023,Labor Income,Transportation,5974.0
KNRI,2023,Non-local Visitor Spending,Camping,15382.0
KNRI,2023,Non-local Visitor Spending,Gas,80600.0
KNRI,2023,Non-local Visitor Spending,Groceries,27143.0
KNRI,2023,Non-local Visitor Spending,Lodging,167102.0
KNRI,2023,Non-local Visitor Spending,Recreation Industries,41722.0
KNRI,2023,Non-local Visitor Spending,Restaurants,119414.0
KNRI,2023,Non-local Visitor Spending,Retail,54139.0
KNRI,2023,Non-local Visitor Spending,Secondary Effects,0.0
KNRI,2023,Non-local Visitor Spending,Transportation,14946.0
KNRI,2023,Party Days/Nights,Total,4136.0
KNRI,2023,Value Added,Camping,10975.0
KNRI,2023,Value Added,Gas,10038.0
KNRI,2023,Value Added,Groceries,5569.0
KNRI,2023,Value Added,Lodging,100681.0
KNRI,2023,Value Added,Recreation Industries,20609.0
KNRI,2023,Value Added,Restaurants,61061.0
KNRI,2023,Value Added,Retail,20074.0
KNRI,2023,Value Added,Secondary Effects,133510.0
KNRI,2023,Value Added,Transportation,10812.0
KNRI,2023,Visitor Spending,Camping,15382.0
KNRI,2023,Visitor Spending,Gas,85131.0
KNRI,2023,Visitor Spending,Groceries,29629.0
KNRI,2023,Visitor Spending,Lodging,167102.0
KNRI,2023,Visitor Spending,Recreation Industries,46117.0
KNRI,2023,Visitor Spending,Restaurants,126661.0
KNRI,2023,Visitor Spending,Retail,58973.0
KNRI,2023,Visitor Spending,Secondary Effects,0.0
KNRI,2023,Visitor Spending,Transportation,15635.0
KNRI,2023,Visits,Total,8134.0
KNRI,2024,Economic Output,Camping,22555.0
KNRI,2024,Economic Output,Gas,16320.0
KNRI,2024,Economic Output,Groceries,12718.0
KNRI,2024,Economic Output,Lodging,244604.0
KNRI,2024,Economic Output,Recreation Industries,70113.0
KNRI,2024,Economic Output,Restaurants,186058.0
KNRI,2024,Economic Output,Retail,43986.0
KNRI,2024,Economic Output,Secondary Effects,353182.0
KNRI,2024,Economic Output,Transportation,27664.0
KNRI,2024,Jobs,Camping,0.0
KNRI,2024,Jobs,Gas,0.0
KNRI,2024,Jobs,Groceries,0.0
KNRI,2024,Jobs,Lodging,2.0
KNRI,2024,Jobs,Recreation Industries,1.0
KNRI,2024,Jobs,Restaurants,2.0
KNRI,2024,Jobs,Retail,1.0
KNRI,2024,Jobs,Secondary Effects,2.0
KNRI,2024,Jobs,Transportation,0.0
KNRI,2024,Labor Income,Camping,8203.0
KNRI,2024,Labor Income,Gas,4779.0
KNRI,2024,Labor Income,Groceries,4514.0
KNRI,2024,Labor Income,Lodging,65440.0
KNRI,2024,Labor Income,Recreation Industries,21550.0
KNRI,2024,Labor Income,Restaurants,53114.0
KNRI,2024,Labor Income,Retail,23257.0
KNRI,2024,Labor Income,Secondary Effects,114884.0
KNRI,2024,Labor Income,Transportation,8167.0
KNRI,2024,Non-local Visitor Spending,Camping,22555.0
KNRI,2024,Non-local Visitor Spending,Gas,83084.0
KNRI,2024,Non-local Visitor Spending,Groceries,40466.0
KNRI,2024,Non-local Visitor Spending,Lodging,244604.0
KNRI,2024,Non-local Visitor Spending,Recreation Industries,63437.0
KNRI,2024,Non-local Visitor Spending,Restaurants,175434.0
KNRI,2024,Non-local Visitor Spending,Retail,75208.0
KNRI,2024,Non-local Visitor Spending,Secondary Effects,0.0
KNRI,2024,Non-local Visitor Spending,Transportation,26448.0
KNRI,2024,Party Days/Nights,Total,5529.0
KNRI,2024,Value Added,Camping,15244.0
KNRI,2024,Value Added,Gas,10249.0
KNRI,2024,Value Added,Groceries,8256.0
KNRI,2024,Value Added,Lodging,158167.0
KNRI,2024,Value Added,Recreation Industries,36176.0
KNRI,2024,Value Added,Restaurants,88512.0
KNRI,2024,Value Added,Retail,25395.0
KNRI,2024,Value Added,Secondary Effects,181428.0
KNRI,2024,Value Added,Transportation,12718.0
KNRI,2024,Visitor Spending,Camping,22555.0
KNRI,2024,Visitor Spending,Gas,87743.0
KNRI,2024,Visitor Spending,Groceries,44161.0
KNRI,2024,Visitor Spending,Lodging,244604.0
KNRI,2024,Visitor Spending,Recreation Industries,70113.0
KNRI,2024,Visitor Spending,Restaurants,186058.0
KNRI,2024,Visitor Spending,Retail,81911.0
KNRI,2024,Visitor Spending,Secondary Effects,0.0
KNRI,2024,Visitor Spending,Transportation,27664.0
KNRI,2024,Visits,Total,10867.0
LIBI,2012,Economic Output,Total,21986183.0
LIBI,2012,Jobs,Total,288.0
LIBI,2012,Labor Income,Total,7525408.0
LIBI,2012,Value Added,Total,12169741.0
LIBI,2012,Visitor Spending,Total,18636273.0
LIBI,2012,Visits,Total,346327.0
LIBI,2013,Economic Output,Total,18088974.0
LIBI,2013,Jobs,Total,234.0
LIBI,2013,Labor Income,Total,6163707.0
LIBI,2013,Value Added,Total,9967564.0
LIBI,2013,Visitor Spending,Total,15316836.0
LIBI,2013,Visits,Total,277883.0
LIBI,2014,Economic Output,Camping,458273.0
LIBI,2014,Economic Output,Gas,226666.0
LIBI,2014,Economic Output,Groceries,233900.0
LIBI,2014,Economic Output,Lodging,4973082.0
LIBI,2014,Economic Output,Recreation Industries,1429269.0
LIBI,2014,Economic Output,Restaurants,3563765.0
LIBI,2014,Economic Output,Retail,854776.0
LIBI,2014,Economic Output,Secondary Effects,8128723.0
LIBI,2014,Economic Output,Transportation,539652.0
LIBI,2014,Jobs,Camping,5.0
LIBI,2014,Jobs,Gas,3.0
LIBI,2014,Jobs,Groceries,4.0
LIBI,2014,Jobs,Lodging,68.0
LIBI,2014,Jobs,Recreation Industries,23.0
LIBI,2014,Jobs,Restaurants,76.0
LIBI,2014,Jobs,Retail,22.0
LIBI,2014,Jobs,Secondary Effects,65.0
LIBI,2014,Jobs,Transportation,5.0
LIBI,2014,Labor Income,Camping,249902.0
LIBI,2014,Labor Income,Gas,113362.0
LIBI,2014,Labor Income,Groceries,104170.0
LIBI,2014,Labor Income,Lodging,1431710.0
LIBI,2014,Labor Income,Recreation Industries,528972.0
LIBI,2014,Labor Income,Restaurants,1485536.0
LIBI,2014,Labor Income,Retail,540392.0
LIBI,2014,Labor Income,Secondary Effects,2448844.0
LIBI,2014,Labor Income,Transportation,123838.0
LIBI,2014,Value Added,Camping,323689.0
LIBI,2014,Value Added,Gas,133934.0
LIBI,2014,Value Added,Groceries,142904.0
LIBI,2014,Value Added,Lodging,2571372.0
LIBI,2014,Value Added,Recreation Industries,825440.0
LIBI,2014,Value Added,Restaurants,1891420.0
LIBI,2014,Value Added,Retail,532735.0
LIBI,2014,Value Added,Secondary Effects,4210914.0
LIBI,2014,Value Added,Transportation,271102.0
LIBI,2014,Visitor Spending,Camping,458273.0
LIBI,2014,Visitor Spending,Gas,2098702.0
LIBI,2014,Visitor Spending,Groceries,838350.0
LIBI,2014,Visitor Spending,Lodging,4973082.0
LIBI,2014,Visitor Spending,Recreation Industries,1429269.0
LIBI,2014,Visitor Spending,Restaurants,3563765.0
LIBI,2014,Visitor Spending,Retail,1882701.0
LIBI,2014,Visitor Spending,Secondary Effects,0.0
LIBI,2014,Visitor Spending,Transportation,539652.0
LIBI,2014,Visits,Total,281436.0
LIBI,2015,Economic Output,Camping,532950.0
LIBI,2015,Economic Output,Gas,260355.0
LIBI,2015,Economic Output,Groceries,268658.0
LIBI,2015,Economic Output,Lodging,5783421.0
LIBI,2015,Economic Output,Recreation Industries,1657594.0
LIBI,2015,Economic Output,Restaurants,4112145.0
LIBI,2015,Economic Output,Retail,981831.0
LIBI,2015,Economic Output,Secondary Effects,9375557.0
LIBI,2015,Economic Output,Transportation,621681.0
LIBI,2015,Jobs,Camping,6.0
LIBI,2015,Jobs,Gas,4.0
LIBI,2015,Jobs,Groceries,4.0
LIBI,2015,Jobs,Lodging,78.0
LIBI,2015,Jobs,Recreation Industries,26.0
LIBI,2015,Jobs,Restaurants,87.0
LIBI,2015,Jobs,Retail,25.0
LIBI,2015,Jobs,Secondary Effects,74.0
LIBI,2015,Jobs,Transportation,6.0
LIBI,2015,Labor Income,Camping,287575.0
LIBI,2015,Labor Income,Gas,131569.0
LIBI,2015,Labor Income,Groceries,120901.0
LIBI,2015,Labor Income,Lodging,1647527.0
LIBI,2015,Labor Income,Recreation Industries,608709.0
LIBI,2015,Labor Income,Restaurants,1709465.0
LIBI,2015,Labor Income,Retail,627184.0
LIBI,2015,Labor Income,Secondary Effects,2821136.0
LIBI,2015,Labor Income,Transportation,142655.0
LIBI,2015,Value Added,Camping,372484.0
LIBI,2015,Value Added,Gas,155445.0
LIBI,2015,Value Added,Groceries,165855.0
LIBI,2015,Value Added,Lodging,2958983.0
LIBI,2015,Value Added,Recreation Industries,949866.0
LIBI,2015,Value Added,Restaurants,2176532.0
LIBI,2015,Value Added,Retail,618297.0
LIBI,2015,Value Added,Secondary Effects,4851327.0
LIBI,2015,Value Added,Transportation,312009.0
LIBI,2015,Visitor Spending,Camping,532950.0
LIBI,2015,Visitor Spending,Gas,2390075.0
LIBI,2015,Visitor Spending,Groceries,954743.0
LIBI,2015,Visitor Spending,Lodging,5783421.0
LIBI,2015,Visitor Spending,Recreation Industries,1657594.0
LIBI,2015,Visitor Spending,Restaurants,4112145.0
LIBI,2015,Visitor Spending,Retail,2144084.0
LIBI,2015,Visitor Spending,Secondary Effects,0.0
LIBI,2015,Visitor Spending,Transportation,621681.0
LIBI,2015,Visits,Total,317783.0
LIBI,2016,Economic Output,Camping,574031.0
LIBI,2016,Economic Output,Gas,276969.0
LIBI,2016,Economic Output,Groceries,285794.0
LIBI,2016,Economic Output,Lodging,6229117.0
LIBI,2016,Economic Output,Recreation Industries,1780438.0
LIBI,2016,Economic Output,Restaurants,4394520.0
LIBI,2016,Economic Output,Retail,1044493.0
LIBI,2016,Economic Output,Secondary Effects,10015929.0
LIBI,2016,Economic Output,Transportation,663293.0
LIBI,2016,Jobs,Camping,7.0
LIBI,2016,Jobs,Gas,4.0
LIBI,2016,Jobs,Groceries,5.0
LIBI,2016,Jobs,Lodging,83.0
LIBI,2016,Jobs,Recreation Industries,28.0
LIBI,2016,Jobs,Restaurants,93.0
LIBI,2016,Jobs,Retail,27.0
LIBI,2016,Jobs,Secondary Effects,77.0
LIBI,2016,Jobs,Transportation,6.0
LIBI,2016,Labor Income,Camping,306491.0
LIBI,2016,Labor Income,Gas,141425.0
LIBI,2016,Labor Income,Groceries,129957.0
LIBI,2016,Labor Income,Lodging,1755870.0
LIBI,2016,Labor Income,Recreation Industries,648741.0
LIBI,2016,Labor Income,Restaurants,1821886.0
LIBI,2016,Labor Income,Retail,674163.0
LIBI,2016,Labor Income,Secondary Effects,3010052.0
LIBI,2016,Labor Income,Transportation,152197.0
LIBI,2016,Value Added,Camping,396986.0
LIBI,2016,Value Added,Gas,167089.0
LIBI,2016,Value Added,Groceries,178279.0
LIBI,2016,Value Added,Lodging,3153569.0
LIBI,2016,Value Added,Recreation Industries,1012334.0
LIBI,2016,Value Added,Restaurants,2319668.0
LIBI,2016,Value Added,Retail,664610.0
LIBI,2016,Value Added,Secondary Effects,5176450.0
LIBI,2016,Value Added,Transportation,332572.0
LIBI,2016,Visitor Spending,Camping,574031.0
LIBI,2016,Visitor Spending,Gas,2520908.0
LIBI,2016,Visitor Spending,Groceries,1007005.0
LIBI,2016,Visitor Spending,Lodging,6229117.0
LIBI,2016,Visitor Spending,Recreation Industries,1780438.0
LIBI,2016,Visitor Spending,Restaurants,4394520.0
LIBI,2016,Visitor Spending,Retail,2261448.0
LIBI,2016,Visitor Spending,Secondary Effects,0.0
LIBI,2016,Visitor Spending,Transportation,663293.0
LIBI,2016,Visits,Total,332328.0
LIBI,2017,Economic Output,Camping,489002.0
LIBI,2017,Economic Output,Gas,283269.0
LIBI,2017,Economic Output,Groceries,251321.0
LIBI,2017,Economic Output,Lodging,5303845.0
LIBI,2017,Economic Output,Recreation Industries,1510718.0
LIBI,2017,Economic Output,Restaurants,3837048.0
LIBI,2017,Economic Output,Retail,971602.0
LIBI,2017,Economic Output,Secondary Effects,9132748.0
LIBI,2017,Economic Output,Transportation,579258.0
LIBI,2017,Jobs,Camping,9.0
LIBI,2017,Jobs,Gas,5.0
LIBI,2017,Jobs,Groceries,4.0
LIBI,2017,Jobs,Lodging,65.0
LIBI,2017,Jobs,Recreation Industries,27.0
LIBI,2017,Jobs,Restaurants,69.0
LIBI,2017,Jobs,Retail,24.0
LIBI,2017,Jobs,Secondary Effects,67.0
LIBI,2017,Jobs,Transportation,5.0
LIBI,2017,Labor Income,Camping,364992.0
LIBI,2017,Labor Income,Gas,169937.0
LIBI,2017,Labor Income,Groceries,118284.0
LIBI,2017,Labor Income,Lodging,1436757.0
LIBI,2017,Labor Income,Recreation Industries,538002.0
LIBI,2017,Labor Income,Restaurants,1407661.0
LIBI,2017,Labor Income,Retail,622061.0
LIBI,2017,Labor Income,Secondary Effects,2726960.0
LIBI,2017,Labor Income,Transportation,122884.0
LIBI,2017,Non-local Visitor Spending,Camping,489002.0
LIBI,2017,Non-local Visitor Spending,Gas,2145647.0
LIBI,2017,Non-local Visitor Spending,Groceries,834303.0
LIBI,2017,Non-local Visitor Spending,Lodging,5303845.0
LIBI,2017,Non-local Visitor Spending,Recreation Industries,1366844.0
LIBI,2017,Non-local Visitor Spending,Restaurants,3617683.0
LIBI,2017,Non-local Visitor Spending,Retail,1866182.0
LIBI,2017,Non-local Visitor Spending,Secondary Effects,0.0
LIBI,2017,Non-local Visitor Spending,Transportation,553666.0
LIBI,2017,Party Days/Nights,Total,150700.0
LIBI,2017,Value Added,Camping,331880.0
LIBI,2017,Value Added,Gas,168902.0
LIBI,2017,Value Added,Groceries,162410.0
LIBI,2017,Value Added,Lodging,2738470.0
LIBI,2017,Value Added,Recreation Industries,778659.0
LIBI,2017,Value Added,Restaurants,1986961.0
LIBI,2017,Value Added,Retail,615539.0
LIBI,2017,Value Added,Secondary Effects,4831846.0
LIBI,2017,Value Added,Transportation,290146.0
LIBI,2017,Visitor Spending,Camping,489002.0
LIBI,2017,Visitor Spending,Gas,2266148.0
LIBI,2017,Visitor Spending,Groceries,910583.0
LIBI,2017,Visitor Spending,Lodging,5303845.0
LIBI,2017,Visitor Spending,Recreation Industries,1510718.0
LIBI,2017,Visitor Spending,Restaurants,3837048.0
LIBI,2017,Visitor Spending,Retail,2032640.0
LIBI,2017,Visitor Spending,Secondary Effects,0.0
LIBI,2017,Visitor Spending,Transportation,579251.0
LIBI,2017,Visits,Total,296128.0
LIBI,2018,Economic Output,Camping,466098.0
LIBI,2018,Economic Output,Gas,348686.0
LIBI,2018,Economic Output,Groceries,253599.0
LIBI,2018,Economic Output,Lodging,5057779.0
LIBI,2018,Economic Output,Recreation Industries,1435098.0
LIBI,2018,Economic Output,Restaurants,3706434.0
LIBI,2018,Economic Output,Retail,966901.0
LIBI,2018,Economic Output,Secondary Effects,8392804.0
LIBI,2018,Economic Output,Transportation,489635.0
LIBI,2018,Jobs,Camping,7.0
LIBI,2018,Jobs,Gas,4.0
LIBI,2018,Jobs,Groceries,4.0
LIBI,2018,Jobs,Lodging,59.0
LIBI,2018,Jobs,Recreation Industries,22.0
LIBI,2018,Jobs,Restaurants,64.0
LIBI,2018,Jobs,Retail,23.0
LIBI,2018,Jobs,Secondary Effects,61.0
LIBI,2018,Jobs,Transportation,3.0
LIBI,2018,Labor Income,Camping,344264.0
LIBI,2018,Labor Income,Gas,174198.0
LIBI,2018,Labor Income,Groceries,120708.0
LIBI,2018,Labor Income,Lodging,1333257.0
LIBI,2018,Labor Income,Recreation Industries,575910.0
LIBI,2018,Labor Income,Restaurants,1318643.0
LIBI,2018,Labor Income,Retail,570485.0
LIBI,2018,Labor Income,Secondary Effects,2637905.0
LIBI,2018,Labor Income,Transportation,151240.0
LIBI,2018,Non-local Visitor Spending,Camping,466098.0
LIBI,2018,Non-local Visitor Spending,Gas,2013026.0
LIBI,2018,Non-local Visitor Spending,Groceries,832777.0
LIBI,2018,Non-local Visitor Spending,Lodging,5057779.0
LIBI,2018,Non-local Visitor Spending,Recreation Industries,1298441.0
LIBI,2018,Non-local Visitor Spending,Restaurants,3494470.0
LIBI,2018,Non-local Visitor Spending,Retail,1750819.0
LIBI,2018,Non-local Visitor Spending,Secondary Effects,0.0
LIBI,2018,Non-local Visitor Spending,Transportation,468117.0
LIBI,2018,Party Days/Nights,Total,138721.0
LIBI,2018,Value Added,Camping,354211.0
LIBI,2018,Value Added,Gas,211684.0
LIBI,2018,Value Added,Groceries,154676.0
LIBI,2018,Value Added,Lodging,2633150.0
LIBI,2018,Value Added,Recreation Industries,808624.0
LIBI,2018,Value Added,Restaurants,1897496.0
LIBI,2018,Value Added,Retail,596093.0
LIBI,2018,Value Added,Secondary Effects,4548063.0
LIBI,2018,Value Added,Transportation,325524.0
LIBI,2018,Visitor Spending,Camping,466098.0
LIBI,2018,Visitor Spending,Gas,2126132.0
LIBI,2018,Visitor Spending,Groceries,908956.0
LIBI,2018,Visitor Spending,Lodging,5057779.0
LIBI,2018,Visitor Spending,Recreation Industries,1435098.0
LIBI,2018,Visitor Spending,Restaurants,3706434.0
LIBI,2018,Visitor Spending,Retail,1907103.0
LIBI,2018,Visitor Spending,Secondary Effects,0.0
LIBI,2018,Visitor Spending,Transportation,489633.0
LIBI,2018,Visits,Total,272591.0
LIBI,2019,Economic Output,Camping,416384.0
LIBI,2019,Economic Output,Gas,309671.0
LIBI,2019,Economic Output,Groceries,225038.0
LIBI,2019,Economic Output,Lodging,4517127.0
LIBI,2019,Economic Output,Recreation Industries,1282886.0
LIBI,2019,Economic Output,Restaurants,3311692.0
LIBI,2019,Economic Output,Retail,858989.0
LIBI,2019,Economic Output,Secondary Effects,7496688.0
LIBI,2019,Economic Output,Transportation,435444.0
LIBI,2019,Jobs,Camping,6.0
LIBI,2019,Jobs,Gas,4.0
LIBI,2019,Jobs,Groceries,4.0
LIBI,2019,Jobs,Lodging,53.0
LIBI,2019,Jobs,Recreation Industries,20.0
LIBI,2019,Jobs,Restaurants,57.0
LIBI,2019,Jobs,Retail,20.0
LIBI,2019,Jobs,Secondary Effects,54.0
LIBI,2019,Jobs,Transportation,3.0
LIBI,2019,Labor Income,Camping,307563.0
LIBI,2019,Labor Income,Gas,155567.0
LIBI,2019,Labor Income,Groceries,107796.0
LIBI,2019,Labor Income,Lodging,1190812.0
LIBI,2019,Labor Income,Recreation Industries,514469.0
LIBI,2019,Labor Income,Restaurants,1177855.0
LIBI,2019,Labor Income,Retail,509635.0
LIBI,2019,Labor Income,Secondary Effects,2356248.0
LIBI,2019,Labor Income,Transportation,135091.0
LIBI,2019,Non-local Visitor Spending,Camping,416384.0
LIBI,2019,Non-local Visitor Spending,Gas,1787850.0
LIBI,2019,Non-local Visitor Spending,Groceries,739021.0
LIBI,2019,Non-local Visitor Spending,Lodging,4517127.0
LIBI,2019,Non-local Visitor Spending,Recreation Industries,1160621.0
LIBI,2019,Non-local Visitor Spending,Restaurants,3122374.0
LIBI,2019,Non-local Visitor Spending,Retail,1555520.0
LIBI,2019,Non-local Visitor Spending,Secondary Effects,0.0
LIBI,2019,Non-local Visitor Spending,Transportation,416389.0
LIBI,2019,Party Days/Nights,Total,122800.0
LIBI,2019,Value Added,Camping,316450.0
LIBI,2019,Value Added,Gas,189044.0
LIBI,2019,Value Added,Groceries,138131.0
LIBI,2019,Value Added,Lodging,2351825.0
LIBI,2019,Value Added,Recreation Industries,722356.0
LIBI,2019,Value Added,Restaurants,1694906.0
LIBI,2019,Value Added,Retail,532512.0
LIBI,2019,Value Added,Secondary Effects,4062470.0
LIBI,2019,Value Added,Transportation,290910.0
LIBI,2019,Visitor Spending,Camping,416384.0
LIBI,2019,Visitor Spending,Gas,1888236.0
LIBI,2019,Visitor Spending,Groceries,806589.0
LIBI,2019,Visitor Spending,Lodging,4517127.0
LIBI,2019,Visitor Spending,Recreation Industries,1282886.0
LIBI,2019,Visitor Spending,Restaurants,3311692.0
LIBI,2019,Visitor Spending,Retail,1694259.0
LIBI,2019,Visitor Spending,Secondary Effects,0.0
LIBI,2019,Visitor Spending,Transportation,435437.0
LIBI,2019,Visits,Total,241305.0
LIBI,2020,Economic Output,Camping,169711.0
LIBI,2020,Economic Output,Gas,125507.0
LIBI,2020,Economic Output,Groceries,91238.0
LIBI,2020,Economic Output,Lodging,1840827.0
LIBI,2020,Economic Output,Recreation Industries,523143.0
LIBI,2020,Economic Output,Restaurants,1350039.0
LIBI,2020,Economic Output,Retail,348080.0
LIBI,2020,Economic Output,Secondary Effects,3055294.0
LIBI,2020,Economic Output,Transportation,176742.0
LIBI,2020,Jobs,Camping,3.0
LIBI,2020,Jobs,Gas,2.0
LIBI,2020,Jobs,Groceries,1.0
LIBI,2020,Jobs,Lodging,22.0
LIBI,2020,Jobs,Recreation Industries,8.0
LIBI,2020,Jobs,Restaurants,23.0
LIBI,2020,Jobs,Retail,8.0
LIBI,2020,Jobs,Secondary Effects,22.0
LIBI,2020,Jobs,Transportation,1.0
LIBI,2020,Labor Income,Camping,125365.0
LIBI,2020,Labor Income,Gas,63401.0
LIBI,2020,Labor Income,Groceries,43982.0
LIBI,2020,Labor Income,Lodging,485312.0
LIBI,2020,Labor Income,Recreation Industries,209647.0
LIBI,2020,Labor Income,Restaurants,480020.0
LIBI,2020,Labor Income,Retail,207664.0
LIBI,2020,Labor Income,Secondary Effects,960295.0
LIBI,2020,Labor Income,Transportation,55072.0
LIBI,2020,Non-local Visitor Spending,Camping,169711.0
LIBI,2020,Non-local Visitor Spending,Gas,724589.0
LIBI,2020,Non-local Visitor Spending,Groceries,299624.0
LIBI,2020,Non-local Visitor Spending,Lodging,1840827.0
LIBI,2020,Non-local Visitor Spending,Recreation Industries,473294.0
LIBI,2020,Non-local Visitor Spending,Restaurants,1272849.0
LIBI,2020,Non-local Visitor Spending,Retail,630307.0
LIBI,2020,Non-local Visitor Spending,Secondary Effects,0.0
LIBI,2020,Non-local Visitor Spending,Transportation,168939.0
LIBI,2020,Party Days/Nights,Total,49598.0
LIBI,2020,Value Added,Camping,128988.0
LIBI,2020,Value Added,Gas,77045.0
LIBI,2020,Value Added,Groceries,56359.0
LIBI,2020,Value Added,Lodging,958479.0
LIBI,2020,Value Added,Recreation Industries,294362.0
LIBI,2020,Value Added,Restaurants,690737.0
LIBI,2020,Value Added,Retail,216986.0
LIBI,2020,Value Added,Secondary Effects,1655672.0
LIBI,2020,Value Added,Transportation,118653.0
LIBI,2020,Visitor Spending,Camping,169711.0
LIBI,2020,Visitor Spending,Gas,765289.0
LIBI,2020,Visitor Spending,Groceries,327017.0
LIBI,2020,Visitor Spending,Lodging,1840827.0
LIBI,2020,Visitor Spending,Recreation Industries,523143.0
LIBI,2020,Visitor Spending,Restaurants,1350039.0
LIBI,2020,Visitor Spending,Retail,686549.0
LIBI,2020,Visitor Spending,Secondary Effects,0.0
LIBI,2020,Visitor Spending,Transportation,176736.0
LIBI,2020,Visits,Total,97461.0
LIBI,2021,Economic Output,Camping,389613.0
LIBI,2021,Economic Output,Gas,475651.0
LIBI,2021,Economic Output,Groceries,250678.0
LIBI,2021,Economic Output,Lodging,4226416.0
LIBI,2021,Economic Output,Recreation Industries,1163756.0
LIBI,2021,Economic Output,Restaurants,3157740.0
LIBI,2021,Economic Output,Retail,833961.0
LIBI,2021,Economic Output,Secondary Effects,7260304.0
LIBI,2021,Economic Output,Transportation,397132.0
LIBI,2021,Jobs,Camping,4.0
LIBI,2021,Jobs,Gas,5.0
LIBI,2021,Jobs,Groceries,4.0
LIBI,2021,Jobs,Lodging,51.0
LIBI,2021,Jobs,Recreation Industries,20.0
LIBI,2021,Jobs,Restaurants,48.0
LIBI,2021,Jobs,Retail,18.0
LIBI,2021,Jobs,Secondary Effects,50.0
LIBI,2021,Jobs,Transportation,4.0
LIBI,2021,Labor Income,Camping,200592.0
LIBI,2021,Labor Income,Gas,191055.0
LIBI,2021,Labor Income,Groceries,116768.0
LIBI,2021,Labor Income,Lodging,1283841.0
LIBI,2021,Labor Income,Recreation Industries,594473.0
LIBI,2021,Labor Income,Restaurants,1080891.0
LIBI,2021,Labor Income,Retail,460346.0
LIBI,2021,Labor Income,Secondary Effects,2159570.0
LIBI,2021,Labor Income,Transportation,163452.0
LIBI,2021,Non-local Visitor Spending,Camping,389613.0
LIBI,2021,Non-local Visitor Spending,Gas,2050217.0
LIBI,2021,Non-local Visitor Spending,Groceries,691691.0
LIBI,2021,Non-local Visitor Spending,Lodging,4226416.0
LIBI,2021,Non-local Visitor Spending,Recreation Industries,1052860.0
LIBI,2021,Non-local Visitor Spending,Restaurants,2977194.0
LIBI,2021,Non-local Visitor Spending,Retail,1376877.0
LIBI,2021,Non-local Visitor Spending,Secondary Effects,0.0
LIBI,2021,Non-local Visitor Spending,Transportation,379632.0
LIBI,2021,Party Days/Nights,Total,107528.0
LIBI,2021,Value Added,Camping,305434.0
LIBI,2021,Value Added,Gas,251227.0
LIBI,2021,Value Added,Groceries,142631.0
LIBI,2021,Value Added,Lodging,2223327.0
LIBI,2021,Value Added,Recreation Industries,639752.0
LIBI,2021,Value Added,Restaurants,1502832.0
LIBI,2021,Value Added,Retail,468604.0
LIBI,2021,Value Added,Secondary Effects,3622249.0
LIBI,2021,Value Added,Transportation,260807.0
LIBI,2021,Visitor Spending,Camping,389613.0
LIBI,2021,Visitor Spending,Gas,2165397.0
LIBI,2021,Visitor Spending,Groceries,754915.0
LIBI,2021,Visitor Spending,Lodging,4226416.0
LIBI,2021,Visitor Spending,Recreation Industries,1163756.0
LIBI,2021,Visitor Spending,Restaurants,3157740.0
LIBI,2021,Visitor Spending,Retail,1499719.0
LIBI,2021,Visitor Spending,Secondary Effects,0.0
LIBI,2021,Visitor Spending,Transportation,397100.0
LIBI,2021,Visits,Total,211296.0
LIBI,2022,Economic Output,Camping,314496.0
LIBI,2022,Economic Output,Gas,383267.0
LIBI,2022,Economic Output,Groceries,201908.0
LIBI,2022,Economic Output,Lodging,3413569.0
LIBI,2022,Economic Output,Recreation Industries,941518.0
LIBI,2022,Economic Output,Restaurants,2569969.0
LIBI,2022,Economic Output,Retail,671939.0
LIBI,2022,Economic Output,Secondary Effects,5861246.0
LIBI,2022,Economic Output,Transportation,320642.0
LIBI,2022,Jobs,Camping,3.0
LIBI,2022,Jobs,Gas,4.0
LIBI,2022,Jobs,Groceries,3.0
LIBI,2022,Jobs,Lodging,41.0
LIBI,2022,Jobs,Recreation Industries,16.0
LIBI,2022,Jobs,Restaurants,39.0
LIBI,2022,Jobs,Retail,14.0
LIBI,2022,Jobs,Secondary Effects,40.0
LIBI,2022,Jobs,Transportation,3.0
LIBI,2022,Labor Income,Camping,161828.0
LIBI,2022,Labor Income,Gas,154212.0
LIBI,2022,Labor Income,Groceries,94309.0
LIBI,2022,Labor Income,Lodging,1036349.0
LIBI,2022,Labor Income,Recreation Industries,479959.0
LIBI,2022,Labor Income,Restaurants,872618.0
LIBI,2022,Labor Income,Retail,371552.0
LIBI,2022,Labor Income,Secondary Effects,1743439.0
LIBI,2022,Labor Income,Transportation,132070.0
LIBI,2022,Non-local Visitor Spending,Camping,314496.0
LIBI,2022,Non-local Visitor Spending,Gas,1652019.0
LIBI,2022,Non-local Visitor Spending,Groceries,557111.0
LIBI,2022,Non-local Visitor Spending,Lodging,3413569.0
LIBI,2022,Non-local Visitor Spending,Recreation Industries,851777.0
LIBI,2022,Non-local Visitor Spending,Restaurants,2423008.0
LIBI,2022,Non-local Visitor Spending,Retail,1109362.0
LIBI,2022,Non-local Visitor Spending,Secondary Effects,0.0
LIBI,2022,Non-local Visitor Spending,Transportation,306477.0
LIBI,2022,Party Days/Nights,Total,85713.0
LIBI,2022,Value Added,Camping,246410.0
LIBI,2022,Value Added,Gas,202782.0
LIBI,2022,Value Added,Groceries,115197.0
LIBI,2022,Value Added,Lodging,1794725.0
LIBI,2022,Value Added,Recreation Industries,516516.0
LIBI,2022,Value Added,Restaurants,1213257.0
LIBI,2022,Value Added,Retail,378216.0
LIBI,2022,Value Added,Secondary Effects,2924246.0
LIBI,2022,Value Added,Transportation,210871.0
LIBI,2022,Visitor Spending,Camping,314496.0
LIBI,2022,Visitor Spending,Gas,1744813.0
LIBI,2022,Visitor Spending,Groceries,608045.0
LIBI,2022,Visitor Spending,Lodging,3413569.0
LIBI,2022,Visitor Spending,Recreation Industries,941518.0
LIBI,2022,Visitor Spending,Restaurants,2569969.0
LIBI,2022,Visitor Spending,Retail,1208354.0
LIBI,2022,Visitor Spending,Secondary Effects,0.0
LIBI,2022,Visitor Spending,Transportation,320583.0
LIBI,2022,Visits,Total,168433.0
LIBI,2023,Economic Output,Camping,430044.0
LIBI,2023,Economic Output,Gas,522849.0
LIBI,2023,Economic Output,Groceries,275090.0
LIBI,2023,Economic Output,Lodging,4668029.0
LIBI,2023,Economic Output,Recreation Industries,1289418.0
LIBI,2023,Economic Output,Restaurants,3540263.0
LIBI,2023,Economic Output,Retail,916897.0
LIBI,2023,Economic Output,Secondary Effects,8010036.0
LIBI,2023,Economic Output,Transportation,437284.0
LIBI,2023,Jobs,Camping,5.0
LIBI,2023,Jobs,Gas,5.0
LIBI,2023,Jobs,Groceries,4.0
LIBI,2023,Jobs,Lodging,56.0
LIBI,2023,Jobs,Recreation Industries,22.0
LIBI,2023,Jobs,Restaurants,53.0
LIBI,2023,Jobs,Retail,19.0
LIBI,2023,Jobs,Secondary Effects,54.0
LIBI,2023,Jobs,Transportation,4.0
LIBI,2023,Labor Income,Camping,221162.0
LIBI,2023,Labor Income,Gas,210739.0
LIBI,2023,Labor Income,Groceries,128844.0
LIBI,2023,Labor Income,Lodging,1416411.0
LIBI,2023,Labor Income,Recreation Industries,655955.0
LIBI,2023,Labor Income,Restaurants,1192396.0
LIBI,2023,Labor Income,Retail,507880.0
LIBI,2023,Labor Income,Secondary Effects,2382616.0
LIBI,2023,Labor Income,Transportation,180247.0
LIBI,2023,Non-local Visitor Spending,Camping,430044.0
LIBI,2023,Non-local Visitor Spending,Gas,2253713.0
LIBI,2023,Non-local Visitor Spending,Groceries,758973.0
LIBI,2023,Non-local Visitor Spending,Lodging,4668029.0
LIBI,2023,Non-local Visitor Spending,Recreation Industries,1166623.0
LIBI,2023,Non-local Visitor Spending,Restaurants,3337826.0
LIBI,2023,Non-local Visitor Spending,Retail,1513825.0
LIBI,2023,Non-local Visitor Spending,Secondary Effects,0.0
LIBI,2023,Non-local Visitor Spending,Transportation,417869.0
LIBI,2023,Party Days/Nights,Total,115669.0
LIBI,2023,Value Added,Camping,336755.0
LIBI,2023,Value Added,Gas,277113.0
LIBI,2023,Value Added,Groceries,157381.0
LIBI,2023,Value Added,Lodging,2452905.0
LIBI,2023,Value Added,Recreation Industries,705916.0
LIBI,2023,Value Added,Restaurants,1657870.0
LIBI,2023,Value Added,Retail,516990.0
LIBI,2023,Value Added,Secondary Effects,3996309.0
LIBI,2023,Value Added,Transportation,287981.0
LIBI,2023,Visitor Spending,Camping,430044.0
LIBI,2023,Visitor Spending,Gas,2380266.0
LIBI,2023,Visitor Spending,Groceries,828432.0
LIBI,2023,Visitor Spending,Lodging,4668029.0
LIBI,2023,Visitor Spending,Recreation Industries,1289418.0
LIBI,2023,Visitor Spending,Restaurants,3540263.0
LIBI,2023,Visitor Spending,Retail,1648864.0
LIBI,2023,Visitor Spending,Secondary Effects,0.0
LIBI,2023,Visitor Spending,Transportation,437141.0
LIBI,2023,Visits,Total,227295.0
LIBI,2024,Economic Output,Camping,231858.0
LIBI,2024,Economic Output,Gas,167931.0
LIBI,2024,Economic Output,Groceries,130864.0
LIBI,2024,Economic Output,Lodging,2516104.0
LIBI,2024,Economic Output,Recreation Industries,721565.0
LIBI,2024,Economic Output,Restaurants,1914405.0
LIBI,2024,Economic Output,Retail,452689.0
LIBI,2024,Economic Output,Secondary Effects,4028025.0
LIBI,2024,Economic Output,Transportation,284683.0
LIBI,2024,Jobs,Camping,2.0
LIBI,2024,Jobs,Gas,1.0
LIBI,2024,Jobs,Groceries,2.0
LIBI,2024,Jobs,Lodging,24.0
LIBI,2024,Jobs,Recreation Industries,10.0
LIBI,2024,Jobs,Restaurants,20.0
LIBI,2024,Jobs,Retail,7.0
LIBI,2024,Jobs,Secondary Effects,23.0
LIBI,2024,Jobs,Transportation,2.0
LIBI,2024,Labor Income,Camping,97668.0
LIBI,2024,Labor Income,Gas,59828.0
LIBI,2024,Labor Income,Groceries,56719.0
LIBI,2024,Labor Income,Lodging,748011.0
LIBI,2024,Labor Income,Recreation Industries,270814.0
LIBI,2024,Labor Income,Restaurants,586100.0
LIBI,2024,Labor Income,Retail,226679.0
LIBI,2024,Labor Income,Secondary Effects,1241402.0
LIBI,2024,Labor Income,Transportation,66332.0
LIBI,2024,Non-local Visitor Spending,Camping,231858.0
LIBI,2024,Non-local Visitor Spending,Gas,854845.0
LIBI,2024,Non-local Visitor Spending,Groceries,416337.0
LIBI,2024,Non-local Visitor Spending,Lodging,2516104.0
LIBI,2024,Non-local Visitor Spending,Recreation Industries,652799.0
LIBI,2024,Non-local Visitor Spending,Restaurants,1804966.0
LIBI,2024,Non-local Visitor Spending,Retail,773934.0
LIBI,2024,Non-local Visitor Spending,Secondary Effects,0.0
LIBI,2024,Non-local Visitor Spending,Transportation,272160.0
LIBI,2024,Party Days/Nights,Total,56907.0
LIBI,2024,Value Added,Camping,161189.0
LIBI,2024,Value Added,Gas,104472.0
LIBI,2024,Value Added,Groceries,87206.0
LIBI,2024,Value Added,Lodging,1492857.0
LIBI,2024,Value Added,Recreation Industries,454735.0
LIBI,2024,Value Added,Restaurants,898678.0
LIBI,2024,Value Added,Retail,243567.0
LIBI,2024,Value Added,Secondary Effects,2098578.0
LIBI,2024,Value Added,Transportation,118106.0
LIBI,2024,Visitor Spending,Camping,231858.0
LIBI,2024,Visitor Spending,Gas,902856.0
LIBI,2024,Visitor Spending,Groceries,454389.0
LIBI,2024,Visitor Spending,Lodging,2516104.0
LIBI,2024,Visitor Spending,Recreation Industries,721565.0
LIBI,2024,Visitor Spending,Restaurants,1914405.0
LIBI,2024,Visitor Spending,Retail,842997.0
LIBI,2024,Visitor Spending,Secondary Effects,0.0
LIBI,2024,Visitor Spending,Transportation,284683.0
LIBI,2024,Visits,Total,111825.0
MORU,2012,Economic Output,Total,137371364.0
MORU,2012,Jobs,Total,1815.0
MORU,2012,Labor Income,Total,42523747.0
MORU,2012,Value Added,Total,75945023.0
MORU,2012,Visitor Spending,Total,117601536.0
MORU,2012,Visits,Total,2185447.0
MORU,2013,Economic Output,Total,139426572.0
MORU,2013,Jobs,Total,1822.0
MORU,2013,Labor Income,Total,42961832.0
MORU,2013,Value Added,Total,76726598.0
MORU,2013,Visitor Spending,Total,119223671.0
MORU,2013,Visits,Total,2162999.0
MORU,2014,Economic Output,Camping,3492493.0
MORU,2014,Economic Output,Gas,1727457.0
MORU,2014,Economic Output,Groceries,1782538.0
MORU,2014,Economic Output,Lodging,37899581.0
MORU,2014,Economic Output,Recreation Industries,10892382.0
MORU,2014,Economic Output,Restaurants,27159249.0
MORU,2014,Economic Output,Retail,6514471.0
MORU,2014,Economic Output,Secondary Effects,61349150.0
MORU,2014,Economic Output,Transportation,4112657.0
MORU,2014,Jobs,Camping,51.0
MORU,2014,Jobs,Gas,26.0
MORU,2014,Jobs,Groceries,29.0
MORU,2014,Jobs,Lodging,488.0
MORU,2014,Jobs,Recreation Industries,208.0
MORU,2014,Jobs,Restaurants,593.0
MORU,2014,Jobs,Retail,157.0
MORU,2014,Jobs,Secondary Effects,482.0
MORU,2014,Jobs,Transportation,36.0
MORU,2014,Labor Income,Camping,1435686.0
MORU,2014,Labor Income,Gas,702529.0
MORU,2014,Labor Income,Groceries,745444.0
MORU,2014,Labor Income,Lodging,10981829.0
MORU,2014,Labor Income,Recreation Industries,3525442.0
MORU,2014,Labor Income,Restaurants,10597389.0
MORU,2014,Labor Income,Retail,3867646.0
MORU,2014,Labor Income,Secondary Effects,17177108.0
MORU,2014,Labor Income,Transportation,967092.0
MORU,2014,Value Added,Camping,2221906.0
MORU,2014,Value Added,Gas,888502.0
MORU,2014,Value Added,Groceries,1113462.0
MORU,2014,Value Added,Lodging,20588032.0
MORU,2014,Value Added,Recreation Industries,5345649.0
MORU,2014,Value Added,Restaurants,14102616.0
MORU,2014,Value Added,Retail,3649895.0
MORU,2014,Value Added,Secondary Effects,30902744.0
MORU,2014,Value Added,Transportation,2187363.0
MORU,2014,Visitor Spending,Camping,3492493.0
MORU,2014,Visitor Spending,Gas,15994089.0
MORU,2014,Visitor Spending,Groceries,6389025.0
MORU,2014,Visitor Spending,Lodging,37899581.0
MORU,2014,Visitor Spending,Recreation Industries,10892382.0
MORU,2014,Visitor Spending,Restaurants,27159250.0
MORU,2014,Visitor Spending,Retail,14347959.0
MORU,2014,Visitor Spending,Secondary Effects,0.0
MORU,2014,Visitor Spending,Transportation,4112657.0
MORU,2014,Visits,Total,2144807.0
MORU,2015,Economic Output,Camping,4082529.0
MORU,2015,Economic Output,Gas,1994504.0
MORU,2015,Economic Output,Groceries,2057984.0
MORU,2015,Economic Output,Lodging,44302291.0
MORU,2015,Economic Output,Recreation Industries,12697572.0
MORU,2015,Economic Output,Restaurants,31499989.0
MORU,2015,Economic Output,Retail,7521697.0
MORU,2015,Economic Output,Secondary Effects,71185857.0
MORU,2015,Economic Output,Transportation,4762213.0
MORU,2015,Jobs,Camping,59.0
MORU,2015,Jobs,Gas,30.0
MORU,2015,Jobs,Groceries,33.0
MORU,2015,Jobs,Lodging,565.0
MORU,2015,Jobs,Recreation Industries,241.0
MORU,2015,Jobs,Restaurants,686.0
MORU,2015,Jobs,Retail,180.0
MORU,2015,Jobs,Secondary Effects,548.0
MORU,2015,Jobs,Transportation,42.0
MORU,2015,Labor Income,Camping,1660625.0
MORU,2015,Labor Income,Gas,819566.0
MORU,2015,Labor Income,Groceries,869631.0
MORU,2015,Labor Income,Lodging,12702370.0
MORU,2015,Labor Income,Recreation Industries,4077783.0
MORU,2015,Labor Income,Restaurants,12257708.0
MORU,2015,Labor Income,Retail,4511968.0
MORU,2015,Labor Income,Secondary Effects,19890410.0
MORU,2015,Labor Income,Transportation,1119988.0
MORU,2015,Value Added,Camping,2570027.0
MORU,2015,Value Added,Gas,1036520.0
MORU,2015,Value Added,Groceries,1298957.0
MORU,2015,Value Added,Lodging,23813592.0
MORU,2015,Value Added,Recreation Industries,6183167.0
MORU,2015,Value Added,Restaurants,16312108.0
MORU,2015,Value Added,Retail,4257940.0
MORU,2015,Value Added,Secondary Effects,35785838.0
MORU,2015,Value Added,Transportation,2530347.0
MORU,2015,Visitor Spending,Camping,4082529.0
MORU,2015,Visitor Spending,Gas,18308544.0
MORU,2015,Visitor Spending,Groceries,7313564.0
MORU,2015,Visitor Spending,Lodging,44302289.0
MORU,2015,Visitor Spending,Recreation Industries,12697571.0
MORU,2015,Visitor Spending,Restaurants,31499990.0
MORU,2015,Visitor Spending,Retail,16424201.0
MORU,2015,Visitor Spending,Secondary Effects,0.0
MORU,2015,Visitor Spending,Transportation,4762213.0
MORU,2015,Visits,Total,2434298.0
MORU,2016,Economic Output,Camping,4199414.0
MORU,2016,Economic Output,Gas,2026422.0
MORU,2016,Economic Output,Groceries,2090798.0
MORU,2016,Economic Output,Lodging,45570731.0
MORU,2016,Economic Output,Recreation Industries,13025237.0
MORU,2016,Economic Output,Restaurants,32149227.0
MORU,2016,Economic Output,Retail,7642237.0
MORU,2016,Economic Output,Secondary Effects,72690835.0
MORU,2016,Economic Output,Transportation,4852484.0
MORU,2016,Jobs,Camping,60.0
MORU,2016,Jobs,Gas,30.0
MORU,2016,Jobs,Groceries,33.0
MORU,2016,Jobs,Lodging,575.0
MORU,2016,Jobs,Recreation Industries,245.0
MORU,2016,Jobs,Restaurants,698.0
MORU,2016,Jobs,Retail,181.0
MORU,2016,Jobs,Secondary Effects,548.0
MORU,2016,Jobs,Transportation,42.0
MORU,2016,Labor Income,Camping,1690244.0
MORU,2016,Labor Income,Gas,841338.0
MORU,2016,Labor Income,Groceries,892732.0
MORU,2016,Labor Income,Lodging,12928938.0
MORU,2016,Labor Income,Recreation Industries,4150513.0
MORU,2016,Labor Income,Restaurants,12476338.0
MORU,2016,Labor Income,Retail,4631829.0
MORU,2016,Labor Income,Secondary Effects,20267897.0
MORU,2016,Labor Income,Transportation,1141380.0
MORU,2016,Value Added,Camping,2615865.0
MORU,2016,Value Added,Gas,1064055.0
MORU,2016,Value Added,Groceries,1333464.0
MORU,2016,Value Added,Lodging,24238348.0
MORU,2016,Value Added,Recreation Industries,6293449.0
MORU,2016,Value Added,Restaurants,16603053.0
MORU,2016,Value Added,Retail,4371053.0
MORU,2016,Value Added,Secondary Effects,36466723.0
MORU,2016,Value Added,Transportation,2575787.0
MORU,2016,Visitor Spending,Camping,4199414.0
MORU,2016,Visitor Spending,Gas,18442304.0
MORU,2016,Visitor Spending,Groceries,7366994.0
MORU,2016,Visitor Spending,Lodging,45570730.0
MORU,2016,Visitor Spending,Recreation Industries,13025237.0
MORU,2016,Visitor Spending,Restaurants,32149226.0
MORU,2016,Visitor Spending,Retail,16544196.0
MORU,2016,Visitor Spending,Secondary Effects,0.0
MORU,2016,Visitor Spending,Transportation,4852484.0
MORU,2016,Visits,Total,2431231.0
MORU,2017,Economic Output,Camping,4025454.0
MORU,2017,Economic Output,Gas,2331919.0
MORU,2017,Economic Output,Groceries,2068919.0
MORU,2017,Economic Output,Lodging,43662220.0
MORU,2017,Economic Output,Recreation Industries,12436569.0
MORU,2017,Economic Output,Restaurants,31587350.0
MORU,2017,Economic Output,Retail,7998438.0
MORU,2017,Economic Output,Secondary Effects,68364643.0
MORU,2017,Economic Output,Transportation,4768552.0
MORU,2017,Jobs,Camping,83.0
MORU,2017,Jobs,Gas,41.0
MORU,2017,Jobs,Groceries,33.0
MORU,2017,Jobs,Lodging,454.0
MORU,2017,Jobs,Recreation Industries,239.0
MORU,2017,Jobs,Restaurants,564.0
MORU,2017,Jobs,Retail,175.0
MORU,2017,Jobs,Secondary Effects,510.0
MORU,2017,Jobs,Transportation,35.0
MORU,2017,Labor Income,Camping,2404266.0
MORU,2017,Labor Income,Gas,1168843.0
MORU,2017,Labor Income,Groceries,869991.0
MORU,2017,Labor Income,Lodging,11343715.0
MORU,2017,Labor Income,Recreation Industries,4111726.0
MORU,2017,Labor Income,Restaurants,10812951.0
MORU,2017,Labor Income,Retail,4926832.0
MORU,2017,Labor Income,Secondary Effects,19443892.0
MORU,2017,Labor Income,Transportation,1021807.0
MORU,2017,Non-local Visitor Spending,Camping,4025454.0
MORU,2017,Non-local Visitor Spending,Gas,17663329.0
MORU,2017,Non-local Visitor Spending,Groceries,6868106.0
MORU,2017,Non-local Visitor Spending,Lodging,43662221.0
MORU,2017,Non-local Visitor Spending,Recreation Industries,11252123.0
MORU,2017,Non-local Visitor Spending,Restaurants,29781427.0
MORU,2017,Non-local Visitor Spending,Retail,15362764.0
MORU,2017,Non-local Visitor Spending,Secondary Effects,0.0
MORU,2017,Non-local Visitor Spending,Transportation,4557872.0
MORU,2017,Party Days/Nights,Total,1240595.0
MORU,2017,Value Added,Camping,2549830.0
MORU,2017,Value Added,Gas,1117465.0
MORU,2017,Value Added,Groceries,1353436.0
MORU,2017,Value Added,Lodging,25724674.0
MORU,2017,Value Added,Recreation Industries,6077445.0
MORU,2017,Value Added,Restaurants,16480981.0
MORU,2017,Value Added,Retail,4464789.0
MORU,2017,Value Added,Secondary Effects,34836115.0
MORU,2017,Value Added,Transportation,2603862.0
MORU,2017,Visitor Spending,Camping,4025454.0
MORU,2017,Visitor Spending,Gas,18655351.0
MORU,2017,Visitor Spending,Groceries,7496083.0
MORU,2017,Visitor Spending,Lodging,43662221.0
MORU,2017,Visitor Spending,Recreation Industries,12436569.0
MORU,2017,Visitor Spending,Restaurants,31587349.0
MORU,2017,Visitor Spending,Retail,16733133.0
MORU,2017,Visitor Spending,Secondary Effects,0.0
MORU,2017,Visitor Spending,Transportation,4768498.0
MORU,2017,Visits,Total,2437800.0
MORU,2018,Economic Output,Camping,3952000.0
MORU,2018,Economic Output,Gas,2956476.0
MORU,2018,Economic Output,Groceries,2150244.0
MORU,2018,Economic Output,Lodging,42884533.0
MORU,2018,Economic Output,Recreation Industries,12168081.0
MORU,2018,Economic Output,Restaurants,31426556.0
MORU,2018,Economic Output,Retail,8198272.0
MORU,2018,Economic Output,Secondary Effects,68955218.0
MORU,2018,Economic Output,Transportation,4151582.0
MORU,2018,Jobs,Camping,65.0
MORU,2018,Jobs,Gas,40.0
MORU,2018,Jobs,Groceries,34.0
MORU,2018,Jobs,Lodging,407.0
MORU,2018,Jobs,Recreation Industries,216.0
MORU,2018,Jobs,Restaurants,534.0
MORU,2018,Jobs,Retail,162.0
MORU,2018,Jobs,Secondary Effects,516.0
MORU,2018,Jobs,Transportation,36.0
MORU,2018,Labor Income,Camping,2725873.0
MORU,2018,Labor Income,Gas,1113980.0
MORU,2018,Labor Income,Groceries,891216.0
MORU,2018,Labor Income,Lodging,11291040.0
MORU,2018,Labor Income,Recreation Industries,4003509.0
MORU,2018,Labor Income,Restaurants,10580602.0
MORU,2018,Labor Income,Retail,5013007.0
MORU,2018,Labor Income,Secondary Effects,20607436.0
MORU,2018,Labor Income,Transportation,1118442.0
MORU,2018,Non-local Visitor Spending,Camping,3952000.0
MORU,2018,Non-local Visitor Spending,Gas,17068268.0
MORU,2018,Non-local Visitor Spending,Groceries,7061043.0
MORU,2018,Non-local Visitor Spending,Lodging,42884532.0
MORU,2018,Non-local Visitor Spending,Recreation Industries,11009362.0
MORU,2018,Non-local Visitor Spending,Restaurants,29629308.0
MORU,2018,Non-local Visitor Spending,Retail,14845029.0
MORU,2018,Non-local Visitor Spending,Secondary Effects,0.0
MORU,2018,Non-local Visitor Spending,Transportation,3969129.0
MORU,2018,Party Days/Nights,Total,1176204.0
MORU,2018,Value Added,Camping,2913015.0
MORU,2018,Value Added,Gas,1466656.0
MORU,2018,Value Added,Groceries,1301428.0
MORU,2018,Value Added,Lodging,26220026.0
MORU,2018,Value Added,Recreation Industries,6010740.0
MORU,2018,Value Added,Restaurants,16215110.0
MORU,2018,Value Added,Retail,4717615.0
MORU,2018,Value Added,Secondary Effects,35311184.0
MORU,2018,Value Added,Transportation,2152424.0
MORU,2018,Visitor Spending,Camping,3952000.0
MORU,2018,Visitor Spending,Gas,18027293.0
MORU,2018,Visitor Spending,Groceries,7706967.0
MORU,2018,Visitor Spending,Lodging,42884532.0
MORU,2018,Visitor Spending,Recreation Industries,12168081.0
MORU,2018,Visitor Spending,Restaurants,31426555.0
MORU,2018,Visitor Spending,Retail,16170160.0
MORU,2018,Visitor Spending,Secondary Effects,0.0
MORU,2018,Visitor Spending,Transportation,4151566.0
MORU,2018,Visits,Total,2311272.0
MORU,2019,Economic Output,Camping,3388104.0
MORU,2019,Economic Output,Gas,2519838.0
MORU,2019,Economic Output,Groceries,1831163.0
MORU,2019,Economic Output,Lodging,36756684.0
MORU,2019,Economic Output,Recreation Industries,10439053.0
MORU,2019,Economic Output,Restaurants,26947775.0
MORU,2019,Economic Output,Retail,6989737.0
MORU,2019,Economic Output,Secondary Effects,59110999.0
MORU,2019,Economic Output,Transportation,3543265.0
MORU,2019,Jobs,Camping,55.0
MORU,2019,Jobs,Gas,34.0
MORU,2019,Jobs,Groceries,29.0
MORU,2019,Jobs,Lodging,349.0
MORU,2019,Jobs,Recreation Industries,185.0
MORU,2019,Jobs,Restaurants,458.0
MORU,2019,Jobs,Retail,137.0
MORU,2019,Jobs,Secondary Effects,439.0
MORU,2019,Jobs,Transportation,31.0
MORU,2019,Labor Income,Camping,2337073.0
MORU,2019,Labor Income,Gas,954741.0
MORU,2019,Labor Income,Groceries,763801.0
MORU,2019,Labor Income,Lodging,9678242.0
MORU,2019,Labor Income,Recreation Industries,3432240.0
MORU,2019,Labor Income,Restaurants,9070003.0
MORU,2019,Labor Income,Retail,4297805.0
MORU,2019,Labor Income,Secondary Effects,17665419.0
MORU,2019,Labor Income,Transportation,958457.0
MORU,2019,Non-local Visitor Spending,Camping,3388104.0
MORU,2019,Non-local Visitor Spending,Gas,14548033.0
MORU,2019,Non-local Visitor Spending,Groceries,6013517.0
MORU,2019,Non-local Visitor Spending,Lodging,36756683.0
MORU,2019,Non-local Visitor Spending,Recreation Industries,9444194.0
MORU,2019,Non-local Visitor Spending,Restaurants,25407314.0
MORU,2019,Non-local Visitor Spending,Retail,12657560.0
MORU,2019,Non-local Visitor Spending,Secondary Effects,0.0
MORU,2019,Non-local Visitor Spending,Transportation,3388222.0
MORU,2019,Party Days/Nights,Total,999243.0
MORU,2019,Value Added,Camping,2497522.0
MORU,2019,Value Added,Gas,1257004.0
MORU,2019,Value Added,Groceries,1115367.0
MORU,2019,Value Added,Lodging,22474790.0
MORU,2019,Value Added,Recreation Industries,5153055.0
MORU,2019,Value Added,Restaurants,13900068.0
MORU,2019,Value Added,Retail,4044556.0
MORU,2019,Value Added,Secondary Effects,30270177.0
MORU,2019,Value Added,Transportation,1845504.0
MORU,2019,Visitor Spending,Camping,3388104.0
MORU,2019,Visitor Spending,Gas,15364865.0
MORU,2019,Visitor Spending,Groceries,6563307.0
MORU,2019,Visitor Spending,Lodging,36756683.0
MORU,2019,Visitor Spending,Recreation Industries,10439053.0
MORU,2019,Visitor Spending,Restaurants,26947775.0
MORU,2019,Visitor Spending,Retail,13786463.0
MORU,2019,Visitor Spending,Secondary Effects,0.0
MORU,2019,Visitor Spending,Transportation,3543211.0
MORU,2019,Visits,Total,1963539.0
MORU,2020,Economic Output,Camping,3612842.0
MORU,2020,Economic Output,Gas,2672073.0
MORU,2020,Economic Output,Groceries,1942457.0
MORU,2020,Economic Output,Lodging,39192251.0
MORU,2020,Economic Output,Recreation Industries,11137891.0
MORU,2020,Economic Output,Restaurants,28742841.0
MORU,2020,Economic Output,Retail,7410740.0
MORU,2020,Economic Output,Secondary Effects,63032716.0
MORU,2020,Economic Output,Transportation,3762892.0
MORU,2020,Jobs,Camping,59.0
MORU,2020,Jobs,Gas,36.0
MORU,2020,Jobs,Groceries,31.0
MORU,2020,Jobs,Lodging,372.0
MORU,2020,Jobs,Recreation Industries,197.0
MORU,2020,Jobs,Restaurants,488.0
MORU,2020,Jobs,Retail,145.0
MORU,2020,Jobs,Secondary Effects,464.0
MORU,2020,Jobs,Transportation,33.0
MORU,2020,Labor Income,Camping,2492249.0
MORU,2020,Labor Income,Gas,1018055.0
MORU,2020,Labor Income,Groceries,815387.0
MORU,2020,Labor Income,Lodging,10320178.0
MORU,2020,Labor Income,Recreation Industries,3659462.0
MORU,2020,Labor Income,Restaurants,9671306.0
MORU,2020,Labor Income,Retail,4582023.0
MORU,2020,Labor Income,Secondary Effects,18837407.0
MORU,2020,Labor Income,Transportation,1022019.0
MORU,2020,Non-local Visitor Spending,Camping,3612842.0
MORU,2020,Non-local Visitor Spending,Gas,15426613.0
MORU,2020,Non-local Visitor Spending,Groceries,6379003.0
MORU,2020,Non-local Visitor Spending,Lodging,39192249.0
MORU,2020,Non-local Visitor Spending,Recreation Industries,10076604.0
MORU,2020,Non-local Visitor Spending,Restaurants,27099451.0
MORU,2020,Non-local Visitor Spending,Retail,13419436.0
MORU,2020,Non-local Visitor Spending,Secondary Effects,0.0
MORU,2020,Non-local Visitor Spending,Transportation,3596765.0
MORU,2020,Party Days/Nights,Total,1055958.0
MORU,2020,Value Added,Camping,2663352.0
MORU,2020,Value Added,Gas,1340362.0
MORU,2020,Value Added,Groceries,1190696.0
MORU,2020,Value Added,Lodging,23965493.0
MORU,2020,Value Added,Recreation Industries,5494199.0
MORU,2020,Value Added,Restaurants,14821584.0
MORU,2020,Value Added,Retail,4312027.0
MORU,2020,Value Added,Secondary Effects,32278533.0
MORU,2020,Value Added,Transportation,1968925.0
MORU,2020,Visitor Spending,Camping,3612842.0
MORU,2020,Visitor Spending,Gas,16293128.0
MORU,2020,Visitor Spending,Groceries,6962213.0
MORU,2020,Visitor Spending,Lodging,39192249.0
MORU,2020,Visitor Spending,Recreation Industries,11137891.0
MORU,2020,Visitor Spending,Restaurants,28742841.0
MORU,2020,Visitor Spending,Retail,14616842.0
MORU,2020,Visitor Spending,Secondary Effects,0.0
MORU,2020,Visitor Spending,Transportation,3762764.0
MORU,2020,Visits,Total,2074985.0
MORU,2021,Economic Output,Camping,4657536.0
MORU,2021,Economic Output,Gas,5686063.0
MORU,2021,Economic Output,Groceries,2996650.0
MORU,2021,Economic Output,Lodging,50524491.0
MORU,2021,Economic Output,Recreation Industries,13911817.0
MORU,2021,Economic Output,Restaurants,37748659.0
MORU,2021,Economic Output,Retail,9969406.0
MORU,2021,Economic Output,Secondary Effects,91341631.0
MORU,2021,Economic Output,Transportation,4747424.0
MORU,2021,Jobs,Camping,65.0
MORU,2021,Jobs,Gas,55.0
MORU,2021,Jobs,Groceries,42.0
MORU,2021,Jobs,Lodging,476.0
MORU,2021,Jobs,Recreation Industries,267.0
MORU,2021,Jobs,Restaurants,568.0
MORU,2021,Jobs,Retail,178.0
MORU,2021,Jobs,Secondary Effects,607.0
MORU,2021,Jobs,Transportation,64.0
MORU,2021,Labor Income,Camping,2185926.0
MORU,2021,Labor Income,Gas,1627851.0
MORU,2021,Labor Income,Groceries,1181591.0
MORU,2021,Labor Income,Lodging,14217642.0
MORU,2021,Labor Income,Recreation Industries,4992256.0
MORU,2021,Labor Income,Restaurants,11805704.0
MORU,2021,Labor Income,Retail,5400222.0
MORU,2021,Labor Income,Secondary Effects,25686668.0
MORU,2021,Labor Income,Transportation,1321005.0
MORU,2021,Non-local Visitor Spending,Camping,4657536.0
MORU,2021,Non-local Visitor Spending,Gas,24508967.0
MORU,2021,Non-local Visitor Spending,Groceries,8268650.0
MORU,2021,Non-local Visitor Spending,Lodging,50524491.0
MORU,2021,Non-local Visitor Spending,Recreation Industries,12586232.0
MORU,2021,Non-local Visitor Spending,Restaurants,35590539.0
MORU,2021,Non-local Visitor Spending,Retail,16459688.0
MORU,2021,Non-local Visitor Spending,Secondary Effects,0.0
MORU,2021,Non-local Visitor Spending,Transportation,4538227.0
MORU,2021,Party Days/Nights,Total,1285411.0
MORU,2021,Value Added,Camping,3352136.0
MORU,2021,Value Added,Gas,2982374.0
MORU,2021,Value Added,Groceries,1706387.0
MORU,2021,Value Added,Lodging,31773286.0
MORU,2021,Value Added,Recreation Industries,6845170.0
MORU,2021,Value Added,Restaurants,18189569.0
MORU,2021,Value Added,Retail,6372784.0
MORU,2021,Value Added,Secondary Effects,44825392.0
MORU,2021,Value Added,Transportation,2389216.0
MORU,2021,Visitor Spending,Camping,4657536.0
MORU,2021,Visitor Spending,Gas,25885744.0
MORU,2021,Visitor Spending,Groceries,9024396.0
MORU,2021,Visitor Spending,Lodging,50524491.0
MORU,2021,Visitor Spending,Recreation Industries,13911817.0
MORU,2021,Visitor Spending,Restaurants,37748659.0
MORU,2021,Visitor Spending,Retail,17928071.0
MORU,2021,Visitor Spending,Secondary Effects,0.0
MORU,2021,Visitor Spending,Transportation,4747036.0
MORU,2021,Visits,Total,2525868.0
MORU,2022,Economic Output,Camping,9801686.0
MORU,2022,Economic Output,Gas,10340857.0
MORU,2022,Economic Output,Groceries,6158852.0
MORU,2022,Economic Output,Lodging,182216433.0
MORU,2022,Economic Output,Recreation Industries,33055870.0
MORU,2022,Economic Output,Restaurants,58591734.0
MORU,2022,Economic Output,Retail,19332278.0
MORU,2022,Economic Output,Secondary Effects,230287515.0
MORU,2022,Economic Output,Transportation,1507704.0
MORU,2022,Jobs,Camping,140.0
MORU,2022,Jobs,Gas,98.0
MORU,2022,Jobs,Groceries,89.0
MORU,2022,Jobs,Lodging,2074.0
MORU,2022,Jobs,Recreation Industries,518.0
MORU,2022,Jobs,Restaurants,860.0
MORU,2022,Jobs,Retail,330.0
MORU,2022,Jobs,Secondary Effects,1540.0
MORU,2022,Jobs,Transportation,43.0
MORU,2022,Labor Income,Camping,4546541.0
MORU,2022,Labor Income,Gas,2969629.0
MORU,2022,Labor Income,Groceries,2487181.0
MORU,2022,Labor Income,Lodging,65185424.0
MORU,2022,Labor Income,Recreation Industries,12238740.0
MORU,2022,Labor Income,Restaurants,18568599.0
MORU,2022,Labor Income,Retail,10822506.0
MORU,2022,Labor Income,Secondary Effects,68189113.0
MORU,2022,Labor Income,Transportation,845766.0
MORU,2022,Non-local Visitor Spending,Camping,9245521.0
MORU,2022,Non-local Visitor Spending,Gas,45376368.0
MORU,2022,Non-local Visitor Spending,Groceries,17814314.0
MORU,2022,Non-local Visitor Spending,Lodging,177661023.0
MORU,2022,Non-local Visitor Spending,Recreation Industries,31817232.0
MORU,2022,Non-local Visitor Spending,Restaurants,56558189.0
MORU,2022,Non-local Visitor Spending,Retail,33533701.0
MORU,2022,Non-local Visitor Spending,Secondary Effects,0.0
MORU,2022,Non-local Visitor Spending,Transportation,1403064.0
MORU,2022,Party Days/Nights,Total,1183799.0
MORU,2022,Value Added,Camping,6990210.0
MORU,2022,Value Added,Gas,5423911.0
MORU,2022,Value Added,Groceries,3540578.0
MORU,2022,Value Added,Lodging,121415033.0
MORU,2022,Value Added,Recreation Industries,15366180.0
MORU,2022,Value Added,Restaurants,28433807.0
MORU,2022,Value Added,Retail,12605276.0
MORU,2022,Value Added,Secondary Effects,116417244.0
MORU,2022,Value Added,Transportation,1037340.0
MORU,2022,Visitor Spending,Camping,9801686.0
MORU,2022,Visitor Spending,Gas,47076435.0
MORU,2022,Visitor Spending,Groceries,18547352.0
MORU,2022,Visitor Spending,Lodging,182216433.0
MORU,2022,Visitor Spending,Recreation Industries,33055870.0
MORU,2022,Visitor Spending,Restaurants,58591734.0
MORU,2022,Visitor Spending,Retail,34765407.0
MORU,2022,Visitor Spending,Secondary Effects,0.0
MORU,2022,Visitor Spending,Transportation,1507704.0
MORU,2022,Visits,Total,2440449.0
MORU,2023,Economic Output,Camping,9893075.0
MORU,2023,Economic Output,Gas,10413770.0
MORU,2023,Economic Output,Groceries,6196287.0
MORU,2023,Economic Output,Lodging,183936016.0
MORU,2023,Economic Output,Recreation Industries,33373938.0
MORU,2023,Economic Output,Restaurants,59578234.0
MORU,2023,Economic Output,Retail,19469440.0
MORU,2023,Economic Output,Secondary Effects,232321275.0
MORU,2023,Economic Output,Transportation,1528427.0
MORU,2023,Jobs,Camping,141.0
MORU,2023,Jobs,Gas,98.0
MORU,2023,Jobs,Groceries,89.0
MORU,2023,Jobs,Lodging,2093.0
MORU,2023,Jobs,Recreation Industries,523.0
MORU,2023,Jobs,Restaurants,868.0
MORU,2023,Jobs,Retail,329.0
MORU,2023,Jobs,Secondary Effects,1534.0
MORU,2023,Jobs,Transportation,43.0
MORU,2023,Labor Income,Camping,4586380.0
MORU,2023,Labor Income,Gas,2995748.0
MORU,2023,Labor Income,Groceries,2509166.0
MORU,2023,Labor Income,Lodging,65764286.0
MORU,2023,Labor Income,Recreation Industries,12348507.0
MORU,2023,Labor Income,Restaurants,18729252.0
MORU,2023,Labor Income,Retail,10918163.0
MORU,2023,Labor Income,Secondary Effects,68791897.0
MORU,2023,Labor Income,Transportation,852219.0
MORU,2023,Non-local Visitor Spending,Camping,9331676.0
MORU,2023,Non-local Visitor Spending,Gas,45696586.0
MORU,2023,Non-local Visitor Spending,Groceries,17922512.0
MORU,2023,Non-local Visitor Spending,Lodging,179337614.0
MORU,2023,Non-local Visitor Spending,Recreation Industries,32122536.0
MORU,2023,Non-local Visitor Spending,Restaurants,57510525.0
MORU,2023,Non-local Visitor Spending,Retail,33771663.0
MORU,2023,Non-local Visitor Spending,Secondary Effects,0.0
MORU,2023,Non-local Visitor Spending,Transportation,1422340.0
MORU,2023,Party Days/Nights,Total,1179301.0
MORU,2023,Value Added,Camping,7051457.0
MORU,2023,Value Added,Gas,5471614.0
MORU,2023,Value Added,Groceries,3571876.0
MORU,2023,Value Added,Lodging,122492733.0
MORU,2023,Value Added,Recreation Industries,15503833.0
MORU,2023,Value Added,Restaurants,28679830.0
MORU,2023,Value Added,Retail,12716662.0
MORU,2023,Value Added,Secondary Effects,117445638.0
MORU,2023,Value Added,Transportation,1045255.0
MORU,2023,Visitor Spending,Camping,9893075.0
MORU,2023,Visitor Spending,Gas,47408585.0
MORU,2023,Visitor Spending,Groceries,18660085.0
MORU,2023,Visitor Spending,Lodging,183936016.0
MORU,2023,Visitor Spending,Recreation Industries,33373938.0
MORU,2023,Visitor Spending,Restaurants,59578234.0
MORU,2023,Visitor Spending,Retail,35012066.0
MORU,2023,Visitor Spending,Secondary Effects,0.0
MORU,2023,Visitor Spending,Transportation,1528427.0
MORU,2023,Visits,Total,2431195.0
MORU,2024,Economic Output,Camping,7839354.0
MORU,2024,Economic Output,Gas,6753910.0
MORU,2024,Economic Output,Groceries,4107656.0
MORU,2024,Economic Output,Lodging,145694773.0
MORU,2024,Economic Output,Recreation Industries,25692399.0
MORU,2024,Economic Output,Restaurants,46100093.0
MORU,2024,Economic Output,Retail,14397511.0
MORU,2024,Economic Output,Secondary Effects,150557921.0
MORU,2024,Economic Output,Transportation,1192623.0
MORU,2024,Jobs,Camping,61.0
MORU,2024,Jobs,Gas,53.0
MORU,2024,Jobs,Groceries,48.0
MORU,2024,Jobs,Lodging,1068.0
MORU,2024,Jobs,Recreation Industries,309.0
MORU,2024,Jobs,Restaurants,459.0
MORU,2024,Jobs,Retail,190.0
MORU,2024,Jobs,Secondary Effects,870.0
MORU,2024,Jobs,Transportation,23.0
MORU,2024,Labor Income,Camping,2491829.0
MORU,2024,Labor Income,Gas,2064565.0
MORU,2024,Labor Income,Groceries,1468591.0
MORU,2024,Labor Income,Lodging,42451418.0
MORU,2024,Labor Income,Recreation Industries,12253320.0
MORU,2024,Labor Income,Restaurants,12862206.0
MORU,2024,Labor Income,Retail,7691024.0
MORU,2024,Labor Income,Secondary Effects,46888983.0
MORU,2024,Labor Income,Transportation,366168.0
MORU,2024,Non-local Visitor Spending,Camping,7394583.0
MORU,2024,Non-local Visitor Spending,Gas,35000071.0
MORU,2024,Non-local Visitor Spending,Groceries,13699024.0
MORU,2024,Non-local Visitor Spending,Lodging,142052403.0
MORU,2024,Non-local Visitor Spending,Recreation Industries,24729933.0
MORU,2024,Non-local Visitor Spending,Restaurants,44500189.0
MORU,2024,Non-local Visitor Spending,Retail,25861102.0
MORU,2024,Non-local Visitor Spending,Secondary Effects,0.0
MORU,2024,Non-local Visitor Spending,Transportation,1109828.0
MORU,2024,Party Days/Nights,Total,897542.0
MORU,2024,Value Added,Camping,5020614.0
MORU,2024,Value Added,Gas,4475849.0
MORU,2024,Value Added,Groceries,2764870.0
MORU,2024,Value Added,Lodging,98975129.0
MORU,2024,Value Added,Recreation Industries,15422050.0
MORU,2024,Value Added,Restaurants,22640194.0
MORU,2024,Value Added,Retail,9044237.0
MORU,2024,Value Added,Secondary Effects,79814018.0
MORU,2024,Value Added,Transportation,515733.0
MORU,2024,Visitor Spending,Camping,7839354.0
MORU,2024,Visitor Spending,Gas,36311346.0
MORU,2024,Visitor Spending,Groceries,14262696.0
MORU,2024,Visitor Spending,Lodging,145694773.0
MORU,2024,Visitor Spending,Recreation Industries,25692399.0
MORU,2024,Visitor Spending,Restaurants,46100093.0
MORU,2024,Visitor Spending,Retail,26811008.0
MORU,2024,Visitor Spending,Secondary Effects,0.0
MORU,2024,Visitor Spending,Transportation,1192623.0
MORU,2024,Visits,Total,1850329.0
THRO,2012,Economic Output,Total,36864968.0
THRO,2012,Jobs,Total,470.0
THRO,2012,Labor Income,Total,11901118.0
THRO,2012,Value Added,Total,20593441.0
THRO,2012,Visitor Spending,Total,37438958.0
THRO,2012,Visits,Total,640555.0
THRO,2013,Economic Output,Total,32008660.0
THRO,2013,Jobs,Total,404.0
THRO,2013,Labor Income,Total,10291560.0
THRO,2013,Value Added,Total,17806397.0
THRO,2013,Visitor Spending,Total,32505617.0
THRO,2013,Visits,Total,545091.0
THRO,2014,Economic Output,Camping,754527.0
THRO,2014,Economic Output,Gas,541825.0
THRO,2014,Economic Output,Groceries,626532.0
THRO,2014,Economic Output,Lodging,11579841.0
THRO,2014,Economic Output,Recreation Industries,2590983.0
THRO,2014,Economic Output,Restaurants,6508412.0
THRO,2014,Economic Output,Retail,1505293.0
THRO,2014,Economic Output,Secondary Effects,9933242.0
THRO,2014,Economic Output,Transportation,1947989.0
THRO,2014,Jobs,Camping,6.0
THRO,2014,Jobs,Gas,7.0
THRO,2014,Jobs,Groceries,10.0
THRO,2014,Jobs,Lodging,146.0
THRO,2014,Jobs,Recreation Industries,46.0
THRO,2014,Jobs,Restaurants,128.0
THRO,2014,Jobs,Retail,42.0
THRO,2014,Jobs,Secondary Effects,71.0
THRO,2014,Jobs,Transportation,14.0
THRO,2014,Labor Income,Camping,411704.0
THRO,2014,Labor Income,Gas,273800.0
THRO,2014,Labor Income,Groceries,276431.0
THRO,2014,Labor Income,Lodging,3485936.0
THRO,2014,Labor Income,Recreation Industries,1081515.0
THRO,2014,Labor Income,Restaurants,2791595.0
THRO,2014,Labor Income,Retail,869412.0
THRO,2014,Labor Income,Secondary Effects,2929807.0
THRO,2014,Labor Income,Transportation,538108.0
THRO,2014,Value Added,Camping,594275.0
THRO,2014,Value Added,Gas,350232.0
THRO,2014,Value Added,Groceries,391251.0
THRO,2014,Value Added,Lodging,6390671.0
THRO,2014,Value Added,Recreation Industries,1374606.0
THRO,2014,Value Added,Restaurants,3688408.0
THRO,2014,Value Added,Retail,922530.0
THRO,2014,Value Added,Secondary Effects,5328327.0
THRO,2014,Value Added,Transportation,1226782.0
THRO,2014,Visitor Spending,Camping,754527.0
THRO,2014,Visitor Spending,Gas,5016899.0
THRO,2014,Visitor Spending,Groceries,2245635.0
THRO,2014,Visitor Spending,Lodging,11579841.0
THRO,2014,Visitor Spending,Recreation Industries,2590983.0
THRO,2014,Visitor Spending,Restaurants,6508412.0
THRO,2014,Visitor Spending,Retail,3315623.0
THRO,2014,Visitor Spending,Secondary Effects,0.0
THRO,2014,Visitor Spending,Transportation,1947989.0
THRO,2014,Visits,Total,559580.0
THRO,2015,Economic Output,Camping,810860.0
THRO,2015,Economic Output,Gas,571145.0
THRO,2015,Economic Output,Groceries,661074.0
THRO,2015,Economic Output,Lodging,12336612.0
THRO,2015,Economic Output,Recreation Industries,2755904.0
THRO,2015,Economic Output,Restaurants,6884518.0
THRO,2015,Economic Output,Retail,1586578.0
THRO,2015,Economic Output,Secondary Effects,10498796.0
THRO,2015,Economic Output,Transportation,2058195.0
THRO,2015,Jobs,Camping,7.0
THRO,2015,Jobs,Gas,8.0
THRO,2015,Jobs,Groceries,11.0
THRO,2015,Jobs,Lodging,154.0
THRO,2015,Jobs,Recreation Industries,48.0
THRO,2015,Jobs,Restaurants,135.0
THRO,2015,Jobs,Retail,44.0
THRO,2015,Jobs,Secondary Effects,73.0
THRO,2015,Jobs,Transportation,14.0
THRO,2015,Labor Income,Camping,437799.0
THRO,2015,Labor Income,Gas,291633.0
THRO,2015,Labor Income,Groceries,294720.0
THRO,2015,Labor Income,Lodging,3674777.0
THRO,2015,Labor Income,Recreation Industries,1141418.0
THRO,2015,Labor Income,Restaurants,2944888.0
THRO,2015,Labor Income,Retail,925939.0
THRO,2015,Labor Income,Secondary Effects,3094099.0
THRO,2015,Labor Income,Transportation,568653.0
THRO,2015,Value Added,Camping,631941.0
THRO,2015,Value Added,Gas,373044.0
THRO,2015,Value Added,Groceries,417136.0
THRO,2015,Value Added,Lodging,6736868.0
THRO,2015,Value Added,Recreation Industries,1450743.0
THRO,2015,Value Added,Restaurants,3890946.0
THRO,2015,Value Added,Retail,982510.0
THRO,2015,Value Added,Secondary Effects,5627738.0
THRO,2015,Value Added,Transportation,1294842.0
THRO,2015,Visitor Spending,Camping,810860.0
THRO,2015,Visitor Spending,Gas,5243411.0
THRO,2015,Visitor Spending,Groceries,2349292.0
THRO,2015,Visitor Spending,Lodging,12336611.0
THRO,2015,Visitor Spending,Recreation Industries,2755904.0
THRO,2015,Visitor Spending,Restaurants,6884518.0
THRO,2015,Visitor Spending,Retail,3464949.0
THRO,2015,Visitor Spending,Secondary Effects,0.0
THRO,2015,Visitor Spending,Transportation,2058195.0
THRO,2015,Visits,Total,580033.0
THRO,2016,Economic Output,Camping,1063197.0
THRO,2016,Economic Output,Gas,755769.0
THRO,2016,Economic Output,Groceries,872144.0
THRO,2016,Economic Output,Lodging,16620998.0
THRO,2016,Economic Output,Recreation Industries,3689598.0
THRO,2016,Economic Output,Restaurants,9183134.0
THRO,2016,Economic Output,Retail,2100145.0
THRO,2016,Economic Output,Secondary Effects,13987812.0
THRO,2016,Economic Output,Transportation,2736881.0
THRO,2016,Jobs,Camping,9.0
THRO,2016,Jobs,Gas,10.0
THRO,2016,Jobs,Groceries,14.0
THRO,2016,Jobs,Lodging,206.0
THRO,2016,Jobs,Recreation Industries,64.0
THRO,2016,Jobs,Restaurants,179.0
THRO,2016,Jobs,Retail,58.0
THRO,2016,Jobs,Secondary Effects,95.0
THRO,2016,Jobs,Transportation,19.0
THRO,2016,Labor Income,Camping,568016.0
THRO,2016,Labor Income,Gas,389938.0
THRO,2016,Labor Income,Groceries,392884.0
THRO,2016,Labor Income,Lodging,4899034.0
THRO,2016,Labor Income,Recreation Industries,1516255.0
THRO,2016,Labor Income,Restaurants,3917454.0
THRO,2016,Labor Income,Retail,1238473.0
THRO,2016,Labor Income,Secondary Effects,4118735.0
THRO,2016,Labor Income,Transportation,756304.0
THRO,2016,Value Added,Camping,819904.0
THRO,2016,Value Added,Gas,498791.0
THRO,2016,Value Added,Groceries,556074.0
THRO,2016,Value Added,Lodging,8981266.0
THRO,2016,Value Added,Recreation Industries,1927162.0
THRO,2016,Value Added,Restaurants,5175954.0
THRO,2016,Value Added,Retail,1314139.0
THRO,2016,Value Added,Secondary Effects,7491300.0
THRO,2016,Value Added,Transportation,1720036.0
THRO,2016,Visitor Spending,Camping,1063197.0
THRO,2016,Visitor Spending,Gas,6879353.0
THRO,2016,Visitor Spending,Groceries,3073027.0
THRO,2016,Visitor Spending,Lodging,16620998.0
THRO,2016,Visitor Spending,Recreation Industries,3689598.0
THRO,2016,Visitor Spending,Restaurants,9183134.0
THRO,2016,Visitor Spending,Retail,4547534.0
THRO,2016,Visitor Spending,Secondary Effects,0.0
THRO,2016,Visitor Spending,Transportation,2736881.0
THRO,2016,Visits,Total,753880.0
THRO,2017,Economic Output,Camping,959419.0
THRO,2017,Economic Output,Gas,814572.0
THRO,2017,Economic Output,Groceries,808388.0
THRO,2017,Economic Output,Lodging,14887670.0
THRO,2017,Economic Output,Recreation Industries,3297597.0
THRO,2017,Economic Output,Restaurants,8440179.0
THRO,2017,Economic Output,Retail,2059066.0
THRO,2017,Economic Output,Secondary Effects,13416709.0
THRO,2017,Economic Output,Transportation,2513331.0
THRO,2017,Jobs,Camping,14.0
THRO,2017,Jobs,Gas,12.0
THRO,2017,Jobs,Groceries,12.0
THRO,2017,Jobs,Lodging,157.0
THRO,2017,Jobs,Recreation Industries,61.0
THRO,2017,Jobs,Restaurants,138.0
THRO,2017,Jobs,Retail,57.0
THRO,2017,Jobs,Secondary Effects,87.0
THRO,2017,Jobs,Transportation,13.0
THRO,2017,Labor Income,Camping,758284.0
THRO,2017,Labor Income,Gas,519150.0
THRO,2017,Labor Income,Groceries,391719.0
THRO,2017,Labor Income,Lodging,4279636.0
THRO,2017,Labor Income,Recreation Industries,1306549.0
THRO,2017,Labor Income,Restaurants,3199329.0
THRO,2017,Labor Income,Retail,1170801.0
THRO,2017,Labor Income,Secondary Effects,3938819.0
THRO,2017,Labor Income,Transportation,1088067.0
THRO,2017,Non-local Visitor Spending,Camping,959419.0
THRO,2017,Non-local Visitor Spending,Gas,6349791.0
THRO,2017,Non-local Visitor Spending,Groceries,2829874.0
THRO,2017,Non-local Visitor Spending,Lodging,14887670.0
THRO,2017,Non-local Visitor Spending,Recreation Industries,3209358.0
THRO,2017,Non-local Visitor Spending,Restaurants,8331415.0
THRO,2017,Non-local Visitor Spending,Retail,4222663.0
THRO,2017,Non-local Visitor Spending,Secondary Effects,0.0
THRO,2017,Non-local Visitor Spending,Transportation,2496657.0
THRO,2017,Party Days/Nights,Total,333839.0
THRO,2017,Value Added,Camping,713858.0
THRO,2017,Value Added,Gas,534456.0
THRO,2017,Value Added,Groceries,550559.0
THRO,2017,Value Added,Lodging,8696930.0
THRO,2017,Value Added,Recreation Industries,1668251.0
THRO,2017,Value Added,Restaurants,4755159.0
THRO,2017,Value Added,Retail,1248775.0
THRO,2017,Value Added,Secondary Effects,7495400.0
THRO,2017,Value Added,Transportation,1777129.0
THRO,2017,Visitor Spending,Camping,959419.0
THRO,2017,Visitor Spending,Gas,6516573.0
THRO,2017,Visitor Spending,Groceries,2928941.0
THRO,2017,Visitor Spending,Lodging,14887670.0
THRO,2017,Visitor Spending,Recreation Industries,3297597.0
THRO,2017,Visitor Spending,Restaurants,8440179.0
THRO,2017,Visitor Spending,Retail,4307670.0
THRO,2017,Visitor Spending,Secondary Effects,0.0
THRO,2017,Visitor Spending,Transportation,2513303.0
THRO,2017,Visits,Total,708003.0
THRO,2018,Economic Output,Camping,1048952.0
THRO,2018,Economic Output,Gas,1153013.0
THRO,2018,Economic Output,Groceries,938278.0
THRO,2018,Economic Output,Lodging,16341646.0
THRO,2018,Economic Output,Recreation Industries,3602512.0
THRO,2018,Economic Output,Restaurants,9382241.0
THRO,2018,Economic Output,Retail,2355793.0
THRO,2018,Economic Output,Secondary Effects,16741204.0
THRO,2018,Economic Output,Transportation,2446940.0
THRO,2018,Jobs,Camping,19.0
THRO,2018,Jobs,Gas,13.0
THRO,2018,Jobs,Groceries,14.0
THRO,2018,Jobs,Lodging,184.0
THRO,2018,Jobs,Recreation Industries,64.0
THRO,2018,Jobs,Restaurants,150.0
THRO,2018,Jobs,Retail,42.0
THRO,2018,Jobs,Secondary Effects,109.0
THRO,2018,Jobs,Transportation,16.0
THRO,2018,Labor Income,Camping,688111.0
THRO,2018,Labor Income,Gas,566151.0
THRO,2018,Labor Income,Groceries,443407.0
THRO,2018,Labor Income,Lodging,4105229.0
THRO,2018,Labor Income,Recreation Industries,1358885.0
THRO,2018,Labor Income,Restaurants,3331479.0
THRO,2018,Labor Income,Retail,1578808.0
THRO,2018,Labor Income,Secondary Effects,5147928.0
THRO,2018,Labor Income,Transportation,954212.0
THRO,2018,Non-local Visitor Spending,Camping,1048952.0
THRO,2018,Non-local Visitor Spending,Gas,6850423.0
THRO,2018,Non-local Visitor Spending,Groceries,3249129.0
THRO,2018,Non-local Visitor Spending,Lodging,16341646.0
THRO,2018,Non-local Visitor Spending,Recreation Industries,3506104.0
THRO,2018,Non-local Visitor Spending,Restaurants,9261174.0
THRO,2018,Non-local Visitor Spending,Retail,4554750.0
THRO,2018,Non-local Visitor Spending,Secondary Effects,0.0
THRO,2018,Non-local Visitor Spending,Transportation,2430834.0
THRO,2018,Party Days/Nights,Total,353333.0
THRO,2018,Value Added,Camping,738942.0
THRO,2018,Value Added,Gas,749251.0
THRO,2018,Value Added,Groceries,592396.0
THRO,2018,Value Added,Lodging,8816756.0
THRO,2018,Value Added,Recreation Industries,1776754.0
THRO,2018,Value Added,Restaurants,5125248.0
THRO,2018,Value Added,Retail,1702531.0
THRO,2018,Value Added,Secondary Effects,9389828.0
THRO,2018,Value Added,Transportation,1730144.0
THRO,2018,Visitor Spending,Camping,1048952.0
THRO,2018,Visitor Spending,Gas,7030567.0
THRO,2018,Visitor Spending,Groceries,3363004.0
THRO,2018,Visitor Spending,Lodging,16341646.0
THRO,2018,Visitor Spending,Recreation Industries,3602512.0
THRO,2018,Visitor Spending,Restaurants,9382241.0
THRO,2018,Visitor Spending,Retail,4646535.0
THRO,2018,Visitor Spending,Secondary Effects,0.0
THRO,2018,Visitor Spending,Transportation,2446931.0
THRO,2018,Visits,Total,749389.0
THRO,2019,Economic Output,Camping,1000453.0
THRO,2019,Economic Output,Gas,1066714.0
THRO,2019,Economic Output,Groceries,870817.0
THRO,2019,Economic Output,Lodging,15104332.0
THRO,2019,Economic Output,Recreation Industries,3347375.0
THRO,2019,Economic Output,Restaurants,8697719.0
THRO,2019,Economic Output,Retail,2179255.0
THRO,2019,Economic Output,Secondary Effects,15528115.0
THRO,2019,Economic Output,Transportation,2262361.0
THRO,2019,Jobs,Camping,18.0
THRO,2019,Jobs,Gas,12.0
THRO,2019,Jobs,Groceries,13.0
THRO,2019,Jobs,Lodging,170.0
THRO,2019,Jobs,Recreation Industries,59.0
THRO,2019,Jobs,Restaurants,139.0
THRO,2019,Jobs,Retail,39.0
THRO,2019,Jobs,Secondary Effects,100.0
THRO,2019,Jobs,Transportation,15.0
THRO,2019,Labor Income,Camping,656336.0
THRO,2019,Labor Income,Gas,526691.0
THRO,2019,Labor Income,Groceries,414149.0
THRO,2019,Labor Income,Lodging,3794635.0
THRO,2019,Labor Income,Recreation Industries,1261768.0
THRO,2019,Labor Income,Restaurants,3087499.0
THRO,2019,Labor Income,Retail,1468622.0
THRO,2019,Labor Income,Secondary Effects,4774822.0
THRO,2019,Labor Income,Transportation,886240.0
THRO,2019,Non-local Visitor Spending,Camping,1000453.0
THRO,2019,Non-local Visitor Spending,Gas,6338711.0
THRO,2019,Non-local Visitor Spending,Groceries,3016583.0
THRO,2019,Non-local Visitor Spending,Lodging,15104331.0
THRO,2019,Non-local Visitor Spending,Recreation Industries,3258122.0
THRO,2019,Non-local Visitor Spending,Restaurants,8585878.0
THRO,2019,Non-local Visitor Spending,Retail,4213943.0
THRO,2019,Non-local Visitor Spending,Secondary Effects,0.0
THRO,2019,Non-local Visitor Spending,Transportation,2247425.0
THRO,2019,Party Days/Nights,Total,326240.0
THRO,2019,Value Added,Camping,704820.0
THRO,2019,Value Added,Gas,697029.0
THRO,2019,Value Added,Groceries,553307.0
THRO,2019,Value Added,Lodging,8149695.0
THRO,2019,Value Added,Recreation Industries,1649772.0
THRO,2019,Value Added,Restaurants,4749901.0
THRO,2019,Value Added,Retail,1583711.0
THRO,2019,Value Added,Secondary Effects,8710018.0
THRO,2019,Value Added,Transportation,1607550.0
THRO,2019,Visitor Spending,Camping,1000453.0
THRO,2019,Visitor Spending,Gas,6504355.0
THRO,2019,Visitor Spending,Groceries,3121209.0
THRO,2019,Visitor Spending,Lodging,15104331.0
THRO,2019,Visitor Spending,Recreation Industries,3347375.0
THRO,2019,Visitor Spending,Restaurants,8697719.0
THRO,2019,Visitor Spending,Retail,4298334.0
THRO,2019,Visitor Spending,Secondary Effects,0.0
THRO,2019,Visitor Spending,Transportation,2262327.0
THRO,2019,Visits,Total,691658.0
THRO,2020,Economic Output,Camping,708519.0
THRO,2020,Economic Output,Gas,857540.0
THRO,2020,Economic Output,Groceries,687092.0
THRO,2020,Economic Output,Lodging,12608279.0
THRO,2020,Economic Output,Recreation Industries,2738858.0
THRO,2020,Economic Output,Restaurants,7172372.0
THRO,2020,Economic Output,Retail,1754904.0
THRO,2020,Economic Output,Secondary Effects,12750501.0
THRO,2020,Economic Output,Transportation,1840984.0
THRO,2020,Jobs,Camping,13.0
THRO,2020,Jobs,Gas,9.0
THRO,2020,Jobs,Groceries,10.0
THRO,2020,Jobs,Lodging,142.0
THRO,2020,Jobs,Recreation Industries,49.0
THRO,2020,Jobs,Restaurants,115.0
THRO,2020,Jobs,Retail,31.0
THRO,2020,Jobs,Secondary Effects,82.0
THRO,2020,Jobs,Transportation,12.0
THRO,2020,Labor Income,Camping,464845.0
THRO,2020,Labor Income,Gas,425767.0
THRO,2020,Labor Income,Groceries,328854.0
THRO,2020,Labor Income,Lodging,3167752.0
THRO,2020,Labor Income,Recreation Industries,1031674.0
THRO,2020,Labor Income,Restaurants,2545278.0
THRO,2020,Labor Income,Retail,1189228.0
THRO,2020,Labor Income,Secondary Effects,3921064.0
THRO,2020,Labor Income,Transportation,724446.0
THRO,2020,Non-local Visitor Spending,Camping,708519.0
THRO,2020,Non-local Visitor Spending,Gas,5091451.0
THRO,2020,Non-local Visitor Spending,Groceries,2375866.0
THRO,2020,Non-local Visitor Spending,Lodging,12608278.0
THRO,2020,Non-local Visitor Spending,Recreation Industries,2664359.0
THRO,2020,Non-local Visitor Spending,Restaurants,7078923.0
THRO,2020,Non-local Visitor Spending,Retail,3391262.0
THRO,2020,Non-local Visitor Spending,Secondary Effects,0.0
THRO,2020,Non-local Visitor Spending,Transportation,1828461.0
THRO,2020,Party Days/Nights,Total,259536.0
THRO,2020,Value Added,Camping,499183.0
THRO,2020,Value Added,Gas,563465.0
THRO,2020,Value Added,Groceries,439352.0
THRO,2020,Value Added,Lodging,6803347.0
THRO,2020,Value Added,Recreation Industries,1348922.0
THRO,2020,Value Added,Restaurants,3915731.0
THRO,2020,Value Added,Retail,1282422.0
THRO,2020,Value Added,Secondary Effects,7149887.0
THRO,2020,Value Added,Transportation,1314603.0
THRO,2020,Visitor Spending,Camping,708519.0
THRO,2020,Visitor Spending,Gas,5228899.0
THRO,2020,Visitor Spending,Groceries,2462696.0
THRO,2020,Visitor Spending,Lodging,12608278.0
THRO,2020,Visitor Spending,Recreation Industries,2738858.0
THRO,2020,Visitor Spending,Restaurants,7172372.0
THRO,2020,Visitor Spending,Retail,3461349.0
THRO,2020,Visitor Spending,Secondary Effects,0.0
THRO,2020,Visitor Spending,Transportation,1840921.0
THRO,2020,Visits,Total,551304.0
THRO,2021,Economic Output,Camping,1214736.0
THRO,2021,Economic Output,Gas,2154430.0
THRO,2021,Economic Output,Groceries,1272385.0
THRO,2021,Economic Output,Lodging,18653522.0
THRO,2021,Economic Output,Recreation Industries,3999000.0
THRO,2021,Economic Output,Restaurants,10929226.0
THRO,2021,Economic Output,Retail,2782869.0
THRO,2021,Economic Output,Secondary Effects,18427524.0
THRO,2021,Economic Output,Transportation,2719328.0
THRO,2021,Jobs,Camping,13.0
THRO,2021,Jobs,Gas,19.0
THRO,2021,Jobs,Groceries,17.0
THRO,2021,Jobs,Lodging,191.0
THRO,2021,Jobs,Recreation Industries,80.0
THRO,2021,Jobs,Restaurants,159.0
THRO,2021,Jobs,Retail,52.0
THRO,2021,Jobs,Secondary Effects,116.0
THRO,2021,Jobs,Transportation,28.0
THRO,2021,Labor Income,Camping,627100.0
THRO,2021,Labor Income,Gas,853759.0
THRO,2021,Labor Income,Groceries,572924.0
THRO,2021,Labor Income,Lodging,4843611.0
THRO,2021,Labor Income,Recreation Industries,1736666.0
THRO,2021,Labor Income,Restaurants,3793359.0
THRO,2021,Labor Income,Retail,1600261.0
THRO,2021,Labor Income,Secondary Effects,5240011.0
THRO,2021,Labor Income,Transportation,873578.0
THRO,2021,Non-local Visitor Spending,Camping,1214736.0
THRO,2021,Non-local Visitor Spending,Gas,9557466.0
THRO,2021,Non-local Visitor Spending,Groceries,3702513.0
THRO,2021,Non-local Visitor Spending,Lodging,18653522.0
THRO,2021,Non-local Visitor Spending,Recreation Industries,3892216.0
THRO,2021,Non-local Visitor Spending,Restaurants,10788356.0
THRO,2021,Non-local Visitor Spending,Retail,4905831.0
THRO,2021,Non-local Visitor Spending,Secondary Effects,0.0
THRO,2021,Non-local Visitor Spending,Transportation,2701158.0
THRO,2021,Party Days/Nights,Total,375414.0
THRO,2021,Value Added,Camping,955735.0
THRO,2021,Value Added,Gas,1209418.0
THRO,2021,Value Added,Groceries,739959.0
THRO,2021,Value Added,Lodging,11148277.0
THRO,2021,Value Added,Recreation Industries,1879266.0
THRO,2021,Value Added,Restaurants,5467389.0
THRO,2021,Value Added,Retail,1735136.0
THRO,2021,Value Added,Secondary Effects,9178835.0
THRO,2021,Value Added,Transportation,1907124.0
THRO,2021,Visitor Spending,Camping,1214736.0
THRO,2021,Visitor Spending,Gas,9808023.0
THRO,2021,Visitor Spending,Groceries,3831780.0
THRO,2021,Visitor Spending,Lodging,18653522.0
THRO,2021,Visitor Spending,Recreation Industries,3999000.0
THRO,2021,Visitor Spending,Restaurants,10929226.0
THRO,2021,Visitor Spending,Retail,5004458.0
THRO,2021,Visitor Spending,Secondary Effects,0.0
THRO,2021,Visitor Spending,Transportation,2719106.0
THRO,2021,Visits,Total,796085.0
THRO,2022,Economic Output,Camping,1048674.0
THRO,2022,Economic Output,Gas,1828309.0
THRO,2022,Economic Output,Groceries,1081016.0
THRO,2022,Economic Output,Lodging,15800433.0
THRO,2022,Economic Output,Recreation Industries,3400877.0
THRO,2022,Economic Output,Restaurants,9342334.0
THRO,2022,Economic Output,Retail,2360589.0
THRO,2022,Economic Output,Secondary Effects,15631645.0
THRO,2022,Economic Output,Transportation,2304856.0
THRO,2022,Jobs,Camping,11.0
THRO,2022,Jobs,Gas,16.0
THRO,2022,Jobs,Groceries,15.0
THRO,2022,Jobs,Lodging,161.0
THRO,2022,Jobs,Recreation Industries,68.0
THRO,2022,Jobs,Restaurants,134.0
THRO,2022,Jobs,Retail,43.0
THRO,2022,Jobs,Secondary Effects,97.0
THRO,2022,Jobs,Transportation,24.0
THRO,2022,Labor Income,Camping,541070.0
THRO,2022,Labor Income,Gas,725769.0
THRO,2022,Labor Income,Groceries,488090.0
THRO,2022,Labor Income,Lodging,4100497.0
THRO,2022,Labor Income,Recreation Industries,1473875.0
THRO,2022,Labor Income,Restaurants,3216482.0
THRO,2022,Labor Income,Retail,1359780.0
THRO,2022,Labor Income,Secondary Effects,4444959.0
THRO,2022,Labor Income,Transportation,740151.0
THRO,2022,Non-local Visitor Spending,Camping,1048674.0
THRO,2022,Non-local Visitor Spending,Gas,8111438.0
THRO,2022,Non-local Visitor Spending,Groceries,3146350.0
THRO,2022,Non-local Visitor Spending,Lodging,15800433.0
THRO,2022,Non-local Visitor Spending,Recreation Industries,3310243.0
THRO,2022,Non-local Visitor Spending,Restaurants,9222146.0
THRO,2022,Non-local Visitor Spending,Retail,4161712.0
THRO,2022,Non-local Visitor Spending,Secondary Effects,0.0
THRO,2022,Non-local Visitor Spending,Transportation,2289275.0
THRO,2022,Party Days/Nights,Total,315413.0
THRO,2022,Value Added,Camping,824621.0
THRO,2022,Value Added,Gas,1028121.0
THRO,2022,Value Added,Groceries,630393.0
THRO,2022,Value Added,Lodging,9437883.0
THRO,2022,Value Added,Recreation Industries,1594899.0
THRO,2022,Value Added,Restaurants,4635918.0
THRO,2022,Value Added,Retail,1474384.0
THRO,2022,Value Added,Secondary Effects,7786321.0
THRO,2022,Value Added,Transportation,1619314.0
THRO,2022,Visitor Spending,Camping,1048674.0
THRO,2022,Visitor Spending,Gas,8323320.0
THRO,2022,Visitor Spending,Groceries,3255473.0
THRO,2022,Visitor Spending,Lodging,15800433.0
THRO,2022,Visitor Spending,Recreation Industries,3400877.0
THRO,2022,Visitor Spending,Restaurants,9342334.0
THRO,2022,Visitor Spending,Retail,4245068.0
THRO,2022,Visitor Spending,Secondary Effects,0.0
THRO,2022,Visitor Spending,Transportation,2304431.0
THRO,2022,Visits,Total,668679.0
THRO,2023,Economic Output,Camping,1160837.0
THRO,2023,Economic Output,Gas,2066529.0
THRO,2023,Economic Output,Groceries,1216741.0
THRO,2023,Economic Output,Lodging,18008250.0
THRO,2023,Economic Output,Recreation Industries,3866990.0
THRO,2023,Economic Output,Restaurants,10703072.0
THRO,2023,Economic Output,Retail,2669633.0
THRO,2023,Economic Output,Secondary Effects,17750525.0
THRO,2023,Economic Output,Transportation,2611628.0
THRO,2023,Jobs,Camping,12.0
THRO,2023,Jobs,Gas,18.0
THRO,2023,Jobs,Groceries,16.0
THRO,2023,Jobs,Lodging,184.0
THRO,2023,Jobs,Recreation Industries,77.0
THRO,2023,Jobs,Restaurants,153.0
THRO,2023,Jobs,Retail,48.0
THRO,2023,Jobs,Secondary Effects,109.0
THRO,2023,Jobs,Transportation,27.0
THRO,2023,Labor Income,Camping,598608.0
THRO,2023,Labor Income,Gas,821757.0
THRO,2023,Labor Income,Groceries,550881.0
THRO,2023,Labor Income,Lodging,4670854.0
THRO,2023,Labor Income,Recreation Industries,1672431.0
THRO,2023,Labor Income,Restaurants,3655302.0
THRO,2023,Labor Income,Retail,1540460.0
THRO,2023,Labor Income,Secondary Effects,5047729.0
THRO,2023,Labor Income,Transportation,838337.0
THRO,2023,Non-local Visitor Spending,Camping,1160837.0
THRO,2023,Non-local Visitor Spending,Gas,9166966.0
THRO,2023,Non-local Visitor Spending,Groceries,3540272.0
THRO,2023,Non-local Visitor Spending,Lodging,18008250.0
THRO,2023,Non-local Visitor Spending,Recreation Industries,3763510.0
THRO,2023,Non-local Visitor Spending,Restaurants,10565154.0
THRO,2023,Non-local Visitor Spending,Retail,4706037.0
THRO,2023,Non-local Visitor Spending,Secondary Effects,0.0
THRO,2023,Non-local Visitor Spending,Transportation,2593554.0
THRO,2023,Party Days/Nights,Total,352166.0
THRO,2023,Value Added,Camping,912311.0
THRO,2023,Value Added,Gas,1164100.0
THRO,2023,Value Added,Groceries,711487.0
THRO,2023,Value Added,Lodging,10750655.0
THRO,2023,Value Added,Recreation Industries,1809759.0
THRO,2023,Value Added,Restaurants,5268405.0
THRO,2023,Value Added,Retail,1670289.0
THRO,2023,Value Added,Secondary Effects,8841643.0
THRO,2023,Value Added,Transportation,1838062.0
THRO,2023,Visitor Spending,Camping,1160837.0
THRO,2023,Visitor Spending,Gas,9407855.0
THRO,2023,Visitor Spending,Groceries,3664210.0
THRO,2023,Visitor Spending,Lodging,18008250.0
THRO,2023,Visitor Spending,Recreation Industries,3866990.0
THRO,2023,Visitor Spending,Restaurants,10703072.0
THRO,2023,Visitor Spending,Retail,4800825.0
THRO,2023,Visitor Spending,Secondary Effects,0.0
THRO,2023,Visitor Spending,Transportation,2610772.0
THRO,2023,Visits,Total,746862.0
THRO,2024,Economic Output,Camping,1262725.0
THRO,2024,Economic Output,Gas,1323203.0
THRO,2024,Economic Output,Groceries,1155488.0
THRO,2024,Economic Output,Lodging,19295774.0
THRO,2024,Economic Output,Recreation Industries,4311134.0
THRO,2024,Economic Output,Restaurants,11518896.0
THRO,2024,Economic Output,Retail,2627495.0
THRO,2024,Economic Output,Secondary Effects,17674443.0
THRO,2024,Economic Output,Transportation,3387419.0
THRO,2024,Jobs,Camping,9.0
THRO,2024,Jobs,Gas,10.0
THRO,2024,Jobs,Groceries,14.0
THRO,2024,Jobs,Lodging,166.0
THRO,2024,Jobs,Recreation Industries,72.0
THRO,2024,Jobs,Restaurants,119.0
THRO,2024,Jobs,Retail,46.0
THRO,2024,Jobs,Secondary Effects,98.0
THRO,2024,Jobs,Transportation,24.0
THRO,2024,Labor Income,Camping,492291.0
THRO,2024,Labor Income,Gas,456497.0
THRO,2024,Labor Income,Groceries,454685.0
THRO,2024,Labor Income,Lodging,5505120.0
THRO,2024,Labor Income,Recreation Industries,1424068.0
THRO,2024,Labor Income,Restaurants,3365823.0
THRO,2024,Labor Income,Retail,1214971.0
THRO,2024,Labor Income,Secondary Effects,5344031.0
THRO,2024,Labor Income,Transportation,782277.0
THRO,2024,Non-local Visitor Spending,Camping,1262725.0
THRO,2024,Non-local Visitor Spending,Gas,6932413.0
THRO,2024,Non-local Visitor Spending,Groceries,3877052.0
THRO,2024,Non-local Visitor Spending,Lodging,19295774.0
THRO,2024,Non-local Visitor Spending,Recreation Industries,4196082.0
THRO,2024,Non-local Visitor Spending,Restaurants,11370665.0
THRO,2024,Non-local Visitor Spending,Retail,4796540.0
THRO,2024,Non-local Visitor Spending,Secondary Effects,0.0
THRO,2024,Non-local Visitor Spending,Transportation,3365078.0
THRO,2024,Party Days/Nights,Total,345662.0
THRO,2024,Value Added,Camping,872298.0
THRO,2024,Value Added,Gas,882198.0
THRO,2024,Value Added,Groceries,764451.0
THRO,2024,Value Added,Lodging,12331535.0
THRO,2024,Value Added,Recreation Industries,2301097.0
THRO,2024,Value Added,Restaurants,5430384.0
THRO,2024,Value Added,Retail,1331361.0
THRO,2024,Value Added,Secondary Effects,9300923.0
THRO,2024,Value Added,Transportation,1425536.0
THRO,2024,Visitor Spending,Camping,1262725.0
THRO,2024,Visitor Spending,Gas,7113992.0
THRO,2024,Visitor Spending,Groceries,4012112.0
THRO,2024,Visitor Spending,Lodging,19295774.0
THRO,2024,Visitor Spending,Recreation Industries,4311134.0
THRO,2024,Visitor Spending,Restaurants,11518896.0
THRO,2024,Visitor Spending,Retail,4892915.0
THRO,2024,Visitor Spending,Secondary Effects,0.0
THRO,2024,Visitor Spending,Transportation,3387419.0
THRO,2024,Visits,Total,732951.0
WICA,2012,Economic Output,Total,59350701.0
WICA,2012,Jobs,Total,789.0
WICA,2012,Labor Income,Total,18274719.0
WICA,2012,Value Added,Total,33065620.0
WICA,2012,Visitor Spending,Total,48978478.0
WICA,2012,Visits,Total,529083.0
WICA,2013,Economic Output,Total,59072568.0
WICA,2013,Jobs,Total,776.0
WICA,2013,Labor Income,Total,18095612.0
WICA,2013,Value Added,Total,32739446.0
WICA,2013,Visitor Spending,Total,48723907.0
WICA,2013,Visits,Total,516142.0
WICA,2014,Economic Output,Camping,2477904.0
WICA,2014,Economic Output,Gas,644141.0
WICA,2014,Economic Output,Groceries,818393.0
WICA,2014,Economic Output,Lodging,18287285.0
WICA,2014,Economic Output,Recreation Industries,8542069.0
WICA,2014,Economic Output,Restaurants,8023620.0
WICA,2014,Economic Output,Retail,2336864.0
WICA,2014,Economic Output,Secondary Effects,27304471.0
WICA,2014,Economic Output,Transportation,1386424.0
WICA,2014,Jobs,Camping,36.0
WICA,2014,Jobs,Gas,10.0
WICA,2014,Jobs,Groceries,13.0
WICA,2014,Jobs,Lodging,236.0
WICA,2014,Jobs,Recreation Industries,164.0
WICA,2014,Jobs,Restaurants,175.0
WICA,2014,Jobs,Retail,57.0
WICA,2014,Jobs,Secondary Effects,216.0
WICA,2014,Jobs,Transportation,12.0
WICA,2014,Labor Income,Camping,1018658.0
WICA,2014,Labor Income,Gas,259576.0
WICA,2014,Labor Income,Groceries,343532.0
WICA,2014,Labor Income,Lodging,5282879.0
WICA,2014,Labor Income,Recreation Industries,2743506.0
WICA,2014,Labor Income,Restaurants,3146809.0
WICA,2014,Labor Income,Retail,1381070.0
WICA,2014,Labor Income,Secondary Effects,7599191.0
WICA,2014,Labor Income,Transportation,323558.0
WICA,2014,Value Added,Camping,1576458.0
WICA,2014,Value Added,Gas,329585.0
WICA,2014,Value Added,Groceries,511252.0
WICA,2014,Value Added,Lodging,9928210.0
WICA,2014,Value Added,Recreation Industries,4184819.0
WICA,2014,Value Added,Restaurants,4178280.0
WICA,2014,Value Added,Retail,1298395.0
WICA,2014,Value Added,Secondary Effects,13722066.0
WICA,2014,Value Added,Transportation,735345.0
WICA,2014,Visitor Spending,Camping,2477904.0
WICA,2014,Visitor Spending,Gas,5963938.0
WICA,2014,Visitor Spending,Groceries,2933308.0
WICA,2014,Visitor Spending,Lodging,18287285.0
WICA,2014,Visitor Spending,Recreation Industries,8542069.0
WICA,2014,Visitor Spending,Restaurants,8023620.0
WICA,2014,Visitor Spending,Retail,5146876.0
WICA,2014,Visitor Spending,Secondary Effects,0.0
WICA,2014,Visitor Spending,Transportation,1386424.0
WICA,2014,Visits,Total,547022.0
WICA,2015,Economic Output,Camping,2857466.0
WICA,2015,Economic Output,Gas,735935.0
WICA,2015,Economic Output,Groceries,933708.0
WICA,2015,Economic Output,Lodging,21171886.0
WICA,2015,Economic Output,Recreation Industries,9848681.0
WICA,2015,Economic Output,Restaurants,9212412.0
WICA,2015,Economic Output,Retail,2668807.0
WICA,2015,Economic Output,Secondary Effects,31349271.0
WICA,2015,Economic Output,Transportation,1586895.0
WICA,2015,Jobs,Camping,41.0
WICA,2015,Jobs,Gas,11.0
WICA,2015,Jobs,Groceries,15.0
WICA,2015,Jobs,Lodging,270.0
WICA,2015,Jobs,Recreation Industries,187.0
WICA,2015,Jobs,Restaurants,200.0
WICA,2015,Jobs,Retail,64.0
WICA,2015,Jobs,Secondary Effects,242.0
WICA,2015,Jobs,Transportation,14.0
WICA,2015,Labor Income,Camping,1162367.0
WICA,2015,Labor Income,Gas,299651.0
WICA,2015,Labor Income,Groceries,396034.0
WICA,2015,Labor Income,Lodging,6052005.0
WICA,2015,Labor Income,Recreation Industries,3138583.0
WICA,2015,Labor Income,Restaurants,3603223.0
WICA,2015,Labor Income,Retail,1593608.0
WICA,2015,Labor Income,Secondary Effects,8706737.0
WICA,2015,Labor Income,Transportation,370388.0
WICA,2015,Value Added,Camping,1798860.0
WICA,2015,Value Added,Gas,380467.0
WICA,2015,Value Added,Groceries,589387.0
WICA,2015,Value Added,Lodging,11373642.0
WICA,2015,Value Added,Recreation Industries,4787452.0
WICA,2015,Value Added,Restaurants,4784299.0
WICA,2015,Value Added,Retail,1498210.0
WICA,2015,Value Added,Secondary Effects,15722163.0
WICA,2015,Value Added,Transportation,840838.0
WICA,2015,Visitor Spending,Camping,2857466.0
WICA,2015,Visitor Spending,Gas,6755517.0
WICA,2015,Visitor Spending,Groceries,3318166.0
WICA,2015,Visitor Spending,Lodging,21171885.0
WICA,2015,Visitor Spending,Recreation Industries,9848681.0
WICA,2015,Visitor Spending,Restaurants,9212412.0
WICA,2015,Visitor Spending,Retail,5827528.0
WICA,2015,Visitor Spending,Secondary Effects,0.0
WICA,2015,Visitor Spending,Transportation,1586895.0
WICA,2015,Visits,Total,612199.0
WICA,2016,Economic Output,Camping,2966766.0
WICA,2016,Economic Output,Gas,752868.0
WICA,2016,Economic Output,Groceries,956163.0
WICA,2016,Economic Output,Lodging,21912640.0
WICA,2016,Economic Output,Recreation Industries,10176495.0
WICA,2016,Economic Output,Restaurants,9460000.0
WICA,2016,Economic Output,Retail,2731204.0
WICA,2016,Economic Output,Secondary Effects,32225593.0
WICA,2016,Economic Output,Transportation,1629517.0
WICA,2016,Jobs,Camping,43.0
WICA,2016,Jobs,Gas,11.0
WICA,2016,Jobs,Groceries,15.0
WICA,2016,Jobs,Lodging,277.0
WICA,2016,Jobs,Recreation Industries,192.0
WICA,2016,Jobs,Restaurants,205.0
WICA,2016,Jobs,Retail,65.0
WICA,2016,Jobs,Secondary Effects,244.0
WICA,2016,Jobs,Transportation,14.0
WICA,2016,Labor Income,Camping,1194164.0
WICA,2016,Labor Income,Gas,309732.0
WICA,2016,Labor Income,Groceries,409798.0
WICA,2016,Labor Income,Lodging,6198017.0
WICA,2016,Labor Income,Recreation Industries,3217855.0
WICA,2016,Labor Income,Restaurants,3691563.0
WICA,2016,Labor Income,Retail,1647782.0
WICA,2016,Labor Income,Secondary Effects,8930721.0
WICA,2016,Labor Income,Transportation,380384.0
WICA,2016,Value Added,Camping,1848068.0
WICA,2016,Value Added,Gas,393268.0
WICA,2016,Value Added,Groceries,609871.0
WICA,2016,Value Added,Lodging,11648044.0
WICA,2016,Value Added,Recreation Industries,4908370.0
WICA,2016,Value Added,Restaurants,4901596.0
WICA,2016,Value Added,Retail,1549141.0
WICA,2016,Value Added,Secondary Effects,16127578.0
WICA,2016,Value Added,Transportation,862568.0
WICA,2016,Visitor Spending,Camping,2966766.0
WICA,2016,Visitor Spending,Gas,6851790.0
WICA,2016,Visitor Spending,Groceries,3369072.0
WICA,2016,Visitor Spending,Lodging,21912640.0
WICA,2016,Visitor Spending,Recreation Industries,10176495.0
WICA,2016,Visitor Spending,Restaurants,9460000.0
WICA,2016,Visitor Spending,Retail,5912586.0
WICA,2016,Visitor Spending,Secondary Effects,0.0
WICA,2016,Visitor Spending,Transportation,1629517.0
WICA,2016,Visits,Total,617377.0
WICA,2017,Economic Output,Camping,2845365.0
WICA,2017,Economic Output,Gas,865453.0
WICA,2017,Economic Output,Groceries,945561.0
WICA,2017,Economic Output,Lodging,20963000.0
WICA,2017,Economic Output,Recreation Industries,9711504.0
WICA,2017,Economic Output,Restaurants,9287160.0
WICA,2017,Economic Output,Retail,2857303.0
WICA,2017,Economic Output,Secondary Effects,30545339.0
WICA,2017,Economic Output,Transportation,1599644.0
WICA,2017,Jobs,Camping,59.0
WICA,2017,Jobs,Gas,15.0
WICA,2017,Jobs,Groceries,15.0
WICA,2017,Jobs,Lodging,219.0
WICA,2017,Jobs,Recreation Industries,188.0
WICA,2017,Jobs,Restaurants,166.0
WICA,2017,Jobs,Retail,63.0
WICA,2017,Jobs,Secondary Effects,230.0
WICA,2017,Jobs,Transportation,12.0
WICA,2017,Labor Income,Camping,1693931.0
WICA,2017,Labor Income,Gas,433235.0
WICA,2017,Labor Income,Groceries,398356.0
WICA,2017,Labor Income,Lodging,5436240.0
WICA,2017,Labor Income,Recreation Industries,3161303.0
WICA,2017,Labor Income,Restaurants,3172313.0
WICA,2017,Labor Income,Retail,1753215.0
WICA,2017,Labor Income,Secondary Effects,8644027.0
WICA,2017,Labor Income,Transportation,340553.0
WICA,2017,Non-local Visitor Spending,Camping,2845365.0
WICA,2017,Non-local Visitor Spending,Gas,6891545.0
WICA,2017,Non-local Visitor Spending,Groceries,3410158.0
WICA,2017,Non-local Visitor Spending,Lodging,20963000.0
WICA,2017,Non-local Visitor Spending,Recreation Industries,9681043.0
WICA,2017,Non-local Visitor Spending,Restaurants,9245069.0
WICA,2017,Non-local Visitor Spending,Retail,5965068.0
WICA,2017,Non-local Visitor Spending,Secondary Effects,0.0
WICA,2017,Non-local Visitor Spending,Transportation,1599626.0
WICA,2017,Party Days/Nights,Total,359266.0
WICA,2017,Value Added,Camping,1798090.0
WICA,2017,Value Added,Gas,414025.0
WICA,2017,Value Added,Groceries,618305.0
WICA,2017,Value Added,Lodging,12332265.0
WICA,2017,Value Added,Recreation Industries,4692850.0
WICA,2017,Value Added,Restaurants,4839368.0
WICA,2017,Value Added,Retail,1579863.0
WICA,2017,Value Added,Secondary Effects,15533747.0
WICA,2017,Value Added,Transportation,872515.0
WICA,2017,Visitor Spending,Camping,2845365.0
WICA,2017,Visitor Spending,Gas,6923624.0
WICA,2017,Visitor Spending,Groceries,3425947.0
WICA,2017,Visitor Spending,Lodging,20963000.0
WICA,2017,Visitor Spending,Recreation Industries,9711504.0
WICA,2017,Visitor Spending,Restaurants,9287160.0
WICA,2017,Visitor Spending,Retail,5977622.0
WICA,2017,Visitor Spending,Secondary Effects,0.0
WICA,2017,Visitor Spending,Transportation,1599626.0
WICA,2017,Visits,Total,619924.0
WICA,2018,Economic Output,Camping,3122419.0
WICA,2018,Economic Output,Gas,1228694.0
WICA,2018,Economic Output,Groceries,1100357.0
WICA,2018,Economic Output,Lodging,23065885.0
WICA,2018,Economic Output,Recreation Industries,10633364.0
WICA,2018,Economic Output,Restaurants,10349279.0
WICA,2018,Economic Output,Retail,3277601.0
WICA,2018,Economic Output,Secondary Effects,34422915.0
WICA,2018,Economic Output,Transportation,1559563.0
WICA,2018,Jobs,Camping,51.0
WICA,2018,Jobs,Gas,16.0
WICA,2018,Jobs,Groceries,18.0
WICA,2018,Jobs,Lodging,220.0
WICA,2018,Jobs,Recreation Industries,189.0
WICA,2018,Jobs,Restaurants,176.0
WICA,2018,Jobs,Retail,66.0
WICA,2018,Jobs,Secondary Effects,259.0
WICA,2018,Jobs,Transportation,14.0
WICA,2018,Labor Income,Camping,2148518.0
WICA,2018,Labor Income,Gas,473666.0
WICA,2018,Labor Income,Groceries,455066.0
WICA,2018,Labor Income,Lodging,6045592.0
WICA,2018,Labor Income,Recreation Industries,3498105.0
WICA,2018,Labor Income,Restaurants,3487235.0
WICA,2018,Labor Income,Retail,1979885.0
WICA,2018,Labor Income,Secondary Effects,10223535.0
WICA,2018,Labor Income,Transportation,416187.0
WICA,2018,Non-local Visitor Spending,Camping,3122419.0
WICA,2018,Non-local Visitor Spending,Gas,7457313.0
WICA,2018,Non-local Visitor Spending,Groceries,3925730.0
WICA,2018,Non-local Visitor Spending,Lodging,23065885.0
WICA,2018,Non-local Visitor Spending,Recreation Industries,10599990.0
WICA,2018,Non-local Visitor Spending,Restaurants,10302326.0
WICA,2018,Non-local Visitor Spending,Retail,6451117.0
WICA,2018,Non-local Visitor Spending,Secondary Effects,0.0
WICA,2018,Non-local Visitor Spending,Transportation,1559557.0
WICA,2018,Party Days/Nights,Total,380643.0
WICA,2018,Value Added,Camping,2297177.0
WICA,2018,Value Added,Gas,617560.0
WICA,2018,Value Added,Groceries,664063.0
WICA,2018,Value Added,Lodging,14057708.0
WICA,2018,Value Added,Recreation Industries,5254813.0
WICA,2018,Value Added,Restaurants,5341111.0
WICA,2018,Value Added,Retail,1856055.0
WICA,2018,Value Added,Secondary Effects,17575123.0
WICA,2018,Value Added,Transportation,804708.0
WICA,2018,Visitor Spending,Camping,3122419.0
WICA,2018,Visitor Spending,Gas,7492037.0
WICA,2018,Visitor Spending,Groceries,3943930.0
WICA,2018,Visitor Spending,Lodging,23065885.0
WICA,2018,Visitor Spending,Recreation Industries,10633364.0
WICA,2018,Visitor Spending,Restaurants,10349279.0
WICA,2018,Visitor Spending,Retail,6464696.0
WICA,2018,Visitor Spending,Secondary Effects,0.0
WICA,2018,Visitor Spending,Transportation,1559557.0
WICA,2018,Visits,Total,656398.0
WICA,2019,Economic Output,Camping,2284294.0
WICA,2019,Economic Output,Gas,897806.0
WICA,2019,Economic Output,Groceries,923756.0
WICA,2019,Economic Output,Lodging,19630297.0
WICA,2019,Economic Output,Recreation Industries,3248619.0
WICA,2019,Economic Output,Restaurants,9124429.0
WICA,2019,Economic Output,Retail,2229760.0
WICA,2019,Economic Output,Secondary Effects,27461266.0
WICA,2019,Economic Output,Transportation,3565933.0
WICA,2019,Jobs,Camping,42.0
WICA,2019,Jobs,Gas,12.0
WICA,2019,Jobs,Groceries,15.0
WICA,2019,Jobs,Lodging,193.0
WICA,2019,Jobs,Recreation Industries,59.0
WICA,2019,Jobs,Restaurants,151.0
WICA,2019,Jobs,Retail,50.0
WICA,2019,Jobs,Secondary Effects,202.0
WICA,2019,Jobs,Transportation,21.0
WICA,2019,Labor Income,Camping,1484809.0
WICA,2019,Labor Income,Gas,334745.0
WICA,2019,Labor Income,Groceries,389633.0
WICA,2019,Labor Income,Lodging,5080263.0
WICA,2019,Labor Income,Recreation Industries,1137399.0
WICA,2019,Labor Income,Restaurants,3173966.0
WICA,2019,Labor Income,Retail,1245435.0
WICA,2019,Labor Income,Secondary Effects,8617100.0
WICA,2019,Labor Income,Transportation,750448.0
WICA,2019,Non-local Visitor Spending,Camping,2257898.0
WICA,2019,Non-local Visitor Spending,Gas,5078336.0
WICA,2019,Non-local Visitor Spending,Groceries,3178580.0
WICA,2019,Non-local Visitor Spending,Lodging,19531271.0
WICA,2019,Non-local Visitor Spending,Recreation Industries,3228180.0
WICA,2019,Non-local Visitor Spending,Restaurants,8823790.0
WICA,2019,Non-local Visitor Spending,Retail,4255355.0
WICA,2019,Non-local Visitor Spending,Secondary Effects,0.0
WICA,2019,Non-local Visitor Spending,Transportation,3548302.0
WICA,2019,Party Days/Nights,Total,220346.0
WICA,2019,Value Added,Camping,1609283.0
WICA,2019,Value Added,Gas,443038.0
WICA,2019,Value Added,Groceries,564967.0
WICA,2019,Value Added,Lodging,11722226.0
WICA,2019,Value Added,Recreation Industries,1573594.0
WICA,2019,Value Added,Restaurants,4812636.0
WICA,2019,Value Added,Retail,1247370.0
WICA,2019,Value Added,Secondary Effects,14864135.0
WICA,2019,Value Added,Transportation,1721418.0
WICA,2019,Visitor Spending,Camping,2284294.0
WICA,2019,Visitor Spending,Gas,5474426.0
WICA,2019,Visitor Spending,Groceries,3310952.0
WICA,2019,Visitor Spending,Lodging,19630296.0
WICA,2019,Visitor Spending,Recreation Industries,3248619.0
WICA,2019,Visitor Spending,Restaurants,9124429.0
WICA,2019,Visitor Spending,Retail,4397949.0
WICA,2019,Visitor Spending,Secondary Effects,0.0
WICA,2019,Visitor Spending,Transportation,3565933.0
WICA,2019,Visits,Total,615350.0
WICA,2020,Economic Output,Camping,1678478.0
WICA,2020,Economic Output,Gas,656043.0
WICA,2020,Economic Output,Groceries,675005.0
WICA,2020,Economic Output,Lodging,14443292.0
WICA,2020,Economic Output,Recreation Industries,2388494.0
WICA,2020,Economic Output,Restaurants,6713297.0
WICA,2020,Economic Output,Retail,1630448.0
WICA,2020,Economic Output,Secondary Effects,20199303.0
WICA,2020,Economic Output,Transportation,2608473.0
WICA,2020,Jobs,Camping,31.0
WICA,2020,Jobs,Gas,9.0
WICA,2020,Jobs,Groceries,11.0
WICA,2020,Jobs,Lodging,142.0
WICA,2020,Jobs,Recreation Industries,43.0
WICA,2020,Jobs,Restaurants,111.0
WICA,2020,Jobs,Retail,37.0
WICA,2020,Jobs,Secondary Effects,147.0
WICA,2020,Jobs,Transportation,16.0
WICA,2020,Labor Income,Camping,1091092.0
WICA,2020,Labor Income,Gas,245965.0
WICA,2020,Labor Income,Groceries,286526.0
WICA,2020,Labor Income,Lodging,3738113.0
WICA,2020,Labor Income,Recreation Industries,836109.0
WICA,2020,Labor Income,Restaurants,2334550.0
WICA,2020,Labor Income,Retail,915756.0
WICA,2020,Labor Income,Secondary Effects,6338419.0
WICA,2020,Labor Income,Transportation,552350.0
WICA,2020,Non-local Visitor Spending,Camping,1659117.0
WICA,2020,Non-local Visitor Spending,Gas,3710588.0
WICA,2020,Non-local Visitor Spending,Groceries,2322647.0
WICA,2020,Non-local Visitor Spending,Lodging,14370434.0
WICA,2020,Non-local Visitor Spending,Recreation Industries,2373480.0
WICA,2020,Non-local Visitor Spending,Restaurants,6492001.0
WICA,2020,Non-local Visitor Spending,Retail,3111587.0
WICA,2020,Non-local Visitor Spending,Secondary Effects,0.0
WICA,2020,Non-local Visitor Spending,Transportation,2595578.0
WICA,2020,Party Days/Nights,Total,160506.0
WICA,2020,Value Added,Camping,1182559.0
WICA,2020,Value Added,Gas,325537.0
WICA,2020,Value Added,Groceries,415462.0
WICA,2020,Value Added,Lodging,8625341.0
WICA,2020,Value Added,Recreation Industries,1156799.0
WICA,2020,Value Added,Restaurants,3539843.0
WICA,2020,Value Added,Retail,917179.0
WICA,2020,Value Added,Secondary Effects,10933333.0
WICA,2020,Value Added,Transportation,1266764.0
WICA,2020,Visitor Spending,Camping,1678478.0
WICA,2020,Visitor Spending,Gas,4000259.0
WICA,2020,Visitor Spending,Groceries,2419372.0
WICA,2020,Visitor Spending,Lodging,14443291.0
WICA,2020,Visitor Spending,Recreation Industries,2388494.0
WICA,2020,Visitor Spending,Restaurants,6713297.0
WICA,2020,Visitor Spending,Retail,3215874.0
WICA,2020,Visitor Spending,Secondary Effects,0.0
WICA,2020,Visitor Spending,Transportation,2608473.0
WICA,2020,Visits,Total,448406.0
WICA,2021,Economic Output,Camping,2727053.0
WICA,2021,Economic Output,Gas,1430363.0
WICA,2021,Economic Output,Groceries,1302503.0
WICA,2021,Economic Output,Lodging,23228879.0
WICA,2021,Economic Output,Recreation Industries,3865314.0
WICA,2021,Economic Output,Restaurants,11057175.0
WICA,2021,Economic Output,Retail,2897899.0
WICA,2021,Economic Output,Secondary Effects,35769994.0
WICA,2021,Economic Output,Transportation,4184223.0
WICA,2021,Jobs,Camping,40.0
WICA,2021,Jobs,Gas,14.0
WICA,2021,Jobs,Groceries,19.0
WICA,2021,Jobs,Lodging,225.0
WICA,2021,Jobs,Recreation Industries,75.0
WICA,2021,Jobs,Restaurants,160.0
WICA,2021,Jobs,Retail,57.0
WICA,2021,Jobs,Secondary Effects,235.0
WICA,2021,Jobs,Transportation,33.0
WICA,2021,Labor Income,Camping,1230048.0
WICA,2021,Labor Income,Gas,390768.0
WICA,2021,Labor Income,Groceries,523220.0
WICA,2021,Labor Income,Lodging,6509173.0
WICA,2021,Labor Income,Recreation Industries,1433924.0
WICA,2021,Labor Income,Restaurants,3613065.0
WICA,2021,Labor Income,Retail,1446083.0
WICA,2021,Labor Income,Secondary Effects,10795257.0
WICA,2021,Labor Income,Transportation,816312.0
WICA,2021,Non-local Visitor Spending,Camping,2695311.0
WICA,2021,Non-local Visitor Spending,Gas,6042720.0
WICA,2021,Non-local Visitor Spending,Groceries,3765926.0
WICA,2021,Non-local Visitor Spending,Lodging,23111679.0
WICA,2021,Non-local Visitor Spending,Recreation Industries,3840818.0
WICA,2021,Non-local Visitor Spending,Restaurants,10692961.0
WICA,2021,Non-local Visitor Spending,Retail,5042522.0
WICA,2021,Non-local Visitor Spending,Secondary Effects,0.0
WICA,2021,Non-local Visitor Spending,Transportation,4163530.0
WICA,2021,Party Days/Nights,Total,254350.0
WICA,2021,Value Added,Camping,1924765.0
WICA,2021,Value Added,Gas,736722.0
WICA,2021,Value Added,Groceries,746927.0
WICA,2021,Value Added,Lodging,14380929.0
WICA,2021,Value Added,Recreation Industries,1782241.0
WICA,2021,Value Added,Restaurants,5505069.0
WICA,2021,Value Added,Retail,1743420.0
WICA,2021,Value Added,Secondary Effects,18707320.0
WICA,2021,Value Added,Transportation,1874059.0
WICA,2021,Visitor Spending,Camping,2727053.0
WICA,2021,Visitor Spending,Gas,6511715.0
WICA,2021,Visitor Spending,Groceries,3922481.0
WICA,2021,Visitor Spending,Lodging,23228879.0
WICA,2021,Visitor Spending,Recreation Industries,3865314.0
WICA,2021,Visitor Spending,Restaurants,11057175.0
WICA,2021,Visitor Spending,Retail,5211317.0
WICA,2021,Visitor Spending,Secondary Effects,0.0
WICA,2021,Visitor Spending,Transportation,4184223.0
WICA,2021,Visits,Total,709001.0
WICA,2022,Economic Output,Camping,2369070.0
WICA,2022,Economic Output,Gas,1239596.0
WICA,2022,Economic Output,Groceries,1126749.0
WICA,2022,Economic Output,Lodging,20145560.0
WICA,2022,Economic Output,Recreation Industries,3357121.0
WICA,2022,Economic Output,Restaurants,9665344.0
WICA,2022,Economic Output,Retail,2508738.0
WICA,2022,Economic Output,Secondary Effects,31014329.0
WICA,2022,Economic Output,Transportation,3611293.0
WICA,2022,Jobs,Camping,35.0
WICA,2022,Jobs,Gas,12.0
WICA,2022,Jobs,Groceries,16.0
WICA,2022,Jobs,Lodging,195.0
WICA,2022,Jobs,Recreation Industries,65.0
WICA,2022,Jobs,Restaurants,139.0
WICA,2022,Jobs,Retail,49.0
WICA,2022,Jobs,Secondary Effects,201.0
WICA,2022,Jobs,Transportation,28.0
WICA,2022,Labor Income,Camping,1067984.0
WICA,2022,Labor Income,Gas,339231.0
WICA,2022,Labor Income,Groceries,453861.0
WICA,2022,Labor Income,Lodging,5642026.0
WICA,2022,Labor Income,Recreation Industries,1243411.0
WICA,2022,Labor Income,Restaurants,3132838.0
WICA,2022,Labor Income,Retail,1254048.0
WICA,2022,Labor Income,Secondary Effects,9359899.0
WICA,2022,Labor Income,Transportation,707669.0
WICA,2022,Non-local Visitor Spending,Camping,2341450.0
WICA,2022,Non-local Visitor Spending,Gas,5237311.0
WICA,2022,Non-local Visitor Spending,Groceries,3257892.0
WICA,2022,Non-local Visitor Spending,Lodging,20043917.0
WICA,2022,Non-local Visitor Spending,Recreation Industries,3335811.0
WICA,2022,Non-local Visitor Spending,Restaurants,9347173.0
WICA,2022,Non-local Visitor Spending,Retail,4365304.0
WICA,2022,Non-local Visitor Spending,Secondary Effects,0.0
WICA,2022,Non-local Visitor Spending,Transportation,3593432.0
WICA,2022,Party Days/Nights,Total,217999.0
WICA,2022,Value Added,Camping,1671168.0
WICA,2022,Value Added,Gas,639569.0
WICA,2022,Value Added,Groceries,647911.0
WICA,2022,Value Added,Lodging,12465106.0
WICA,2022,Value Added,Recreation Industries,1545425.0
WICA,2022,Value Added,Restaurants,4773375.0
WICA,2022,Value Added,Retail,1511907.0
WICA,2022,Value Added,Secondary Effects,16220098.0
WICA,2022,Value Added,Transportation,1624425.0
WICA,2022,Visitor Spending,Camping,2369070.0
WICA,2022,Visitor Spending,Gas,5643224.0
WICA,2022,Visitor Spending,Groceries,3393200.0
WICA,2022,Visitor Spending,Lodging,20145560.0
WICA,2022,Visitor Spending,Recreation Industries,3357121.0
WICA,2022,Visitor Spending,Restaurants,9665344.0
WICA,2022,Visitor Spending,Retail,4511485.0
WICA,2022,Visitor Spending,Secondary Effects,0.0
WICA,2022,Visitor Spending,Transportation,3611293.0
WICA,2022,Visits,Total,607418.0
WICA,2023,Economic Output,Camping,2351266.0
WICA,2023,Economic Output,Gas,1225570.0
WICA,2023,Economic Output,Groceries,1110457.0
WICA,2023,Economic Output,Lodging,19834605.0
WICA,2023,Economic Output,Recreation Industries,3318413.0
WICA,2023,Economic Output,Restaurants,9602235.0
WICA,2023,Economic Output,Retail,2470413.0
WICA,2023,Economic Output,Secondary Effects,30564750.0
WICA,2023,Economic Output,Transportation,3538042.0
WICA,2023,Jobs,Camping,34.0
WICA,2023,Jobs,Gas,12.0
WICA,2023,Jobs,Groceries,16.0
WICA,2023,Jobs,Lodging,192.0
WICA,2023,Jobs,Recreation Industries,64.0
WICA,2023,Jobs,Restaurants,137.0
WICA,2023,Jobs,Retail,48.0
WICA,2023,Jobs,Secondary Effects,196.0
WICA,2023,Jobs,Transportation,28.0
WICA,2023,Labor Income,Camping,1059368.0
WICA,2023,Labor Income,Gas,335980.0
WICA,2023,Labor Income,Groceries,448526.0
WICA,2023,Labor Income,Lodging,5551845.0
WICA,2023,Labor Income,Recreation Industries,1227138.0
WICA,2023,Labor Income,Restaurants,3087330.0
WICA,2023,Labor Income,Retail,1237028.0
WICA,2023,Labor Income,Secondary Effects,9223687.0
WICA,2023,Labor Income,Transportation,695989.0
WICA,2023,Non-local Visitor Spending,Camping,2323656.0
WICA,2023,Non-local Visitor Spending,Gas,5179847.0
WICA,2023,Non-local Visitor Spending,Groceries,3211008.0
WICA,2023,Non-local Visitor Spending,Lodging,19734520.0
WICA,2023,Non-local Visitor Spending,Recreation Industries,3297212.0
WICA,2023,Non-local Visitor Spending,Restaurants,9286044.0
WICA,2023,Non-local Visitor Spending,Retail,4298763.0
WICA,2023,Non-local Visitor Spending,Secondary Effects,0.0
WICA,2023,Non-local Visitor Spending,Transportation,3520529.0
WICA,2023,Party Days/Nights,Total,213011.0
WICA,2023,Value Added,Camping,1657687.0
WICA,2023,Value Added,Gas,633429.0
WICA,2023,Value Added,Groceries,640295.0
WICA,2023,Value Added,Lodging,12265878.0
WICA,2023,Value Added,Recreation Industries,1525119.0
WICA,2023,Value Added,Restaurants,4704039.0
WICA,2023,Value Added,Retail,1491383.0
WICA,2023,Value Added,Secondary Effects,15984638.0
WICA,2023,Value Added,Transportation,1598104.0
WICA,2023,Visitor Spending,Camping,2351266.0
WICA,2023,Visitor Spending,Gas,5579397.0
WICA,2023,Visitor Spending,Groceries,3344136.0
WICA,2023,Visitor Spending,Lodging,19834605.0
WICA,2023,Visitor Spending,Recreation Industries,3318413.0
WICA,2023,Visitor Spending,Restaurants,9602235.0
WICA,2023,Visitor Spending,Retail,4442566.0
WICA,2023,Visitor Spending,Secondary Effects,0.0
WICA,2023,Visitor Spending,Transportation,3538042.0
WICA,2023,Visits,Total,592459.0
WICA,2024,Economic Output,Camping,2220978.0
WICA,2024,Economic Output,Gas,881822.0
WICA,2024,Economic Output,Groceries,1108721.0
WICA,2024,Economic Output,Lodging,18834742.0
WICA,2024,Economic Output,Recreation Industries,3089164.0
WICA,2024,Economic Output,Restaurants,8713475.0
WICA,2024,Economic Output,Retail,2082971.0
WICA,2024,Economic Output,Secondary Effects,23222517.0
WICA,2024,Economic Output,Transportation,3309499.0
WICA,2024,Jobs,Camping,20.0
WICA,2024,Jobs,Gas,7.0
WICA,2024,Jobs,Groceries,13.0
WICA,2024,Jobs,Lodging,139.0
WICA,2024,Jobs,Recreation Industries,46.0
WICA,2024,Jobs,Restaurants,85.0
WICA,2024,Jobs,Retail,29.0
WICA,2024,Jobs,Secondary Effects,131.0
WICA,2024,Jobs,Transportation,11.0
WICA,2024,Labor Income,Camping,542378.0
WICA,2024,Labor Income,Gas,256147.0
WICA,2024,Labor Income,Groceries,395408.0
WICA,2024,Labor Income,Lodging,4762882.0
WICA,2024,Labor Income,Recreation Industries,1175161.0
WICA,2024,Labor Income,Restaurants,2491841.0
WICA,2024,Labor Income,Retail,1054606.0
WICA,2024,Labor Income,Secondary Effects,7524207.0
WICA,2024,Labor Income,Transportation,1009893.0
WICA,2024,Non-local Visitor Spending,Camping,2195011.0
WICA,2024,Non-local Visitor Spending,Gas,4400559.0
WICA,2024,Non-local Visitor Spending,Groceries,3696341.0
WICA,2024,Non-local Visitor Spending,Lodging,18739709.0
WICA,2024,Non-local Visitor Spending,Recreation Industries,3069498.0
WICA,2024,Non-local Visitor Spending,Restaurants,8426665.0
WICA,2024,Non-local Visitor Spending,Retail,3753318.0
WICA,2024,Non-local Visitor Spending,Secondary Effects,0.0
WICA,2024,Non-local Visitor Spending,Transportation,3293124.0
WICA,2024,Party Days/Nights,Total,175756.0
WICA,2024,Value Added,Camping,1305008.0
WICA,2024,Value Added,Gas,578019.0
WICA,2024,Value Added,Groceries,747940.0
WICA,2024,Value Added,Lodging,13002189.0
WICA,2024,Value Added,Recreation Industries,1751381.0
WICA,2024,Value Added,Restaurants,4368245.0
WICA,2024,Value Added,Retail,1262182.0
WICA,2024,Value Added,Secondary Effects,12897344.0
WICA,2024,Value Added,Transportation,1539083.0
WICA,2024,Visitor Spending,Camping,2220978.0
WICA,2024,Visitor Spending,Gas,4740978.0
WICA,2024,Visitor Spending,Groceries,3849727.0
WICA,2024,Visitor Spending,Lodging,18834742.0
WICA,2024,Visitor Spending,Recreation Industries,3089164.0
WICA,2024,Visitor Spending,Restaurants,8713475.0
WICA,2024,Visitor Spending,Retail,3878904.0
WICA,2024,Visitor Spending,Secondary Effects,0.0
WICA,2024,Visitor Spending,Transportation,3309499.0
WICA,2024,Visits,Total,489399.0
YELL,2012,Economic Output,Total,472960874.0
YELL,2012,Jobs,Total,5619.0
YELL,2012,Labor Income,Total,164989635.0
YELL,2012,Value Added,Total,271976594.0
YELL,2012,Visitor Spending,Total,400346541.0
YELL,2012,Visits,Total,3447729.0
YELL,2013,Economic Output,Total,451108347.0
YELL,2013,Jobs,Total,5300.0
YELL,2013,Labor Income,Total,156656948.0
YELL,2013,Value Added,Total,258203675.0
YELL,2013,Visitor Spending,Total,381762700.0
YELL,2013,Visits,Total,3188030.0
YELL,2014,Economic Output,Camping,15287314.0
YELL,2014,Economic Output,Gas,4614447.0
YELL,2014,Economic Output,Groceries,6461100.0
YELL,2014,Economic Output,Lodging,137059842.0
YELL,2014,Economic Output,Recreation Industries,47026066.0
YELL,2014,Economic Output,Restaurants,69027702.0
YELL,2014,Economic Output,Retail,19375248.0
YELL,2014,Economic Output,Secondary Effects,200839029.0
YELL,2014,Economic Output,Transportation,44041729.0
YELL,2014,Jobs,Camping,205.0
YELL,2014,Jobs,Gas,63.0
YELL,2014,Jobs,Groceries,96.0
YELL,2014,Jobs,Lodging,1615.0
YELL,2014,Jobs,Recreation Industries,712.0
YELL,2014,Jobs,Restaurants,1431.0
YELL,2014,Jobs,Retail,474.0
YELL,2014,Jobs,Secondary Effects,1714.0
YELL,2014,Jobs,Transportation,352.0
YELL,2014,Labor Income,Camping,7308821.0
YELL,2014,Labor Income,Gas,2329071.0
YELL,2014,Labor Income,Groceries,3103124.0
YELL,2014,Labor Income,Lodging,49627669.0
YELL,2014,Labor Income,Recreation Industries,16287521.0
YELL,2014,Labor Income,Restaurants,29300488.0
YELL,2014,Labor Income,Retail,11953231.0
YELL,2014,Labor Income,Secondary Effects,58554772.0
YELL,2014,Labor Income,Transportation,13757784.0
YELL,2014,Value Added,Camping,10174384.0
YELL,2014,Value Added,Gas,2927286.0
YELL,2014,Value Added,Groceries,4250967.0
YELL,2014,Value Added,Lodging,79682326.0
YELL,2014,Value Added,Recreation Industries,27989874.0
YELL,2014,Value Added,Restaurants,37473245.0
YELL,2014,Value Added,Retail,12810863.0
YELL,2014,Value Added,Secondary Effects,108116243.0
YELL,2014,Value Added,Transportation,25942815.0
YELL,2014,Visitor Spending,Camping,15287314.0
YELL,2014,Visitor Spending,Gas,42726355.0
YELL,2014,Visitor Spending,Groceries,23158063.0
YELL,2014,Visitor Spending,Lodging,137059843.0
YELL,2014,Visitor Spending,Recreation Industries,47026066.0
YELL,2014,Visitor Spending,Restaurants,69027704.0
YELL,2014,Visitor Spending,Retail,42676757.0
YELL,2014,Visitor Spending,Secondary Effects,0.0
YELL,2014,Visitor Spending,Transportation,44041729.0
YELL,2014,Visits,Total,3513483.0
YELL,2015,Economic Output,Camping,18069268.0
YELL,2015,Economic Output,Gas,5402723.0
YELL,2015,Economic Output,Groceries,7574215.0
YELL,2015,Economic Output,Lodging,160737012.0
YELL,2015,Economic Output,Recreation Industries,55993151.0
YELL,2015,Economic Output,Restaurants,80533287.0
YELL,2015,Economic Output,Retail,22709920.0
YELL,2015,Economic Output,Secondary Effects,235380202.0
YELL,2015,Economic Output,Transportation,52174941.0
YELL,2015,Jobs,Camping,240.0
YELL,2015,Jobs,Gas,73.0
YELL,2015,Jobs,Groceries,111.0
YELL,2015,Jobs,Lodging,1874.0
YELL,2015,Jobs,Recreation Industries,841.0
YELL,2015,Jobs,Restaurants,1665.0
YELL,2015,Jobs,Retail,551.0
YELL,2015,Jobs,Secondary Effects,1966.0
YELL,2015,Jobs,Transportation,416.0
YELL,2015,Labor Income,Camping,8548207.0
YELL,2015,Labor Income,Gas,2755447.0
YELL,2015,Labor Income,Groceries,3675755.0
YELL,2015,Labor Income,Lodging,57590101.0
YELL,2015,Labor Income,Recreation Industries,19242610.0
YELL,2015,Labor Income,Restaurants,34091383.0
YELL,2015,Labor Income,Retail,14156961.0
YELL,2015,Labor Income,Secondary Effects,68476325.0
YELL,2015,Labor Income,Transportation,16289728.0
YELL,2015,Value Added,Camping,11899694.0
YELL,2015,Value Added,Gas,3463176.0
YELL,2015,Value Added,Groceries,5035415.0
YELL,2015,Value Added,Lodging,92466829.0
YELL,2015,Value Added,Recreation Industries,33068152.0
YELL,2015,Value Added,Restaurants,43600460.0
YELL,2015,Value Added,Retail,15172707.0
YELL,2015,Value Added,Secondary Effects,126470583.0
YELL,2015,Value Added,Transportation,30699328.0
YELL,2015,Visitor Spending,Camping,18069267.0
YELL,2015,Visitor Spending,Gas,49599830.0
YELL,2015,Visitor Spending,Groceries,26916875.0
YELL,2015,Visitor Spending,Lodging,160737005.0
YELL,2015,Visitor Spending,Recreation Industries,55993148.0
YELL,2015,Visitor Spending,Restaurants,80533289.0
YELL,2015,Visitor Spending,Retail,49596498.0
YELL,2015,Visitor Spending,Secondary Effects,0.0
YELL,2015,Visitor Spending,Transportation,52174941.0
YELL,2015,Visits,Total,4097709.0
YELL,2016,Economic Output,Camping,19101188.0
YELL,2016,Economic Output,Gas,5694746.0
YELL,2016,Economic Output,Groceries,7984856.0
YELL,2016,Economic Output,Lodging,172658430.0
YELL,2016,Economic Output,Recreation Industries,59784083.0
YELL,2016,Economic Output,Restaurants,85601760.0
YELL,2016,Economic Output,Retail,23955649.0
YELL,2016,Economic Output,Secondary Effects,250270097.0
YELL,2016,Economic Output,Transportation,55331037.0
YELL,2016,Jobs,Camping,251.0
YELL,2016,Jobs,Gas,77.0
YELL,2016,Jobs,Groceries,116.0
YELL,2016,Jobs,Lodging,1992.0
YELL,2016,Jobs,Recreation Industries,891.0
YELL,2016,Jobs,Restaurants,1764.0
YELL,2016,Jobs,Retail,576.0
YELL,2016,Jobs,Secondary Effects,2047.0
YELL,2016,Jobs,Transportation,442.0
YELL,2016,Labor Income,Camping,8941557.0
YELL,2016,Labor Income,Gas,2934744.0
YELL,2016,Labor Income,Groceries,3915547.0
YELL,2016,Labor Income,Lodging,61212206.0
YELL,2016,Labor Income,Recreation Industries,20385782.0
YELL,2016,Labor Income,Restaurants,36138460.0
YELL,2016,Labor Income,Retail,15089635.0
YELL,2016,Labor Income,Secondary Effects,72652559.0
YELL,2016,Labor Income,Transportation,17265948.0
YELL,2016,Value Added,Camping,12447265.0
YELL,2016,Value Added,Gas,3688524.0
YELL,2016,Value Added,Groceries,5363906.0
YELL,2016,Value Added,Lodging,98282492.0
YELL,2016,Value Added,Recreation Industries,35032677.0
YELL,2016,Value Added,Restaurants,46218526.0
YELL,2016,Value Added,Retail,16172300.0
YELL,2016,Value Added,Secondary Effects,134182327.0
YELL,2016,Value Added,Transportation,32520070.0
YELL,2016,Visitor Spending,Camping,19101188.0
YELL,2016,Visitor Spending,Gas,51836199.0
YELL,2016,Visitor Spending,Groceries,28134902.0
YELL,2016,Visitor Spending,Lodging,172658427.0
YELL,2016,Visitor Spending,Recreation Industries,59784083.0
YELL,2016,Visitor Spending,Restaurants,85601757.0
YELL,2016,Visitor Spending,Retail,51872196.0
YELL,2016,Visitor Spending,Secondary Effects,0.0
YELL,2016,Visitor Spending,Transportation,55331036.0
YELL,2016,Visits,Total,4257177.0
YELL,2017,Economic Output,Camping,17915293.0
YELL,2017,Economic Output,Gas,6374412.0
YELL,2017,Economic Output,Groceries,7674639.0
YELL,2017,Economic Output,Lodging,161349583.0
YELL,2017,Economic Output,Recreation Industries,55222963.0
YELL,2017,Economic Output,Restaurants,82008370.0
YELL,2017,Economic Output,Retail,24369085.0
YELL,2017,Economic Output,Secondary Effects,222081515.0
YELL,2017,Economic Output,Transportation,52487314.0
YELL,2017,Jobs,Camping,378.0
YELL,2017,Jobs,Gas,100.0
YELL,2017,Jobs,Groceries,106.0
YELL,2017,Jobs,Lodging,1649.0
YELL,2017,Jobs,Recreation Industries,825.0
YELL,2017,Jobs,Restaurants,1476.0
YELL,2017,Jobs,Retail,575.0
YELL,2017,Jobs,Secondary Effects,1837.0
YELL,2017,Jobs,Transportation,407.0
YELL,2017,Labor Income,Camping,11770857.0
YELL,2017,Labor Income,Gas,3829618.0
YELL,2017,Labor Income,Groceries,3934657.0
YELL,2017,Labor Income,Lodging,51379999.0
YELL,2017,Labor Income,Recreation Industries,21562488.0
YELL,2017,Labor Income,Restaurants,29838963.0
YELL,2017,Labor Income,Retail,15082913.0
YELL,2017,Labor Income,Secondary Effects,65961669.0
YELL,2017,Labor Income,Transportation,16408934.0
YELL,2017,Non-local Visitor Spending,Camping,17915293.0
YELL,2017,Non-local Visitor Spending,Gas,50479571.0
YELL,2017,Non-local Visitor Spending,Groceries,27610083.0
YELL,2017,Non-local Visitor Spending,Lodging,161349587.0
YELL,2017,Non-local Visitor Spending,Recreation Industries,54972322.0
YELL,2017,Non-local Visitor Spending,Restaurants,81418007.0
YELL,2017,Non-local Visitor Spending,Retail,50746372.0
YELL,2017,Non-local Visitor Spending,Secondary Effects,0.0
YELL,2017,Non-local Visitor Spending,Transportation,51720051.0
YELL,2017,Party Days/Nights,Total,2391424.0
YELL,2017,Value Added,Camping,11178823.0
YELL,2017,Value Added,Gas,4090010.0
YELL,2017,Value Added,Groceries,5376950.0
YELL,2017,Value Added,Lodging,96238393.0
YELL,2017,Value Added,Recreation Industries,33180534.0
YELL,2017,Value Added,Restaurants,42449024.0
YELL,2017,Value Added,Retail,16233603.0
YELL,2017,Value Added,Secondary Effects,118440414.0
YELL,2017,Value Added,Transportation,27399983.0
YELL,2017,Visitor Spending,Camping,17915293.0
YELL,2017,Visitor Spending,Gas,50995293.0
YELL,2017,Visitor Spending,Groceries,27806665.0
YELL,2017,Visitor Spending,Lodging,161349587.0
YELL,2017,Visitor Spending,Recreation Industries,55222965.0
YELL,2017,Visitor Spending,Restaurants,82008369.0
YELL,2017,Visitor Spending,Retail,50981349.0
YELL,2017,Visitor Spending,Secondary Effects,0.0
YELL,2017,Visitor Spending,Transportation,52486722.0
YELL,2017,Visits,Total,4116523.0
YELL,2018,Economic Output,Camping,18530760.0
YELL,2018,Economic Output,Gas,8533642.0
YELL,2018,Economic Output,Groceries,8428732.0
YELL,2018,Economic Output,Lodging,168023198.0
YELL,2018,Economic Output,Recreation Industries,57028322.0
YELL,2018,Economic Output,Restaurants,86405363.0
YELL,2018,Economic Output,Retail,26373132.0
YELL,2018,Economic Output,Secondary Effects,225451825.0
YELL,2018,Economic Output,Transportation,48315798.0
YELL,2018,Jobs,Camping,363.0
YELL,2018,Jobs,Gas,84.0
YELL,2018,Jobs,Groceries,90.0
YELL,2018,Jobs,Lodging,1606.0
YELL,2018,Jobs,Recreation Industries,804.0
YELL,2018,Jobs,Restaurants,1443.0
YELL,2018,Jobs,Retail,504.0
YELL,2018,Jobs,Secondary Effects,1794.0
YELL,2018,Jobs,Transportation,401.0
YELL,2018,Labor Income,Camping,11865015.0
YELL,2018,Labor Income,Gas,4867973.0
YELL,2018,Labor Income,Groceries,5074439.0
YELL,2018,Labor Income,Lodging,52493134.0
YELL,2018,Labor Income,Recreation Industries,19207406.0
YELL,2018,Labor Income,Restaurants,31522807.0
YELL,2018,Labor Income,Retail,16965568.0
YELL,2018,Labor Income,Secondary Effects,67631260.0
YELL,2018,Labor Income,Transportation,14238082.0
YELL,2018,Non-local Visitor Spending,Camping,18530760.0
YELL,2018,Non-local Visitor Spending,Gas,51509981.0
YELL,2018,Non-local Visitor Spending,Groceries,29997490.0
YELL,2018,Non-local Visitor Spending,Lodging,168023195.0
YELL,2018,Non-local Visitor Spending,Recreation Industries,56770250.0
YELL,2018,Non-local Visitor Spending,Restaurants,85786843.0
YELL,2018,Non-local Visitor Spending,Retail,51778939.0
YELL,2018,Non-local Visitor Spending,Secondary Effects,0.0
YELL,2018,Non-local Visitor Spending,Transportation,47611586.0
YELL,2018,Party Days/Nights,Total,2392858.0
YELL,2018,Value Added,Camping,12631978.0
YELL,2018,Value Added,Gas,5887903.0
YELL,2018,Value Added,Groceries,6199361.0
YELL,2018,Value Added,Lodging,102241012.0
YELL,2018,Value Added,Recreation Industries,34109638.0
YELL,2018,Value Added,Restaurants,45189578.0
YELL,2018,Value Added,Retail,18561278.0
YELL,2018,Value Added,Secondary Effects,122315208.0
YELL,2018,Value Added,Transportation,28073855.0
YELL,2018,Visitor Spending,Camping,18530760.0
YELL,2018,Visitor Spending,Gas,52034403.0
YELL,2018,Visitor Spending,Groceries,30210508.0
YELL,2018,Visitor Spending,Lodging,168023195.0
YELL,2018,Visitor Spending,Recreation Industries,57028323.0
YELL,2018,Visitor Spending,Restaurants,86405360.0
YELL,2018,Visitor Spending,Retail,52018009.0
YELL,2018,Visitor Spending,Secondary Effects,0.0
YELL,2018,Visitor Spending,Transportation,48315617.0
YELL,2018,Visits,Total,4115001.0
YELL,2019,Economic Output,Camping,17448840.0
YELL,2019,Economic Output,Gas,8300932.0
YELL,2019,Economic Output,Groceries,8195273.0
YELL,2019,Economic Output,Lodging,168806145.0
YELL,2019,Economic Output,Recreation Industries,56443443.0
YELL,2019,Economic Output,Restaurants,85926427.0
YELL,2019,Economic Output,Retail,25725355.0
YELL,2019,Economic Output,Secondary Effects,223653480.0
YELL,2019,Economic Output,Transportation,47551928.0
YELL,2019,Jobs,Camping,342.0
YELL,2019,Jobs,Gas,81.0
YELL,2019,Jobs,Groceries,88.0
YELL,2019,Jobs,Lodging,1613.0
YELL,2019,Jobs,Recreation Industries,795.0
YELL,2019,Jobs,Restaurants,1434.0
YELL,2019,Jobs,Retail,490.0
YELL,2019,Jobs,Secondary Effects,1764.0
YELL,2019,Jobs,Transportation,396.0
YELL,2019,Labor Income,Camping,11172966.0
YELL,2019,Labor Income,Gas,4761573.0
YELL,2019,Labor Income,Groceries,4965326.0
YELL,2019,Labor Income,Lodging,52741003.0
YELL,2019,Labor Income,Recreation Industries,18997193.0
YELL,2019,Labor Income,Restaurants,31338762.0
YELL,2019,Labor Income,Retail,16640945.0
YELL,2019,Labor Income,Secondary Effects,67101616.0
YELL,2019,Labor Income,Transportation,14074653.0
YELL,2019,Non-local Visitor Spending,Camping,17448839.0
YELL,2019,Non-local Visitor Spending,Gas,50096959.0
YELL,2019,Non-local Visitor Spending,Groceries,29163266.0
YELL,2019,Non-local Visitor Spending,Lodging,168806139.0
YELL,2019,Non-local Visitor Spending,Recreation Industries,56186767.0
YELL,2019,Non-local Visitor Spending,Restaurants,85311615.0
YELL,2019,Non-local Visitor Spending,Retail,50504203.0
YELL,2019,Non-local Visitor Spending,Secondary Effects,0.0
YELL,2019,Non-local Visitor Spending,Transportation,46854562.0
YELL,2019,Party Days/Nights,Total,2330955.0
YELL,2019,Value Added,Camping,11895194.0
YELL,2019,Value Added,Gas,5759211.0
YELL,2019,Value Added,Groceries,6066059.0
YELL,2019,Value Added,Lodging,102723787.0
YELL,2019,Value Added,Recreation Industries,33736329.0
YELL,2019,Value Added,Restaurants,44925741.0
YELL,2019,Value Added,Retail,18206122.0
YELL,2019,Value Added,Secondary Effects,121323386.0
YELL,2019,Value Added,Transportation,27763283.0
YELL,2019,Visitor Spending,Camping,17448839.0
YELL,2019,Visitor Spending,Gas,50615441.0
YELL,2019,Visitor Spending,Groceries,29373739.0
YELL,2019,Visitor Spending,Lodging,168806139.0
YELL,2019,Visitor Spending,Recreation Industries,56443441.0
YELL,2019,Visitor Spending,Restaurants,85926426.0
YELL,2019,Visitor Spending,Retail,50740344.0
YELL,2019,Visitor Spending,Secondary Effects,0.0
YELL,2019,Visitor Spending,Transportation,47551207.0
YELL,2019,Visits,Total,4020288.0
YELL,2020,Economic Output,Camping,16048967.0
YELL,2020,Economic Output,Gas,7451312.0
YELL,2020,Economic Output,Groceries,7393552.0
YELL,2020,Economic Output,Lodging,140786155.0
YELL,2020,Economic Output,Recreation Industries,52273240.0
YELL,2020,Economic Output,Restaurants,73357191.0
YELL,2020,Economic Output,Retail,23155508.0
YELL,2020,Economic Output,Secondary Effects,195820423.0
YELL,2020,Economic Output,Transportation,44155040.0
YELL,2020,Jobs,Camping,314.0
YELL,2020,Jobs,Gas,73.0
YELL,2020,Jobs,Groceries,79.0
YELL,2020,Jobs,Lodging,1346.0
YELL,2020,Jobs,Recreation Industries,736.0
YELL,2020,Jobs,Restaurants,1224.0
YELL,2020,Jobs,Retail,439.0
YELL,2020,Jobs,Secondary Effects,1530.0
YELL,2020,Jobs,Transportation,369.0
YELL,2020,Labor Income,Camping,10277227.0
YELL,2020,Labor Income,Gas,4297999.0
YELL,2020,Labor Income,Groceries,4508125.0
YELL,2020,Labor Income,Lodging,43989291.0
YELL,2020,Labor Income,Recreation Industries,17581387.0
YELL,2020,Labor Income,Restaurants,26746608.0
YELL,2020,Labor Income,Retail,15061937.0
YELL,2020,Labor Income,Secondary Effects,58691491.0
YELL,2020,Labor Income,Transportation,13126707.0
YELL,2020,Non-local Visitor Spending,Camping,16048966.0
YELL,2020,Non-local Visitor Spending,Gas,44910922.0
YELL,2020,Non-local Visitor Spending,Groceries,26287524.0
YELL,2020,Non-local Visitor Spending,Lodging,140786148.0
YELL,2020,Non-local Visitor Spending,Recreation Industries,52012200.0
YELL,2020,Non-local Visitor Spending,Restaurants,72731673.0
YELL,2020,Non-local Visitor Spending,Retail,45432780.0
YELL,2020,Non-local Visitor Spending,Secondary Effects,0.0
YELL,2020,Non-local Visitor Spending,Transportation,43448613.0
YELL,2020,Party Days/Nights,Total,2136002.0
YELL,2020,Value Added,Camping,10941553.0
YELL,2020,Value Added,Gas,5198510.0
YELL,2020,Value Added,Groceries,5507505.0
YELL,2020,Value Added,Lodging,85678052.0
YELL,2020,Value Added,Recreation Industries,31222058.0
YELL,2020,Value Added,Restaurants,38342648.0
YELL,2020,Value Added,Retail,16478599.0
YELL,2020,Value Added,Secondary Effects,106277781.0
YELL,2020,Value Added,Transportation,25904257.0
YELL,2020,Visitor Spending,Camping,16048966.0
YELL,2020,Visitor Spending,Gas,45434823.0
YELL,2020,Visitor Spending,Groceries,26500188.0
YELL,2020,Visitor Spending,Lodging,140786148.0
YELL,2020,Visitor Spending,Recreation Industries,52273238.0
YELL,2020,Visitor Spending,Restaurants,73357190.0
YELL,2020,Visitor Spending,Retail,45671608.0
YELL,2020,Visitor Spending,Secondary Effects,0.0
YELL,2020,Visitor Spending,Transportation,44153537.0
YELL,2020,Visits,Total,3806306.0
YELL,2021,Economic Output,Camping,21384559.0
YELL,2021,Economic Output,Gas,16869233.0
YELL,2021,Economic Output,Groceries,12126407.0
YELL,2021,Economic Output,Lodging,201882566.0
YELL,2021,Economic Output,Recreation Industries,69370317.0
YELL,2021,Economic Output,Restaurants,105593169.0
YELL,2021,Economic Output,Retail,33179395.0
YELL,2021,Economic Output,Secondary Effects,314856113.0
YELL,2021,Economic Output,Transportation,59073361.0
YELL,2021,Jobs,Camping,270.0
YELL,2021,Jobs,Gas,129.0
YELL,2021,Jobs,Groceries,134.0
YELL,2021,Jobs,Lodging,2074.0
YELL,2021,Jobs,Recreation Industries,1104.0
YELL,2021,Jobs,Restaurants,1570.0
YELL,2021,Jobs,Retail,514.0
YELL,2021,Jobs,Secondary Effects,2179.0
YELL,2021,Jobs,Transportation,762.0
YELL,2021,Labor Income,Camping,10566945.0
YELL,2021,Labor Income,Gas,8113605.0
YELL,2021,Labor Income,Groceries,6659096.0
YELL,2021,Labor Income,Lodging,73771927.0
YELL,2021,Labor Income,Recreation Industries,31797203.0
YELL,2021,Labor Income,Restaurants,36179599.0
YELL,2021,Labor Income,Retail,21252002.0
YELL,2021,Labor Income,Secondary Effects,86844764.0
YELL,2021,Labor Income,Transportation,18848946.0
YELL,2021,Non-local Visitor Spending,Camping,21384559.0
YELL,2021,Non-local Visitor Spending,Gas,75937269.0
YELL,2021,Non-local Visitor Spending,Groceries,36234068.0
YELL,2021,Non-local Visitor Spending,Lodging,201882566.0
YELL,2021,Non-local Visitor Spending,Recreation Industries,69033378.0
YELL,2021,Non-local Visitor Spending,Restaurants,104745278.0
YELL,2021,Non-local Visitor Spending,Retail,59364283.0
YELL,2021,Non-local Visitor Spending,Secondary Effects,0.0
YELL,2021,Non-local Visitor Spending,Transportation,58149122.0
YELL,2021,Party Days/Nights,Total,2752768.0
YELL,2021,Value Added,Camping,15956388.0
YELL,2021,Value Added,Gas,10473654.0
YELL,2021,Value Added,Groceries,8097053.0
YELL,2021,Value Added,Lodging,120246101.0
YELL,2021,Value Added,Recreation Industries,40084944.0
YELL,2021,Value Added,Restaurants,51501907.0
YELL,2021,Value Added,Retail,22767300.0
YELL,2021,Value Added,Secondary Effects,152418353.0
YELL,2021,Value Added,Transportation,34878373.0
YELL,2021,Visitor Spending,Camping,21384559.0
YELL,2021,Visitor Spending,Gas,76797017.0
YELL,2021,Visitor Spending,Groceries,36518612.0
YELL,2021,Visitor Spending,Lodging,201882566.0
YELL,2021,Visitor Spending,Recreation Industries,69370317.0
YELL,2021,Visitor Spending,Restaurants,105593169.0
YELL,2021,Visitor Spending,Retail,59666801.0
YELL,2021,Visitor Spending,Secondary Effects,0.0
YELL,2021,Visitor Spending,Transportation,59068532.0
YELL,2021,Visits,Total,4860242.0
YELL,2022,Economic Output,Camping,15166976.0
YELL,2022,Economic Output,Gas,11930567.0
YELL,2022,Economic Output,Groceries,8539536.0
YELL,2022,Economic Output,Lodging,148047498.0
YELL,2022,Economic Output,Recreation Industries,48437037.0
YELL,2022,Economic Output,Restaurants,77323032.0
YELL,2022,Economic Output,Retail,23410608.0
YELL,2022,Economic Output,Secondary Effects,225816569.0
YELL,2022,Economic Output,Transportation,40927971.0
YELL,2022,Jobs,Camping,192.0
YELL,2022,Jobs,Gas,91.0
YELL,2022,Jobs,Groceries,93.0
YELL,2022,Jobs,Lodging,1520.0
YELL,2022,Jobs,Recreation Industries,769.0
YELL,2022,Jobs,Restaurants,1140.0
YELL,2022,Jobs,Retail,358.0
YELL,2022,Jobs,Secondary Effects,1544.0
YELL,2022,Jobs,Transportation,527.0
YELL,2022,Labor Income,Camping,7490423.0
YELL,2022,Labor Income,Gas,5748165.0
YELL,2022,Labor Income,Groceries,4702260.0
YELL,2022,Labor Income,Lodging,54069463.0
YELL,2022,Labor Income,Recreation Industries,22156360.0
YELL,2022,Labor Income,Restaurants,26280088.0
YELL,2022,Labor Income,Retail,15020808.0
YELL,2022,Labor Income,Secondary Effects,62300269.0
YELL,2022,Labor Income,Transportation,13063970.0
YELL,2022,Non-local Visitor Spending,Camping,15166976.0
YELL,2022,Non-local Visitor Spending,Gas,53746044.0
YELL,2022,Non-local Visitor Spending,Groceries,25528935.0
YELL,2022,Non-local Visitor Spending,Lodging,148047498.0
YELL,2022,Non-local Visitor Spending,Recreation Industries,48213732.0
YELL,2022,Non-local Visitor Spending,Restaurants,76757780.0
YELL,2022,Non-local Visitor Spending,Retail,41899680.0
YELL,2022,Non-local Visitor Spending,Secondary Effects,0.0
YELL,2022,Non-local Visitor Spending,Transportation,40313213.0
YELL,2022,Party Days/Nights,Total,1898225.0
YELL,2022,Value Added,Camping,11310742.0
YELL,2022,Value Added,Gas,7420153.0
YELL,2022,Value Added,Groceries,5717661.0
YELL,2022,Value Added,Lodging,88131639.0
YELL,2022,Value Added,Recreation Industries,27931266.0
YELL,2022,Value Added,Restaurants,37409888.0
YELL,2022,Value Added,Retail,16091862.0
YELL,2022,Value Added,Secondary Effects,109321828.0
YELL,2022,Value Added,Transportation,24201325.0
YELL,2022,Visitor Spending,Camping,15166976.0
YELL,2022,Visitor Spending,Gas,54313544.0
YELL,2022,Visitor Spending,Groceries,25716770.0
YELL,2022,Visitor Spending,Lodging,148047498.0
YELL,2022,Visitor Spending,Recreation Industries,48437037.0
YELL,2022,Visitor Spending,Restaurants,77323032.0
YELL,2022,Visitor Spending,Retail,42099504.0
YELL,2022,Visitor Spending,Secondary Effects,0.0
YELL,2022,Visitor Spending,Transportation,40920431.0
YELL,2022,Visits,Total,3290242.0
YELL,2023,Economic Output,Camping,19825356.0
YELL,2023,Economic Output,Gas,16230802.0
YELL,2023,Economic Output,Groceries,11619489.0
YELL,2023,Economic Output,Lodging,205885626.0
YELL,2023,Economic Output,Recreation Industries,67203691.0
YELL,2023,Economic Output,Restaurants,107391221.0
YELL,2023,Economic Output,Retail,31957338.0
YELL,2023,Economic Output,Secondary Effects,311598318.0
YELL,2023,Economic Output,Transportation,56635317.0
YELL,2023,Jobs,Camping,250.0
YELL,2023,Jobs,Gas,122.0
YELL,2023,Jobs,Groceries,126.0
YELL,2023,Jobs,Lodging,2112.0
YELL,2023,Jobs,Recreation Industries,1065.0
YELL,2023,Jobs,Restaurants,1571.0
YELL,2023,Jobs,Retail,484.0
YELL,2023,Jobs,Secondary Effects,2104.0
YELL,2023,Jobs,Transportation,727.0
YELL,2023,Labor Income,Camping,9785578.0
YELL,2023,Labor Income,Gas,7833582.0
YELL,2023,Labor Income,Groceries,6415789.0
YELL,2023,Labor Income,Lodging,75151136.0
YELL,2023,Labor Income,Recreation Industries,30677410.0
YELL,2023,Labor Income,Restaurants,36205769.0
YELL,2023,Labor Income,Retail,20540054.0
YELL,2023,Labor Income,Secondary Effects,85970100.0
YELL,2023,Labor Income,Transportation,18084012.0
YELL,2023,Non-local Visitor Spending,Camping,19825356.0
YELL,2023,Non-local Visitor Spending,Gas,73091644.0
YELL,2023,Non-local Visitor Spending,Groceries,34728045.0
YELL,2023,Non-local Visitor Spending,Lodging,205885626.0
YELL,2023,Non-local Visitor Spending,Recreation Industries,66888228.0
YELL,2023,Non-local Visitor Spending,Restaurants,106587434.0
YELL,2023,Non-local Visitor Spending,Retail,57187787.0
YELL,2023,Non-local Visitor Spending,Secondary Effects,0.0
YELL,2023,Non-local Visitor Spending,Transportation,55761831.0
YELL,2023,Party Days/Nights,Total,2577061.0
YELL,2023,Value Added,Camping,14776492.0
YELL,2023,Value Added,Gas,10112219.0
YELL,2023,Value Added,Groceries,7801194.0
YELL,2023,Value Added,Lodging,122493918.0
YELL,2023,Value Added,Recreation Industries,38673305.0
YELL,2023,Value Added,Restaurants,51538980.0
YELL,2023,Value Added,Retail,22004656.0
YELL,2023,Value Added,Secondary Effects,150842102.0
YELL,2023,Value Added,Transportation,33539138.0
YELL,2023,Visitor Spending,Camping,19825356.0
YELL,2023,Visitor Spending,Gas,73890565.0
YELL,2023,Visitor Spending,Groceries,34992033.0
YELL,2023,Visitor Spending,Lodging,205885626.0
YELL,2023,Visitor Spending,Recreation Industries,67203691.0
YELL,2023,Visitor Spending,Restaurants,107391221.0
YELL,2023,Visitor Spending,Retail,57469165.0
YELL,2023,Visitor Spending,Secondary Effects,0.0
YELL,2023,Visitor Spending,Transportation,56616747.0
YELL,2023,Visits,Total,4501382.0
YELL,2024,Economic Output,Camping,23165043.0
YELL,2024,Economic Output,Gas,11204785.0
YELL,2024,Economic Output,Groceries,11877443.0
YELL,2024,Economic Output,Lodging,237727179.0
YELL,2024,Economic Output,Recreation Industries,80617588.0
YELL,2024,Economic Output,Restaurants,124597294.0
YELL,2024,Economic Output,Retail,33890187.0
YELL,2024,Economic Output,Secondary Effects,300992401.0
YELL,2024,Economic Output,Transportation,78986299.0
YELL,2024,Jobs,Camping,177.0
YELL,2024,Jobs,Gas,47.0
YELL,2024,Jobs,Groceries,98.0
YELL,2024,Jobs,Lodging,1641.0
YELL,2024,Jobs,Recreation Industries,897.0
YELL,2024,Jobs,Restaurants,1206.0
YELL,2024,Jobs,Retail,313.0
YELL,2024,Jobs,Secondary Effects,1701.0
YELL,2024,Jobs,Transportation,484.0
YELL,2024,Labor Income,Camping,8631698.0
YELL,2024,Labor Income,Gas,7607462.0
YELL,2024,Labor Income,Groceries,6653047.0
YELL,2024,Labor Income,Lodging,86080795.0
YELL,2024,Labor Income,Recreation Industries,32082831.0
YELL,2024,Labor Income,Restaurants,42067436.0
YELL,2024,Labor Income,Retail,23743166.0
YELL,2024,Labor Income,Secondary Effects,95328977.0
YELL,2024,Labor Income,Transportation,20129670.0
YELL,2024,Non-local Visitor Spending,Camping,23165043.0
YELL,2024,Non-local Visitor Spending,Gas,59593920.0
YELL,2024,Non-local Visitor Spending,Groceries,40932122.0
YELL,2024,Non-local Visitor Spending,Lodging,237727179.0
YELL,2024,Non-local Visitor Spending,Recreation Industries,80240650.0
YELL,2024,Non-local Visitor Spending,Restaurants,123669557.0
YELL,2024,Non-local Visitor Spending,Retail,62803405.0
YELL,2024,Non-local Visitor Spending,Secondary Effects,0.0
YELL,2024,Non-local Visitor Spending,Transportation,77797411.0
YELL,2024,Party Days/Nights,Total,2720620.0
YELL,2024,Value Added,Camping,15053605.0
YELL,2024,Value Added,Gas,9207138.0
YELL,2024,Value Added,Groceries,9126618.0
YELL,2024,Value Added,Lodging,168810045.0
YELL,2024,Value Added,Recreation Industries,55555314.0
YELL,2024,Value Added,Restaurants,63210700.0
YELL,2024,Value Added,Retail,25079113.0
YELL,2024,Value Added,Secondary Effects,163634898.0
YELL,2024,Value Added,Transportation,34659436.0
YELL,2024,Visitor Spending,Camping,23165043.0
YELL,2024,Visitor Spending,Gas,60240778.0
YELL,2024,Visitor Spending,Groceries,41241123.0
YELL,2024,Visitor Spending,Lodging,237727179.0
YELL,2024,Visitor Spending,Recreation Industries,80617588.0
YELL,2024,Visitor Spending,Restaurants,124597294.0
YELL,2024,Visitor Spending,Retail,63110217.0
YELL,2024,Visitor Spending,Secondary Effects,0.0
YELL,2024,Visitor Spending,Transportation,78986299.0
YELL,2024,Visits,Total,4744353.0
