park,park_name,role,state,year,month,visits
BADL,Badlands NP,control,SD,1979,1,16992
BADL,Badlands NP,control,SD,1979,2,15887
BADL,Badlands NP,control,SD,1979,3,19375
BADL,Badlands NP,control,SD,1979,4,26056
BADL,Badlands NP,control,SD,1979,5,54710
BADL,Badlands NP,control,SD,1979,6,138423
BADL,Badlands NP,control,SD,1979,7,208498
BADL,Badlands NP,control,SD,1979,8,194501
BADL,Badlands NP,control,SD,1979,9,91880
BADL,Badlands NP,control,SD,1979,10,52486
BADL,Badlands NP,control,SD,1979,11,21169
BADL,Badlands NP,control,SD,1979,12,18023
BADL,Badlands NP,control,SD,1980,1,18025
BADL,Badlands NP,control,SD,1980,2,15890
BADL,Badlands NP,control,SD,1980,3,18203
BADL,Badlands NP,control,SD,1980,4,26416
BADL,Badlands NP,control,SD,1980,5,64454
BADL,Badlands NP,control,SD,1980,6,167212
BADL,Badlands NP,control,SD,1980,7,240671
BADL,Badlands NP,control,SD,1980,8,216200
BADL,Badlands NP,control,SD,1980,9,99345
BADL,Badlands NP,control,SD,1980,10,46812
BADL,Badlands NP,control,SD,1980,11,23410
BADL,Badlands NP,control,SD,1980,12,16014
BADL,Badlands NP,control,SD,1981,1,16460
BADL,Badlands NP,control,SD,1981,2,15772
BADL,Badlands NP,control,SD,1981,3,20524
BADL,Badlands NP,control,SD,1981,4,34168
BADL,Badlands NP,control,SD,1981,5,73357
BADL,Badlands NP,control,SD,1981,6,192909
BADL,Badlands NP,control,SD,1981,7,299383
BADL,Badlands NP,control,SD,1981,8,254029
BADL,Badlands NP,control,SD,1981,9,182838
BADL,Badlands NP,control,SD,1981,10,52592
BADL,Badlands NP,control,SD,1981,11,20636
BADL,Badlands NP,control,SD,1981,12,13284
BADL,Badlands NP,control,SD,1982,1,12264
BADL,Badlands NP,control,SD,1982,2,15202
BADL,Badlands NP,control,SD,1982,3,17899
BADL,Badlands NP,control,SD,1982,4,26518
BADL,Badlands NP,control,SD,1982,5,69073
BADL,Badlands NP,control,SD,1982,6,188644
BADL,Badlands NP,control,SD,1982,7,270076
BADL,Badlands NP,control,SD,1982,8,242958
BADL,Badlands NP,control,SD,1982,9,110020
BADL,Badlands NP,control,SD,1982,10,45298
BADL,Badlands NP,control,SD,1982,11,19208
BADL,Badlands NP,control,SD,1982,12,13324
BADL,Badlands NP,control,SD,1983,1,13843
BADL,Badlands NP,control,SD,1983,2,17445
BADL,Badlands NP,control,SD,1983,3,18776
BADL,Badlands NP,control,SD,1983,4,25203
BADL,Badlands NP,control,SD,1983,5,65184
BADL,Badlands NP,control,SD,1983,6,186972
BADL,Badlands NP,control,SD,1983,7,268962
BADL,Badlands NP,control,SD,1983,8,223451
BADL,Badlands NP,control,SD,1983,9,122929
BADL,Badlands NP,control,SD,1983,10,48777
BADL,Badlands NP,control,SD,1983,11,22014
BADL,Badlands NP,control,SD,1983,12,13425
BADL,Badlands NP,control,SD,1984,1,13148
BADL,Badlands NP,control,SD,1984,2,15927
BADL,Badlands NP,control,SD,1984,3,16203
BADL,Badlands NP,control,SD,1984,4,24789
BADL,Badlands NP,control,SD,1984,5,75496
BADL,Badlands NP,control,SD,1984,6,202728
BADL,Badlands NP,control,SD,1984,7,298925
BADL,Badlands NP,control,SD,1984,8,238997
BADL,Badlands NP,control,SD,1984,9,139742
BADL,Badlands NP,control,SD,1984,10,51005
BADL,Badlands NP,control,SD,1984,11,22026
BADL,Badlands NP,control,SD,1984,12,14689
BADL,Badlands NP,control,SD,1985,1,13252
BADL,Badlands NP,control,SD,1985,2,18072
BADL,Badlands NP,control,SD,1985,3,16644
BADL,Badlands NP,control,SD,1985,4,33185
BADL,Badlands NP,control,SD,1985,5,77782
BADL,Badlands NP,control,SD,1985,6,188172
BADL,Badlands NP,control,SD,1985,7,199978
BADL,Badlands NP,control,SD,1985,8,222573
BADL,Badlands NP,control,SD,1985,9,104192
BADL,Badlands NP,control,SD,1985,10,50506
BADL,Badlands NP,control,SD,1985,11,13811
BADL,Badlands NP,control,SD,1985,12,12075
BADL,Badlands NP,control,SD,1986,1,13173
BADL,Badlands NP,control,SD,1986,2,12457
BADL,Badlands NP,control,SD,1986,3,18332
BADL,Badlands NP,control,SD,1986,4,28062
BADL,Badlands NP,control,SD,1986,5,81991
BADL,Badlands NP,control,SD,1986,6,168772
BADL,Badlands NP,control,SD,1986,7,262462
BADL,Badlands NP,control,SD,1986,8,249847
BADL,Badlands NP,control,SD,1986,9,115800
BADL,Badlands NP,control,SD,1986,10,41512
BADL,Badlands NP,control,SD,1986,11,17110
BADL,Badlands NP,control,SD,1986,12,16112
BADL,Badlands NP,control,SD,1987,1,14852
BADL,Badlands NP,control,SD,1987,2,15034
BADL,Badlands NP,control,SD,1987,3,16654
BADL,Badlands NP,control,SD,1987,4,33749
BADL,Badlands NP,control,SD,1987,5,90443
BADL,Badlands NP,control,SD,1987,6,205798
BADL,Badlands NP,control,SD,1987,7,282231
BADL,Badlands NP,control,SD,1987,8,294355
BADL,Badlands NP,control,SD,1987,9,127609
BADL,Badlands NP,control,SD,1987,10,52398
BADL,Badlands NP,control,SD,1987,11,24631
BADL,Badlands NP,control,SD,1987,12,16644
BADL,Badlands NP,control,SD,1988,1,13580
BADL,Badlands NP,control,SD,1988,2,15719
BADL,Badlands NP,control,SD,1988,3,20982
BADL,Badlands NP,control,SD,1988,4,35432
BADL,Badlands NP,control,SD,1988,5,97143
BADL,Badlands NP,control,SD,1988,6,212076
BADL,Badlands NP,control,SD,1988,7,281371
BADL,Badlands NP,control,SD,1988,8,209496
BADL,Badlands NP,control,SD,1988,9,126459
BADL,Badlands NP,control,SD,1988,10,54669
BADL,Badlands NP,control,SD,1988,11,27792
BADL,Badlands NP,control,SD,1988,12,15321
BADL,Badlands NP,control,SD,1989,1,15639
BADL,Badlands NP,control,SD,1989,2,15150
BADL,Badlands NP,control,SD,1989,3,23466
BADL,Badlands NP,control,SD,1989,4,32748
BADL,Badlands NP,control,SD,1989,5,89411
BADL,Badlands NP,control,SD,1989,6,229324
BADL,Badlands NP,control,SD,1989,7,305833
BADL,Badlands NP,control,SD,1989,8,284663
BADL,Badlands NP,control,SD,1989,9,140774
BADL,Badlands NP,control,SD,1989,10,60704
BADL,Badlands NP,control,SD,1989,11,23860
BADL,Badlands NP,control,SD,1989,12,16384
BADL,Badlands NP,control,SD,1990,1,17072
BADL,Badlands NP,control,SD,1990,2,16510
BADL,Badlands NP,control,SD,1990,3,25857
BADL,Badlands NP,control,SD,1990,4,38693
BADL,Badlands NP,control,SD,1990,5,95403
BADL,Badlands NP,control,SD,1990,6,241925
BADL,Badlands NP,control,SD,1990,7,337849
BADL,Badlands NP,control,SD,1990,8,304124
BADL,Badlands NP,control,SD,1990,9,135424
BADL,Badlands NP,control,SD,1990,10,66670
BADL,Badlands NP,control,SD,1990,11,26415
BADL,Badlands NP,control,SD,1990,12,20533
BADL,Badlands NP,control,SD,1991,1,16997
BADL,Badlands NP,control,SD,1991,2,18277
BADL,Badlands NP,control,SD,1991,3,26613
BADL,Badlands NP,control,SD,1991,4,96014
BADL,Badlands NP,control,SD,1991,5,115677
BADL,Badlands NP,control,SD,1991,6,255869
BADL,Badlands NP,control,SD,1991,7,363803
BADL,Badlands NP,control,SD,1991,8,333715
BADL,Badlands NP,control,SD,1991,9,180250
BADL,Badlands NP,control,SD,1991,10,70108
BADL,Badlands NP,control,SD,1991,11,22154
BADL,Badlands NP,control,SD,1991,12,18919
BADL,Badlands NP,control,SD,1992,1,8513
BADL,Badlands NP,control,SD,1992,2,8148
BADL,Badlands NP,control,SD,1992,3,19494
BADL,Badlands NP,control,SD,1992,4,27163
BADL,Badlands NP,control,SD,1992,5,78904
BADL,Badlands NP,control,SD,1992,6,214252
BADL,Badlands NP,control,SD,1992,7,271982
BADL,Badlands NP,control,SD,1992,8,349509
BADL,Badlands NP,control,SD,1992,9,142107
BADL,Badlands NP,control,SD,1992,10,60738
BADL,Badlands NP,control,SD,1992,11,14227
BADL,Badlands NP,control,SD,1992,12,10260
BADL,Badlands NP,control,SD,1993,1,9886
BADL,Badlands NP,control,SD,1993,2,9566
BADL,Badlands NP,control,SD,1993,3,17086
BADL,Badlands NP,control,SD,1993,4,26717
BADL,Badlands NP,control,SD,1993,5,70690
BADL,Badlands NP,control,SD,1993,6,192956
BADL,Badlands NP,control,SD,1993,7,311931
BADL,Badlands NP,control,SD,1993,8,351234
BADL,Badlands NP,control,SD,1993,9,120981
BADL,Badlands NP,control,SD,1993,10,40869
BADL,Badlands NP,control,SD,1993,11,15791
BADL,Badlands NP,control,SD,1993,12,11751
BADL,Badlands NP,control,SD,1994,1,8995
BADL,Badlands NP,control,SD,1994,2,8662
BADL,Badlands NP,control,SD,1994,3,19434
BADL,Badlands NP,control,SD,1994,4,21843
BADL,Badlands NP,control,SD,1994,5,76263
BADL,Badlands NP,control,SD,1994,6,185125
BADL,Badlands NP,control,SD,1994,7,289085
BADL,Badlands NP,control,SD,1994,8,341930
BADL,Badlands NP,control,SD,1994,9,111980
BADL,Badlands NP,control,SD,1994,10,36357
BADL,Badlands NP,control,SD,1994,11,19076
BADL,Badlands NP,control,SD,1994,12,11709
BADL,Badlands NP,control,SD,1995,1,9689
BADL,Badlands NP,control,SD,1995,2,11367
BADL,Badlands NP,control,SD,1995,3,17711
BADL,Badlands NP,control,SD,1995,4,24072
BADL,Badlands NP,control,SD,1995,5,64642
BADL,Badlands NP,control,SD,1995,6,185944
BADL,Badlands NP,control,SD,1995,7,283530
BADL,Badlands NP,control,SD,1995,8,288225
BADL,Badlands NP,control,SD,1995,9,122438
BADL,Badlands NP,control,SD,1995,10,43214
BADL,Badlands NP,control,SD,1995,11,16971
BADL,Badlands NP,control,SD,1995,12,7766
BADL,Badlands NP,control,SD,1996,1,6276
BADL,Badlands NP,control,SD,1996,2,9133
BADL,Badlands NP,control,SD,1996,3,9457
BADL,Badlands NP,control,SD,1996,4,14865
BADL,Badlands NP,control,SD,1996,5,54339
BADL,Badlands NP,control,SD,1996,6,168458
BADL,Badlands NP,control,SD,1996,7,269852
BADL,Badlands NP,control,SD,1996,8,298697
BADL,Badlands NP,control,SD,1996,9,124891
BADL,Badlands NP,control,SD,1996,10,53291
BADL,Badlands NP,control,SD,1996,11,11090
BADL,Badlands NP,control,SD,1996,12,4356
BADL,Badlands NP,control,SD,1997,1,9197
BADL,Badlands NP,control,SD,1997,2,5400
BADL,Badlands NP,control,SD,1997,3,8952
BADL,Badlands NP,control,SD,1997,4,21386
BADL,Badlands NP,control,SD,1997,5,65723
BADL,Badlands NP,control,SD,1997,6,185921
BADL,Badlands NP,control,SD,1997,7,256102
BADL,Badlands NP,control,SD,1997,8,248190
BADL,Badlands NP,control,SD,1997,9,110533
BADL,Badlands NP,control,SD,1997,10,43189
BADL,Badlands NP,control,SD,1997,11,11219
BADL,Badlands NP,control,SD,1997,12,4884
BADL,Badlands NP,control,SD,1998,1,6490
BADL,Badlands NP,control,SD,1998,2,5369
BADL,Badlands NP,control,SD,1998,3,6629
BADL,Badlands NP,control,SD,1998,4,19097
BADL,Badlands NP,control,SD,1998,5,72123
BADL,Badlands NP,control,SD,1998,6,214871
BADL,Badlands NP,control,SD,1998,7,243051
BADL,Badlands NP,control,SD,1998,8,253556
BADL,Badlands NP,control,SD,1998,9,125014
BADL,Badlands NP,control,SD,1998,10,57885
BADL,Badlands NP,control,SD,1998,11,11298
BADL,Badlands NP,control,SD,1998,12,5666
BADL,Badlands NP,control,SD,1999,1,5410
BADL,Badlands NP,control,SD,1999,2,7581
BADL,Badlands NP,control,SD,1999,3,10258
BADL,Badlands NP,control,SD,1999,4,19891
BADL,Badlands NP,control,SD,1999,5,64000
BADL,Badlands NP,control,SD,1999,6,203379
BADL,Badlands NP,control,SD,1999,7,222487
BADL,Badlands NP,control,SD,1999,8,254142
BADL,Badlands NP,control,SD,1999,9,99008
BADL,Badlands NP,control,SD,1999,10,42865
BADL,Badlands NP,control,SD,1999,11,14217
BADL,Badlands NP,control,SD,1999,12,7215
BADL,Badlands NP,control,SD,2000,1,7680
BADL,Badlands NP,control,SD,2000,2,7216
BADL,Badlands NP,control,SD,2000,3,12379
BADL,Badlands NP,control,SD,2000,4,19597
BADL,Badlands NP,control,SD,2000,5,56457
BADL,Badlands NP,control,SD,2000,6,241202
BADL,Badlands NP,control,SD,2000,7,264707
BADL,Badlands NP,control,SD,2000,8,319967
BADL,Badlands NP,control,SD,2000,9,113551
BADL,Badlands NP,control,SD,2000,10,44591
BADL,Badlands NP,control,SD,2000,11,11928
BADL,Badlands NP,control,SD,2000,12,6549
BADL,Badlands NP,control,SD,2001,1,9007
BADL,Badlands NP,control,SD,2001,2,5016
BADL,Badlands NP,control,SD,2001,3,8837
BADL,Badlands NP,control,SD,2001,4,18906
BADL,Badlands NP,control,SD,2001,5,60758
BADL,Badlands NP,control,SD,2001,6,192749
BADL,Badlands NP,control,SD,2001,7,237981
BADL,Badlands NP,control,SD,2001,8,254819
BADL,Badlands NP,control,SD,2001,9,105127
BADL,Badlands NP,control,SD,2001,10,41749
BADL,Badlands NP,control,SD,2001,11,14309
BADL,Badlands NP,control,SD,2001,12,6211
BADL,Badlands NP,control,SD,2002,1,9372
BADL,Badlands NP,control,SD,2002,2,9139
BADL,Badlands NP,control,SD,2002,3,8198
BADL,Badlands NP,control,SD,2002,4,22400
BADL,Badlands NP,control,SD,2002,5,56138
BADL,Badlands NP,control,SD,2002,6,195007
BADL,Badlands NP,control,SD,2002,7,223994
BADL,Badlands NP,control,SD,2002,8,219701
BADL,Badlands NP,control,SD,2002,9,100651
BADL,Badlands NP,control,SD,2002,10,39023
BADL,Badlands NP,control,SD,2002,11,19121
BADL,Badlands NP,control,SD,2002,12,6154
BADL,Badlands NP,control,SD,2003,1,5011
BADL,Badlands NP,control,SD,2003,2,3674
BADL,Badlands NP,control,SD,2003,3,8100
BADL,Badlands NP,control,SD,2003,4,13483
BADL,Badlands NP,control,SD,2003,5,49165
BADL,Badlands NP,control,SD,2003,6,154035
BADL,Badlands NP,control,SD,2003,7,229203
BADL,Badlands NP,control,SD,2003,8,236385
BADL,Badlands NP,control,SD,2003,9,109614
BADL,Badlands NP,control,SD,2003,10,35712
BADL,Badlands NP,control,SD,2003,11,15818
BADL,Badlands NP,control,SD,2003,12,10834
BADL,Badlands NP,control,SD,2004,1,10032
BADL,Badlands NP,control,SD,2004,2,7214
BADL,Badlands NP,control,SD,2004,3,17981
BADL,Badlands NP,control,SD,2004,4,29627
BADL,Badlands NP,control,SD,2004,5,61399
BADL,Badlands NP,control,SD,2004,6,165208
BADL,Badlands NP,control,SD,2004,7,227954
BADL,Badlands NP,control,SD,2004,8,241351
BADL,Badlands NP,control,SD,2004,9,98625
BADL,Badlands NP,control,SD,2004,10,43979
BADL,Badlands NP,control,SD,2004,11,18598
BADL,Badlands NP,control,SD,2004,12,14062
BADL,Badlands NP,control,SD,2005,1,11686
BADL,Badlands NP,control,SD,2005,2,11158
BADL,Badlands NP,control,SD,2005,3,17670
BADL,Badlands NP,control,SD,2005,4,25338
BADL,Badlands NP,control,SD,2005,5,62729
BADL,Badlands NP,control,SD,2005,6,175943
BADL,Badlands NP,control,SD,2005,7,230425
BADL,Badlands NP,control,SD,2005,8,222918
BADL,Badlands NP,control,SD,2005,9,89849
BADL,Badlands NP,control,SD,2005,10,40128
BADL,Badlands NP,control,SD,2005,11,13176
BADL,Badlands NP,control,SD,2005,12,8126
BADL,Badlands NP,control,SD,2006,1,9365
BADL,Badlands NP,control,SD,2006,2,8129
BADL,Badlands NP,control,SD,2006,3,12192
BADL,Badlands NP,control,SD,2006,4,21437
BADL,Badlands NP,control,SD,2006,5,62224
BADL,Badlands NP,control,SD,2006,6,165119
BADL,Badlands NP,control,SD,2006,7,203452
BADL,Badlands NP,control,SD,2006,8,198003
BADL,Badlands NP,control,SD,2006,9,91615
BADL,Badlands NP,control,SD,2006,10,39023
BADL,Badlands NP,control,SD,2006,11,20369
BADL,Badlands NP,control,SD,2006,12,9190
BADL,Badlands NP,control,SD,2007,1,14820
BADL,Badlands NP,control,SD,2007,2,7448
BADL,Badlands NP,control,SD,2007,3,15319
BADL,Badlands NP,control,SD,2007,4,24350
BADL,Badlands NP,control,SD,2007,5,68211
BADL,Badlands NP,control,SD,2007,6,177612
BADL,Badlands NP,control,SD,2007,7,217962
BADL,Badlands NP,control,SD,2007,8,201031
BADL,Badlands NP,control,SD,2007,9,95505
BADL,Badlands NP,control,SD,2007,10,42105
BADL,Badlands NP,control,SD,2007,11,14174
BADL,Badlands NP,control,SD,2007,12,8117
BADL,Badlands NP,control,SD,2008,1,7836
BADL,Badlands NP,control,SD,2008,2,7351
BADL,Badlands NP,control,SD,2008,3,13937
BADL,Badlands NP,control,SD,2008,4,19620
BADL,Badlands NP,control,SD,2008,5,62637
BADL,Badlands NP,control,SD,2008,6,169249
BADL,Badlands NP,control,SD,2008,7,216713
BADL,Badlands NP,control,SD,2008,8,201226
BADL,Badlands NP,control,SD,2008,9,94323
BADL,Badlands NP,control,SD,2008,10,36505
BADL,Badlands NP,control,SD,2008,11,9329
BADL,Badlands NP,control,SD,2008,12,7008
BADL,Badlands NP,control,SD,2009,1,7332
BADL,Badlands NP,control,SD,2009,2,7639
BADL,Badlands NP,control,SD,2009,3,11875
BADL,Badlands NP,control,SD,2009,4,25911
BADL,Badlands NP,control,SD,2009,5,69831
BADL,Badlands NP,control,SD,2009,6,189139
BADL,Badlands NP,control,SD,2009,7,249779
BADL,Badlands NP,control,SD,2009,8,215299
BADL,Badlands NP,control,SD,2009,9,105471
BADL,Badlands NP,control,SD,2009,10,32610
BADL,Badlands NP,control,SD,2009,11,12886
BADL,Badlands NP,control,SD,2009,12,6146
BADL,Badlands NP,control,SD,2010,1,6696
BADL,Badlands NP,control,SD,2010,2,6722
BADL,Badlands NP,control,SD,2010,3,7752
BADL,Badlands NP,control,SD,2010,4,23423
BADL,Badlands NP,control,SD,2010,5,71909
BADL,Badlands NP,control,SD,2010,6,192904
BADL,Badlands NP,control,SD,2010,7,238189
BADL,Badlands NP,control,SD,2010,8,230914
BADL,Badlands NP,control,SD,2010,9,130822
BADL,Badlands NP,control,SD,2010,10,46929
BADL,Badlands NP,control,SD,2010,11,13368
BADL,Badlands NP,control,SD,2010,12,8150
BADL,Badlands NP,control,SD,2011,1,6646
BADL,Badlands NP,control,SD,2011,2,6818
BADL,Badlands NP,control,SD,2011,3,16375
BADL,Badlands NP,control,SD,2011,4,20652
BADL,Badlands NP,control,SD,2011,5,58637
BADL,Badlands NP,control,SD,2011,6,169056
BADL,Badlands NP,control,SD,2011,7,217178
BADL,Badlands NP,control,SD,2011,8,188638
BADL,Badlands NP,control,SD,2011,9,116187
BADL,Badlands NP,control,SD,2011,10,40910
BADL,Badlands NP,control,SD,2011,11,17133
BADL,Badlands NP,control,SD,2011,12,12511
BADL,Badlands NP,control,SD,2012,1,9660
BADL,Badlands NP,control,SD,2012,2,10908
BADL,Badlands NP,control,SD,2012,3,22784
BADL,Badlands NP,control,SD,2012,4,31658
BADL,Badlands NP,control,SD,2012,5,72568
BADL,Badlands NP,control,SD,2012,6,162676
BADL,Badlands NP,control,SD,2012,7,209064
BADL,Badlands NP,control,SD,2012,8,189830
BADL,Badlands NP,control,SD,2012,9,103606
BADL,Badlands NP,control,SD,2012,10,40449
BADL,Badlands NP,control,SD,2012,11,17791
BADL,Badlands NP,control,SD,2012,12,12412
BADL,Badlands NP,control,SD,2013,1,11882
BADL,Badlands NP,control,SD,2013,2,11033
BADL,Badlands NP,control,SD,2013,3,18258
BADL,Badlands NP,control,SD,2013,4,20750
BADL,Badlands NP,control,SD,2013,5,65043
BADL,Badlands NP,control,SD,2013,6,177507
BADL,Badlands NP,control,SD,2013,7,225096
BADL,Badlands NP,control,SD,2013,8,208579
BADL,Badlands NP,control,SD,2013,9,104029
BADL,Badlands NP,control,SD,2013,10,25530
BADL,Badlands NP,control,SD,2013,11,16663
BADL,Badlands NP,control,SD,2013,12,8002
BADL,Badlands NP,control,SD,2014,1,9548
BADL,Badlands NP,control,SD,2014,2,8671
BADL,Badlands NP,control,SD,2014,3,15898
BADL,Badlands NP,control,SD,2014,4,25054
BADL,Badlands NP,control,SD,2014,5,63131
BADL,Badlands NP,control,SD,2014,6,168011
BADL,Badlands NP,control,SD,2014,7,210370
BADL,Badlands NP,control,SD,2014,8,208807
BADL,Badlands NP,control,SD,2014,9,96882
BADL,Badlands NP,control,SD,2014,10,36929
BADL,Badlands NP,control,SD,2014,11,13973
BADL,Badlands NP,control,SD,2014,12,10820
BADL,Badlands NP,control,SD,2015,1,10414
BADL,Badlands NP,control,SD,2015,2,10942
BADL,Badlands NP,control,SD,2015,3,21924
BADL,Badlands NP,control,SD,2015,4,27193
BADL,Badlands NP,control,SD,2015,5,68239
BADL,Badlands NP,control,SD,2015,6,191593
BADL,Badlands NP,control,SD,2015,7,245400
BADL,Badlands NP,control,SD,2015,8,231866
BADL,Badlands NP,control,SD,2015,9,117724
BADL,Badlands NP,control,SD,2015,10,34498
BADL,Badlands NP,control,SD,2015,11,16771
BADL,Badlands NP,control,SD,2015,12,12790
BADL,Badlands NP,control,SD,2016,1,10826
BADL,Badlands NP,control,SD,2016,2,10921
BADL,Badlands NP,control,SD,2016,3,20501
BADL,Badlands NP,control,SD,2016,4,22812
BADL,Badlands NP,control,SD,2016,5,78863
BADL,Badlands NP,control,SD,2016,6,196209
BADL,Badlands NP,control,SD,2016,7,249194
BADL,Badlands NP,control,SD,2016,8,217071
BADL,Badlands NP,control,SD,2016,9,129350
BADL,Badlands NP,control,SD,2016,10,33380
BADL,Badlands NP,control,SD,2016,11,17970
BADL,Badlands NP,control,SD,2016,12,9166
BADL,Badlands NP,control,SD,2017,1,10380
BADL,Badlands NP,control,SD,2017,2,11149
BADL,Badlands NP,control,SD,2017,3,21498
BADL,Badlands NP,control,SD,2017,4,23166
BADL,Badlands NP,control,SD,2017,5,85967
BADL,Badlands NP,control,SD,2017,6,213966
BADL,Badlands NP,control,SD,2017,7,263506
BADL,Badlands NP,control,SD,2017,8,237125
BADL,Badlands NP,control,SD,2017,9,127598
BADL,Badlands NP,control,SD,2017,10,33426
BADL,Badlands NP,control,SD,2017,11,16807
BADL,Badlands NP,control,SD,2017,12,9737
BADL,Badlands NP,control,SD,2018,1,10610
BADL,Badlands NP,control,SD,2018,2,9456
BADL,Badlands NP,control,SD,2018,3,16616
BADL,Badlands NP,control,SD,2018,4,21343
BADL,Badlands NP,control,SD,2018,5,84527
BADL,Badlands NP,control,SD,2018,6,208645
BADL,Badlands NP,control,SD,2018,7,263863
BADL,Badlands NP,control,SD,2018,8,217350
BADL,Badlands NP,control,SD,2018,9,116826
BADL,Badlands NP,control,SD,2018,10,33527
BADL,Badlands NP,control,SD,2018,11,16442
BADL,Badlands NP,control,SD,2018,12,9737
BADL,Badlands NP,control,SD,2019,1,8981
BADL,Badlands NP,control,SD,2019,2,8059
BADL,Badlands NP,control,SD,2019,3,16517
BADL,Badlands NP,control,SD,2019,4,25083
BADL,Badlands NP,control,SD,2019,5,71885
BADL,Badlands NP,control,SD,2019,6,201516
BADL,Badlands NP,control,SD,2019,7,250898
BADL,Badlands NP,control,SD,2019,8,207743
BADL,Badlands NP,control,SD,2019,9,118262
BADL,Badlands NP,control,SD,2019,10,37727
BADL,Badlands NP,control,SD,2019,11,15450
BADL,Badlands NP,control,SD,2019,12,8877
BADL,Badlands NP,control,SD,2020,1,10145
BADL,Badlands NP,control,SD,2020,2,9979
BADL,Badlands NP,control,SD,2020,3,17183
BADL,Badlands NP,control,SD,2020,4,17290
BADL,Badlands NP,control,SD,2020,5,55637
BADL,Badlands NP,control,SD,2020,6,167784
BADL,Badlands NP,control,SD,2020,7,238875
BADL,Badlands NP,control,SD,2020,8,220523
BADL,Badlands NP,control,SD,2020,9,109186
BADL,Badlands NP,control,SD,2020,10,40508
BADL,Badlands NP,control,SD,2020,11,18926
BADL,Badlands NP,control,SD,2020,12,10896
BADL,Badlands NP,control,SD,2021,1,14899
BADL,Badlands NP,control,SD,2021,2,11350
BADL,Badlands NP,control,SD,2021,3,28182
BADL,Badlands NP,control,SD,2021,4,42749
BADL,Badlands NP,control,SD,2021,5,109764
BADL,Badlands NP,control,SD,2021,6,256041
BADL,Badlands NP,control,SD,2021,7,288004
BADL,Badlands NP,control,SD,2021,8,236282
BADL,Badlands NP,control,SD,2021,9,138477
BADL,Badlands NP,control,SD,2021,10,66941
BADL,Badlands NP,control,SD,2021,11,23432
BADL,Badlands NP,control,SD,2021,12,8105
BADL,Badlands NP,control,SD,2022,1,12671
BADL,Badlands NP,control,SD,2022,2,12866
BADL,Badlands NP,control,SD,2022,3,25276
BADL,Badlands NP,control,SD,2022,4,34943
BADL,Badlands NP,control,SD,2022,5,98542
BADL,Badlands NP,control,SD,2022,6,204969
BADL,Badlands NP,control,SD,2022,7,224054
BADL,Badlands NP,control,SD,2022,8,184816
BADL,Badlands NP,control,SD,2022,9,121571
BADL,Badlands NP,control,SD,2022,10,61115
BADL,Badlands NP,control,SD,2022,11,19720
BADL,Badlands NP,control,SD,2022,12,6266
BADL,Badlands NP,control,SD,2023,1,10925
BADL,Badlands NP,control,SD,2023,2,11426
BADL,Badlands NP,control,SD,2023,3,22390
BADL,Badlands NP,control,SD,2023,4,30572
BADL,Badlands NP,control,SD,2023,5,99117
BADL,Badlands NP,control,SD,2023,6,198393
BADL,Badlands NP,control,SD,2023,7,248304
BADL,Badlands NP,control,SD,2023,8,202433
BADL,Badlands NP,control,SD,2023,9,142610
BADL,Badlands NP,control,SD,2023,10,53066
BADL,Badlands NP,control,SD,2023,11,16467
BADL,Badlands NP,control,SD,2023,12,10697
BADL,Badlands NP,control,SD,2024,1,8549
BADL,Badlands NP,control,SD,2024,2,10397
BADL,Badlands NP,control,SD,2024,3,25776
BADL,Badlands NP,control,SD,2024,4,37328
BADL,Badlands NP,control,SD,2024,5,109385
BADL,Badlands NP,control,SD,2024,6,218729
BADL,Badlands NP,control,SD,2024,7,234886
BADL,Badlands NP,control,SD,2024,8,199919
BADL,Badlands NP,control,SD,2024,9,139875
BADL,Badlands NP,control,SD,2024,10,71915
BADL,Badlands NP,control,SD,2024,11,22887
BADL,Badlands NP,control,SD,2024,12,14599
BADL,Badlands NP,control,SD,2025,1,9962
BADL,Badlands NP,control,SD,2025,2,10111
BADL,Badlands NP,control,SD,2025,3,26683
BADL,Badlands NP,control,SD,2025,4,46381
BADL,Badlands NP,control,SD,2025,5,125814
BADL,Badlands NP,control,SD,2025,6,221824
BADL,Badlands NP,control,SD,2025,7,232859
BADL,Badlands NP,control,SD,2025,8,214978
BADL,Badlands NP,control,SD,2025,9,143478
BADL,Badlands NP,control,SD,2025,10,75430
BADL,Badlands NP,control,SD,2025,11,18790
BADL,Badlands NP,control,SD,2025,12,13051
BADL,Badlands NP,control,SD,2026,1,12127
BADL,Badlands NP,control,SD,2026,2,13961
BADL,Badlands NP,control,SD,2026,3,29855
BADL,Badlands NP,control,SD,2026,4,40047
BADL,Badlands NP,control,SD,2026,5,111917
BADL,Badlands NP,control,SD,2026,6,210410
BADL,Badlands NP,control,SD,2026,7,225690
BADL,Badlands NP,control,SD,2026,8,199817
DETO,Devils Tower NM,control,WY,1979,1,1366
DETO,Devils Tower NM,control,WY,1979,2,2373
DETO,Devils Tower NM,control,WY,1979,3,4490
DETO,Devils Tower NM,control,WY,1979,4,11710
DETO,Devils Tower NM,control,WY,1979,5,18244
DETO,Devils Tower NM,control,WY,1979,6,35281
DETO,Devils Tower NM,control,WY,1979,7,63185
DETO,Devils Tower NM,control,WY,1979,8,55938
DETO,Devils Tower NM,control,WY,1979,9,21260
DETO,Devils Tower NM,control,WY,1979,10,8130
DETO,Devils Tower NM,control,WY,1979,11,1862
DETO,Devils Tower NM,control,WY,1979,12,2252
DETO,Devils Tower NM,control,WY,1980,1,1558
DETO,Devils Tower NM,control,WY,1980,2,2236
DETO,Devils Tower NM,control,WY,1980,3,3464
DETO,Devils Tower NM,control,WY,1980,4,6232
DETO,Devils Tower NM,control,WY,1980,5,11229
DETO,Devils Tower NM,control,WY,1980,6,34232
DETO,Devils Tower NM,control,WY,1980,7,51479
DETO,Devils Tower NM,control,WY,1980,8,63981
DETO,Devils Tower NM,control,WY,1980,9,27860
DETO,Devils Tower NM,control,WY,1980,10,4863
DETO,Devils Tower NM,control,WY,1980,11,4366
DETO,Devils Tower NM,control,WY,1980,12,2192
DETO,Devils Tower NM,control,WY,1981,1,2646
DETO,Devils Tower NM,control,WY,1981,2,2649
DETO,Devils Tower NM,control,WY,1981,3,5567
DETO,Devils Tower NM,control,WY,1981,4,9048
DETO,Devils Tower NM,control,WY,1981,5,22291
DETO,Devils Tower NM,control,WY,1981,6,26065
DETO,Devils Tower NM,control,WY,1981,7,89816
DETO,Devils Tower NM,control,WY,1981,8,82337
DETO,Devils Tower NM,control,WY,1981,9,28569
DETO,Devils Tower NM,control,WY,1981,10,9464
DETO,Devils Tower NM,control,WY,1981,11,4563
DETO,Devils Tower NM,control,WY,1981,12,2295
DETO,Devils Tower NM,control,WY,1982,1,1363
DETO,Devils Tower NM,control,WY,1982,2,3200
DETO,Devils Tower NM,control,WY,1982,3,4090
DETO,Devils Tower NM,control,WY,1982,4,6291
DETO,Devils Tower NM,control,WY,1982,5,16713
DETO,Devils Tower NM,control,WY,1982,6,61466
DETO,Devils Tower NM,control,WY,1982,7,70196
DETO,Devils Tower NM,control,WY,1982,8,67150
DETO,Devils Tower NM,control,WY,1982,9,22022
DETO,Devils Tower NM,control,WY,1982,10,6815
DETO,Devils Tower NM,control,WY,1982,11,3747
DETO,Devils Tower NM,control,WY,1982,12,1250
DETO,Devils Tower NM,control,WY,1983,1,2143
DETO,Devils Tower NM,control,WY,1983,2,2471
DETO,Devils Tower NM,control,WY,1983,3,3081
DETO,Devils Tower NM,control,WY,1983,4,5805
DETO,Devils Tower NM,control,WY,1983,5,16670
DETO,Devils Tower NM,control,WY,1983,6,63128
DETO,Devils Tower NM,control,WY,1983,7,72167
DETO,Devils Tower NM,control,WY,1983,8,66252
DETO,Devils Tower NM,control,WY,1983,9,19956
DETO,Devils Tower NM,control,WY,1983,10,10381
DETO,Devils Tower NM,control,WY,1983,11,4169
DETO,Devils Tower NM,control,WY,1983,12,1053
DETO,Devils Tower NM,control,WY,1984,1,2206
DETO,Devils Tower NM,control,WY,1984,2,2506
DETO,Devils Tower NM,control,WY,1984,3,2849
DETO,Devils Tower NM,control,WY,1984,4,5319
DETO,Devils Tower NM,control,WY,1984,5,14702
DETO,Devils Tower NM,control,WY,1984,6,50737
DETO,Devils Tower NM,control,WY,1984,7,59382
DETO,Devils Tower NM,control,WY,1984,8,46834
DETO,Devils Tower NM,control,WY,1984,9,21986
DETO,Devils Tower NM,control,WY,1984,10,7978
DETO,Devils Tower NM,control,WY,1984,11,3898
DETO,Devils Tower NM,control,WY,1984,12,1458
DETO,Devils Tower NM,control,WY,1985,1,1657
DETO,Devils Tower NM,control,WY,1985,2,1836
DETO,Devils Tower NM,control,WY,1985,3,3764
DETO,Devils Tower NM,control,WY,1985,4,6907
DETO,Devils Tower NM,control,WY,1985,5,14142
DETO,Devils Tower NM,control,WY,1985,6,46020
DETO,Devils Tower NM,control,WY,1985,7,53163
DETO,Devils Tower NM,control,WY,1985,8,57851
DETO,Devils Tower NM,control,WY,1985,9,20976
DETO,Devils Tower NM,control,WY,1985,10,6971
DETO,Devils Tower NM,control,WY,1985,11,2363
DETO,Devils Tower NM,control,WY,1985,12,1137
DETO,Devils Tower NM,control,WY,1986,1,1458
DETO,Devils Tower NM,control,WY,1986,2,1431
DETO,Devils Tower NM,control,WY,1986,3,5165
DETO,Devils Tower NM,control,WY,1986,4,4690
DETO,Devils Tower NM,control,WY,1986,5,17267
DETO,Devils Tower NM,control,WY,1986,6,59468
DETO,Devils Tower NM,control,WY,1986,7,85458
DETO,Devils Tower NM,control,WY,1986,8,72279
DETO,Devils Tower NM,control,WY,1986,9,27537
DETO,Devils Tower NM,control,WY,1986,10,9326
DETO,Devils Tower NM,control,WY,1986,11,4204
DETO,Devils Tower NM,control,WY,1986,12,2249
DETO,Devils Tower NM,control,WY,1987,1,2332
DETO,Devils Tower NM,control,WY,1987,2,2629
DETO,Devils Tower NM,control,WY,1987,3,2865
DETO,Devils Tower NM,control,WY,1987,4,7050
DETO,Devils Tower NM,control,WY,1987,5,20777
DETO,Devils Tower NM,control,WY,1987,6,62663
DETO,Devils Tower NM,control,WY,1987,7,83868
DETO,Devils Tower NM,control,WY,1987,8,94012
DETO,Devils Tower NM,control,WY,1987,9,34868
DETO,Devils Tower NM,control,WY,1987,10,10814
DETO,Devils Tower NM,control,WY,1987,11,4514
DETO,Devils Tower NM,control,WY,1987,12,1620
DETO,Devils Tower NM,control,WY,1988,1,1320
DETO,Devils Tower NM,control,WY,1988,2,778
DETO,Devils Tower NM,control,WY,1988,3,4436
DETO,Devils Tower NM,control,WY,1988,4,7597
DETO,Devils Tower NM,control,WY,1988,5,21635
DETO,Devils Tower NM,control,WY,1988,6,68598
DETO,Devils Tower NM,control,WY,1988,7,98412
DETO,Devils Tower NM,control,WY,1988,8,92245
DETO,Devils Tower NM,control,WY,1988,9,30842
DETO,Devils Tower NM,control,WY,1988,10,11141
DETO,Devils Tower NM,control,WY,1988,11,4150
DETO,Devils Tower NM,control,WY,1988,12,1993
DETO,Devils Tower NM,control,WY,1989,1,2079
DETO,Devils Tower NM,control,WY,1989,2,1441
DETO,Devils Tower NM,control,WY,1989,3,3726
DETO,Devils Tower NM,control,WY,1989,4,5724
DETO,Devils Tower NM,control,WY,1989,5,21577
DETO,Devils Tower NM,control,WY,1989,6,67428
DETO,Devils Tower NM,control,WY,1989,7,102389
DETO,Devils Tower NM,control,WY,1989,8,95935
DETO,Devils Tower NM,control,WY,1989,9,31504
DETO,Devils Tower NM,control,WY,1989,10,10460
DETO,Devils Tower NM,control,WY,1989,11,4339
DETO,Devils Tower NM,control,WY,1989,12,2614
DETO,Devils Tower NM,control,WY,1990,1,1799
DETO,Devils Tower NM,control,WY,1990,2,1739
DETO,Devils Tower NM,control,WY,1990,3,3838
DETO,Devils Tower NM,control,WY,1990,4,6901
DETO,Devils Tower NM,control,WY,1990,5,28197
DETO,Devils Tower NM,control,WY,1990,6,88317
DETO,Devils Tower NM,control,WY,1990,7,124146
DETO,Devils Tower NM,control,WY,1990,8,119574
DETO,Devils Tower NM,control,WY,1990,9,34579
DETO,Devils Tower NM,control,WY,1990,10,12284
DETO,Devils Tower NM,control,WY,1990,11,5886
DETO,Devils Tower NM,control,WY,1990,12,1688
DETO,Devils Tower NM,control,WY,1991,1,1917
DETO,Devils Tower NM,control,WY,1991,2,2030
DETO,Devils Tower NM,control,WY,1991,3,5559
DETO,Devils Tower NM,control,WY,1991,4,6472
DETO,Devils Tower NM,control,WY,1991,5,28017
DETO,Devils Tower NM,control,WY,1991,6,99909
DETO,Devils Tower NM,control,WY,1991,7,125289
DETO,Devils Tower NM,control,WY,1991,8,122159
DETO,Devils Tower NM,control,WY,1991,9,47004
DETO,Devils Tower NM,control,WY,1991,10,12559
DETO,Devils Tower NM,control,WY,1991,11,3351
DETO,Devils Tower NM,control,WY,1991,12,2446
DETO,Devils Tower NM,control,WY,1992,1,2295
DETO,Devils Tower NM,control,WY,1992,2,2895
DETO,Devils Tower NM,control,WY,1992,3,5100
DETO,Devils Tower NM,control,WY,1992,4,8410
DETO,Devils Tower NM,control,WY,1992,5,24899
DETO,Devils Tower NM,control,WY,1992,6,89348
DETO,Devils Tower NM,control,WY,1992,7,135107
DETO,Devils Tower NM,control,WY,1992,8,122757
DETO,Devils Tower NM,control,WY,1992,9,45101
DETO,Devils Tower NM,control,WY,1992,10,15250
DETO,Devils Tower NM,control,WY,1992,11,4444
DETO,Devils Tower NM,control,WY,1992,12,1653
DETO,Devils Tower NM,control,WY,1993,1,1709
DETO,Devils Tower NM,control,WY,1993,2,2633
DETO,Devils Tower NM,control,WY,1993,3,4614
DETO,Devils Tower NM,control,WY,1993,4,7881
DETO,Devils Tower NM,control,WY,1993,5,30553
DETO,Devils Tower NM,control,WY,1993,6,79375
DETO,Devils Tower NM,control,WY,1993,7,118559
DETO,Devils Tower NM,control,WY,1993,8,122896
DETO,Devils Tower NM,control,WY,1993,9,40426
DETO,Devils Tower NM,control,WY,1993,10,12878
DETO,Devils Tower NM,control,WY,1993,11,3083
DETO,Devils Tower NM,control,WY,1993,12,1850
DETO,Devils Tower NM,control,WY,1994,1,1215
DETO,Devils Tower NM,control,WY,1994,2,1023
DETO,Devils Tower NM,control,WY,1994,3,4506
DETO,Devils Tower NM,control,WY,1994,4,8618
DETO,Devils Tower NM,control,WY,1994,5,28299
DETO,Devils Tower NM,control,WY,1994,6,86012
DETO,Devils Tower NM,control,WY,1994,7,124235
DETO,Devils Tower NM,control,WY,1994,8,131734
DETO,Devils Tower NM,control,WY,1994,9,54358
DETO,Devils Tower NM,control,WY,1994,10,9465
DETO,Devils Tower NM,control,WY,1994,11,2724
DETO,Devils Tower NM,control,WY,1994,12,2587
DETO,Devils Tower NM,control,WY,1995,1,3418
DETO,Devils Tower NM,control,WY,1995,2,3729
DETO,Devils Tower NM,control,WY,1995,3,5751
DETO,Devils Tower NM,control,WY,1995,4,7927
DETO,Devils Tower NM,control,WY,1995,5,26720
DETO,Devils Tower NM,control,WY,1995,6,79400
DETO,Devils Tower NM,control,WY,1995,7,111115
DETO,Devils Tower NM,control,WY,1995,8,116609
DETO,Devils Tower NM,control,WY,1995,9,45326
DETO,Devils Tower NM,control,WY,1995,10,14840
DETO,Devils Tower NM,control,WY,1995,11,4100
DETO,Devils Tower NM,control,WY,1995,12,1593
DETO,Devils Tower NM,control,WY,1996,1,2147
DETO,Devils Tower NM,control,WY,1996,2,2087
DETO,Devils Tower NM,control,WY,1996,3,4512
DETO,Devils Tower NM,control,WY,1996,4,9419
DETO,Devils Tower NM,control,WY,1996,5,26670
DETO,Devils Tower NM,control,WY,1996,6,88529
DETO,Devils Tower NM,control,WY,1996,7,120142
DETO,Devils Tower NM,control,WY,1996,8,118040
DETO,Devils Tower NM,control,WY,1996,9,45422
DETO,Devils Tower NM,control,WY,1996,10,14010
DETO,Devils Tower NM,control,WY,1996,11,3826
DETO,Devils Tower NM,control,WY,1996,12,1787
DETO,Devils Tower NM,control,WY,1997,1,1736
DETO,Devils Tower NM,control,WY,1997,2,2125
DETO,Devils Tower NM,control,WY,1997,3,5927
DETO,Devils Tower NM,control,WY,1997,4,6339
DETO,Devils Tower NM,control,WY,1997,5,25550
DETO,Devils Tower NM,control,WY,1997,6,73989
DETO,Devils Tower NM,control,WY,1997,7,104915
DETO,Devils Tower NM,control,WY,1997,8,109658
DETO,Devils Tower NM,control,WY,1997,9,39140
DETO,Devils Tower NM,control,WY,1997,10,13608
DETO,Devils Tower NM,control,WY,1997,11,3985
DETO,Devils Tower NM,control,WY,1997,12,2165
DETO,Devils Tower NM,control,WY,1998,1,2228
DETO,Devils Tower NM,control,WY,1998,2,2384
DETO,Devils Tower NM,control,WY,1998,3,3642
DETO,Devils Tower NM,control,WY,1998,4,8149
DETO,Devils Tower NM,control,WY,1998,5,28083
DETO,Devils Tower NM,control,WY,1998,6,77524
DETO,Devils Tower NM,control,WY,1998,7,106847
DETO,Devils Tower NM,control,WY,1998,8,105850
DETO,Devils Tower NM,control,WY,1998,9,44929
DETO,Devils Tower NM,control,WY,1998,10,13237
DETO,Devils Tower NM,control,WY,1998,11,4023
DETO,Devils Tower NM,control,WY,1998,12,2168
DETO,Devils Tower NM,control,WY,1999,1,1825
DETO,Devils Tower NM,control,WY,1999,2,2811
DETO,Devils Tower NM,control,WY,1999,3,4987
DETO,Devils Tower NM,control,WY,1999,4,7032
DETO,Devils Tower NM,control,WY,1999,5,26000
DETO,Devils Tower NM,control,WY,1999,6,76894
DETO,Devils Tower NM,control,WY,1999,7,101810
DETO,Devils Tower NM,control,WY,1999,8,108559
DETO,Devils Tower NM,control,WY,1999,9,44401
DETO,Devils Tower NM,control,WY,1999,10,14272
DETO,Devils Tower NM,control,WY,1999,11,5211
DETO,Devils Tower NM,control,WY,1999,12,2090
DETO,Devils Tower NM,control,WY,2000,1,2101
DETO,Devils Tower NM,control,WY,2000,2,1998
DETO,Devils Tower NM,control,WY,2000,3,5235
DETO,Devils Tower NM,control,WY,2000,4,8042
DETO,Devils Tower NM,control,WY,2000,5,26481
DETO,Devils Tower NM,control,WY,2000,6,76798
DETO,Devils Tower NM,control,WY,2000,7,104995
DETO,Devils Tower NM,control,WY,2000,8,105953
DETO,Devils Tower NM,control,WY,2000,9,33652
DETO,Devils Tower NM,control,WY,2000,10,13312
DETO,Devils Tower NM,control,WY,2000,11,2695
DETO,Devils Tower NM,control,WY,2000,12,2206
DETO,Devils Tower NM,control,WY,2001,1,1598
DETO,Devils Tower NM,control,WY,2001,2,1787
DETO,Devils Tower NM,control,WY,2001,3,4217
DETO,Devils Tower NM,control,WY,2001,4,8158
DETO,Devils Tower NM,control,WY,2001,5,26289
DETO,Devils Tower NM,control,WY,2001,6,70733
DETO,Devils Tower NM,control,WY,2001,7,98816
DETO,Devils Tower NM,control,WY,2001,8,99313
DETO,Devils Tower NM,control,WY,2001,9,42897
DETO,Devils Tower NM,control,WY,2001,10,14363
DETO,Devils Tower NM,control,WY,2001,11,5284
DETO,Devils Tower NM,control,WY,2001,12,2141
DETO,Devils Tower NM,control,WY,2002,1,1910
DETO,Devils Tower NM,control,WY,2002,2,1747
DETO,Devils Tower NM,control,WY,2002,3,3963
DETO,Devils Tower NM,control,WY,2002,4,8105
DETO,Devils Tower NM,control,WY,2002,5,28275
DETO,Devils Tower NM,control,WY,2002,6,83835
DETO,Devils Tower NM,control,WY,2002,7,109673
DETO,Devils Tower NM,control,WY,2002,8,104977
DETO,Devils Tower NM,control,WY,2002,9,43420
DETO,Devils Tower NM,control,WY,2002,10,12963
DETO,Devils Tower NM,control,WY,2002,11,3913
DETO,Devils Tower NM,control,WY,2002,12,2153
DETO,Devils Tower NM,control,WY,2003,1,1702
DETO,Devils Tower NM,control,WY,2003,2,2108
DETO,Devils Tower NM,control,WY,2003,3,3126
DETO,Devils Tower NM,control,WY,2003,4,6642
DETO,Devils Tower NM,control,WY,2003,5,25829
DETO,Devils Tower NM,control,WY,2003,6,76554
DETO,Devils Tower NM,control,WY,2003,7,107264
DETO,Devils Tower NM,control,WY,2003,8,110067
DETO,Devils Tower NM,control,WY,2003,9,42279
DETO,Devils Tower NM,control,WY,2003,10,15162
DETO,Devils Tower NM,control,WY,2003,11,3301
DETO,Devils Tower NM,control,WY,2003,12,2232
DETO,Devils Tower NM,control,WY,2004,1,2222
DETO,Devils Tower NM,control,WY,2004,2,2166
DETO,Devils Tower NM,control,WY,2004,3,4128
DETO,Devils Tower NM,control,WY,2004,4,7551
DETO,Devils Tower NM,control,WY,2004,5,26201
DETO,Devils Tower NM,control,WY,2004,6,74813
DETO,Devils Tower NM,control,WY,2004,7,96254
DETO,Devils Tower NM,control,WY,2004,8,112896
DETO,Devils Tower NM,control,WY,2004,9,41585
DETO,Devils Tower NM,control,WY,2004,10,13454
DETO,Devils Tower NM,control,WY,2004,11,3649
DETO,Devils Tower NM,control,WY,2004,12,1639
DETO,Devils Tower NM,control,WY,2005,1,2207
DETO,Devils Tower NM,control,WY,2005,2,1989
DETO,Devils Tower NM,control,WY,2005,3,5358
DETO,Devils Tower NM,control,WY,2005,4,5381
DETO,Devils Tower NM,control,WY,2005,5,23067
DETO,Devils Tower NM,control,WY,2005,6,75973
DETO,Devils Tower NM,control,WY,2005,7,97645
DETO,Devils Tower NM,control,WY,2005,8,106572
DETO,Devils Tower NM,control,WY,2005,9,33978
DETO,Devils Tower NM,control,WY,2005,10,11849
DETO,Devils Tower NM,control,WY,2005,11,3846
DETO,Devils Tower NM,control,WY,2005,12,1710
DETO,Devils Tower NM,control,WY,2006,1,1900
DETO,Devils Tower NM,control,WY,2006,2,1761
DETO,Devils Tower NM,control,WY,2006,3,3321
DETO,Devils Tower NM,control,WY,2006,4,6455
DETO,Devils Tower NM,control,WY,2006,5,22872
DETO,Devils Tower NM,control,WY,2006,6,68786
DETO,Devils Tower NM,control,WY,2006,7,88906
DETO,Devils Tower NM,control,WY,2006,8,86860
DETO,Devils Tower NM,control,WY,2006,9,36439
DETO,Devils Tower NM,control,WY,2006,10,12681
DETO,Devils Tower NM,control,WY,2006,11,3873
DETO,Devils Tower NM,control,WY,2006,12,1910
DETO,Devils Tower NM,control,WY,2007,1,1851
DETO,Devils Tower NM,control,WY,2007,2,1742
DETO,Devils Tower NM,control,WY,2007,3,4503
DETO,Devils Tower NM,control,WY,2007,4,6108
DETO,Devils Tower NM,control,WY,2007,5,20371
DETO,Devils Tower NM,control,WY,2007,6,62662
DETO,Devils Tower NM,control,WY,2007,7,85798
DETO,Devils Tower NM,control,WY,2007,8,84146
DETO,Devils Tower NM,control,WY,2007,9,36018
DETO,Devils Tower NM,control,WY,2007,10,12676
DETO,Devils Tower NM,control,WY,2007,11,4705
DETO,Devils Tower NM,control,WY,2007,12,1692
DETO,Devils Tower NM,control,WY,2008,1,1966
DETO,Devils Tower NM,control,WY,2008,2,1498
DETO,Devils Tower NM,control,WY,2008,3,4725
DETO,Devils Tower NM,control,WY,2008,4,6168
DETO,Devils Tower NM,control,WY,2008,5,21757
DETO,Devils Tower NM,control,WY,2008,6,64833
DETO,Devils Tower NM,control,WY,2008,7,84504
DETO,Devils Tower NM,control,WY,2008,8,96111
DETO,Devils Tower NM,control,WY,2008,9,37826
DETO,Devils Tower NM,control,WY,2008,10,11044
DETO,Devils Tower NM,control,WY,2008,11,4036
DETO,Devils Tower NM,control,WY,2008,12,1835
DETO,Devils Tower NM,control,WY,2009,1,1801
DETO,Devils Tower NM,control,WY,2009,2,1998
DETO,Devils Tower NM,control,WY,2009,3,3703
DETO,Devils Tower NM,control,WY,2009,4,6118
DETO,Devils Tower NM,control,WY,2009,5,27137
DETO,Devils Tower NM,control,WY,2009,6,76790
DETO,Devils Tower NM,control,WY,2009,7,106723
DETO,Devils Tower NM,control,WY,2009,8,104045
DETO,Devils Tower NM,control,WY,2009,9,44088
DETO,Devils Tower NM,control,WY,2009,10,10742
DETO,Devils Tower NM,control,WY,2009,11,5281
DETO,Devils Tower NM,control,WY,2009,12,2597
DETO,Devils Tower NM,control,WY,2010,1,1400
DETO,Devils Tower NM,control,WY,2010,2,2002
DETO,Devils Tower NM,control,WY,2010,3,4007
DETO,Devils Tower NM,control,WY,2010,4,7737
DETO,Devils Tower NM,control,WY,2010,5,26136
DETO,Devils Tower NM,control,WY,2010,6,84344
DETO,Devils Tower NM,control,WY,2010,7,117564
DETO,Devils Tower NM,control,WY,2010,8,122206
DETO,Devils Tower NM,control,WY,2010,9,47784
DETO,Devils Tower NM,control,WY,2010,10,16321
DETO,Devils Tower NM,control,WY,2010,11,4611
DETO,Devils Tower NM,control,WY,2010,12,2088
DETO,Devils Tower NM,control,WY,2011,1,2087
DETO,Devils Tower NM,control,WY,2011,2,1793
DETO,Devils Tower NM,control,WY,2011,3,6440
DETO,Devils Tower NM,control,WY,2011,4,7177
DETO,Devils Tower NM,control,WY,2011,5,23055
DETO,Devils Tower NM,control,WY,2011,6,75750
DETO,Devils Tower NM,control,WY,2011,7,102672
DETO,Devils Tower NM,control,WY,2011,8,104450
DETO,Devils Tower NM,control,WY,2011,9,49158
DETO,Devils Tower NM,control,WY,2011,10,16102
DETO,Devils Tower NM,control,WY,2011,11,4083
DETO,Devils Tower NM,control,WY,2011,12,2436
DETO,Devils Tower NM,control,WY,2012,1,2368
DETO,Devils Tower NM,control,WY,2012,2,2842
DETO,Devils Tower NM,control,WY,2012,3,7046
DETO,Devils Tower NM,control,WY,2012,4,10575
DETO,Devils Tower NM,control,WY,2012,5,27960
DETO,Devils Tower NM,control,WY,2012,6,80371
DETO,Devils Tower NM,control,WY,2012,7,105021
DETO,Devils Tower NM,control,WY,2012,8,106098
DETO,Devils Tower NM,control,WY,2012,9,50251
DETO,Devils Tower NM,control,WY,2012,10,15592
DETO,Devils Tower NM,control,WY,2012,11,5034
DETO,Devils Tower NM,control,WY,2012,12,3836
DETO,Devils Tower NM,control,WY,2013,1,2225
DETO,Devils Tower NM,control,WY,2013,2,2160
DETO,Devils Tower NM,control,WY,2013,3,5401
DETO,Devils Tower NM,control,WY,2013,4,6681
DETO,Devils Tower NM,control,WY,2013,5,27824
DETO,Devils Tower NM,control,WY,2013,6,84577
DETO,Devils Tower NM,control,WY,2013,7,111791
DETO,Devils Tower NM,control,WY,2013,8,112348
DETO,Devils Tower NM,control,WY,2013,9,52977
DETO,Devils Tower NM,control,WY,2013,10,3267
DETO,Devils Tower NM,control,WY,2013,11,4639
DETO,Devils Tower NM,control,WY,2013,12,3436
DETO,Devils Tower NM,control,WY,2014,1,2145
DETO,Devils Tower NM,control,WY,2014,2,2176
DETO,Devils Tower NM,control,WY,2014,3,4401
DETO,Devils Tower NM,control,WY,2014,4,7642
DETO,Devils Tower NM,control,WY,2014,5,30453
DETO,Devils Tower NM,control,WY,2014,6,87808
DETO,Devils Tower NM,control,WY,2014,7,116467
DETO,Devils Tower NM,control,WY,2014,8,113490
DETO,Devils Tower NM,control,WY,2014,9,51356
DETO,Devils Tower NM,control,WY,2014,10,17895
DETO,Devils Tower NM,control,WY,2014,11,4762
DETO,Devils Tower NM,control,WY,2014,12,2280
DETO,Devils Tower NM,control,WY,2015,1,2196
DETO,Devils Tower NM,control,WY,2015,2,2497
DETO,Devils Tower NM,control,WY,2015,3,7567
DETO,Devils Tower NM,control,WY,2015,4,8376
DETO,Devils Tower NM,control,WY,2015,5,31440
DETO,Devils Tower NM,control,WY,2015,6,94038
DETO,Devils Tower NM,control,WY,2015,7,122667
DETO,Devils Tower NM,control,WY,2015,8,120623
DETO,Devils Tower NM,control,WY,2015,9,58836
DETO,Devils Tower NM,control,WY,2015,10,21218
DETO,Devils Tower NM,control,WY,2015,11,5737
DETO,Devils Tower NM,control,WY,2015,12,3638
DETO,Devils Tower NM,control,WY,2016,1,2518
DETO,Devils Tower NM,control,WY,2016,2,3706
DETO,Devils Tower NM,control,WY,2016,3,9332
DETO,Devils Tower NM,control,WY,2016,4,11032
DETO,Devils Tower NM,control,WY,2016,5,39104
DETO,Devils Tower NM,control,WY,2016,6,99959
DETO,Devils Tower NM,control,WY,2016,7,125756
DETO,Devils Tower NM,control,WY,2016,8,106822
DETO,Devils Tower NM,control,WY,2016,9,63426
DETO,Devils Tower NM,control,WY,2016,10,24595
DETO,Devils Tower NM,control,WY,2016,11,7564
DETO,Devils Tower NM,control,WY,2016,12,2396
DETO,Devils Tower NM,control,WY,2017,1,2520
DETO,Devils Tower NM,control,WY,2017,2,2994
DETO,Devils Tower NM,control,WY,2017,3,7318
DETO,Devils Tower NM,control,WY,2017,4,12715
DETO,Devils Tower NM,control,WY,2017,5,38865
DETO,Devils Tower NM,control,WY,2017,6,99810
DETO,Devils Tower NM,control,WY,2017,7,122836
DETO,Devils Tower NM,control,WY,2017,8,120769
DETO,Devils Tower NM,control,WY,2017,9,61309
DETO,Devils Tower NM,control,WY,2017,10,21393
DETO,Devils Tower NM,control,WY,2017,11,6082
DETO,Devils Tower NM,control,WY,2017,12,2420
DETO,Devils Tower NM,control,WY,2018,1,2029
DETO,Devils Tower NM,control,WY,2018,2,1856
DETO,Devils Tower NM,control,WY,2018,3,6241
DETO,Devils Tower NM,control,WY,2018,4,10863
DETO,Devils Tower NM,control,WY,2018,5,40655
DETO,Devils Tower NM,control,WY,2018,6,96302
DETO,Devils Tower NM,control,WY,2018,7,118287
DETO,Devils Tower NM,control,WY,2018,8,101529
DETO,Devils Tower NM,control,WY,2018,9,62826
DETO,Devils Tower NM,control,WY,2018,10,19672
DETO,Devils Tower NM,control,WY,2018,11,5413
DETO,Devils Tower NM,control,WY,2018,12,2543
DETO,Devils Tower NM,control,WY,2019,1,2421
DETO,Devils Tower NM,control,WY,2019,2,2066
DETO,Devils Tower NM,control,WY,2019,3,4753
DETO,Devils Tower NM,control,WY,2019,4,9686
DETO,Devils Tower NM,control,WY,2019,5,33997
DETO,Devils Tower NM,control,WY,2019,6,96663
DETO,Devils Tower NM,control,WY,2019,7,113849
DETO,Devils Tower NM,control,WY,2019,8,100207
DETO,Devils Tower NM,control,WY,2019,9,62469
DETO,Devils Tower NM,control,WY,2019,10,17290
DETO,Devils Tower NM,control,WY,2019,11,4294
DETO,Devils Tower NM,control,WY,2019,12,3090
DETO,Devils Tower NM,control,WY,2020,1,2565
DETO,Devils Tower NM,control,WY,2020,2,2515
DETO,Devils Tower NM,control,WY,2020,3,2625
DETO,Devils Tower NM,control,WY,2020,4,0
DETO,Devils Tower NM,control,WY,2020,5,11953
DETO,Devils Tower NM,control,WY,2020,6,68981
DETO,Devils Tower NM,control,WY,2020,7,108772
DETO,Devils Tower NM,control,WY,2020,8,113593
DETO,Devils Tower NM,control,WY,2020,9,68726
DETO,Devils Tower NM,control,WY,2020,10,29908
DETO,Devils Tower NM,control,WY,2020,11,9005
DETO,Devils Tower NM,control,WY,2020,12,5354
DETO,Devils Tower NM,control,WY,2021,1,4438
DETO,Devils Tower NM,control,WY,2021,2,2623
DETO,Devils Tower NM,control,WY,2021,3,10076
DETO,Devils Tower NM,control,WY,2021,4,17170
DETO,Devils Tower NM,control,WY,2021,5,44371
DETO,Devils Tower NM,control,WY,2021,6,108856
DETO,Devils Tower NM,control,WY,2021,7,124715
DETO,Devils Tower NM,control,WY,2021,8,126731
DETO,Devils Tower NM,control,WY,2021,9,70008
DETO,Devils Tower NM,control,WY,2021,10,29252
DETO,Devils Tower NM,control,WY,2021,11,8559
DETO,Devils Tower NM,control,WY,2021,12,3913
DETO,Devils Tower NM,control,WY,2022,1,3058
DETO,Devils Tower NM,control,WY,2022,2,4452
DETO,Devils Tower NM,control,WY,2022,3,8711
DETO,Devils Tower NM,control,WY,2022,4,10530
DETO,Devils Tower NM,control,WY,2022,5,41593
DETO,Devils Tower NM,control,WY,2022,6,100519
DETO,Devils Tower NM,control,WY,2022,7,108965
DETO,Devils Tower NM,control,WY,2022,8,102326
DETO,Devils Tower NM,control,WY,2022,9,62916
DETO,Devils Tower NM,control,WY,2022,10,28766
DETO,Devils Tower NM,control,WY,2022,11,6302
DETO,Devils Tower NM,control,WY,2022,12,2575
DETO,Devils Tower NM,control,WY,2023,1,1947
DETO,Devils Tower NM,control,WY,2023,2,1810
DETO,Devils Tower NM,control,WY,2023,3,5597
DETO,Devils Tower NM,control,WY,2023,4,11474
DETO,Devils Tower NM,control,WY,2023,5,43974
DETO,Devils Tower NM,control,WY,2023,6,104214
DETO,Devils Tower NM,control,WY,2023,7,129704
DETO,Devils Tower NM,control,WY,2023,8,106817
DETO,Devils Tower NM,control,WY,2023,9,67643
DETO,Devils Tower NM,control,WY,2023,10,26157
DETO,Devils Tower NM,control,WY,2023,11,7174
DETO,Devils Tower NM,control,WY,2023,12,4694
DETO,Devils Tower NM,control,WY,2024,1,3139
DETO,Devils Tower NM,control,WY,2024,2,4395
DETO,Devils Tower NM,control,WY,2024,3,9968
DETO,Devils Tower NM,control,WY,2024,4,17353
DETO,Devils Tower NM,control,WY,2024,5,48935
DETO,Devils Tower NM,control,WY,2024,6,108892
DETO,Devils Tower NM,control,WY,2024,7,118635
DETO,Devils Tower NM,control,WY,2024,8,116482
DETO,Devils Tower NM,control,WY,2024,9,72271
DETO,Devils Tower NM,control,WY,2024,10,28962
DETO,Devils Tower NM,control,WY,2024,11,7039
DETO,Devils Tower NM,control,WY,2024,12,4819
DETO,Devils Tower NM,control,WY,2025,1,2914
DETO,Devils Tower NM,control,WY,2025,2,2906
DETO,Devils Tower NM,control,WY,2025,3,8126
DETO,Devils Tower NM,control,WY,2025,4,14394
DETO,Devils Tower NM,control,WY,2025,5,46853
DETO,Devils Tower NM,control,WY,2025,6,102574
DETO,Devils Tower NM,control,WY,2025,7,114448
DETO,Devils Tower NM,control,WY,2025,8,110651
DETO,Devils Tower NM,control,WY,2025,9,70480
DETO,Devils Tower NM,control,WY,2025,10,29420
DETO,Devils Tower NM,control,WY,2025,11,8553
DETO,Devils Tower NM,control,WY,2025,12,3984
DETO,Devils Tower NM,control,WY,2026,1,4071
DETO,Devils Tower NM,control,WY,2026,2,4949
DETO,Devils Tower NM,control,WY,2026,3,10773
DETO,Devils Tower NM,control,WY,2026,4,14959
DETO,Devils Tower NM,control,WY,2026,5,51826
DETO,Devils Tower NM,control,WY,2026,6,103935
DETO,Devils Tower NM,control,WY,2026,7,108035
DETO,Devils Tower NM,control,WY,2026,8,79537
KNRI,Knife River Indian Villages NHS,corridor,ND,1981,1,9
KNRI,Knife River Indian Villages NHS,corridor,ND,1981,2,18
KNRI,Knife River Indian Villages NHS,corridor,ND,1981,3,26
KNRI,Knife River Indian Villages NHS,corridor,ND,1981,4,163
KNRI,Knife River Indian Villages NHS,corridor,ND,1981,5,848
KNRI,Knife River Indian Villages NHS,corridor,ND,1981,6,748
KNRI,Knife River Indian Villages NHS,corridor,ND,1981,7,1142
KNRI,Knife River Indian Villages NHS,corridor,ND,1981,8,842
KNRI,Knife River Indian Villages NHS,corridor,ND,1981,9,186
KNRI,Knife River Indian Villages NHS,corridor,ND,1981,10,516
KNRI,Knife River Indian Villages NHS,corridor,ND,1981,11,102
KNRI,Knife River Indian Villages NHS,corridor,ND,1981,12,16
KNRI,Knife River Indian Villages NHS,corridor,ND,1982,1,6
KNRI,Knife River Indian Villages NHS,corridor,ND,1982,2,6
KNRI,Knife River Indian Villages NHS,corridor,ND,1982,3,74
KNRI,Knife River Indian Villages NHS,corridor,ND,1982,4,144
KNRI,Knife River Indian Villages NHS,corridor,ND,1982,5,583
KNRI,Knife River Indian Villages NHS,corridor,ND,1982,6,741
KNRI,Knife River Indian Villages NHS,corridor,ND,1982,7,1038
KNRI,Knife River Indian Villages NHS,corridor,ND,1982,8,1048
KNRI,Knife River Indian Villages NHS,corridor,ND,1982,9,614
KNRI,Knife River Indian Villages NHS,corridor,ND,1982,10,527
KNRI,Knife River Indian Villages NHS,corridor,ND,1982,11,68
KNRI,Knife River Indian Villages NHS,corridor,ND,1982,12,9
KNRI,Knife River Indian Villages NHS,corridor,ND,1983,1,23
KNRI,Knife River Indian Villages NHS,corridor,ND,1983,2,67
KNRI,Knife River Indian Villages NHS,corridor,ND,1983,3,78
KNRI,Knife River Indian Villages NHS,corridor,ND,1983,4,413
KNRI,Knife River Indian Villages NHS,corridor,ND,1983,5,940
KNRI,Knife River Indian Villages NHS,corridor,ND,1983,6,1866
KNRI,Knife River Indian Villages NHS,corridor,ND,1983,7,2109
KNRI,Knife River Indian Villages NHS,corridor,ND,1983,8,1643
KNRI,Knife River Indian Villages NHS,corridor,ND,1983,9,712
KNRI,Knife River Indian Villages NHS,corridor,ND,1983,10,349
KNRI,Knife River Indian Villages NHS,corridor,ND,1983,11,154
KNRI,Knife River Indian Villages NHS,corridor,ND,1983,12,19
KNRI,Knife River Indian Villages NHS,corridor,ND,1984,1,66
KNRI,Knife River Indian Villages NHS,corridor,ND,1984,2,76
KNRI,Knife River Indian Villages NHS,corridor,ND,1984,3,144
KNRI,Knife River Indian Villages NHS,corridor,ND,1984,4,215
KNRI,Knife River Indian Villages NHS,corridor,ND,1984,5,678
KNRI,Knife River Indian Villages NHS,corridor,ND,1984,6,1728
KNRI,Knife River Indian Villages NHS,corridor,ND,1984,7,1661
KNRI,Knife River Indian Villages NHS,corridor,ND,1984,8,1987
KNRI,Knife River Indian Villages NHS,corridor,ND,1984,9,903
KNRI,Knife River Indian Villages NHS,corridor,ND,1984,10,254
KNRI,Knife River Indian Villages NHS,corridor,ND,1984,11,152
KNRI,Knife River Indian Villages NHS,corridor,ND,1984,12,31
KNRI,Knife River Indian Villages NHS,corridor,ND,1985,1,136
KNRI,Knife River Indian Villages NHS,corridor,ND,1985,2,75
KNRI,Knife River Indian Villages NHS,corridor,ND,1985,3,180
KNRI,Knife River Indian Villages NHS,corridor,ND,1985,4,199
KNRI,Knife River Indian Villages NHS,corridor,ND,1985,5,913
KNRI,Knife River Indian Villages NHS,corridor,ND,1985,6,3705
KNRI,Knife River Indian Villages NHS,corridor,ND,1985,7,1985
KNRI,Knife River Indian Villages NHS,corridor,ND,1985,8,3497
KNRI,Knife River Indian Villages NHS,corridor,ND,1985,9,1281
KNRI,Knife River Indian Villages NHS,corridor,ND,1985,10,264
KNRI,Knife River Indian Villages NHS,corridor,ND,1985,11,86
KNRI,Knife River Indian Villages NHS,corridor,ND,1985,12,70
KNRI,Knife River Indian Villages NHS,corridor,ND,1986,1,136
KNRI,Knife River Indian Villages NHS,corridor,ND,1986,2,98
KNRI,Knife River Indian Villages NHS,corridor,ND,1986,3,171
KNRI,Knife River Indian Villages NHS,corridor,ND,1986,4,304
KNRI,Knife River Indian Villages NHS,corridor,ND,1986,5,722
KNRI,Knife River Indian Villages NHS,corridor,ND,1986,6,1939
KNRI,Knife River Indian Villages NHS,corridor,ND,1986,7,3906
KNRI,Knife River Indian Villages NHS,corridor,ND,1986,8,3125
KNRI,Knife River Indian Villages NHS,corridor,ND,1986,9,766
KNRI,Knife River Indian Villages NHS,corridor,ND,1986,10,430
KNRI,Knife River Indian Villages NHS,corridor,ND,1986,11,112
KNRI,Knife River Indian Villages NHS,corridor,ND,1986,12,48
KNRI,Knife River Indian Villages NHS,corridor,ND,1987,1,274
KNRI,Knife River Indian Villages NHS,corridor,ND,1987,2,154
KNRI,Knife River Indian Villages NHS,corridor,ND,1987,3,156
KNRI,Knife River Indian Villages NHS,corridor,ND,1987,4,414
KNRI,Knife River Indian Villages NHS,corridor,ND,1987,5,2555
KNRI,Knife River Indian Villages NHS,corridor,ND,1987,6,2684
KNRI,Knife River Indian Villages NHS,corridor,ND,1987,7,4090
KNRI,Knife River Indian Villages NHS,corridor,ND,1987,8,3701
KNRI,Knife River Indian Villages NHS,corridor,ND,1987,9,1571
KNRI,Knife River Indian Villages NHS,corridor,ND,1987,10,473
KNRI,Knife River Indian Villages NHS,corridor,ND,1987,11,146
KNRI,Knife River Indian Villages NHS,corridor,ND,1987,12,47
KNRI,Knife River Indian Villages NHS,corridor,ND,1988,1,117
KNRI,Knife River Indian Villages NHS,corridor,ND,1988,2,96
KNRI,Knife River Indian Villages NHS,corridor,ND,1988,3,142
KNRI,Knife River Indian Villages NHS,corridor,ND,1988,4,447
KNRI,Knife River Indian Villages NHS,corridor,ND,1988,5,2438
KNRI,Knife River Indian Villages NHS,corridor,ND,1988,6,2647
KNRI,Knife River Indian Villages NHS,corridor,ND,1988,7,4798
KNRI,Knife River Indian Villages NHS,corridor,ND,1988,8,3745
KNRI,Knife River Indian Villages NHS,corridor,ND,1988,9,1414
KNRI,Knife River Indian Villages NHS,corridor,ND,1988,10,821
KNRI,Knife River Indian Villages NHS,corridor,ND,1988,11,97
KNRI,Knife River Indian Villages NHS,corridor,ND,1988,12,150
KNRI,Knife River Indian Villages NHS,corridor,ND,1989,1,696
KNRI,Knife River Indian Villages NHS,corridor,ND,1989,2,191
KNRI,Knife River Indian Villages NHS,corridor,ND,1989,3,159
KNRI,Knife River Indian Villages NHS,corridor,ND,1989,4,407
KNRI,Knife River Indian Villages NHS,corridor,ND,1989,5,3371
KNRI,Knife River Indian Villages NHS,corridor,ND,1989,6,2850
KNRI,Knife River Indian Villages NHS,corridor,ND,1989,7,4696
KNRI,Knife River Indian Villages NHS,corridor,ND,1989,8,3753
KNRI,Knife River Indian Villages NHS,corridor,ND,1989,9,1409
KNRI,Knife River Indian Villages NHS,corridor,ND,1989,10,1157
KNRI,Knife River Indian Villages NHS,corridor,ND,1989,11,114
KNRI,Knife River Indian Villages NHS,corridor,ND,1989,12,21
KNRI,Knife River Indian Villages NHS,corridor,ND,1990,1,101
KNRI,Knife River Indian Villages NHS,corridor,ND,1990,2,151
KNRI,Knife River Indian Villages NHS,corridor,ND,1990,3,151
KNRI,Knife River Indian Villages NHS,corridor,ND,1990,4,439
KNRI,Knife River Indian Villages NHS,corridor,ND,1990,5,1370
KNRI,Knife River Indian Villages NHS,corridor,ND,1990,6,3226
KNRI,Knife River Indian Villages NHS,corridor,ND,1990,7,3437
KNRI,Knife River Indian Villages NHS,corridor,ND,1990,8,2145
KNRI,Knife River Indian Villages NHS,corridor,ND,1990,9,1120
KNRI,Knife River Indian Villages NHS,corridor,ND,1990,10,313
KNRI,Knife River Indian Villages NHS,corridor,ND,1990,11,54
KNRI,Knife River Indian Villages NHS,corridor,ND,1990,12,27
KNRI,Knife River Indian Villages NHS,corridor,ND,1991,1,146
KNRI,Knife River Indian Villages NHS,corridor,ND,1991,2,82
KNRI,Knife River Indian Villages NHS,corridor,ND,1991,3,120
KNRI,Knife River Indian Villages NHS,corridor,ND,1991,4,540
KNRI,Knife River Indian Villages NHS,corridor,ND,1991,5,1385
KNRI,Knife River Indian Villages NHS,corridor,ND,1991,6,3274
KNRI,Knife River Indian Villages NHS,corridor,ND,1991,7,4049
KNRI,Knife River Indian Villages NHS,corridor,ND,1991,8,2720
KNRI,Knife River Indian Villages NHS,corridor,ND,1991,9,1034
KNRI,Knife River Indian Villages NHS,corridor,ND,1991,10,404
KNRI,Knife River Indian Villages NHS,corridor,ND,1991,11,41
KNRI,Knife River Indian Villages NHS,corridor,ND,1991,12,50
KNRI,Knife River Indian Villages NHS,corridor,ND,1992,1,28
KNRI,Knife River Indian Villages NHS,corridor,ND,1992,2,79
KNRI,Knife River Indian Villages NHS,corridor,ND,1992,3,158
KNRI,Knife River Indian Villages NHS,corridor,ND,1992,4,403
KNRI,Knife River Indian Villages NHS,corridor,ND,1992,5,2091
KNRI,Knife River Indian Villages NHS,corridor,ND,1992,6,4711
KNRI,Knife River Indian Villages NHS,corridor,ND,1992,7,5188
KNRI,Knife River Indian Villages NHS,corridor,ND,1992,8,3109
KNRI,Knife River Indian Villages NHS,corridor,ND,1992,9,1903
KNRI,Knife River Indian Villages NHS,corridor,ND,1992,10,870
KNRI,Knife River Indian Villages NHS,corridor,ND,1992,11,227
KNRI,Knife River Indian Villages NHS,corridor,ND,1992,12,82
KNRI,Knife River Indian Villages NHS,corridor,ND,1993,1,145
KNRI,Knife River Indian Villages NHS,corridor,ND,1993,2,136
KNRI,Knife River Indian Villages NHS,corridor,ND,1993,3,206
KNRI,Knife River Indian Villages NHS,corridor,ND,1993,4,273
KNRI,Knife River Indian Villages NHS,corridor,ND,1993,5,1528
KNRI,Knife River Indian Villages NHS,corridor,ND,1993,6,4167
KNRI,Knife River Indian Villages NHS,corridor,ND,1993,7,3984
KNRI,Knife River Indian Villages NHS,corridor,ND,1993,8,4104
KNRI,Knife River Indian Villages NHS,corridor,ND,1993,9,1610
KNRI,Knife River Indian Villages NHS,corridor,ND,1993,10,933
KNRI,Knife River Indian Villages NHS,corridor,ND,1993,11,316
KNRI,Knife River Indian Villages NHS,corridor,ND,1993,12,70
KNRI,Knife River Indian Villages NHS,corridor,ND,1994,1,108
KNRI,Knife River Indian Villages NHS,corridor,ND,1994,2,69
KNRI,Knife River Indian Villages NHS,corridor,ND,1994,3,166
KNRI,Knife River Indian Villages NHS,corridor,ND,1994,4,292
KNRI,Knife River Indian Villages NHS,corridor,ND,1994,5,2230
KNRI,Knife River Indian Villages NHS,corridor,ND,1994,6,3731
KNRI,Knife River Indian Villages NHS,corridor,ND,1994,7,4412
KNRI,Knife River Indian Villages NHS,corridor,ND,1994,8,3305
KNRI,Knife River Indian Villages NHS,corridor,ND,1994,9,1446
KNRI,Knife River Indian Villages NHS,corridor,ND,1994,10,766
KNRI,Knife River Indian Villages NHS,corridor,ND,1994,11,237
KNRI,Knife River Indian Villages NHS,corridor,ND,1994,12,167
KNRI,Knife River Indian Villages NHS,corridor,ND,1995,1,134
KNRI,Knife River Indian Villages NHS,corridor,ND,1995,2,116
KNRI,Knife River Indian Villages NHS,corridor,ND,1995,3,154
KNRI,Knife River Indian Villages NHS,corridor,ND,1995,4,339
KNRI,Knife River Indian Villages NHS,corridor,ND,1995,5,1589
KNRI,Knife River Indian Villages NHS,corridor,ND,1995,6,3334
KNRI,Knife River Indian Villages NHS,corridor,ND,1995,7,4924
KNRI,Knife River Indian Villages NHS,corridor,ND,1995,8,3935
KNRI,Knife River Indian Villages NHS,corridor,ND,1995,9,1691
KNRI,Knife River Indian Villages NHS,corridor,ND,1995,10,663
KNRI,Knife River Indian Villages NHS,corridor,ND,1995,11,141
KNRI,Knife River Indian Villages NHS,corridor,ND,1995,12,96
KNRI,Knife River Indian Villages NHS,corridor,ND,1996,1,125
KNRI,Knife River Indian Villages NHS,corridor,ND,1996,2,208
KNRI,Knife River Indian Villages NHS,corridor,ND,1996,3,194
KNRI,Knife River Indian Villages NHS,corridor,ND,1996,4,274
KNRI,Knife River Indian Villages NHS,corridor,ND,1996,5,1482
KNRI,Knife River Indian Villages NHS,corridor,ND,1996,6,2719
KNRI,Knife River Indian Villages NHS,corridor,ND,1996,7,4683
KNRI,Knife River Indian Villages NHS,corridor,ND,1996,8,3912
KNRI,Knife River Indian Villages NHS,corridor,ND,1996,9,1540
KNRI,Knife River Indian Villages NHS,corridor,ND,1996,10,658
KNRI,Knife River Indian Villages NHS,corridor,ND,1996,11,90
KNRI,Knife River Indian Villages NHS,corridor,ND,1996,12,102
KNRI,Knife River Indian Villages NHS,corridor,ND,1997,1,125
KNRI,Knife River Indian Villages NHS,corridor,ND,1997,2,134
KNRI,Knife River Indian Villages NHS,corridor,ND,1997,3,237
KNRI,Knife River Indian Villages NHS,corridor,ND,1997,4,307
KNRI,Knife River Indian Villages NHS,corridor,ND,1997,5,3092
KNRI,Knife River Indian Villages NHS,corridor,ND,1997,6,5875
KNRI,Knife River Indian Villages NHS,corridor,ND,1997,7,6884
KNRI,Knife River Indian Villages NHS,corridor,ND,1997,8,4892
KNRI,Knife River Indian Villages NHS,corridor,ND,1997,9,2328
KNRI,Knife River Indian Villages NHS,corridor,ND,1997,10,1016
KNRI,Knife River Indian Villages NHS,corridor,ND,1997,11,167
KNRI,Knife River Indian Villages NHS,corridor,ND,1997,12,149
KNRI,Knife River Indian Villages NHS,corridor,ND,1998,1,71
KNRI,Knife River Indian Villages NHS,corridor,ND,1998,2,94
KNRI,Knife River Indian Villages NHS,corridor,ND,1998,3,131
KNRI,Knife River Indian Villages NHS,corridor,ND,1998,4,1174
KNRI,Knife River Indian Villages NHS,corridor,ND,1998,5,3412
KNRI,Knife River Indian Villages NHS,corridor,ND,1998,6,4993
KNRI,Knife River Indian Villages NHS,corridor,ND,1998,7,5567
KNRI,Knife River Indian Villages NHS,corridor,ND,1998,8,4627
KNRI,Knife River Indian Villages NHS,corridor,ND,1998,9,2106
KNRI,Knife River Indian Villages NHS,corridor,ND,1998,10,1134
KNRI,Knife River Indian Villages NHS,corridor,ND,1998,11,106
KNRI,Knife River Indian Villages NHS,corridor,ND,1998,12,108
KNRI,Knife River Indian Villages NHS,corridor,ND,1999,1,866
KNRI,Knife River Indian Villages NHS,corridor,ND,1999,2,220
KNRI,Knife River Indian Villages NHS,corridor,ND,1999,3,220
KNRI,Knife River Indian Villages NHS,corridor,ND,1999,4,1753
KNRI,Knife River Indian Villages NHS,corridor,ND,1999,5,4758
KNRI,Knife River Indian Villages NHS,corridor,ND,1999,6,6443
KNRI,Knife River Indian Villages NHS,corridor,ND,1999,7,7867
KNRI,Knife River Indian Villages NHS,corridor,ND,1999,8,5962
KNRI,Knife River Indian Villages NHS,corridor,ND,1999,9,2592
KNRI,Knife River Indian Villages NHS,corridor,ND,1999,10,1256
KNRI,Knife River Indian Villages NHS,corridor,ND,1999,11,423
KNRI,Knife River Indian Villages NHS,corridor,ND,1999,12,95
KNRI,Knife River Indian Villages NHS,corridor,ND,2000,1,792
KNRI,Knife River Indian Villages NHS,corridor,ND,2000,2,354
KNRI,Knife River Indian Villages NHS,corridor,ND,2000,3,326
KNRI,Knife River Indian Villages NHS,corridor,ND,2000,4,1995
KNRI,Knife River Indian Villages NHS,corridor,ND,2000,5,5853
KNRI,Knife River Indian Villages NHS,corridor,ND,2000,6,6281
KNRI,Knife River Indian Villages NHS,corridor,ND,2000,7,7574
KNRI,Knife River Indian Villages NHS,corridor,ND,2000,8,5242
KNRI,Knife River Indian Villages NHS,corridor,ND,2000,9,2770
KNRI,Knife River Indian Villages NHS,corridor,ND,2000,10,1586
KNRI,Knife River Indian Villages NHS,corridor,ND,2000,11,230
KNRI,Knife River Indian Villages NHS,corridor,ND,2000,12,45
KNRI,Knife River Indian Villages NHS,corridor,ND,2001,1,280
KNRI,Knife River Indian Villages NHS,corridor,ND,2001,2,158
KNRI,Knife River Indian Villages NHS,corridor,ND,2001,3,231
KNRI,Knife River Indian Villages NHS,corridor,ND,2001,4,1299
KNRI,Knife River Indian Villages NHS,corridor,ND,2001,5,8095
KNRI,Knife River Indian Villages NHS,corridor,ND,2001,6,7660
KNRI,Knife River Indian Villages NHS,corridor,ND,2001,7,7051
KNRI,Knife River Indian Villages NHS,corridor,ND,2001,8,5170
KNRI,Knife River Indian Villages NHS,corridor,ND,2001,9,3564
KNRI,Knife River Indian Villages NHS,corridor,ND,2001,10,2230
KNRI,Knife River Indian Villages NHS,corridor,ND,2001,11,462
KNRI,Knife River Indian Villages NHS,corridor,ND,2001,12,80
KNRI,Knife River Indian Villages NHS,corridor,ND,2002,1,108
KNRI,Knife River Indian Villages NHS,corridor,ND,2002,2,67
KNRI,Knife River Indian Villages NHS,corridor,ND,2002,3,162
KNRI,Knife River Indian Villages NHS,corridor,ND,2002,4,1444
KNRI,Knife River Indian Villages NHS,corridor,ND,2002,5,5341
KNRI,Knife River Indian Villages NHS,corridor,ND,2002,6,6053
KNRI,Knife River Indian Villages NHS,corridor,ND,2002,7,6110
KNRI,Knife River Indian Villages NHS,corridor,ND,2002,8,5069
KNRI,Knife River Indian Villages NHS,corridor,ND,2002,9,4809
KNRI,Knife River Indian Villages NHS,corridor,ND,2002,10,2158
KNRI,Knife River Indian Villages NHS,corridor,ND,2002,11,222
KNRI,Knife River Indian Villages NHS,corridor,ND,2002,12,119
KNRI,Knife River Indian Villages NHS,corridor,ND,2003,1,42
KNRI,Knife River Indian Villages NHS,corridor,ND,2003,2,75
KNRI,Knife River Indian Villages NHS,corridor,ND,2003,3,267
KNRI,Knife River Indian Villages NHS,corridor,ND,2003,4,1752
KNRI,Knife River Indian Villages NHS,corridor,ND,2003,5,4885
KNRI,Knife River Indian Villages NHS,corridor,ND,2003,6,8950
KNRI,Knife River Indian Villages NHS,corridor,ND,2003,7,8294
KNRI,Knife River Indian Villages NHS,corridor,ND,2003,8,6036
KNRI,Knife River Indian Villages NHS,corridor,ND,2003,9,4148
KNRI,Knife River Indian Villages NHS,corridor,ND,2003,10,1935
KNRI,Knife River Indian Villages NHS,corridor,ND,2003,11,112
KNRI,Knife River Indian Villages NHS,corridor,ND,2003,12,109
KNRI,Knife River Indian Villages NHS,corridor,ND,2004,1,209
KNRI,Knife River Indian Villages NHS,corridor,ND,2004,2,80
KNRI,Knife River Indian Villages NHS,corridor,ND,2004,3,122
KNRI,Knife River Indian Villages NHS,corridor,ND,2004,4,1527
KNRI,Knife River Indian Villages NHS,corridor,ND,2004,5,4681
KNRI,Knife River Indian Villages NHS,corridor,ND,2004,6,7821
KNRI,Knife River Indian Villages NHS,corridor,ND,2004,7,8592
KNRI,Knife River Indian Villages NHS,corridor,ND,2004,8,7183
KNRI,Knife River Indian Villages NHS,corridor,ND,2004,9,4852
KNRI,Knife River Indian Villages NHS,corridor,ND,2004,10,4756
KNRI,Knife River Indian Villages NHS,corridor,ND,2004,11,203
KNRI,Knife River Indian Villages NHS,corridor,ND,2004,12,140
KNRI,Knife River Indian Villages NHS,corridor,ND,2005,1,54
KNRI,Knife River Indian Villages NHS,corridor,ND,2005,2,135
KNRI,Knife River Indian Villages NHS,corridor,ND,2005,3,80
KNRI,Knife River Indian Villages NHS,corridor,ND,2005,4,1730
KNRI,Knife River Indian Villages NHS,corridor,ND,2005,5,3491
KNRI,Knife River Indian Villages NHS,corridor,ND,2005,6,6385
KNRI,Knife River Indian Villages NHS,corridor,ND,2005,7,7059
KNRI,Knife River Indian Villages NHS,corridor,ND,2005,8,6637
KNRI,Knife River Indian Villages NHS,corridor,ND,2005,9,4036
KNRI,Knife River Indian Villages NHS,corridor,ND,2005,10,1253
KNRI,Knife River Indian Villages NHS,corridor,ND,2005,11,99
KNRI,Knife River Indian Villages NHS,corridor,ND,2005,12,120
KNRI,Knife River Indian Villages NHS,corridor,ND,2006,1,43
KNRI,Knife River Indian Villages NHS,corridor,ND,2006,2,81
KNRI,Knife River Indian Villages NHS,corridor,ND,2006,3,116
KNRI,Knife River Indian Villages NHS,corridor,ND,2006,4,1501
KNRI,Knife River Indian Villages NHS,corridor,ND,2006,5,3912
KNRI,Knife River Indian Villages NHS,corridor,ND,2006,6,4953
KNRI,Knife River Indian Villages NHS,corridor,ND,2006,7,4522
KNRI,Knife River Indian Villages NHS,corridor,ND,2006,8,4059
KNRI,Knife River Indian Villages NHS,corridor,ND,2006,9,3237
KNRI,Knife River Indian Villages NHS,corridor,ND,2006,10,1628
KNRI,Knife River Indian Villages NHS,corridor,ND,2006,11,125
KNRI,Knife River Indian Villages NHS,corridor,ND,2006,12,58
KNRI,Knife River Indian Villages NHS,corridor,ND,2007,1,35
KNRI,Knife River Indian Villages NHS,corridor,ND,2007,2,40
KNRI,Knife River Indian Villages NHS,corridor,ND,2007,3,104
KNRI,Knife River Indian Villages NHS,corridor,ND,2007,4,1335
KNRI,Knife River Indian Villages NHS,corridor,ND,2007,5,3201
KNRI,Knife River Indian Villages NHS,corridor,ND,2007,6,4215
KNRI,Knife River Indian Villages NHS,corridor,ND,2007,7,4179
KNRI,Knife River Indian Villages NHS,corridor,ND,2007,8,3847
KNRI,Knife River Indian Villages NHS,corridor,ND,2007,9,4024
KNRI,Knife River Indian Villages NHS,corridor,ND,2007,10,1311
KNRI,Knife River Indian Villages NHS,corridor,ND,2007,11,187
KNRI,Knife River Indian Villages NHS,corridor,ND,2007,12,80
KNRI,Knife River Indian Villages NHS,corridor,ND,2008,1,68
KNRI,Knife River Indian Villages NHS,corridor,ND,2008,2,87
KNRI,Knife River Indian Villages NHS,corridor,ND,2008,3,129
KNRI,Knife River Indian Villages NHS,corridor,ND,2008,4,737
KNRI,Knife River Indian Villages NHS,corridor,ND,2008,5,3172
KNRI,Knife River Indian Villages NHS,corridor,ND,2008,6,2497
KNRI,Knife River Indian Villages NHS,corridor,ND,2008,7,3582
KNRI,Knife River Indian Villages NHS,corridor,ND,2008,8,3678
KNRI,Knife River Indian Villages NHS,corridor,ND,2008,9,9300
KNRI,Knife River Indian Villages NHS,corridor,ND,2008,10,1391
KNRI,Knife River Indian Villages NHS,corridor,ND,2008,11,121
KNRI,Knife River Indian Villages NHS,corridor,ND,2008,12,36
KNRI,Knife River Indian Villages NHS,corridor,ND,2009,1,23
KNRI,Knife River Indian Villages NHS,corridor,ND,2009,2,59
KNRI,Knife River Indian Villages NHS,corridor,ND,2009,3,81
KNRI,Knife River Indian Villages NHS,corridor,ND,2009,4,258
KNRI,Knife River Indian Villages NHS,corridor,ND,2009,5,4004
KNRI,Knife River Indian Villages NHS,corridor,ND,2009,6,5681
KNRI,Knife River Indian Villages NHS,corridor,ND,2009,7,6826
KNRI,Knife River Indian Villages NHS,corridor,ND,2009,8,2781
KNRI,Knife River Indian Villages NHS,corridor,ND,2009,9,8091
KNRI,Knife River Indian Villages NHS,corridor,ND,2009,10,1297
KNRI,Knife River Indian Villages NHS,corridor,ND,2009,11,270
KNRI,Knife River Indian Villages NHS,corridor,ND,2009,12,19
KNRI,Knife River Indian Villages NHS,corridor,ND,2010,1,39
KNRI,Knife River Indian Villages NHS,corridor,ND,2010,2,125
KNRI,Knife River Indian Villages NHS,corridor,ND,2010,3,95
KNRI,Knife River Indian Villages NHS,corridor,ND,2010,4,385
KNRI,Knife River Indian Villages NHS,corridor,ND,2010,5,2910
KNRI,Knife River Indian Villages NHS,corridor,ND,2010,6,5552
KNRI,Knife River Indian Villages NHS,corridor,ND,2010,7,4926
KNRI,Knife River Indian Villages NHS,corridor,ND,2010,8,3877
KNRI,Knife River Indian Villages NHS,corridor,ND,2010,9,2783
KNRI,Knife River Indian Villages NHS,corridor,ND,2010,10,933
KNRI,Knife River Indian Villages NHS,corridor,ND,2010,11,80
KNRI,Knife River Indian Villages NHS,corridor,ND,2010,12,16
KNRI,Knife River Indian Villages NHS,corridor,ND,2011,1,8
KNRI,Knife River Indian Villages NHS,corridor,ND,2011,2,76
KNRI,Knife River Indian Villages NHS,corridor,ND,2011,3,46
KNRI,Knife River Indian Villages NHS,corridor,ND,2011,4,207
KNRI,Knife River Indian Villages NHS,corridor,ND,2011,5,1396
KNRI,Knife River Indian Villages NHS,corridor,ND,2011,6,2560
KNRI,Knife River Indian Villages NHS,corridor,ND,2011,7,3522
KNRI,Knife River Indian Villages NHS,corridor,ND,2011,8,3822
KNRI,Knife River Indian Villages NHS,corridor,ND,2011,9,3182
KNRI,Knife River Indian Villages NHS,corridor,ND,2011,10,1041
KNRI,Knife River Indian Villages NHS,corridor,ND,2011,11,105
KNRI,Knife River Indian Villages NHS,corridor,ND,2011,12,60
KNRI,Knife River Indian Villages NHS,corridor,ND,2012,1,35
KNRI,Knife River Indian Villages NHS,corridor,ND,2012,2,116
KNRI,Knife River Indian Villages NHS,corridor,ND,2012,3,390
KNRI,Knife River Indian Villages NHS,corridor,ND,2012,4,392
KNRI,Knife River Indian Villages NHS,corridor,ND,2012,5,2982
KNRI,Knife River Indian Villages NHS,corridor,ND,2012,6,2354
KNRI,Knife River Indian Villages NHS,corridor,ND,2012,7,4253
KNRI,Knife River Indian Villages NHS,corridor,ND,2012,8,2252
KNRI,Knife River Indian Villages NHS,corridor,ND,2012,9,2712
KNRI,Knife River Indian Villages NHS,corridor,ND,2012,10,402
KNRI,Knife River Indian Villages NHS,corridor,ND,2012,11,76
KNRI,Knife River Indian Villages NHS,corridor,ND,2012,12,46
KNRI,Knife River Indian Villages NHS,corridor,ND,2013,1,47
KNRI,Knife River Indian Villages NHS,corridor,ND,2013,2,143
KNRI,Knife River Indian Villages NHS,corridor,ND,2013,3,64
KNRI,Knife River Indian Villages NHS,corridor,ND,2013,4,865
KNRI,Knife River Indian Villages NHS,corridor,ND,2013,5,1810
KNRI,Knife River Indian Villages NHS,corridor,ND,2013,6,1728
KNRI,Knife River Indian Villages NHS,corridor,ND,2013,7,2798
KNRI,Knife River Indian Villages NHS,corridor,ND,2013,8,4061
KNRI,Knife River Indian Villages NHS,corridor,ND,2013,9,2660
KNRI,Knife River Indian Villages NHS,corridor,ND,2013,10,106
KNRI,Knife River Indian Villages NHS,corridor,ND,2013,11,156
KNRI,Knife River Indian Villages NHS,corridor,ND,2013,12,38
KNRI,Knife River Indian Villages NHS,corridor,ND,2014,1,34
KNRI,Knife River Indian Villages NHS,corridor,ND,2014,2,137
KNRI,Knife River Indian Villages NHS,corridor,ND,2014,3,111
KNRI,Knife River Indian Villages NHS,corridor,ND,2014,4,472
KNRI,Knife River Indian Villages NHS,corridor,ND,2014,5,1440
KNRI,Knife River Indian Villages NHS,corridor,ND,2014,6,1532
KNRI,Knife River Indian Villages NHS,corridor,ND,2014,7,2425
KNRI,Knife River Indian Villages NHS,corridor,ND,2014,8,1779
KNRI,Knife River Indian Villages NHS,corridor,ND,2014,9,2284
KNRI,Knife River Indian Villages NHS,corridor,ND,2014,10,419
KNRI,Knife River Indian Villages NHS,corridor,ND,2014,11,65
KNRI,Knife River Indian Villages NHS,corridor,ND,2014,12,52
KNRI,Knife River Indian Villages NHS,corridor,ND,2015,1,49
KNRI,Knife River Indian Villages NHS,corridor,ND,2015,2,41
KNRI,Knife River Indian Villages NHS,corridor,ND,2015,3,172
KNRI,Knife River Indian Villages NHS,corridor,ND,2015,4,290
KNRI,Knife River Indian Villages NHS,corridor,ND,2015,5,898
KNRI,Knife River Indian Villages NHS,corridor,ND,2015,6,1825
KNRI,Knife River Indian Villages NHS,corridor,ND,2015,7,2510
KNRI,Knife River Indian Villages NHS,corridor,ND,2015,8,1994
KNRI,Knife River Indian Villages NHS,corridor,ND,2015,9,2664
KNRI,Knife River Indian Villages NHS,corridor,ND,2015,10,638
KNRI,Knife River Indian Villages NHS,corridor,ND,2015,11,231
KNRI,Knife River Indian Villages NHS,corridor,ND,2015,12,65
KNRI,Knife River Indian Villages NHS,corridor,ND,2016,1,106
KNRI,Knife River Indian Villages NHS,corridor,ND,2016,2,180
KNRI,Knife River Indian Villages NHS,corridor,ND,2016,3,248
KNRI,Knife River Indian Villages NHS,corridor,ND,2016,4,411
KNRI,Knife River Indian Villages NHS,corridor,ND,2016,5,1664
KNRI,Knife River Indian Villages NHS,corridor,ND,2016,6,2068
KNRI,Knife River Indian Villages NHS,corridor,ND,2016,7,2924
KNRI,Knife River Indian Villages NHS,corridor,ND,2016,8,2682
KNRI,Knife River Indian Villages NHS,corridor,ND,2016,9,1862
KNRI,Knife River Indian Villages NHS,corridor,ND,2016,10,571
KNRI,Knife River Indian Villages NHS,corridor,ND,2016,11,578
KNRI,Knife River Indian Villages NHS,corridor,ND,2016,12,34
KNRI,Knife River Indian Villages NHS,corridor,ND,2017,1,60
KNRI,Knife River Indian Villages NHS,corridor,ND,2017,2,154
KNRI,Knife River Indian Villages NHS,corridor,ND,2017,3,209
KNRI,Knife River Indian Villages NHS,corridor,ND,2017,4,378
KNRI,Knife River Indian Villages NHS,corridor,ND,2017,5,1248
KNRI,Knife River Indian Villages NHS,corridor,ND,2017,6,1858
KNRI,Knife River Indian Villages NHS,corridor,ND,2017,7,2432
KNRI,Knife River Indian Villages NHS,corridor,ND,2017,8,2812
KNRI,Knife River Indian Villages NHS,corridor,ND,2017,9,1792
KNRI,Knife River Indian Villages NHS,corridor,ND,2017,10,575
KNRI,Knife River Indian Villages NHS,corridor,ND,2017,11,90
KNRI,Knife River Indian Villages NHS,corridor,ND,2017,12,36
KNRI,Knife River Indian Villages NHS,corridor,ND,2018,1,30
KNRI,Knife River Indian Villages NHS,corridor,ND,2018,2,58
KNRI,Knife River Indian Villages NHS,corridor,ND,2018,3,86
KNRI,Knife River Indian Villages NHS,corridor,ND,2018,4,311
KNRI,Knife River Indian Villages NHS,corridor,ND,2018,5,1157
KNRI,Knife River Indian Villages NHS,corridor,ND,2018,6,1784
KNRI,Knife River Indian Villages NHS,corridor,ND,2018,7,3123
KNRI,Knife River Indian Villages NHS,corridor,ND,2018,8,2202
KNRI,Knife River Indian Villages NHS,corridor,ND,2018,9,2223
KNRI,Knife River Indian Villages NHS,corridor,ND,2018,10,554
KNRI,Knife River Indian Villages NHS,corridor,ND,2018,11,74
KNRI,Knife River Indian Villages NHS,corridor,ND,2018,12,80
KNRI,Knife River Indian Villages NHS,corridor,ND,2019,1,18
KNRI,Knife River Indian Villages NHS,corridor,ND,2019,2,24
KNRI,Knife River Indian Villages NHS,corridor,ND,2019,3,106
KNRI,Knife River Indian Villages NHS,corridor,ND,2019,4,256
KNRI,Knife River Indian Villages NHS,corridor,ND,2019,5,1312
KNRI,Knife River Indian Villages NHS,corridor,ND,2019,6,1998
KNRI,Knife River Indian Villages NHS,corridor,ND,2019,7,3030
KNRI,Knife River Indian Villages NHS,corridor,ND,2019,8,1853
KNRI,Knife River Indian Villages NHS,corridor,ND,2019,9,1196
KNRI,Knife River Indian Villages NHS,corridor,ND,2019,10,364
KNRI,Knife River Indian Villages NHS,corridor,ND,2019,11,141
KNRI,Knife River Indian Villages NHS,corridor,ND,2019,12,56
KNRI,Knife River Indian Villages NHS,corridor,ND,2020,1,23
KNRI,Knife River Indian Villages NHS,corridor,ND,2020,2,44
KNRI,Knife River Indian Villages NHS,corridor,ND,2020,3,92
KNRI,Knife River Indian Villages NHS,corridor,ND,2020,4,90
KNRI,Knife River Indian Villages NHS,corridor,ND,2020,5,120
KNRI,Knife River Indian Villages NHS,corridor,ND,2020,6,434
KNRI,Knife River Indian Villages NHS,corridor,ND,2020,7,1869
KNRI,Knife River Indian Villages NHS,corridor,ND,2020,8,1006
KNRI,Knife River Indian Villages NHS,corridor,ND,2020,9,867
KNRI,Knife River Indian Villages NHS,corridor,ND,2020,10,494
KNRI,Knife River Indian Villages NHS,corridor,ND,2020,11,140
KNRI,Knife River Indian Villages NHS,corridor,ND,2020,12,84
KNRI,Knife River Indian Villages NHS,corridor,ND,2021,1,70
KNRI,Knife River Indian Villages NHS,corridor,ND,2021,2,56
KNRI,Knife River Indian Villages NHS,corridor,ND,2021,3,200
KNRI,Knife River Indian Villages NHS,corridor,ND,2021,4,312
KNRI,Knife River Indian Villages NHS,corridor,ND,2021,5,1263
KNRI,Knife River Indian Villages NHS,corridor,ND,2021,6,2027
KNRI,Knife River Indian Villages NHS,corridor,ND,2021,7,2655
KNRI,Knife River Indian Villages NHS,corridor,ND,2021,8,2198
KNRI,Knife River Indian Villages NHS,corridor,ND,2021,9,1592
KNRI,Knife River Indian Villages NHS,corridor,ND,2021,10,632
KNRI,Knife River Indian Villages NHS,corridor,ND,2021,11,152
KNRI,Knife River Indian Villages NHS,corridor,ND,2021,12,66
KNRI,Knife River Indian Villages NHS,corridor,ND,2022,1,30
KNRI,Knife River Indian Villages NHS,corridor,ND,2022,2,42
KNRI,Knife River Indian Villages NHS,corridor,ND,2022,3,83
KNRI,Knife River Indian Villages NHS,corridor,ND,2022,4,242
KNRI,Knife River Indian Villages NHS,corridor,ND,2022,5,1362
KNRI,Knife River Indian Villages NHS,corridor,ND,2022,6,1510
KNRI,Knife River Indian Villages NHS,corridor,ND,2022,7,2293
KNRI,Knife River Indian Villages NHS,corridor,ND,2022,8,1632
KNRI,Knife River Indian Villages NHS,corridor,ND,2022,9,1360
KNRI,Knife River Indian Villages NHS,corridor,ND,2022,10,540
KNRI,Knife River Indian Villages NHS,corridor,ND,2022,11,85
KNRI,Knife River Indian Villages NHS,corridor,ND,2022,12,38
KNRI,Knife River Indian Villages NHS,corridor,ND,2023,1,46
KNRI,Knife River Indian Villages NHS,corridor,ND,2023,2,60
KNRI,Knife River Indian Villages NHS,corridor,ND,2023,3,48
KNRI,Knife River Indian Villages NHS,corridor,ND,2023,4,204
KNRI,Knife River Indian Villages NHS,corridor,ND,2023,5,1028
KNRI,Knife River Indian Villages NHS,corridor,ND,2023,6,1545
KNRI,Knife River Indian Villages NHS,corridor,ND,2023,7,1873
KNRI,Knife River Indian Villages NHS,corridor,ND,2023,8,1576
KNRI,Knife River Indian Villages NHS,corridor,ND,2023,9,1177
KNRI,Knife River Indian Villages NHS,corridor,ND,2023,10,380
KNRI,Knife River Indian Villages NHS,corridor,ND,2023,11,160
KNRI,Knife River Indian Villages NHS,corridor,ND,2023,12,37
KNRI,Knife River Indian Villages NHS,corridor,ND,2024,1,46
KNRI,Knife River Indian Villages NHS,corridor,ND,2024,2,131
KNRI,Knife River Indian Villages NHS,corridor,ND,2024,3,114
KNRI,Knife River Indian Villages NHS,corridor,ND,2024,4,434
KNRI,Knife River Indian Villages NHS,corridor,ND,2024,5,1763
KNRI,Knife River Indian Villages NHS,corridor,ND,2024,6,1859
KNRI,Knife River Indian Villages NHS,corridor,ND,2024,7,2188
KNRI,Knife River Indian Villages NHS,corridor,ND,2024,8,2046
KNRI,Knife River Indian Villages NHS,corridor,ND,2024,9,1282
KNRI,Knife River Indian Villages NHS,corridor,ND,2024,10,770
KNRI,Knife River Indian Villages NHS,corridor,ND,2024,11,166
KNRI,Knife River Indian Villages NHS,corridor,ND,2024,12,68
KNRI,Knife River Indian Villages NHS,corridor,ND,2025,1,50
KNRI,Knife River Indian Villages NHS,corridor,ND,2025,2,54
KNRI,Knife River Indian Villages NHS,corridor,ND,2025,3,162
KNRI,Knife River Indian Villages NHS,corridor,ND,2025,4,274
KNRI,Knife River Indian Villages NHS,corridor,ND,2025,5,1165
KNRI,Knife River Indian Villages NHS,corridor,ND,2025,6,1884
KNRI,Knife River Indian Villages NHS,corridor,ND,2025,7,2084
KNRI,Knife River Indian Villages NHS,corridor,ND,2025,8,1712
KNRI,Knife River Indian Villages NHS,corridor,ND,2025,9,1498
KNRI,Knife River Indian Villages NHS,corridor,ND,2025,10,12
KNRI,Knife River Indian Villages NHS,corridor,ND,2025,11,125
KNRI,Knife River Indian Villages NHS,corridor,ND,2025,12,28
KNRI,Knife River Indian Villages NHS,corridor,ND,2026,1,57
KNRI,Knife River Indian Villages NHS,corridor,ND,2026,2,81
KNRI,Knife River Indian Villages NHS,corridor,ND,2026,3,134
KNRI,Knife River Indian Villages NHS,corridor,ND,2026,4,304
KNRI,Knife River Indian Villages NHS,corridor,ND,2026,5,1153
KNRI,Knife River Indian Villages NHS,corridor,ND,2026,6,1538
KNRI,Knife River Indian Villages NHS,corridor,ND,2026,7,1934
KNRI,Knife River Indian Villages NHS,corridor,ND,2026,8,1746
LIBI,Little Bighorn Battlefield NM,control,MT,1979,1,765
LIBI,Little Bighorn Battlefield NM,control,MT,1979,2,1484
LIBI,Little Bighorn Battlefield NM,control,MT,1979,3,3098
LIBI,Little Bighorn Battlefield NM,control,MT,1979,4,8386
LIBI,Little Bighorn Battlefield NM,control,MT,1979,5,19658
LIBI,Little Bighorn Battlefield NM,control,MT,1979,6,36527
LIBI,Little Bighorn Battlefield NM,control,MT,1979,7,44614
LIBI,Little Bighorn Battlefield NM,control,MT,1979,8,47277
LIBI,Little Bighorn Battlefield NM,control,MT,1979,9,24584
LIBI,Little Bighorn Battlefield NM,control,MT,1979,10,13055
LIBI,Little Bighorn Battlefield NM,control,MT,1979,11,2610
LIBI,Little Bighorn Battlefield NM,control,MT,1979,12,1737
LIBI,Little Bighorn Battlefield NM,control,MT,1980,1,890
LIBI,Little Bighorn Battlefield NM,control,MT,1980,2,857
LIBI,Little Bighorn Battlefield NM,control,MT,1980,3,2032
LIBI,Little Bighorn Battlefield NM,control,MT,1980,4,8576
LIBI,Little Bighorn Battlefield NM,control,MT,1980,5,17917
LIBI,Little Bighorn Battlefield NM,control,MT,1980,6,30241
LIBI,Little Bighorn Battlefield NM,control,MT,1980,7,38317
LIBI,Little Bighorn Battlefield NM,control,MT,1980,8,48654
LIBI,Little Bighorn Battlefield NM,control,MT,1980,9,18235
LIBI,Little Bighorn Battlefield NM,control,MT,1980,10,12083
LIBI,Little Bighorn Battlefield NM,control,MT,1980,11,4069
LIBI,Little Bighorn Battlefield NM,control,MT,1980,12,1440
LIBI,Little Bighorn Battlefield NM,control,MT,1981,1,2171
LIBI,Little Bighorn Battlefield NM,control,MT,1981,2,2551
LIBI,Little Bighorn Battlefield NM,control,MT,1981,3,3589
LIBI,Little Bighorn Battlefield NM,control,MT,1981,4,12865
LIBI,Little Bighorn Battlefield NM,control,MT,1981,5,20234
LIBI,Little Bighorn Battlefield NM,control,MT,1981,6,43734
LIBI,Little Bighorn Battlefield NM,control,MT,1981,7,61167
LIBI,Little Bighorn Battlefield NM,control,MT,1981,8,56788
LIBI,Little Bighorn Battlefield NM,control,MT,1981,9,29196
LIBI,Little Bighorn Battlefield NM,control,MT,1981,10,13347
LIBI,Little Bighorn Battlefield NM,control,MT,1981,11,5670
LIBI,Little Bighorn Battlefield NM,control,MT,1981,12,1680
LIBI,Little Bighorn Battlefield NM,control,MT,1982,1,1019
LIBI,Little Bighorn Battlefield NM,control,MT,1982,2,1746
LIBI,Little Bighorn Battlefield NM,control,MT,1982,3,2556
LIBI,Little Bighorn Battlefield NM,control,MT,1982,4,8388
LIBI,Little Bighorn Battlefield NM,control,MT,1982,5,19539
LIBI,Little Bighorn Battlefield NM,control,MT,1982,6,40067
LIBI,Little Bighorn Battlefield NM,control,MT,1982,7,54569
LIBI,Little Bighorn Battlefield NM,control,MT,1982,8,41299
LIBI,Little Bighorn Battlefield NM,control,MT,1982,9,26413
LIBI,Little Bighorn Battlefield NM,control,MT,1982,10,6451
LIBI,Little Bighorn Battlefield NM,control,MT,1982,11,2423
LIBI,Little Bighorn Battlefield NM,control,MT,1982,12,1115
LIBI,Little Bighorn Battlefield NM,control,MT,1983,1,1766
LIBI,Little Bighorn Battlefield NM,control,MT,1983,2,2231
LIBI,Little Bighorn Battlefield NM,control,MT,1983,3,2766
LIBI,Little Bighorn Battlefield NM,control,MT,1983,4,8775
LIBI,Little Bighorn Battlefield NM,control,MT,1983,5,18654
LIBI,Little Bighorn Battlefield NM,control,MT,1983,6,44787
LIBI,Little Bighorn Battlefield NM,control,MT,1983,7,59827
LIBI,Little Bighorn Battlefield NM,control,MT,1983,8,42701
LIBI,Little Bighorn Battlefield NM,control,MT,1983,9,21641
LIBI,Little Bighorn Battlefield NM,control,MT,1983,10,13092
LIBI,Little Bighorn Battlefield NM,control,MT,1983,11,4388
LIBI,Little Bighorn Battlefield NM,control,MT,1983,12,770
LIBI,Little Bighorn Battlefield NM,control,MT,1984,1,898
LIBI,Little Bighorn Battlefield NM,control,MT,1984,2,1629
LIBI,Little Bighorn Battlefield NM,control,MT,1984,3,5078
LIBI,Little Bighorn Battlefield NM,control,MT,1984,4,8139
LIBI,Little Bighorn Battlefield NM,control,MT,1984,5,27588
LIBI,Little Bighorn Battlefield NM,control,MT,1984,6,51658
LIBI,Little Bighorn Battlefield NM,control,MT,1984,7,68801
LIBI,Little Bighorn Battlefield NM,control,MT,1984,8,48562
LIBI,Little Bighorn Battlefield NM,control,MT,1984,9,23115
LIBI,Little Bighorn Battlefield NM,control,MT,1984,10,8558
LIBI,Little Bighorn Battlefield NM,control,MT,1984,11,2986
LIBI,Little Bighorn Battlefield NM,control,MT,1984,12,683
LIBI,Little Bighorn Battlefield NM,control,MT,1985,1,900
LIBI,Little Bighorn Battlefield NM,control,MT,1985,2,1243
LIBI,Little Bighorn Battlefield NM,control,MT,1985,3,2785
LIBI,Little Bighorn Battlefield NM,control,MT,1985,4,8370
LIBI,Little Bighorn Battlefield NM,control,MT,1985,5,24111
LIBI,Little Bighorn Battlefield NM,control,MT,1985,6,47996
LIBI,Little Bighorn Battlefield NM,control,MT,1985,7,67874
LIBI,Little Bighorn Battlefield NM,control,MT,1985,8,61661
LIBI,Little Bighorn Battlefield NM,control,MT,1985,9,31849
LIBI,Little Bighorn Battlefield NM,control,MT,1985,10,11437
LIBI,Little Bighorn Battlefield NM,control,MT,1985,11,2350
LIBI,Little Bighorn Battlefield NM,control,MT,1985,12,1110
LIBI,Little Bighorn Battlefield NM,control,MT,1986,1,1254
LIBI,Little Bighorn Battlefield NM,control,MT,1986,2,886
LIBI,Little Bighorn Battlefield NM,control,MT,1986,3,3206
LIBI,Little Bighorn Battlefield NM,control,MT,1986,4,7941
LIBI,Little Bighorn Battlefield NM,control,MT,1986,5,21847
LIBI,Little Bighorn Battlefield NM,control,MT,1986,6,54410
LIBI,Little Bighorn Battlefield NM,control,MT,1986,7,73022
LIBI,Little Bighorn Battlefield NM,control,MT,1986,8,64380
LIBI,Little Bighorn Battlefield NM,control,MT,1986,9,30961
LIBI,Little Bighorn Battlefield NM,control,MT,1986,10,13172
LIBI,Little Bighorn Battlefield NM,control,MT,1986,11,2661
LIBI,Little Bighorn Battlefield NM,control,MT,1986,12,1710
LIBI,Little Bighorn Battlefield NM,control,MT,1987,1,1448
LIBI,Little Bighorn Battlefield NM,control,MT,1987,2,1587
LIBI,Little Bighorn Battlefield NM,control,MT,1987,3,2048
LIBI,Little Bighorn Battlefield NM,control,MT,1987,4,8084
LIBI,Little Bighorn Battlefield NM,control,MT,1987,5,23264
LIBI,Little Bighorn Battlefield NM,control,MT,1987,6,54119
LIBI,Little Bighorn Battlefield NM,control,MT,1987,7,69471
LIBI,Little Bighorn Battlefield NM,control,MT,1987,8,63414
LIBI,Little Bighorn Battlefield NM,control,MT,1987,9,28730
LIBI,Little Bighorn Battlefield NM,control,MT,1987,10,8930
LIBI,Little Bighorn Battlefield NM,control,MT,1987,11,2719
LIBI,Little Bighorn Battlefield NM,control,MT,1987,12,1232
LIBI,Little Bighorn Battlefield NM,control,MT,1988,1,722
LIBI,Little Bighorn Battlefield NM,control,MT,1988,2,900
LIBI,Little Bighorn Battlefield NM,control,MT,1988,3,2051
LIBI,Little Bighorn Battlefield NM,control,MT,1988,4,8248
LIBI,Little Bighorn Battlefield NM,control,MT,1988,5,16246
LIBI,Little Bighorn Battlefield NM,control,MT,1988,6,45341
LIBI,Little Bighorn Battlefield NM,control,MT,1988,7,64439
LIBI,Little Bighorn Battlefield NM,control,MT,1988,8,53227
LIBI,Little Bighorn Battlefield NM,control,MT,1988,9,23276
LIBI,Little Bighorn Battlefield NM,control,MT,1988,10,8568
LIBI,Little Bighorn Battlefield NM,control,MT,1988,11,2602
LIBI,Little Bighorn Battlefield NM,control,MT,1988,12,887
LIBI,Little Bighorn Battlefield NM,control,MT,1989,1,711
LIBI,Little Bighorn Battlefield NM,control,MT,1989,2,958
LIBI,Little Bighorn Battlefield NM,control,MT,1989,3,2006
LIBI,Little Bighorn Battlefield NM,control,MT,1989,4,4560
LIBI,Little Bighorn Battlefield NM,control,MT,1989,5,18478
LIBI,Little Bighorn Battlefield NM,control,MT,1989,6,44171
LIBI,Little Bighorn Battlefield NM,control,MT,1989,7,61462
LIBI,Little Bighorn Battlefield NM,control,MT,1989,8,53117
LIBI,Little Bighorn Battlefield NM,control,MT,1989,9,21213
LIBI,Little Bighorn Battlefield NM,control,MT,1989,10,13225
LIBI,Little Bighorn Battlefield NM,control,MT,1989,11,4438
LIBI,Little Bighorn Battlefield NM,control,MT,1989,12,908
LIBI,Little Bighorn Battlefield NM,control,MT,1990,1,1076
LIBI,Little Bighorn Battlefield NM,control,MT,1990,2,1695
LIBI,Little Bighorn Battlefield NM,control,MT,1990,3,3191
LIBI,Little Bighorn Battlefield NM,control,MT,1990,4,9226
LIBI,Little Bighorn Battlefield NM,control,MT,1990,5,22063
LIBI,Little Bighorn Battlefield NM,control,MT,1990,6,33502
LIBI,Little Bighorn Battlefield NM,control,MT,1990,7,52290
LIBI,Little Bighorn Battlefield NM,control,MT,1990,8,56916
LIBI,Little Bighorn Battlefield NM,control,MT,1990,9,31091
LIBI,Little Bighorn Battlefield NM,control,MT,1990,10,12492
LIBI,Little Bighorn Battlefield NM,control,MT,1990,11,5767
LIBI,Little Bighorn Battlefield NM,control,MT,1990,12,1582
LIBI,Little Bighorn Battlefield NM,control,MT,1991,1,922
LIBI,Little Bighorn Battlefield NM,control,MT,1991,2,3371
LIBI,Little Bighorn Battlefield NM,control,MT,1991,3,5585
LIBI,Little Bighorn Battlefield NM,control,MT,1991,4,11626
LIBI,Little Bighorn Battlefield NM,control,MT,1991,5,30091
LIBI,Little Bighorn Battlefield NM,control,MT,1991,6,61511
LIBI,Little Bighorn Battlefield NM,control,MT,1991,7,69719
LIBI,Little Bighorn Battlefield NM,control,MT,1991,8,61276
LIBI,Little Bighorn Battlefield NM,control,MT,1991,9,35186
LIBI,Little Bighorn Battlefield NM,control,MT,1991,10,7884
LIBI,Little Bighorn Battlefield NM,control,MT,1991,11,2691
LIBI,Little Bighorn Battlefield NM,control,MT,1991,12,2440
LIBI,Little Bighorn Battlefield NM,control,MT,1992,1,2078
LIBI,Little Bighorn Battlefield NM,control,MT,1992,2,2723
LIBI,Little Bighorn Battlefield NM,control,MT,1992,3,5924
LIBI,Little Bighorn Battlefield NM,control,MT,1992,4,13131
LIBI,Little Bighorn Battlefield NM,control,MT,1992,5,30911
LIBI,Little Bighorn Battlefield NM,control,MT,1992,6,49416
LIBI,Little Bighorn Battlefield NM,control,MT,1992,7,83693
LIBI,Little Bighorn Battlefield NM,control,MT,1992,8,79658
LIBI,Little Bighorn Battlefield NM,control,MT,1992,9,35467
LIBI,Little Bighorn Battlefield NM,control,MT,1992,10,14772
LIBI,Little Bighorn Battlefield NM,control,MT,1992,11,7360
LIBI,Little Bighorn Battlefield NM,control,MT,1992,12,2960
LIBI,Little Bighorn Battlefield NM,control,MT,1993,1,2535
LIBI,Little Bighorn Battlefield NM,control,MT,1993,2,3545
LIBI,Little Bighorn Battlefield NM,control,MT,1993,3,7756
LIBI,Little Bighorn Battlefield NM,control,MT,1993,4,14876
LIBI,Little Bighorn Battlefield NM,control,MT,1993,5,34564
LIBI,Little Bighorn Battlefield NM,control,MT,1993,6,53599
LIBI,Little Bighorn Battlefield NM,control,MT,1993,7,91202
LIBI,Little Bighorn Battlefield NM,control,MT,1993,8,72654
LIBI,Little Bighorn Battlefield NM,control,MT,1993,9,36242
LIBI,Little Bighorn Battlefield NM,control,MT,1993,10,13177
LIBI,Little Bighorn Battlefield NM,control,MT,1993,11,2623
LIBI,Little Bighorn Battlefield NM,control,MT,1993,12,2557
LIBI,Little Bighorn Battlefield NM,control,MT,1994,1,1969
LIBI,Little Bighorn Battlefield NM,control,MT,1994,2,4720
LIBI,Little Bighorn Battlefield NM,control,MT,1994,3,9669
LIBI,Little Bighorn Battlefield NM,control,MT,1994,4,13586
LIBI,Little Bighorn Battlefield NM,control,MT,1994,5,25355
LIBI,Little Bighorn Battlefield NM,control,MT,1994,6,82329
LIBI,Little Bighorn Battlefield NM,control,MT,1994,7,101864
LIBI,Little Bighorn Battlefield NM,control,MT,1994,8,87041
LIBI,Little Bighorn Battlefield NM,control,MT,1994,9,45110
LIBI,Little Bighorn Battlefield NM,control,MT,1994,10,17893
LIBI,Little Bighorn Battlefield NM,control,MT,1994,11,5671
LIBI,Little Bighorn Battlefield NM,control,MT,1994,12,4436
LIBI,Little Bighorn Battlefield NM,control,MT,1995,1,4343
LIBI,Little Bighorn Battlefield NM,control,MT,1995,2,5097
LIBI,Little Bighorn Battlefield NM,control,MT,1995,3,10118
LIBI,Little Bighorn Battlefield NM,control,MT,1995,4,14007
LIBI,Little Bighorn Battlefield NM,control,MT,1995,5,31025
LIBI,Little Bighorn Battlefield NM,control,MT,1995,6,83495
LIBI,Little Bighorn Battlefield NM,control,MT,1995,7,101726
LIBI,Little Bighorn Battlefield NM,control,MT,1995,8,90323
LIBI,Little Bighorn Battlefield NM,control,MT,1995,9,43961
LIBI,Little Bighorn Battlefield NM,control,MT,1995,10,19569
LIBI,Little Bighorn Battlefield NM,control,MT,1995,11,3977
LIBI,Little Bighorn Battlefield NM,control,MT,1995,12,1879
LIBI,Little Bighorn Battlefield NM,control,MT,1996,1,2381
LIBI,Little Bighorn Battlefield NM,control,MT,1996,2,4932
LIBI,Little Bighorn Battlefield NM,control,MT,1996,3,6413
LIBI,Little Bighorn Battlefield NM,control,MT,1996,4,11360
LIBI,Little Bighorn Battlefield NM,control,MT,1996,5,27516
LIBI,Little Bighorn Battlefield NM,control,MT,1996,6,74595
LIBI,Little Bighorn Battlefield NM,control,MT,1996,7,94741
LIBI,Little Bighorn Battlefield NM,control,MT,1996,8,80268
LIBI,Little Bighorn Battlefield NM,control,MT,1996,9,39293
LIBI,Little Bighorn Battlefield NM,control,MT,1996,10,15032
LIBI,Little Bighorn Battlefield NM,control,MT,1996,11,4890
LIBI,Little Bighorn Battlefield NM,control,MT,1996,12,2420
LIBI,Little Bighorn Battlefield NM,control,MT,1997,1,1878
LIBI,Little Bighorn Battlefield NM,control,MT,1997,2,5498
LIBI,Little Bighorn Battlefield NM,control,MT,1997,3,5791
LIBI,Little Bighorn Battlefield NM,control,MT,1997,4,7781
LIBI,Little Bighorn Battlefield NM,control,MT,1997,5,26004
LIBI,Little Bighorn Battlefield NM,control,MT,1997,6,69485
LIBI,Little Bighorn Battlefield NM,control,MT,1997,7,94630
LIBI,Little Bighorn Battlefield NM,control,MT,1997,8,82991
LIBI,Little Bighorn Battlefield NM,control,MT,1997,9,39827
LIBI,Little Bighorn Battlefield NM,control,MT,1997,10,14284
LIBI,Little Bighorn Battlefield NM,control,MT,1997,11,6427
LIBI,Little Bighorn Battlefield NM,control,MT,1997,12,3616
LIBI,Little Bighorn Battlefield NM,control,MT,1998,1,3328
LIBI,Little Bighorn Battlefield NM,control,MT,1998,2,4188
LIBI,Little Bighorn Battlefield NM,control,MT,1998,3,5530
LIBI,Little Bighorn Battlefield NM,control,MT,1998,4,11869
LIBI,Little Bighorn Battlefield NM,control,MT,1998,5,34479
LIBI,Little Bighorn Battlefield NM,control,MT,1998,6,62945
LIBI,Little Bighorn Battlefield NM,control,MT,1998,7,97910
LIBI,Little Bighorn Battlefield NM,control,MT,1998,8,78942
LIBI,Little Bighorn Battlefield NM,control,MT,1998,9,42095
LIBI,Little Bighorn Battlefield NM,control,MT,1998,10,15632
LIBI,Little Bighorn Battlefield NM,control,MT,1998,11,6045
LIBI,Little Bighorn Battlefield NM,control,MT,1998,12,3776
LIBI,Little Bighorn Battlefield NM,control,MT,1999,1,2999
LIBI,Little Bighorn Battlefield NM,control,MT,1999,2,3808
LIBI,Little Bighorn Battlefield NM,control,MT,1999,3,7427
LIBI,Little Bighorn Battlefield NM,control,MT,1999,4,11829
LIBI,Little Bighorn Battlefield NM,control,MT,1999,5,28329
LIBI,Little Bighorn Battlefield NM,control,MT,1999,6,76310
LIBI,Little Bighorn Battlefield NM,control,MT,1999,7,98030
LIBI,Little Bighorn Battlefield NM,control,MT,1999,8,89602
LIBI,Little Bighorn Battlefield NM,control,MT,1999,9,46443
LIBI,Little Bighorn Battlefield NM,control,MT,1999,10,16651
LIBI,Little Bighorn Battlefield NM,control,MT,1999,11,7783
LIBI,Little Bighorn Battlefield NM,control,MT,1999,12,4887
LIBI,Little Bighorn Battlefield NM,control,MT,2000,1,4206
LIBI,Little Bighorn Battlefield NM,control,MT,2000,2,3382
LIBI,Little Bighorn Battlefield NM,control,MT,2000,3,7333
LIBI,Little Bighorn Battlefield NM,control,MT,2000,4,11118
LIBI,Little Bighorn Battlefield NM,control,MT,2000,5,29263
LIBI,Little Bighorn Battlefield NM,control,MT,2000,6,67816
LIBI,Little Bighorn Battlefield NM,control,MT,2000,7,85140
LIBI,Little Bighorn Battlefield NM,control,MT,2000,8,70746
LIBI,Little Bighorn Battlefield NM,control,MT,2000,9,32408
LIBI,Little Bighorn Battlefield NM,control,MT,2000,10,14195
LIBI,Little Bighorn Battlefield NM,control,MT,2000,11,1842
LIBI,Little Bighorn Battlefield NM,control,MT,2000,12,2880
LIBI,Little Bighorn Battlefield NM,control,MT,2001,1,3246
LIBI,Little Bighorn Battlefield NM,control,MT,2001,2,2471
LIBI,Little Bighorn Battlefield NM,control,MT,2001,3,5762
LIBI,Little Bighorn Battlefield NM,control,MT,2001,4,10191
LIBI,Little Bighorn Battlefield NM,control,MT,2001,5,28482
LIBI,Little Bighorn Battlefield NM,control,MT,2001,6,73052
LIBI,Little Bighorn Battlefield NM,control,MT,2001,7,85898
LIBI,Little Bighorn Battlefield NM,control,MT,2001,8,73758
LIBI,Little Bighorn Battlefield NM,control,MT,2001,9,29555
LIBI,Little Bighorn Battlefield NM,control,MT,2001,10,11969
LIBI,Little Bighorn Battlefield NM,control,MT,2001,11,6887
LIBI,Little Bighorn Battlefield NM,control,MT,2001,12,3296
LIBI,Little Bighorn Battlefield NM,control,MT,2002,1,3403
LIBI,Little Bighorn Battlefield NM,control,MT,2002,2,3949
LIBI,Little Bighorn Battlefield NM,control,MT,2002,3,7183
LIBI,Little Bighorn Battlefield NM,control,MT,2002,4,16324
LIBI,Little Bighorn Battlefield NM,control,MT,2002,5,41745
LIBI,Little Bighorn Battlefield NM,control,MT,2002,6,85606
LIBI,Little Bighorn Battlefield NM,control,MT,2002,7,87584
LIBI,Little Bighorn Battlefield NM,control,MT,2002,8,102154
LIBI,Little Bighorn Battlefield NM,control,MT,2002,9,48661
LIBI,Little Bighorn Battlefield NM,control,MT,2002,10,19639
LIBI,Little Bighorn Battlefield NM,control,MT,2002,11,6813
LIBI,Little Bighorn Battlefield NM,control,MT,2002,12,2934
LIBI,Little Bighorn Battlefield NM,control,MT,2003,1,1609
LIBI,Little Bighorn Battlefield NM,control,MT,2003,2,1869
LIBI,Little Bighorn Battlefield NM,control,MT,2003,3,4758
LIBI,Little Bighorn Battlefield NM,control,MT,2003,4,12352
LIBI,Little Bighorn Battlefield NM,control,MT,2003,5,29072
LIBI,Little Bighorn Battlefield NM,control,MT,2003,6,89384
LIBI,Little Bighorn Battlefield NM,control,MT,2003,7,87742
LIBI,Little Bighorn Battlefield NM,control,MT,2003,8,110519
LIBI,Little Bighorn Battlefield NM,control,MT,2003,9,59959
LIBI,Little Bighorn Battlefield NM,control,MT,2003,10,16880
LIBI,Little Bighorn Battlefield NM,control,MT,2003,11,4973
LIBI,Little Bighorn Battlefield NM,control,MT,2003,12,3449
LIBI,Little Bighorn Battlefield NM,control,MT,2004,1,2489
LIBI,Little Bighorn Battlefield NM,control,MT,2004,2,3470
LIBI,Little Bighorn Battlefield NM,control,MT,2004,3,6320
LIBI,Little Bighorn Battlefield NM,control,MT,2004,4,13093
LIBI,Little Bighorn Battlefield NM,control,MT,2004,5,27215
LIBI,Little Bighorn Battlefield NM,control,MT,2004,6,68855
LIBI,Little Bighorn Battlefield NM,control,MT,2004,7,74901
LIBI,Little Bighorn Battlefield NM,control,MT,2004,8,90577
LIBI,Little Bighorn Battlefield NM,control,MT,2004,9,36065
LIBI,Little Bighorn Battlefield NM,control,MT,2004,10,15772
LIBI,Little Bighorn Battlefield NM,control,MT,2004,11,5244
LIBI,Little Bighorn Battlefield NM,control,MT,2004,12,3055
LIBI,Little Bighorn Battlefield NM,control,MT,2005,1,1544
LIBI,Little Bighorn Battlefield NM,control,MT,2005,2,4613
LIBI,Little Bighorn Battlefield NM,control,MT,2005,3,5810
LIBI,Little Bighorn Battlefield NM,control,MT,2005,4,13004
LIBI,Little Bighorn Battlefield NM,control,MT,2005,5,21044
LIBI,Little Bighorn Battlefield NM,control,MT,2005,6,70748
LIBI,Little Bighorn Battlefield NM,control,MT,2005,7,94635
LIBI,Little Bighorn Battlefield NM,control,MT,2005,8,71681
LIBI,Little Bighorn Battlefield NM,control,MT,2005,9,28236
LIBI,Little Bighorn Battlefield NM,control,MT,2005,10,10970
LIBI,Little Bighorn Battlefield NM,control,MT,2005,11,4452
LIBI,Little Bighorn Battlefield NM,control,MT,2005,12,1931
LIBI,Little Bighorn Battlefield NM,control,MT,2006,1,2059
LIBI,Little Bighorn Battlefield NM,control,MT,2006,2,4710
LIBI,Little Bighorn Battlefield NM,control,MT,2006,3,4903
LIBI,Little Bighorn Battlefield NM,control,MT,2006,4,9762
LIBI,Little Bighorn Battlefield NM,control,MT,2006,5,21697
LIBI,Little Bighorn Battlefield NM,control,MT,2006,6,67014
LIBI,Little Bighorn Battlefield NM,control,MT,2006,7,73102
LIBI,Little Bighorn Battlefield NM,control,MT,2006,8,60939
LIBI,Little Bighorn Battlefield NM,control,MT,2006,9,33448
LIBI,Little Bighorn Battlefield NM,control,MT,2006,10,12951
LIBI,Little Bighorn Battlefield NM,control,MT,2006,11,4965
LIBI,Little Bighorn Battlefield NM,control,MT,2006,12,2968
LIBI,Little Bighorn Battlefield NM,control,MT,2007,1,2059
LIBI,Little Bighorn Battlefield NM,control,MT,2007,2,4108
LIBI,Little Bighorn Battlefield NM,control,MT,2007,3,5457
LIBI,Little Bighorn Battlefield NM,control,MT,2007,4,9214
LIBI,Little Bighorn Battlefield NM,control,MT,2007,5,23444
LIBI,Little Bighorn Battlefield NM,control,MT,2007,6,62570
LIBI,Little Bighorn Battlefield NM,control,MT,2007,7,73115
LIBI,Little Bighorn Battlefield NM,control,MT,2007,8,58243
LIBI,Little Bighorn Battlefield NM,control,MT,2007,9,31902
LIBI,Little Bighorn Battlefield NM,control,MT,2007,10,12516
LIBI,Little Bighorn Battlefield NM,control,MT,2007,11,4837
LIBI,Little Bighorn Battlefield NM,control,MT,2007,12,3279
LIBI,Little Bighorn Battlefield NM,control,MT,2008,1,2335
LIBI,Little Bighorn Battlefield NM,control,MT,2008,2,3104
LIBI,Little Bighorn Battlefield NM,control,MT,2008,3,5128
LIBI,Little Bighorn Battlefield NM,control,MT,2008,4,8669
LIBI,Little Bighorn Battlefield NM,control,MT,2008,5,22505
LIBI,Little Bighorn Battlefield NM,control,MT,2008,6,58385
LIBI,Little Bighorn Battlefield NM,control,MT,2008,7,66270
LIBI,Little Bighorn Battlefield NM,control,MT,2008,8,58949
LIBI,Little Bighorn Battlefield NM,control,MT,2008,9,36104
LIBI,Little Bighorn Battlefield NM,control,MT,2008,10,12480
LIBI,Little Bighorn Battlefield NM,control,MT,2008,11,5938
LIBI,Little Bighorn Battlefield NM,control,MT,2008,12,2366
LIBI,Little Bighorn Battlefield NM,control,MT,2009,1,2088
LIBI,Little Bighorn Battlefield NM,control,MT,2009,2,3014
LIBI,Little Bighorn Battlefield NM,control,MT,2009,3,4485
LIBI,Little Bighorn Battlefield NM,control,MT,2009,4,9388
LIBI,Little Bighorn Battlefield NM,control,MT,2009,5,22229
LIBI,Little Bighorn Battlefield NM,control,MT,2009,6,69859
LIBI,Little Bighorn Battlefield NM,control,MT,2009,7,72605
LIBI,Little Bighorn Battlefield NM,control,MT,2009,8,63696
LIBI,Little Bighorn Battlefield NM,control,MT,2009,9,36746
LIBI,Little Bighorn Battlefield NM,control,MT,2009,10,11678
LIBI,Little Bighorn Battlefield NM,control,MT,2009,11,4720
LIBI,Little Bighorn Battlefield NM,control,MT,2009,12,2303
LIBI,Little Bighorn Battlefield NM,control,MT,2010,1,2301
LIBI,Little Bighorn Battlefield NM,control,MT,2010,2,2255
LIBI,Little Bighorn Battlefield NM,control,MT,2010,3,5372
LIBI,Little Bighorn Battlefield NM,control,MT,2010,4,9510
LIBI,Little Bighorn Battlefield NM,control,MT,2010,5,22775
LIBI,Little Bighorn Battlefield NM,control,MT,2010,6,72453
LIBI,Little Bighorn Battlefield NM,control,MT,2010,7,76567
LIBI,Little Bighorn Battlefield NM,control,MT,2010,8,69696
LIBI,Little Bighorn Battlefield NM,control,MT,2010,9,39392
LIBI,Little Bighorn Battlefield NM,control,MT,2010,10,14694
LIBI,Little Bighorn Battlefield NM,control,MT,2010,11,3385
LIBI,Little Bighorn Battlefield NM,control,MT,2010,12,2559
LIBI,Little Bighorn Battlefield NM,control,MT,2011,1,1730
LIBI,Little Bighorn Battlefield NM,control,MT,2011,2,2082
LIBI,Little Bighorn Battlefield NM,control,MT,2011,3,5162
LIBI,Little Bighorn Battlefield NM,control,MT,2011,4,9021
LIBI,Little Bighorn Battlefield NM,control,MT,2011,5,20512
LIBI,Little Bighorn Battlefield NM,control,MT,2011,6,63079
LIBI,Little Bighorn Battlefield NM,control,MT,2011,7,69857
LIBI,Little Bighorn Battlefield NM,control,MT,2011,8,74555
LIBI,Little Bighorn Battlefield NM,control,MT,2011,9,45650
LIBI,Little Bighorn Battlefield NM,control,MT,2011,10,13956
LIBI,Little Bighorn Battlefield NM,control,MT,2011,11,3089
LIBI,Little Bighorn Battlefield NM,control,MT,2011,12,3475
LIBI,Little Bighorn Battlefield NM,control,MT,2012,1,2403
LIBI,Little Bighorn Battlefield NM,control,MT,2012,2,2989
LIBI,Little Bighorn Battlefield NM,control,MT,2012,3,8870
LIBI,Little Bighorn Battlefield NM,control,MT,2012,4,11190
LIBI,Little Bighorn Battlefield NM,control,MT,2012,5,29222
LIBI,Little Bighorn Battlefield NM,control,MT,2012,6,74887
LIBI,Little Bighorn Battlefield NM,control,MT,2012,7,83593
LIBI,Little Bighorn Battlefield NM,control,MT,2012,8,68889
LIBI,Little Bighorn Battlefield NM,control,MT,2012,9,44243
LIBI,Little Bighorn Battlefield NM,control,MT,2012,10,12832
LIBI,Little Bighorn Battlefield NM,control,MT,2012,11,4535
LIBI,Little Bighorn Battlefield NM,control,MT,2012,12,2674
LIBI,Little Bighorn Battlefield NM,control,MT,2013,1,2711
LIBI,Little Bighorn Battlefield NM,control,MT,2013,2,2239
LIBI,Little Bighorn Battlefield NM,control,MT,2013,3,4971
LIBI,Little Bighorn Battlefield NM,control,MT,2013,4,6877
LIBI,Little Bighorn Battlefield NM,control,MT,2013,5,21820
LIBI,Little Bighorn Battlefield NM,control,MT,2013,6,62127
LIBI,Little Bighorn Battlefield NM,control,MT,2013,7,71479
LIBI,Little Bighorn Battlefield NM,control,MT,2013,8,60824
LIBI,Little Bighorn Battlefield NM,control,MT,2013,9,35558
LIBI,Little Bighorn Battlefield NM,control,MT,2013,10,3877
LIBI,Little Bighorn Battlefield NM,control,MT,2013,11,4470
LIBI,Little Bighorn Battlefield NM,control,MT,2013,12,930
LIBI,Little Bighorn Battlefield NM,control,MT,2014,1,1933
LIBI,Little Bighorn Battlefield NM,control,MT,2014,2,1771
LIBI,Little Bighorn Battlefield NM,control,MT,2014,3,2523
LIBI,Little Bighorn Battlefield NM,control,MT,2014,4,8646
LIBI,Little Bighorn Battlefield NM,control,MT,2014,5,25021
LIBI,Little Bighorn Battlefield NM,control,MT,2014,6,56544
LIBI,Little Bighorn Battlefield NM,control,MT,2014,7,68109
LIBI,Little Bighorn Battlefield NM,control,MT,2014,8,58096
LIBI,Little Bighorn Battlefield NM,control,MT,2014,9,38190
LIBI,Little Bighorn Battlefield NM,control,MT,2014,10,14378
LIBI,Little Bighorn Battlefield NM,control,MT,2014,11,3878
LIBI,Little Bighorn Battlefield NM,control,MT,2014,12,2347
LIBI,Little Bighorn Battlefield NM,control,MT,2015,1,1627
LIBI,Little Bighorn Battlefield NM,control,MT,2015,2,2425
LIBI,Little Bighorn Battlefield NM,control,MT,2015,3,8157
LIBI,Little Bighorn Battlefield NM,control,MT,2015,4,10435
LIBI,Little Bighorn Battlefield NM,control,MT,2015,5,30372
LIBI,Little Bighorn Battlefield NM,control,MT,2015,6,73617
LIBI,Little Bighorn Battlefield NM,control,MT,2015,7,76798
LIBI,Little Bighorn Battlefield NM,control,MT,2015,8,58770
LIBI,Little Bighorn Battlefield NM,control,MT,2015,9,36914
LIBI,Little Bighorn Battlefield NM,control,MT,2015,10,12432
LIBI,Little Bighorn Battlefield NM,control,MT,2015,11,3918
LIBI,Little Bighorn Battlefield NM,control,MT,2015,12,2317
LIBI,Little Bighorn Battlefield NM,control,MT,2016,1,1995
LIBI,Little Bighorn Battlefield NM,control,MT,2016,2,2808
LIBI,Little Bighorn Battlefield NM,control,MT,2016,3,5416
LIBI,Little Bighorn Battlefield NM,control,MT,2016,4,9069
LIBI,Little Bighorn Battlefield NM,control,MT,2016,5,23292
LIBI,Little Bighorn Battlefield NM,control,MT,2016,6,88249
LIBI,Little Bighorn Battlefield NM,control,MT,2016,7,74454
LIBI,Little Bighorn Battlefield NM,control,MT,2016,8,67986
LIBI,Little Bighorn Battlefield NM,control,MT,2016,9,39541
LIBI,Little Bighorn Battlefield NM,control,MT,2016,10,13186
LIBI,Little Bighorn Battlefield NM,control,MT,2016,11,5305
LIBI,Little Bighorn Battlefield NM,control,MT,2016,12,1027
LIBI,Little Bighorn Battlefield NM,control,MT,2017,1,1436
LIBI,Little Bighorn Battlefield NM,control,MT,2017,2,1808
LIBI,Little Bighorn Battlefield NM,control,MT,2017,3,5425
LIBI,Little Bighorn Battlefield NM,control,MT,2017,4,9474
LIBI,Little Bighorn Battlefield NM,control,MT,2017,5,31792
LIBI,Little Bighorn Battlefield NM,control,MT,2017,6,73332
LIBI,Little Bighorn Battlefield NM,control,MT,2017,7,68511
LIBI,Little Bighorn Battlefield NM,control,MT,2017,8,53548
LIBI,Little Bighorn Battlefield NM,control,MT,2017,9,32135
LIBI,Little Bighorn Battlefield NM,control,MT,2017,10,13288
LIBI,Little Bighorn Battlefield NM,control,MT,2017,11,3356
LIBI,Little Bighorn Battlefield NM,control,MT,2017,12,2023
LIBI,Little Bighorn Battlefield NM,control,MT,2018,1,1364
LIBI,Little Bighorn Battlefield NM,control,MT,2018,2,837
LIBI,Little Bighorn Battlefield NM,control,MT,2018,3,3938
LIBI,Little Bighorn Battlefield NM,control,MT,2018,4,6804
LIBI,Little Bighorn Battlefield NM,control,MT,2018,5,31591
LIBI,Little Bighorn Battlefield NM,control,MT,2018,6,63992
LIBI,Little Bighorn Battlefield NM,control,MT,2018,7,62389
LIBI,Little Bighorn Battlefield NM,control,MT,2018,8,47568
LIBI,Little Bighorn Battlefield NM,control,MT,2018,9,36109
LIBI,Little Bighorn Battlefield NM,control,MT,2018,10,12517
LIBI,Little Bighorn Battlefield NM,control,MT,2018,11,4066
LIBI,Little Bighorn Battlefield NM,control,MT,2018,12,1416
LIBI,Little Bighorn Battlefield NM,control,MT,2019,1,0
LIBI,Little Bighorn Battlefield NM,control,MT,2019,2,300
LIBI,Little Bighorn Battlefield NM,control,MT,2019,3,2837
LIBI,Little Bighorn Battlefield NM,control,MT,2019,4,7315
LIBI,Little Bighorn Battlefield NM,control,MT,2019,5,33060
LIBI,Little Bighorn Battlefield NM,control,MT,2019,6,61009
LIBI,Little Bighorn Battlefield NM,control,MT,2019,7,45953
LIBI,Little Bighorn Battlefield NM,control,MT,2019,8,37714
LIBI,Little Bighorn Battlefield NM,control,MT,2019,9,33720
LIBI,Little Bighorn Battlefield NM,control,MT,2019,10,15368
LIBI,Little Bighorn Battlefield NM,control,MT,2019,11,2605
LIBI,Little Bighorn Battlefield NM,control,MT,2019,12,1423
LIBI,Little Bighorn Battlefield NM,control,MT,2020,1,640
LIBI,Little Bighorn Battlefield NM,control,MT,2020,2,430
LIBI,Little Bighorn Battlefield NM,control,MT,2020,3,750
LIBI,Little Bighorn Battlefield NM,control,MT,2020,4,0
LIBI,Little Bighorn Battlefield NM,control,MT,2020,5,0
LIBI,Little Bighorn Battlefield NM,control,MT,2020,6,7820
LIBI,Little Bighorn Battlefield NM,control,MT,2020,7,26068
LIBI,Little Bighorn Battlefield NM,control,MT,2020,8,22028
LIBI,Little Bighorn Battlefield NM,control,MT,2020,9,24721
LIBI,Little Bighorn Battlefield NM,control,MT,2020,10,10003
LIBI,Little Bighorn Battlefield NM,control,MT,2020,11,3251
LIBI,Little Bighorn Battlefield NM,control,MT,2020,12,1750
LIBI,Little Bighorn Battlefield NM,control,MT,2021,1,535
LIBI,Little Bighorn Battlefield NM,control,MT,2021,2,0
LIBI,Little Bighorn Battlefield NM,control,MT,2021,3,0
LIBI,Little Bighorn Battlefield NM,control,MT,2021,4,0
LIBI,Little Bighorn Battlefield NM,control,MT,2021,5,19223
LIBI,Little Bighorn Battlefield NM,control,MT,2021,6,52385
LIBI,Little Bighorn Battlefield NM,control,MT,2021,7,52507
LIBI,Little Bighorn Battlefield NM,control,MT,2021,8,40080
LIBI,Little Bighorn Battlefield NM,control,MT,2021,9,31099
LIBI,Little Bighorn Battlefield NM,control,MT,2021,10,11192
LIBI,Little Bighorn Battlefield NM,control,MT,2021,11,3382
LIBI,Little Bighorn Battlefield NM,control,MT,2021,12,893
LIBI,Little Bighorn Battlefield NM,control,MT,2022,1,805
LIBI,Little Bighorn Battlefield NM,control,MT,2022,2,919
LIBI,Little Bighorn Battlefield NM,control,MT,2022,3,4559
LIBI,Little Bighorn Battlefield NM,control,MT,2022,4,5117
LIBI,Little Bighorn Battlefield NM,control,MT,2022,5,18899
LIBI,Little Bighorn Battlefield NM,control,MT,2022,6,41590
LIBI,Little Bighorn Battlefield NM,control,MT,2022,7,46081
LIBI,Little Bighorn Battlefield NM,control,MT,2022,8,29621
LIBI,Little Bighorn Battlefield NM,control,MT,2022,9,12008
LIBI,Little Bighorn Battlefield NM,control,MT,2022,10,7274
LIBI,Little Bighorn Battlefield NM,control,MT,2022,11,1246
LIBI,Little Bighorn Battlefield NM,control,MT,2022,12,314
LIBI,Little Bighorn Battlefield NM,control,MT,2023,1,37
LIBI,Little Bighorn Battlefield NM,control,MT,2023,2,633
LIBI,Little Bighorn Battlefield NM,control,MT,2023,3,1121
LIBI,Little Bighorn Battlefield NM,control,MT,2023,4,4458
LIBI,Little Bighorn Battlefield NM,control,MT,2023,5,45924
LIBI,Little Bighorn Battlefield NM,control,MT,2023,6,52355
LIBI,Little Bighorn Battlefield NM,control,MT,2023,7,49590
LIBI,Little Bighorn Battlefield NM,control,MT,2023,8,38438
LIBI,Little Bighorn Battlefield NM,control,MT,2023,9,24508
LIBI,Little Bighorn Battlefield NM,control,MT,2023,10,7730
LIBI,Little Bighorn Battlefield NM,control,MT,2023,11,1732
LIBI,Little Bighorn Battlefield NM,control,MT,2023,12,769
LIBI,Little Bighorn Battlefield NM,control,MT,2024,1,519
LIBI,Little Bighorn Battlefield NM,control,MT,2024,2,636
LIBI,Little Bighorn Battlefield NM,control,MT,2024,3,1317
LIBI,Little Bighorn Battlefield NM,control,MT,2024,4,1800
LIBI,Little Bighorn Battlefield NM,control,MT,2024,5,4999
LIBI,Little Bighorn Battlefield NM,control,MT,2024,6,29286
LIBI,Little Bighorn Battlefield NM,control,MT,2024,7,25896
LIBI,Little Bighorn Battlefield NM,control,MT,2024,8,18817
LIBI,Little Bighorn Battlefield NM,control,MT,2024,9,21631
LIBI,Little Bighorn Battlefield NM,control,MT,2024,10,5089
LIBI,Little Bighorn Battlefield NM,control,MT,2024,11,1209
LIBI,Little Bighorn Battlefield NM,control,MT,2024,12,626
LIBI,Little Bighorn Battlefield NM,control,MT,2025,1,267
LIBI,Little Bighorn Battlefield NM,control,MT,2025,2,217
LIBI,Little Bighorn Battlefield NM,control,MT,2025,3,1210
LIBI,Little Bighorn Battlefield NM,control,MT,2025,4,2077
LIBI,Little Bighorn Battlefield NM,control,MT,2025,5,4848
LIBI,Little Bighorn Battlefield NM,control,MT,2025,6,11707
LIBI,Little Bighorn Battlefield NM,control,MT,2025,7,7631
LIBI,Little Bighorn Battlefield NM,control,MT,2025,8,6304
LIBI,Little Bighorn Battlefield NM,control,MT,2025,9,7588
LIBI,Little Bighorn Battlefield NM,control,MT,2025,10,0
LIBI,Little Bighorn Battlefield NM,control,MT,2025,11,348
LIBI,Little Bighorn Battlefield NM,control,MT,2025,12,208
LIBI,Little Bighorn Battlefield NM,control,MT,2026,1,257
LIBI,Little Bighorn Battlefield NM,control,MT,2026,2,354
LIBI,Little Bighorn Battlefield NM,control,MT,2026,3,629
LIBI,Little Bighorn Battlefield NM,control,MT,2026,4,1145
LIBI,Little Bighorn Battlefield NM,control,MT,2026,5,5887
LIBI,Little Bighorn Battlefield NM,control,MT,2026,6,20790
LIBI,Little Bighorn Battlefield NM,control,MT,2026,7,20411
LIBI,Little Bighorn Battlefield NM,control,MT,2026,8,20389
MORU,Mount Rushmore NMEM,control,SD,1979,1,6803
MORU,Mount Rushmore NMEM,control,SD,1979,2,9677
MORU,Mount Rushmore NMEM,control,SD,1979,3,23066
MORU,Mount Rushmore NMEM,control,SD,1979,4,23122
MORU,Mount Rushmore NMEM,control,SD,1979,5,74425
MORU,Mount Rushmore NMEM,control,SD,1979,6,254063
MORU,Mount Rushmore NMEM,control,SD,1979,7,332002
MORU,Mount Rushmore NMEM,control,SD,1979,8,320967
MORU,Mount Rushmore NMEM,control,SD,1979,9,134889
MORU,Mount Rushmore NMEM,control,SD,1979,10,41646
MORU,Mount Rushmore NMEM,control,SD,1979,11,12224
MORU,Mount Rushmore NMEM,control,SD,1979,12,12541
MORU,Mount Rushmore NMEM,control,SD,1980,1,7955
MORU,Mount Rushmore NMEM,control,SD,1980,2,9424
MORU,Mount Rushmore NMEM,control,SD,1980,3,18450
MORU,Mount Rushmore NMEM,control,SD,1980,4,28811
MORU,Mount Rushmore NMEM,control,SD,1980,5,76957
MORU,Mount Rushmore NMEM,control,SD,1980,6,243897
MORU,Mount Rushmore NMEM,control,SD,1980,7,360896
MORU,Mount Rushmore NMEM,control,SD,1980,8,352455
MORU,Mount Rushmore NMEM,control,SD,1980,9,115935
MORU,Mount Rushmore NMEM,control,SD,1980,10,41290
MORU,Mount Rushmore NMEM,control,SD,1980,11,15931
MORU,Mount Rushmore NMEM,control,SD,1980,12,12887
MORU,Mount Rushmore NMEM,control,SD,1981,1,11480
MORU,Mount Rushmore NMEM,control,SD,1981,2,11506
MORU,Mount Rushmore NMEM,control,SD,1981,3,26048
MORU,Mount Rushmore NMEM,control,SD,1981,4,37299
MORU,Mount Rushmore NMEM,control,SD,1981,5,86457
MORU,Mount Rushmore NMEM,control,SD,1981,6,330233
MORU,Mount Rushmore NMEM,control,SD,1981,7,426232
MORU,Mount Rushmore NMEM,control,SD,1981,8,426544
MORU,Mount Rushmore NMEM,control,SD,1981,9,172281
MORU,Mount Rushmore NMEM,control,SD,1981,10,51130
MORU,Mount Rushmore NMEM,control,SD,1981,11,15948
MORU,Mount Rushmore NMEM,control,SD,1981,12,9833
MORU,Mount Rushmore NMEM,control,SD,1982,1,7672
MORU,Mount Rushmore NMEM,control,SD,1982,2,13384
MORU,Mount Rushmore NMEM,control,SD,1982,3,16970
MORU,Mount Rushmore NMEM,control,SD,1982,4,33574
MORU,Mount Rushmore NMEM,control,SD,1982,5,100521
MORU,Mount Rushmore NMEM,control,SD,1982,6,302098
MORU,Mount Rushmore NMEM,control,SD,1982,7,412347
MORU,Mount Rushmore NMEM,control,SD,1982,8,371422
MORU,Mount Rushmore NMEM,control,SD,1982,9,154537
MORU,Mount Rushmore NMEM,control,SD,1982,10,42281
MORU,Mount Rushmore NMEM,control,SD,1982,11,20155
MORU,Mount Rushmore NMEM,control,SD,1982,12,9339
MORU,Mount Rushmore NMEM,control,SD,1983,1,9534
MORU,Mount Rushmore NMEM,control,SD,1983,2,13961
MORU,Mount Rushmore NMEM,control,SD,1983,3,15852
MORU,Mount Rushmore NMEM,control,SD,1983,4,32742
MORU,Mount Rushmore NMEM,control,SD,1983,5,106494
MORU,Mount Rushmore NMEM,control,SD,1983,6,330881
MORU,Mount Rushmore NMEM,control,SD,1983,7,443168
MORU,Mount Rushmore NMEM,control,SD,1983,8,381823
MORU,Mount Rushmore NMEM,control,SD,1983,9,158241
MORU,Mount Rushmore NMEM,control,SD,1983,10,48243
MORU,Mount Rushmore NMEM,control,SD,1983,11,16221
MORU,Mount Rushmore NMEM,control,SD,1983,12,5399
MORU,Mount Rushmore NMEM,control,SD,1984,1,8585
MORU,Mount Rushmore NMEM,control,SD,1984,2,11710
MORU,Mount Rushmore NMEM,control,SD,1984,3,20007
MORU,Mount Rushmore NMEM,control,SD,1984,4,24726
MORU,Mount Rushmore NMEM,control,SD,1984,5,106629
MORU,Mount Rushmore NMEM,control,SD,1984,6,302120
MORU,Mount Rushmore NMEM,control,SD,1984,7,469470
MORU,Mount Rushmore NMEM,control,SD,1984,8,382548
MORU,Mount Rushmore NMEM,control,SD,1984,9,144825
MORU,Mount Rushmore NMEM,control,SD,1984,10,55366
MORU,Mount Rushmore NMEM,control,SD,1984,11,26009
MORU,Mount Rushmore NMEM,control,SD,1984,12,6877
MORU,Mount Rushmore NMEM,control,SD,1985,1,9091
MORU,Mount Rushmore NMEM,control,SD,1985,2,10939
MORU,Mount Rushmore NMEM,control,SD,1985,3,25302
MORU,Mount Rushmore NMEM,control,SD,1985,4,44861
MORU,Mount Rushmore NMEM,control,SD,1985,5,103511
MORU,Mount Rushmore NMEM,control,SD,1985,6,337614
MORU,Mount Rushmore NMEM,control,SD,1985,7,564523
MORU,Mount Rushmore NMEM,control,SD,1985,8,415937
MORU,Mount Rushmore NMEM,control,SD,1985,9,179026
MORU,Mount Rushmore NMEM,control,SD,1985,10,37780
MORU,Mount Rushmore NMEM,control,SD,1985,11,8946
MORU,Mount Rushmore NMEM,control,SD,1985,12,3263
MORU,Mount Rushmore NMEM,control,SD,1986,1,6589
MORU,Mount Rushmore NMEM,control,SD,1986,2,6408
MORU,Mount Rushmore NMEM,control,SD,1986,3,25530
MORU,Mount Rushmore NMEM,control,SD,1986,4,22669
MORU,Mount Rushmore NMEM,control,SD,1986,5,82591
MORU,Mount Rushmore NMEM,control,SD,1986,6,310702
MORU,Mount Rushmore NMEM,control,SD,1986,7,494017
MORU,Mount Rushmore NMEM,control,SD,1986,8,439802
MORU,Mount Rushmore NMEM,control,SD,1986,9,165502
MORU,Mount Rushmore NMEM,control,SD,1986,10,56453
MORU,Mount Rushmore NMEM,control,SD,1986,11,20498
MORU,Mount Rushmore NMEM,control,SD,1986,12,17976
MORU,Mount Rushmore NMEM,control,SD,1987,1,12972
MORU,Mount Rushmore NMEM,control,SD,1987,2,12625
MORU,Mount Rushmore NMEM,control,SD,1987,3,20718
MORU,Mount Rushmore NMEM,control,SD,1987,4,38385
MORU,Mount Rushmore NMEM,control,SD,1987,5,106917
MORU,Mount Rushmore NMEM,control,SD,1987,6,279542
MORU,Mount Rushmore NMEM,control,SD,1987,7,424603
MORU,Mount Rushmore NMEM,control,SD,1987,8,406737
MORU,Mount Rushmore NMEM,control,SD,1987,9,133368
MORU,Mount Rushmore NMEM,control,SD,1987,10,54538
MORU,Mount Rushmore NMEM,control,SD,1987,11,28736
MORU,Mount Rushmore NMEM,control,SD,1987,12,11573
MORU,Mount Rushmore NMEM,control,SD,1988,1,8235
MORU,Mount Rushmore NMEM,control,SD,1988,2,11475
MORU,Mount Rushmore NMEM,control,SD,1988,3,19555
MORU,Mount Rushmore NMEM,control,SD,1988,4,33873
MORU,Mount Rushmore NMEM,control,SD,1988,5,109499
MORU,Mount Rushmore NMEM,control,SD,1988,6,326511
MORU,Mount Rushmore NMEM,control,SD,1988,7,416967
MORU,Mount Rushmore NMEM,control,SD,1988,8,418368
MORU,Mount Rushmore NMEM,control,SD,1988,9,142377
MORU,Mount Rushmore NMEM,control,SD,1988,10,51308
MORU,Mount Rushmore NMEM,control,SD,1988,11,19549
MORU,Mount Rushmore NMEM,control,SD,1988,12,12420
MORU,Mount Rushmore NMEM,control,SD,1989,1,14524
MORU,Mount Rushmore NMEM,control,SD,1989,2,8876
MORU,Mount Rushmore NMEM,control,SD,1989,3,21912
MORU,Mount Rushmore NMEM,control,SD,1989,4,30471
MORU,Mount Rushmore NMEM,control,SD,1989,5,110295
MORU,Mount Rushmore NMEM,control,SD,1989,6,304218
MORU,Mount Rushmore NMEM,control,SD,1989,7,513443
MORU,Mount Rushmore NMEM,control,SD,1989,8,413927
MORU,Mount Rushmore NMEM,control,SD,1989,9,145221
MORU,Mount Rushmore NMEM,control,SD,1989,10,47859
MORU,Mount Rushmore NMEM,control,SD,1989,11,20274
MORU,Mount Rushmore NMEM,control,SD,1989,12,8966
MORU,Mount Rushmore NMEM,control,SD,1990,1,10185
MORU,Mount Rushmore NMEM,control,SD,1990,2,10515
MORU,Mount Rushmore NMEM,control,SD,1990,3,18814
MORU,Mount Rushmore NMEM,control,SD,1990,4,31377
MORU,Mount Rushmore NMEM,control,SD,1990,5,102152
MORU,Mount Rushmore NMEM,control,SD,1990,6,310806
MORU,Mount Rushmore NMEM,control,SD,1990,7,503038
MORU,Mount Rushmore NMEM,control,SD,1990,8,411827
MORU,Mount Rushmore NMEM,control,SD,1990,9,179928
MORU,Mount Rushmore NMEM,control,SD,1990,10,58869
MORU,Mount Rushmore NMEM,control,SD,1990,11,22089
MORU,Mount Rushmore NMEM,control,SD,1990,12,12073
MORU,Mount Rushmore NMEM,control,SD,1991,1,11544
MORU,Mount Rushmore NMEM,control,SD,1991,2,14991
MORU,Mount Rushmore NMEM,control,SD,1991,3,35446
MORU,Mount Rushmore NMEM,control,SD,1991,4,38155
MORU,Mount Rushmore NMEM,control,SD,1991,5,125352
MORU,Mount Rushmore NMEM,control,SD,1991,6,379289
MORU,Mount Rushmore NMEM,control,SD,1991,7,637381
MORU,Mount Rushmore NMEM,control,SD,1991,8,460026
MORU,Mount Rushmore NMEM,control,SD,1991,9,226161
MORU,Mount Rushmore NMEM,control,SD,1991,10,71574
MORU,Mount Rushmore NMEM,control,SD,1991,11,22744
MORU,Mount Rushmore NMEM,control,SD,1991,12,21859
MORU,Mount Rushmore NMEM,control,SD,1992,1,15796
MORU,Mount Rushmore NMEM,control,SD,1992,2,17971
MORU,Mount Rushmore NMEM,control,SD,1992,3,35596
MORU,Mount Rushmore NMEM,control,SD,1992,4,43195
MORU,Mount Rushmore NMEM,control,SD,1992,5,152289
MORU,Mount Rushmore NMEM,control,SD,1992,6,366441
MORU,Mount Rushmore NMEM,control,SD,1992,7,519482
MORU,Mount Rushmore NMEM,control,SD,1992,8,442959
MORU,Mount Rushmore NMEM,control,SD,1992,9,217978
MORU,Mount Rushmore NMEM,control,SD,1992,10,67495
MORU,Mount Rushmore NMEM,control,SD,1992,11,21542
MORU,Mount Rushmore NMEM,control,SD,1992,12,16390
MORU,Mount Rushmore NMEM,control,SD,1993,1,13955
MORU,Mount Rushmore NMEM,control,SD,1993,2,14334
MORU,Mount Rushmore NMEM,control,SD,1993,3,29296
MORU,Mount Rushmore NMEM,control,SD,1993,4,41833
MORU,Mount Rushmore NMEM,control,SD,1993,5,134107
MORU,Mount Rushmore NMEM,control,SD,1993,6,355051
MORU,Mount Rushmore NMEM,control,SD,1993,7,557172
MORU,Mount Rushmore NMEM,control,SD,1993,8,459042
MORU,Mount Rushmore NMEM,control,SD,1993,9,209836
MORU,Mount Rushmore NMEM,control,SD,1993,10,74801
MORU,Mount Rushmore NMEM,control,SD,1993,11,21904
MORU,Mount Rushmore NMEM,control,SD,1993,12,18722
MORU,Mount Rushmore NMEM,control,SD,1994,1,14885
MORU,Mount Rushmore NMEM,control,SD,1994,2,16949
MORU,Mount Rushmore NMEM,control,SD,1994,3,38302
MORU,Mount Rushmore NMEM,control,SD,1994,4,47146
MORU,Mount Rushmore NMEM,control,SD,1994,5,152195
MORU,Mount Rushmore NMEM,control,SD,1994,6,370963
MORU,Mount Rushmore NMEM,control,SD,1994,7,580256
MORU,Mount Rushmore NMEM,control,SD,1994,8,461214
MORU,Mount Rushmore NMEM,control,SD,1994,9,243192
MORU,Mount Rushmore NMEM,control,SD,1994,10,72963
MORU,Mount Rushmore NMEM,control,SD,1994,11,24053
MORU,Mount Rushmore NMEM,control,SD,1994,12,21870
MORU,Mount Rushmore NMEM,control,SD,1995,1,13195
MORU,Mount Rushmore NMEM,control,SD,1995,2,19904
MORU,Mount Rushmore NMEM,control,SD,1995,3,30031
MORU,Mount Rushmore NMEM,control,SD,1995,4,39008
MORU,Mount Rushmore NMEM,control,SD,1995,5,119598
MORU,Mount Rushmore NMEM,control,SD,1995,6,278838
MORU,Mount Rushmore NMEM,control,SD,1995,7,495431
MORU,Mount Rushmore NMEM,control,SD,1995,8,400251
MORU,Mount Rushmore NMEM,control,SD,1995,9,187877
MORU,Mount Rushmore NMEM,control,SD,1995,10,68142
MORU,Mount Rushmore NMEM,control,SD,1995,11,22138
MORU,Mount Rushmore NMEM,control,SD,1995,12,13116
MORU,Mount Rushmore NMEM,control,SD,1996,1,14270
MORU,Mount Rushmore NMEM,control,SD,1996,2,22428
MORU,Mount Rushmore NMEM,control,SD,1996,3,29151
MORU,Mount Rushmore NMEM,control,SD,1996,4,42811
MORU,Mount Rushmore NMEM,control,SD,1996,5,135496
MORU,Mount Rushmore NMEM,control,SD,1996,6,357690
MORU,Mount Rushmore NMEM,control,SD,1996,7,546471
MORU,Mount Rushmore NMEM,control,SD,1996,8,435392
MORU,Mount Rushmore NMEM,control,SD,1996,9,214094
MORU,Mount Rushmore NMEM,control,SD,1996,10,68752
MORU,Mount Rushmore NMEM,control,SD,1996,11,21536
MORU,Mount Rushmore NMEM,control,SD,1996,12,16900
MORU,Mount Rushmore NMEM,control,SD,1997,1,11747
MORU,Mount Rushmore NMEM,control,SD,1997,2,18781
MORU,Mount Rushmore NMEM,control,SD,1997,3,37272
MORU,Mount Rushmore NMEM,control,SD,1997,4,32973
MORU,Mount Rushmore NMEM,control,SD,1997,5,121541
MORU,Mount Rushmore NMEM,control,SD,1997,6,316054
MORU,Mount Rushmore NMEM,control,SD,1997,7,480022
MORU,Mount Rushmore NMEM,control,SD,1997,8,437214
MORU,Mount Rushmore NMEM,control,SD,1997,9,194997
MORU,Mount Rushmore NMEM,control,SD,1997,10,65095
MORU,Mount Rushmore NMEM,control,SD,1997,11,19753
MORU,Mount Rushmore NMEM,control,SD,1997,12,16565
MORU,Mount Rushmore NMEM,control,SD,1998,1,13964
MORU,Mount Rushmore NMEM,control,SD,1998,2,17858
MORU,Mount Rushmore NMEM,control,SD,1998,3,23760
MORU,Mount Rushmore NMEM,control,SD,1998,4,42802
MORU,Mount Rushmore NMEM,control,SD,1998,5,143202
MORU,Mount Rushmore NMEM,control,SD,1998,6,365486
MORU,Mount Rushmore NMEM,control,SD,1998,7,570456
MORU,Mount Rushmore NMEM,control,SD,1998,8,467944
MORU,Mount Rushmore NMEM,control,SD,1998,9,262449
MORU,Mount Rushmore NMEM,control,SD,1998,10,71557
MORU,Mount Rushmore NMEM,control,SD,1998,11,18135
MORU,Mount Rushmore NMEM,control,SD,1998,12,16872
MORU,Mount Rushmore NMEM,control,SD,1999,1,12013
MORU,Mount Rushmore NMEM,control,SD,1999,2,18835
MORU,Mount Rushmore NMEM,control,SD,1999,3,32840
MORU,Mount Rushmore NMEM,control,SD,1999,4,40227
MORU,Mount Rushmore NMEM,control,SD,1999,5,135169
MORU,Mount Rushmore NMEM,control,SD,1999,6,364854
MORU,Mount Rushmore NMEM,control,SD,1999,7,555604
MORU,Mount Rushmore NMEM,control,SD,1999,8,448387
MORU,Mount Rushmore NMEM,control,SD,1999,9,244267
MORU,Mount Rushmore NMEM,control,SD,1999,10,75913
MORU,Mount Rushmore NMEM,control,SD,1999,11,26392
MORU,Mount Rushmore NMEM,control,SD,1999,12,17788
MORU,Mount Rushmore NMEM,control,SD,2000,1,15680
MORU,Mount Rushmore NMEM,control,SD,2000,2,18366
MORU,Mount Rushmore NMEM,control,SD,2000,3,35522
MORU,Mount Rushmore NMEM,control,SD,2000,4,40458
MORU,Mount Rushmore NMEM,control,SD,2000,5,136419
MORU,Mount Rushmore NMEM,control,SD,2000,6,346954
MORU,Mount Rushmore NMEM,control,SD,2000,7,547092
MORU,Mount Rushmore NMEM,control,SD,2000,8,424081
MORU,Mount Rushmore NMEM,control,SD,2000,9,203881
MORU,Mount Rushmore NMEM,control,SD,2000,10,69422
MORU,Mount Rushmore NMEM,control,SD,2000,11,16797
MORU,Mount Rushmore NMEM,control,SD,2000,12,14204
MORU,Mount Rushmore NMEM,control,SD,2001,1,18044
MORU,Mount Rushmore NMEM,control,SD,2001,2,16072
MORU,Mount Rushmore NMEM,control,SD,2001,3,32630
MORU,Mount Rushmore NMEM,control,SD,2001,4,41373
MORU,Mount Rushmore NMEM,control,SD,2001,5,132916
MORU,Mount Rushmore NMEM,control,SD,2001,6,334773
MORU,Mount Rushmore NMEM,control,SD,2001,7,538171
MORU,Mount Rushmore NMEM,control,SD,2001,8,425205
MORU,Mount Rushmore NMEM,control,SD,2001,9,223067
MORU,Mount Rushmore NMEM,control,SD,2001,10,78076
MORU,Mount Rushmore NMEM,control,SD,2001,11,35221
MORU,Mount Rushmore NMEM,control,SD,2001,12,28571
MORU,Mount Rushmore NMEM,control,SD,2002,1,25321
MORU,Mount Rushmore NMEM,control,SD,2002,2,26576
MORU,Mount Rushmore NMEM,control,SD,2002,3,40027
MORU,Mount Rushmore NMEM,control,SD,2002,4,52140
MORU,Mount Rushmore NMEM,control,SD,2002,5,161600
MORU,Mount Rushmore NMEM,control,SD,2002,6,409335
MORU,Mount Rushmore NMEM,control,SD,2002,7,599143
MORU,Mount Rushmore NMEM,control,SD,2002,8,455848
MORU,Mount Rushmore NMEM,control,SD,2002,9,247860
MORU,Mount Rushmore NMEM,control,SD,2002,10,84636
MORU,Mount Rushmore NMEM,control,SD,2002,11,30354
MORU,Mount Rushmore NMEM,control,SD,2002,12,29730
MORU,Mount Rushmore NMEM,control,SD,2003,1,23212
MORU,Mount Rushmore NMEM,control,SD,2003,2,24943
MORU,Mount Rushmore NMEM,control,SD,2003,3,42448
MORU,Mount Rushmore NMEM,control,SD,2003,4,55045
MORU,Mount Rushmore NMEM,control,SD,2003,5,158907
MORU,Mount Rushmore NMEM,control,SD,2003,6,428278
MORU,Mount Rushmore NMEM,control,SD,2003,7,609163
MORU,Mount Rushmore NMEM,control,SD,2003,8,477715
MORU,Mount Rushmore NMEM,control,SD,2003,9,247747
MORU,Mount Rushmore NMEM,control,SD,2003,10,93546
MORU,Mount Rushmore NMEM,control,SD,2003,11,28658
MORU,Mount Rushmore NMEM,control,SD,2003,12,28232
MORU,Mount Rushmore NMEM,control,SD,2004,1,23766
MORU,Mount Rushmore NMEM,control,SD,2004,2,25144
MORU,Mount Rushmore NMEM,control,SD,2004,3,42134
MORU,Mount Rushmore NMEM,control,SD,2004,4,53712
MORU,Mount Rushmore NMEM,control,SD,2004,5,156691
MORU,Mount Rushmore NMEM,control,SD,2004,6,368560
MORU,Mount Rushmore NMEM,control,SD,2004,7,565597
MORU,Mount Rushmore NMEM,control,SD,2004,8,424556
MORU,Mount Rushmore NMEM,control,SD,2004,9,235202
MORU,Mount Rushmore NMEM,control,SD,2004,10,85405
MORU,Mount Rushmore NMEM,control,SD,2004,11,31266
MORU,Mount Rushmore NMEM,control,SD,2004,12,25787
MORU,Mount Rushmore NMEM,control,SD,2005,1,17463
MORU,Mount Rushmore NMEM,control,SD,2005,2,21989
MORU,Mount Rushmore NMEM,control,SD,2005,3,39124
MORU,Mount Rushmore NMEM,control,SD,2005,4,49175
MORU,Mount Rushmore NMEM,control,SD,2005,5,143797
MORU,Mount Rushmore NMEM,control,SD,2005,6,370699
MORU,Mount Rushmore NMEM,control,SD,2005,7,573412
MORU,Mount Rushmore NMEM,control,SD,2005,8,485721
MORU,Mount Rushmore NMEM,control,SD,2005,9,209131
MORU,Mount Rushmore NMEM,control,SD,2005,10,77896
MORU,Mount Rushmore NMEM,control,SD,2005,11,29236
MORU,Mount Rushmore NMEM,control,SD,2005,12,20218
MORU,Mount Rushmore NMEM,control,SD,2006,1,20731
MORU,Mount Rushmore NMEM,control,SD,2006,2,21185
MORU,Mount Rushmore NMEM,control,SD,2006,3,37824
MORU,Mount Rushmore NMEM,control,SD,2006,4,52677
MORU,Mount Rushmore NMEM,control,SD,2006,5,157873
MORU,Mount Rushmore NMEM,control,SD,2006,6,363180
MORU,Mount Rushmore NMEM,control,SD,2006,7,530200
MORU,Mount Rushmore NMEM,control,SD,2006,8,446748
MORU,Mount Rushmore NMEM,control,SD,2006,9,227486
MORU,Mount Rushmore NMEM,control,SD,2006,10,82400
MORU,Mount Rushmore NMEM,control,SD,2006,11,28797
MORU,Mount Rushmore NMEM,control,SD,2006,12,20670
MORU,Mount Rushmore NMEM,control,SD,2007,1,16466
MORU,Mount Rushmore NMEM,control,SD,2007,2,15329
MORU,Mount Rushmore NMEM,control,SD,2007,3,39155
MORU,Mount Rushmore NMEM,control,SD,2007,4,54125
MORU,Mount Rushmore NMEM,control,SD,2007,5,148518
MORU,Mount Rushmore NMEM,control,SD,2007,6,337906
MORU,Mount Rushmore NMEM,control,SD,2007,7,487983
MORU,Mount Rushmore NMEM,control,SD,2007,8,412676
MORU,Mount Rushmore NMEM,control,SD,2007,9,217553
MORU,Mount Rushmore NMEM,control,SD,2007,10,78733
MORU,Mount Rushmore NMEM,control,SD,2007,11,28313
MORU,Mount Rushmore NMEM,control,SD,2007,12,19361
MORU,Mount Rushmore NMEM,control,SD,2008,1,17579
MORU,Mount Rushmore NMEM,control,SD,2008,2,19615
MORU,Mount Rushmore NMEM,control,SD,2008,3,35048
MORU,Mount Rushmore NMEM,control,SD,2008,4,42361
MORU,Mount Rushmore NMEM,control,SD,2008,5,138202
MORU,Mount Rushmore NMEM,control,SD,2008,6,332613
MORU,Mount Rushmore NMEM,control,SD,2008,7,487698
MORU,Mount Rushmore NMEM,control,SD,2008,8,404866
MORU,Mount Rushmore NMEM,control,SD,2008,9,203112
MORU,Mount Rushmore NMEM,control,SD,2008,10,63950
MORU,Mount Rushmore NMEM,control,SD,2008,11,23706
MORU,Mount Rushmore NMEM,control,SD,2008,12,20578
MORU,Mount Rushmore NMEM,control,SD,2009,1,18354
MORU,Mount Rushmore NMEM,control,SD,2009,2,18471
MORU,Mount Rushmore NMEM,control,SD,2009,3,33223
MORU,Mount Rushmore NMEM,control,SD,2009,4,40173
MORU,Mount Rushmore NMEM,control,SD,2009,5,174541
MORU,Mount Rushmore NMEM,control,SD,2009,6,437859
MORU,Mount Rushmore NMEM,control,SD,2009,7,628245
MORU,Mount Rushmore NMEM,control,SD,2009,8,464516
MORU,Mount Rushmore NMEM,control,SD,2009,9,312550
MORU,Mount Rushmore NMEM,control,SD,2009,10,80716
MORU,Mount Rushmore NMEM,control,SD,2009,11,35068
MORU,Mount Rushmore NMEM,control,SD,2009,12,16476
MORU,Mount Rushmore NMEM,control,SD,2010,1,18081
MORU,Mount Rushmore NMEM,control,SD,2010,2,19063
MORU,Mount Rushmore NMEM,control,SD,2010,3,43456
MORU,Mount Rushmore NMEM,control,SD,2010,4,53623
MORU,Mount Rushmore NMEM,control,SD,2010,5,177705
MORU,Mount Rushmore NMEM,control,SD,2010,6,423248
MORU,Mount Rushmore NMEM,control,SD,2010,7,632906
MORU,Mount Rushmore NMEM,control,SD,2010,8,520356
MORU,Mount Rushmore NMEM,control,SD,2010,9,291711
MORU,Mount Rushmore NMEM,control,SD,2010,10,101562
MORU,Mount Rushmore NMEM,control,SD,2010,11,29762
MORU,Mount Rushmore NMEM,control,SD,2010,12,19764
MORU,Mount Rushmore NMEM,control,SD,2011,1,16070
MORU,Mount Rushmore NMEM,control,SD,2011,2,18011
MORU,Mount Rushmore NMEM,control,SD,2011,3,37430
MORU,Mount Rushmore NMEM,control,SD,2011,4,51022
MORU,Mount Rushmore NMEM,control,SD,2011,5,151639
MORU,Mount Rushmore NMEM,control,SD,2011,6,365017
MORU,Mount Rushmore NMEM,control,SD,2011,7,566526
MORU,Mount Rushmore NMEM,control,SD,2011,8,441359
MORU,Mount Rushmore NMEM,control,SD,2011,9,281654
MORU,Mount Rushmore NMEM,control,SD,2011,10,99606
MORU,Mount Rushmore NMEM,control,SD,2011,11,29663
MORU,Mount Rushmore NMEM,control,SD,2011,12,23725
MORU,Mount Rushmore NMEM,control,SD,2012,1,20506
MORU,Mount Rushmore NMEM,control,SD,2012,2,22928
MORU,Mount Rushmore NMEM,control,SD,2012,3,53361
MORU,Mount Rushmore NMEM,control,SD,2012,4,59103
MORU,Mount Rushmore NMEM,control,SD,2012,5,180837
MORU,Mount Rushmore NMEM,control,SD,2012,6,389583
MORU,Mount Rushmore NMEM,control,SD,2012,7,577922
MORU,Mount Rushmore NMEM,control,SD,2012,8,447044
MORU,Mount Rushmore NMEM,control,SD,2012,9,285071
MORU,Mount Rushmore NMEM,control,SD,2012,10,92485
MORU,Mount Rushmore NMEM,control,SD,2012,11,31928
MORU,Mount Rushmore NMEM,control,SD,2012,12,24679
MORU,Mount Rushmore NMEM,control,SD,2013,1,18721
MORU,Mount Rushmore NMEM,control,SD,2013,2,21258
MORU,Mount Rushmore NMEM,control,SD,2013,3,45612
MORU,Mount Rushmore NMEM,control,SD,2013,4,44431
MORU,Mount Rushmore NMEM,control,SD,2013,5,168619
MORU,Mount Rushmore NMEM,control,SD,2013,6,411023
MORU,Mount Rushmore NMEM,control,SD,2013,7,584665
MORU,Mount Rushmore NMEM,control,SD,2013,8,463548
MORU,Mount Rushmore NMEM,control,SD,2013,9,290369
MORU,Mount Rushmore NMEM,control,SD,2013,10,61295
MORU,Mount Rushmore NMEM,control,SD,2013,11,32238
MORU,Mount Rushmore NMEM,control,SD,2013,12,21219
MORU,Mount Rushmore NMEM,control,SD,2014,1,18919
MORU,Mount Rushmore NMEM,control,SD,2014,2,19947
MORU,Mount Rushmore NMEM,control,SD,2014,3,41884
MORU,Mount Rushmore NMEM,control,SD,2014,4,51923
MORU,Mount Rushmore NMEM,control,SD,2014,5,168661
MORU,Mount Rushmore NMEM,control,SD,2014,6,393156
MORU,Mount Rushmore NMEM,control,SD,2014,7,583622
MORU,Mount Rushmore NMEM,control,SD,2014,8,462364
MORU,Mount Rushmore NMEM,control,SD,2014,9,249687
MORU,Mount Rushmore NMEM,control,SD,2014,10,100216
MORU,Mount Rushmore NMEM,control,SD,2014,11,29343
MORU,Mount Rushmore NMEM,control,SD,2014,12,25086
MORU,Mount Rushmore NMEM,control,SD,2015,1,22725
MORU,Mount Rushmore NMEM,control,SD,2015,2,25343
MORU,Mount Rushmore NMEM,control,SD,2015,3,57898
MORU,Mount Rushmore NMEM,control,SD,2015,4,66378
MORU,Mount Rushmore NMEM,control,SD,2015,5,183101
MORU,Mount Rushmore NMEM,control,SD,2015,6,444561
MORU,Mount Rushmore NMEM,control,SD,2015,7,624736
MORU,Mount Rushmore NMEM,control,SD,2015,8,526111
MORU,Mount Rushmore NMEM,control,SD,2015,9,304704
MORU,Mount Rushmore NMEM,control,SD,2015,10,116939
MORU,Mount Rushmore NMEM,control,SD,2015,11,36194
MORU,Mount Rushmore NMEM,control,SD,2015,12,25607
MORU,Mount Rushmore NMEM,control,SD,2016,1,22307
MORU,Mount Rushmore NMEM,control,SD,2016,2,29177
MORU,Mount Rushmore NMEM,control,SD,2016,3,65943
MORU,Mount Rushmore NMEM,control,SD,2016,4,65094
MORU,Mount Rushmore NMEM,control,SD,2016,5,207419
MORU,Mount Rushmore NMEM,control,SD,2016,6,447682
MORU,Mount Rushmore NMEM,control,SD,2016,7,613723
MORU,Mount Rushmore NMEM,control,SD,2016,8,455680
MORU,Mount Rushmore NMEM,control,SD,2016,9,328563
MORU,Mount Rushmore NMEM,control,SD,2016,10,126018
MORU,Mount Rushmore NMEM,control,SD,2016,11,46429
MORU,Mount Rushmore NMEM,control,SD,2016,12,23196
MORU,Mount Rushmore NMEM,control,SD,2017,1,19330
MORU,Mount Rushmore NMEM,control,SD,2017,2,28621
MORU,Mount Rushmore NMEM,control,SD,2017,3,64085
MORU,Mount Rushmore NMEM,control,SD,2017,4,77532
MORU,Mount Rushmore NMEM,control,SD,2017,5,204142
MORU,Mount Rushmore NMEM,control,SD,2017,6,442749
MORU,Mount Rushmore NMEM,control,SD,2017,7,623592
MORU,Mount Rushmore NMEM,control,SD,2017,8,473355
MORU,Mount Rushmore NMEM,control,SD,2017,9,317146
MORU,Mount Rushmore NMEM,control,SD,2017,10,117686
MORU,Mount Rushmore NMEM,control,SD,2017,11,41211
MORU,Mount Rushmore NMEM,control,SD,2017,12,28351
MORU,Mount Rushmore NMEM,control,SD,2018,1,22862
MORU,Mount Rushmore NMEM,control,SD,2018,2,21883
MORU,Mount Rushmore NMEM,control,SD,2018,3,56244
MORU,Mount Rushmore NMEM,control,SD,2018,4,57374
MORU,Mount Rushmore NMEM,control,SD,2018,5,207266
MORU,Mount Rushmore NMEM,control,SD,2018,6,428499
MORU,Mount Rushmore NMEM,control,SD,2018,7,589223
MORU,Mount Rushmore NMEM,control,SD,2018,8,441126
MORU,Mount Rushmore NMEM,control,SD,2018,9,316815
MORU,Mount Rushmore NMEM,control,SD,2018,10,108019
MORU,Mount Rushmore NMEM,control,SD,2018,11,35118
MORU,Mount Rushmore NMEM,control,SD,2018,12,26844
MORU,Mount Rushmore NMEM,control,SD,2019,1,19351
MORU,Mount Rushmore NMEM,control,SD,2019,2,17547
MORU,Mount Rushmore NMEM,control,SD,2019,3,34485
MORU,Mount Rushmore NMEM,control,SD,2019,4,46477
MORU,Mount Rushmore NMEM,control,SD,2019,5,146918
MORU,Mount Rushmore NMEM,control,SD,2019,6,379108
MORU,Mount Rushmore NMEM,control,SD,2019,7,522324
MORU,Mount Rushmore NMEM,control,SD,2019,8,414171
MORU,Mount Rushmore NMEM,control,SD,2019,9,265281
MORU,Mount Rushmore NMEM,control,SD,2019,10,77952
MORU,Mount Rushmore NMEM,control,SD,2019,11,22084
MORU,Mount Rushmore NMEM,control,SD,2019,12,17842
MORU,Mount Rushmore NMEM,control,SD,2020,1,16780
MORU,Mount Rushmore NMEM,control,SD,2020,2,25594
MORU,Mount Rushmore NMEM,control,SD,2020,3,28015
MORU,Mount Rushmore NMEM,control,SD,2020,4,31397
MORU,Mount Rushmore NMEM,control,SD,2020,5,127583
MORU,Mount Rushmore NMEM,control,SD,2020,6,305101
MORU,Mount Rushmore NMEM,control,SD,2020,7,545802
MORU,Mount Rushmore NMEM,control,SD,2020,8,481694
MORU,Mount Rushmore NMEM,control,SD,2020,9,315414
MORU,Mount Rushmore NMEM,control,SD,2020,10,126225
MORU,Mount Rushmore NMEM,control,SD,2020,11,40318
MORU,Mount Rushmore NMEM,control,SD,2020,12,31063
MORU,Mount Rushmore NMEM,control,SD,2021,1,26859
MORU,Mount Rushmore NMEM,control,SD,2021,2,21438
MORU,Mount Rushmore NMEM,control,SD,2021,3,48378
MORU,Mount Rushmore NMEM,control,SD,2021,4,61347
MORU,Mount Rushmore NMEM,control,SD,2021,5,202329
MORU,Mount Rushmore NMEM,control,SD,2021,6,421212
MORU,Mount Rushmore NMEM,control,SD,2021,7,591186
MORU,Mount Rushmore NMEM,control,SD,2021,8,472341
MORU,Mount Rushmore NMEM,control,SD,2021,9,368023
MORU,Mount Rushmore NMEM,control,SD,2021,10,187871
MORU,Mount Rushmore NMEM,control,SD,2021,11,87749
MORU,Mount Rushmore NMEM,control,SD,2021,12,37135
MORU,Mount Rushmore NMEM,control,SD,2022,1,23916
MORU,Mount Rushmore NMEM,control,SD,2022,2,27276
MORU,Mount Rushmore NMEM,control,SD,2022,3,58363
MORU,Mount Rushmore NMEM,control,SD,2022,4,60937
MORU,Mount Rushmore NMEM,control,SD,2022,5,188382
MORU,Mount Rushmore NMEM,control,SD,2022,6,498412
MORU,Mount Rushmore NMEM,control,SD,2022,7,614630
MORU,Mount Rushmore NMEM,control,SD,2022,8,444039
MORU,Mount Rushmore NMEM,control,SD,2022,9,336787
MORU,Mount Rushmore NMEM,control,SD,2022,10,130608
MORU,Mount Rushmore NMEM,control,SD,2022,11,34916
MORU,Mount Rushmore NMEM,control,SD,2022,12,22183
MORU,Mount Rushmore NMEM,control,SD,2023,1,23411
MORU,Mount Rushmore NMEM,control,SD,2023,2,22749
MORU,Mount Rushmore NMEM,control,SD,2023,3,40900
MORU,Mount Rushmore NMEM,control,SD,2023,4,61391
MORU,Mount Rushmore NMEM,control,SD,2023,5,223048
MORU,Mount Rushmore NMEM,control,SD,2023,6,477317
MORU,Mount Rushmore NMEM,control,SD,2023,7,624615
MORU,Mount Rushmore NMEM,control,SD,2023,8,455596
MORU,Mount Rushmore NMEM,control,SD,2023,9,339787
MORU,Mount Rushmore NMEM,control,SD,2023,10,111025
MORU,Mount Rushmore NMEM,control,SD,2023,11,30695
MORU,Mount Rushmore NMEM,control,SD,2023,12,20661
MORU,Mount Rushmore NMEM,control,SD,2024,1,14271
MORU,Mount Rushmore NMEM,control,SD,2024,2,18578
MORU,Mount Rushmore NMEM,control,SD,2024,3,42090
MORU,Mount Rushmore NMEM,control,SD,2024,4,49368
MORU,Mount Rushmore NMEM,control,SD,2024,5,160438
MORU,Mount Rushmore NMEM,control,SD,2024,6,334771
MORU,Mount Rushmore NMEM,control,SD,2024,7,438400
MORU,Mount Rushmore NMEM,control,SD,2024,8,378247
MORU,Mount Rushmore NMEM,control,SD,2024,9,254146
MORU,Mount Rushmore NMEM,control,SD,2024,10,106324
MORU,Mount Rushmore NMEM,control,SD,2024,11,31586
MORU,Mount Rushmore NMEM,control,SD,2024,12,22110
MORU,Mount Rushmore NMEM,control,SD,2025,1,14944
MORU,Mount Rushmore NMEM,control,SD,2025,2,15835
MORU,Mount Rushmore NMEM,control,SD,2025,3,44226
MORU,Mount Rushmore NMEM,control,SD,2025,4,52948
MORU,Mount Rushmore NMEM,control,SD,2025,5,164989
MORU,Mount Rushmore NMEM,control,SD,2025,6,352361
MORU,Mount Rushmore NMEM,control,SD,2025,7,466389
MORU,Mount Rushmore NMEM,control,SD,2025,8,381429
MORU,Mount Rushmore NMEM,control,SD,2025,9,245010
MORU,Mount Rushmore NMEM,control,SD,2025,10,105746
MORU,Mount Rushmore NMEM,control,SD,2025,11,38800
MORU,Mount Rushmore NMEM,control,SD,2025,12,22972
MORU,Mount Rushmore NMEM,control,SD,2026,1,21799
MORU,Mount Rushmore NMEM,control,SD,2026,2,23554
MORU,Mount Rushmore NMEM,control,SD,2026,3,51967
MORU,Mount Rushmore NMEM,control,SD,2026,4,54156
MORU,Mount Rushmore NMEM,control,SD,2026,5,167697
MORU,Mount Rushmore NMEM,control,SD,2026,6,320061
MORU,Mount Rushmore NMEM,control,SD,2026,7,408148
MORU,Mount Rushmore NMEM,control,SD,2026,8,355427
THRO,Theodore Roosevelt NP,primary,ND,1979,1,7026
THRO,Theodore Roosevelt NP,primary,ND,1979,2,8307
THRO,Theodore Roosevelt NP,primary,ND,1979,3,14431
THRO,Theodore Roosevelt NP,primary,ND,1979,4,19693
THRO,Theodore Roosevelt NP,primary,ND,1979,5,42398
THRO,Theodore Roosevelt NP,primary,ND,1979,6,89578
THRO,Theodore Roosevelt NP,primary,ND,1979,7,136276
THRO,Theodore Roosevelt NP,primary,ND,1979,8,137471
THRO,Theodore Roosevelt NP,primary,ND,1979,9,67893
THRO,Theodore Roosevelt NP,primary,ND,1979,10,38062
THRO,Theodore Roosevelt NP,primary,ND,1979,11,18175
THRO,Theodore Roosevelt NP,primary,ND,1979,12,12336
THRO,Theodore Roosevelt NP,primary,ND,1980,1,7163
THRO,Theodore Roosevelt NP,primary,ND,1980,2,9360
THRO,Theodore Roosevelt NP,primary,ND,1980,3,13600
THRO,Theodore Roosevelt NP,primary,ND,1980,4,23208
THRO,Theodore Roosevelt NP,primary,ND,1980,5,45336
THRO,Theodore Roosevelt NP,primary,ND,1980,6,95326
THRO,Theodore Roosevelt NP,primary,ND,1980,7,139403
THRO,Theodore Roosevelt NP,primary,ND,1980,8,134231
THRO,Theodore Roosevelt NP,primary,ND,1980,9,58950
THRO,Theodore Roosevelt NP,primary,ND,1980,10,33584
THRO,Theodore Roosevelt NP,primary,ND,1980,11,20215
THRO,Theodore Roosevelt NP,primary,ND,1980,12,15358
THRO,Theodore Roosevelt NP,primary,ND,1981,1,12863
THRO,Theodore Roosevelt NP,primary,ND,1981,2,11869
THRO,Theodore Roosevelt NP,primary,ND,1981,3,23660
THRO,Theodore Roosevelt NP,primary,ND,1981,4,31275
THRO,Theodore Roosevelt NP,primary,ND,1981,5,47800
THRO,Theodore Roosevelt NP,primary,ND,1981,6,118774
THRO,Theodore Roosevelt NP,primary,ND,1981,7,160099
THRO,Theodore Roosevelt NP,primary,ND,1981,8,150545
THRO,Theodore Roosevelt NP,primary,ND,1981,9,73994
THRO,Theodore Roosevelt NP,primary,ND,1981,10,38338
THRO,Theodore Roosevelt NP,primary,ND,1981,11,20757
THRO,Theodore Roosevelt NP,primary,ND,1981,12,12899
THRO,Theodore Roosevelt NP,primary,ND,1982,1,11132
THRO,Theodore Roosevelt NP,primary,ND,1982,2,10927
THRO,Theodore Roosevelt NP,primary,ND,1982,3,20793
THRO,Theodore Roosevelt NP,primary,ND,1982,4,25464
THRO,Theodore Roosevelt NP,primary,ND,1982,5,46622
THRO,Theodore Roosevelt NP,primary,ND,1982,6,120067
THRO,Theodore Roosevelt NP,primary,ND,1982,7,170939
THRO,Theodore Roosevelt NP,primary,ND,1982,8,144195
THRO,Theodore Roosevelt NP,primary,ND,1982,9,71313
THRO,Theodore Roosevelt NP,primary,ND,1982,10,33194
THRO,Theodore Roosevelt NP,primary,ND,1982,11,18156
THRO,Theodore Roosevelt NP,primary,ND,1982,12,4212
THRO,Theodore Roosevelt NP,primary,ND,1983,1,3175
THRO,Theodore Roosevelt NP,primary,ND,1983,2,4303
THRO,Theodore Roosevelt NP,primary,ND,1983,3,4954
THRO,Theodore Roosevelt NP,primary,ND,1983,4,17147
THRO,Theodore Roosevelt NP,primary,ND,1983,5,33260
THRO,Theodore Roosevelt NP,primary,ND,1983,6,75517
THRO,Theodore Roosevelt NP,primary,ND,1983,7,118911
THRO,Theodore Roosevelt NP,primary,ND,1983,8,105025
THRO,Theodore Roosevelt NP,primary,ND,1983,9,42446
THRO,Theodore Roosevelt NP,primary,ND,1983,10,6556
THRO,Theodore Roosevelt NP,primary,ND,1983,11,2224
THRO,Theodore Roosevelt NP,primary,ND,1983,12,1600
THRO,Theodore Roosevelt NP,primary,ND,1984,1,308
THRO,Theodore Roosevelt NP,primary,ND,1984,2,663
THRO,Theodore Roosevelt NP,primary,ND,1984,3,2250
THRO,Theodore Roosevelt NP,primary,ND,1984,4,4341
THRO,Theodore Roosevelt NP,primary,ND,1984,5,29993
THRO,Theodore Roosevelt NP,primary,ND,1984,6,64834
THRO,Theodore Roosevelt NP,primary,ND,1984,7,101202
THRO,Theodore Roosevelt NP,primary,ND,1984,8,97898
THRO,Theodore Roosevelt NP,primary,ND,1984,9,37555
THRO,Theodore Roosevelt NP,primary,ND,1984,10,16078
THRO,Theodore Roosevelt NP,primary,ND,1984,11,4619
THRO,Theodore Roosevelt NP,primary,ND,1984,12,1398
THRO,Theodore Roosevelt NP,primary,ND,1985,1,1137
THRO,Theodore Roosevelt NP,primary,ND,1985,2,1217
THRO,Theodore Roosevelt NP,primary,ND,1985,3,3940
THRO,Theodore Roosevelt NP,primary,ND,1985,4,4273
THRO,Theodore Roosevelt NP,primary,ND,1985,5,35961
THRO,Theodore Roosevelt NP,primary,ND,1985,6,73947
THRO,Theodore Roosevelt NP,primary,ND,1985,7,101254
THRO,Theodore Roosevelt NP,primary,ND,1985,8,96851
THRO,Theodore Roosevelt NP,primary,ND,1985,9,35952
THRO,Theodore Roosevelt NP,primary,ND,1985,10,16229
THRO,Theodore Roosevelt NP,primary,ND,1985,11,4980
THRO,Theodore Roosevelt NP,primary,ND,1985,12,1411
THRO,Theodore Roosevelt NP,primary,ND,1986,1,772
THRO,Theodore Roosevelt NP,primary,ND,1986,2,573
THRO,Theodore Roosevelt NP,primary,ND,1986,3,3346
THRO,Theodore Roosevelt NP,primary,ND,1986,4,3700
THRO,Theodore Roosevelt NP,primary,ND,1986,5,31355
THRO,Theodore Roosevelt NP,primary,ND,1986,6,76456
THRO,Theodore Roosevelt NP,primary,ND,1986,7,115276
THRO,Theodore Roosevelt NP,primary,ND,1986,8,113280
THRO,Theodore Roosevelt NP,primary,ND,1986,9,34005
THRO,Theodore Roosevelt NP,primary,ND,1986,10,9507
THRO,Theodore Roosevelt NP,primary,ND,1986,11,1320
THRO,Theodore Roosevelt NP,primary,ND,1986,12,963
THRO,Theodore Roosevelt NP,primary,ND,1987,1,720
THRO,Theodore Roosevelt NP,primary,ND,1987,2,713
THRO,Theodore Roosevelt NP,primary,ND,1987,3,5767
THRO,Theodore Roosevelt NP,primary,ND,1987,4,13479
THRO,Theodore Roosevelt NP,primary,ND,1987,5,31685
THRO,Theodore Roosevelt NP,primary,ND,1987,6,77864
THRO,Theodore Roosevelt NP,primary,ND,1987,7,115896
THRO,Theodore Roosevelt NP,primary,ND,1987,8,111272
THRO,Theodore Roosevelt NP,primary,ND,1987,9,45217
THRO,Theodore Roosevelt NP,primary,ND,1987,10,16463
THRO,Theodore Roosevelt NP,primary,ND,1987,11,4318
THRO,Theodore Roosevelt NP,primary,ND,1987,12,1452
THRO,Theodore Roosevelt NP,primary,ND,1988,1,976
THRO,Theodore Roosevelt NP,primary,ND,1988,2,1536
THRO,Theodore Roosevelt NP,primary,ND,1988,3,3122
THRO,Theodore Roosevelt NP,primary,ND,1988,4,10509
THRO,Theodore Roosevelt NP,primary,ND,1988,5,32945
THRO,Theodore Roosevelt NP,primary,ND,1988,6,74553
THRO,Theodore Roosevelt NP,primary,ND,1988,7,113439
THRO,Theodore Roosevelt NP,primary,ND,1988,8,103574
THRO,Theodore Roosevelt NP,primary,ND,1988,9,46566
THRO,Theodore Roosevelt NP,primary,ND,1988,10,19343
THRO,Theodore Roosevelt NP,primary,ND,1988,11,5425
THRO,Theodore Roosevelt NP,primary,ND,1988,12,1539
THRO,Theodore Roosevelt NP,primary,ND,1989,1,1243
THRO,Theodore Roosevelt NP,primary,ND,1989,2,835
THRO,Theodore Roosevelt NP,primary,ND,1989,3,7436
THRO,Theodore Roosevelt NP,primary,ND,1989,4,14956
THRO,Theodore Roosevelt NP,primary,ND,1989,5,36527
THRO,Theodore Roosevelt NP,primary,ND,1989,6,87021
THRO,Theodore Roosevelt NP,primary,ND,1989,7,120566
THRO,Theodore Roosevelt NP,primary,ND,1989,8,111204
THRO,Theodore Roosevelt NP,primary,ND,1989,9,47975
THRO,Theodore Roosevelt NP,primary,ND,1989,10,20252
THRO,Theodore Roosevelt NP,primary,ND,1989,11,9516
THRO,Theodore Roosevelt NP,primary,ND,1989,12,1640
THRO,Theodore Roosevelt NP,primary,ND,1990,1,1044
THRO,Theodore Roosevelt NP,primary,ND,1990,2,1339
THRO,Theodore Roosevelt NP,primary,ND,1990,3,3636
THRO,Theodore Roosevelt NP,primary,ND,1990,4,16226
THRO,Theodore Roosevelt NP,primary,ND,1990,5,39255
THRO,Theodore Roosevelt NP,primary,ND,1990,6,88320
THRO,Theodore Roosevelt NP,primary,ND,1990,7,131586
THRO,Theodore Roosevelt NP,primary,ND,1990,8,118057
THRO,Theodore Roosevelt NP,primary,ND,1990,9,46139
THRO,Theodore Roosevelt NP,primary,ND,1990,10,9207
THRO,Theodore Roosevelt NP,primary,ND,1990,11,4326
THRO,Theodore Roosevelt NP,primary,ND,1990,12,1583
THRO,Theodore Roosevelt NP,primary,ND,1991,1,1387
THRO,Theodore Roosevelt NP,primary,ND,1991,2,1462
THRO,Theodore Roosevelt NP,primary,ND,1991,3,4332
THRO,Theodore Roosevelt NP,primary,ND,1991,4,13501
THRO,Theodore Roosevelt NP,primary,ND,1991,5,34713
THRO,Theodore Roosevelt NP,primary,ND,1991,6,83363
THRO,Theodore Roosevelt NP,primary,ND,1991,7,127724
THRO,Theodore Roosevelt NP,primary,ND,1991,8,129336
THRO,Theodore Roosevelt NP,primary,ND,1991,9,45886
THRO,Theodore Roosevelt NP,primary,ND,1991,10,20626
THRO,Theodore Roosevelt NP,primary,ND,1991,11,5220
THRO,Theodore Roosevelt NP,primary,ND,1991,12,1376
THRO,Theodore Roosevelt NP,primary,ND,1992,1,909
THRO,Theodore Roosevelt NP,primary,ND,1992,2,1026
THRO,Theodore Roosevelt NP,primary,ND,1992,3,3663
THRO,Theodore Roosevelt NP,primary,ND,1992,4,15052
THRO,Theodore Roosevelt NP,primary,ND,1992,5,35418
THRO,Theodore Roosevelt NP,primary,ND,1992,6,82069
THRO,Theodore Roosevelt NP,primary,ND,1992,7,134524
THRO,Theodore Roosevelt NP,primary,ND,1992,8,130518
THRO,Theodore Roosevelt NP,primary,ND,1992,9,47515
THRO,Theodore Roosevelt NP,primary,ND,1992,10,20176
THRO,Theodore Roosevelt NP,primary,ND,1992,11,4435
THRO,Theodore Roosevelt NP,primary,ND,1992,12,632
THRO,Theodore Roosevelt NP,primary,ND,1993,1,748
THRO,Theodore Roosevelt NP,primary,ND,1993,2,814
THRO,Theodore Roosevelt NP,primary,ND,1993,3,2212
THRO,Theodore Roosevelt NP,primary,ND,1993,4,14042
THRO,Theodore Roosevelt NP,primary,ND,1993,5,37693
THRO,Theodore Roosevelt NP,primary,ND,1993,6,80340
THRO,Theodore Roosevelt NP,primary,ND,1993,7,125177
THRO,Theodore Roosevelt NP,primary,ND,1993,8,136519
THRO,Theodore Roosevelt NP,primary,ND,1993,9,49363
THRO,Theodore Roosevelt NP,primary,ND,1993,10,22456
THRO,Theodore Roosevelt NP,primary,ND,1993,11,4789
THRO,Theodore Roosevelt NP,primary,ND,1993,12,1007
THRO,Theodore Roosevelt NP,primary,ND,1994,1,894
THRO,Theodore Roosevelt NP,primary,ND,1994,2,933
THRO,Theodore Roosevelt NP,primary,ND,1994,3,2884
THRO,Theodore Roosevelt NP,primary,ND,1994,4,16714
THRO,Theodore Roosevelt NP,primary,ND,1994,5,41432
THRO,Theodore Roosevelt NP,primary,ND,1994,6,85653
THRO,Theodore Roosevelt NP,primary,ND,1994,7,141375
THRO,Theodore Roosevelt NP,primary,ND,1994,8,130386
THRO,Theodore Roosevelt NP,primary,ND,1994,9,56071
THRO,Theodore Roosevelt NP,primary,ND,1994,10,22176
THRO,Theodore Roosevelt NP,primary,ND,1994,11,5667
THRO,Theodore Roosevelt NP,primary,ND,1994,12,1164
THRO,Theodore Roosevelt NP,primary,ND,1995,1,1058
THRO,Theodore Roosevelt NP,primary,ND,1995,2,1688
THRO,Theodore Roosevelt NP,primary,ND,1995,3,2020
THRO,Theodore Roosevelt NP,primary,ND,1995,4,12437
THRO,Theodore Roosevelt NP,primary,ND,1995,5,37140
THRO,Theodore Roosevelt NP,primary,ND,1995,6,62012
THRO,Theodore Roosevelt NP,primary,ND,1995,7,126108
THRO,Theodore Roosevelt NP,primary,ND,1995,8,125332
THRO,Theodore Roosevelt NP,primary,ND,1995,9,59467
THRO,Theodore Roosevelt NP,primary,ND,1995,10,25065
THRO,Theodore Roosevelt NP,primary,ND,1995,11,7819
THRO,Theodore Roosevelt NP,primary,ND,1995,12,553
THRO,Theodore Roosevelt NP,primary,ND,1996,1,712
THRO,Theodore Roosevelt NP,primary,ND,1996,2,1752
THRO,Theodore Roosevelt NP,primary,ND,1996,3,2822
THRO,Theodore Roosevelt NP,primary,ND,1996,4,16940
THRO,Theodore Roosevelt NP,primary,ND,1996,5,43424
THRO,Theodore Roosevelt NP,primary,ND,1996,6,58352
THRO,Theodore Roosevelt NP,primary,ND,1996,7,99750
THRO,Theodore Roosevelt NP,primary,ND,1996,8,122566
THRO,Theodore Roosevelt NP,primary,ND,1996,9,53108
THRO,Theodore Roosevelt NP,primary,ND,1996,10,27333
THRO,Theodore Roosevelt NP,primary,ND,1996,11,8528
THRO,Theodore Roosevelt NP,primary,ND,1996,12,794
THRO,Theodore Roosevelt NP,primary,ND,1997,1,814
THRO,Theodore Roosevelt NP,primary,ND,1997,2,1676
THRO,Theodore Roosevelt NP,primary,ND,1997,3,2519
THRO,Theodore Roosevelt NP,primary,ND,1997,4,10127
THRO,Theodore Roosevelt NP,primary,ND,1997,5,29261
THRO,Theodore Roosevelt NP,primary,ND,1997,6,61553
THRO,Theodore Roosevelt NP,primary,ND,1997,7,93687
THRO,Theodore Roosevelt NP,primary,ND,1997,8,108501
THRO,Theodore Roosevelt NP,primary,ND,1997,9,52435
THRO,Theodore Roosevelt NP,primary,ND,1997,10,24610
THRO,Theodore Roosevelt NP,primary,ND,1997,11,5512
THRO,Theodore Roosevelt NP,primary,ND,1997,12,2570
THRO,Theodore Roosevelt NP,primary,ND,1998,1,3211
THRO,Theodore Roosevelt NP,primary,ND,1998,2,3222
THRO,Theodore Roosevelt NP,primary,ND,1998,3,2225
THRO,Theodore Roosevelt NP,primary,ND,1998,4,17438
THRO,Theodore Roosevelt NP,primary,ND,1998,5,40643
THRO,Theodore Roosevelt NP,primary,ND,1998,6,76842
THRO,Theodore Roosevelt NP,primary,ND,1998,7,106388
THRO,Theodore Roosevelt NP,primary,ND,1998,8,111675
THRO,Theodore Roosevelt NP,primary,ND,1998,9,54891
THRO,Theodore Roosevelt NP,primary,ND,1998,10,23752
THRO,Theodore Roosevelt NP,primary,ND,1998,11,6885
THRO,Theodore Roosevelt NP,primary,ND,1998,12,1114
THRO,Theodore Roosevelt NP,primary,ND,1999,1,1167
THRO,Theodore Roosevelt NP,primary,ND,1999,2,1464
THRO,Theodore Roosevelt NP,primary,ND,1999,3,2921
THRO,Theodore Roosevelt NP,primary,ND,1999,4,20194
THRO,Theodore Roosevelt NP,primary,ND,1999,5,30590
THRO,Theodore Roosevelt NP,primary,ND,1999,6,71375
THRO,Theodore Roosevelt NP,primary,ND,1999,7,102566
THRO,Theodore Roosevelt NP,primary,ND,1999,8,110667
THRO,Theodore Roosevelt NP,primary,ND,1999,9,51527
THRO,Theodore Roosevelt NP,primary,ND,1999,10,27695
THRO,Theodore Roosevelt NP,primary,ND,1999,11,9617
THRO,Theodore Roosevelt NP,primary,ND,1999,12,1528
THRO,Theodore Roosevelt NP,primary,ND,2000,1,1039
THRO,Theodore Roosevelt NP,primary,ND,2000,2,1037
THRO,Theodore Roosevelt NP,primary,ND,2000,3,4073
THRO,Theodore Roosevelt NP,primary,ND,2000,4,16264
THRO,Theodore Roosevelt NP,primary,ND,2000,5,41394
THRO,Theodore Roosevelt NP,primary,ND,2000,6,64396
THRO,Theodore Roosevelt NP,primary,ND,2000,7,116569
THRO,Theodore Roosevelt NP,primary,ND,2000,8,101706
THRO,Theodore Roosevelt NP,primary,ND,2000,9,55362
THRO,Theodore Roosevelt NP,primary,ND,2000,10,22097
THRO,Theodore Roosevelt NP,primary,ND,2000,11,7138
THRO,Theodore Roosevelt NP,primary,ND,2000,12,738
THRO,Theodore Roosevelt NP,primary,ND,2001,1,625
THRO,Theodore Roosevelt NP,primary,ND,2001,2,583
THRO,Theodore Roosevelt NP,primary,ND,2001,3,1706
THRO,Theodore Roosevelt NP,primary,ND,2001,4,15367
THRO,Theodore Roosevelt NP,primary,ND,2001,5,34347
THRO,Theodore Roosevelt NP,primary,ND,2001,6,70200
THRO,Theodore Roosevelt NP,primary,ND,2001,7,117441
THRO,Theodore Roosevelt NP,primary,ND,2001,8,114881
THRO,Theodore Roosevelt NP,primary,ND,2001,9,56866
THRO,Theodore Roosevelt NP,primary,ND,2001,10,26244
THRO,Theodore Roosevelt NP,primary,ND,2001,11,7556
THRO,Theodore Roosevelt NP,primary,ND,2001,12,793
THRO,Theodore Roosevelt NP,primary,ND,2002,1,672
THRO,Theodore Roosevelt NP,primary,ND,2002,2,646
THRO,Theodore Roosevelt NP,primary,ND,2002,3,1745
THRO,Theodore Roosevelt NP,primary,ND,2002,4,15680
THRO,Theodore Roosevelt NP,primary,ND,2002,5,35473
THRO,Theodore Roosevelt NP,primary,ND,2002,6,76734
THRO,Theodore Roosevelt NP,primary,ND,2002,7,120464
THRO,Theodore Roosevelt NP,primary,ND,2002,8,119915
THRO,Theodore Roosevelt NP,primary,ND,2002,9,65289
THRO,Theodore Roosevelt NP,primary,ND,2002,10,25478
THRO,Theodore Roosevelt NP,primary,ND,2002,11,8484
THRO,Theodore Roosevelt NP,primary,ND,2002,12,971
THRO,Theodore Roosevelt NP,primary,ND,2003,1,1334
THRO,Theodore Roosevelt NP,primary,ND,2003,2,1682
THRO,Theodore Roosevelt NP,primary,ND,2003,3,2425
THRO,Theodore Roosevelt NP,primary,ND,2003,4,18106
THRO,Theodore Roosevelt NP,primary,ND,2003,5,37445
THRO,Theodore Roosevelt NP,primary,ND,2003,6,78469
THRO,Theodore Roosevelt NP,primary,ND,2003,7,114219
THRO,Theodore Roosevelt NP,primary,ND,2003,8,116140
THRO,Theodore Roosevelt NP,primary,ND,2003,9,72031
THRO,Theodore Roosevelt NP,primary,ND,2003,10,36908
THRO,Theodore Roosevelt NP,primary,ND,2003,11,9904
THRO,Theodore Roosevelt NP,primary,ND,2003,12,1632
THRO,Theodore Roosevelt NP,primary,ND,2004,1,1258
THRO,Theodore Roosevelt NP,primary,ND,2004,2,1699
THRO,Theodore Roosevelt NP,primary,ND,2004,3,1940
THRO,Theodore Roosevelt NP,primary,ND,2004,4,12518
THRO,Theodore Roosevelt NP,primary,ND,2004,5,34680
THRO,Theodore Roosevelt NP,primary,ND,2004,6,72032
THRO,Theodore Roosevelt NP,primary,ND,2004,7,110561
THRO,Theodore Roosevelt NP,primary,ND,2004,8,117902
THRO,Theodore Roosevelt NP,primary,ND,2004,9,69698
THRO,Theodore Roosevelt NP,primary,ND,2004,10,34497
THRO,Theodore Roosevelt NP,primary,ND,2004,11,13935
THRO,Theodore Roosevelt NP,primary,ND,2004,12,3869
THRO,Theodore Roosevelt NP,primary,ND,2005,1,1256
THRO,Theodore Roosevelt NP,primary,ND,2005,2,1308
THRO,Theodore Roosevelt NP,primary,ND,2005,3,2349
THRO,Theodore Roosevelt NP,primary,ND,2005,4,21816
THRO,Theodore Roosevelt NP,primary,ND,2005,5,34961
THRO,Theodore Roosevelt NP,primary,ND,2005,6,83018
THRO,Theodore Roosevelt NP,primary,ND,2005,7,116124
THRO,Theodore Roosevelt NP,primary,ND,2005,8,120339
THRO,Theodore Roosevelt NP,primary,ND,2005,9,64437
THRO,Theodore Roosevelt NP,primary,ND,2005,10,32375
THRO,Theodore Roosevelt NP,primary,ND,2005,11,13060
THRO,Theodore Roosevelt NP,primary,ND,2005,12,2155
THRO,Theodore Roosevelt NP,primary,ND,2006,1,1256
THRO,Theodore Roosevelt NP,primary,ND,2006,2,1874
THRO,Theodore Roosevelt NP,primary,ND,2006,3,2552
THRO,Theodore Roosevelt NP,primary,ND,2006,4,12812
THRO,Theodore Roosevelt NP,primary,ND,2006,5,34970
THRO,Theodore Roosevelt NP,primary,ND,2006,6,80040
THRO,Theodore Roosevelt NP,primary,ND,2006,7,104284
THRO,Theodore Roosevelt NP,primary,ND,2006,8,101026
THRO,Theodore Roosevelt NP,primary,ND,2006,9,58675
THRO,Theodore Roosevelt NP,primary,ND,2006,10,33289
THRO,Theodore Roosevelt NP,primary,ND,2006,11,3073
THRO,Theodore Roosevelt NP,primary,ND,2006,12,1508
THRO,Theodore Roosevelt NP,primary,ND,2007,1,1202
THRO,Theodore Roosevelt NP,primary,ND,2007,2,1211
THRO,Theodore Roosevelt NP,primary,ND,2007,3,2797
THRO,Theodore Roosevelt NP,primary,ND,2007,4,17243
THRO,Theodore Roosevelt NP,primary,ND,2007,5,34709
THRO,Theodore Roosevelt NP,primary,ND,2007,6,79894
THRO,Theodore Roosevelt NP,primary,ND,2007,7,108614
THRO,Theodore Roosevelt NP,primary,ND,2007,8,101104
THRO,Theodore Roosevelt NP,primary,ND,2007,9,64598
THRO,Theodore Roosevelt NP,primary,ND,2007,10,37618
THRO,Theodore Roosevelt NP,primary,ND,2007,11,5894
THRO,Theodore Roosevelt NP,primary,ND,2007,12,1704
THRO,Theodore Roosevelt NP,primary,ND,2008,1,771
THRO,Theodore Roosevelt NP,primary,ND,2008,2,1173
THRO,Theodore Roosevelt NP,primary,ND,2008,3,3409
THRO,Theodore Roosevelt NP,primary,ND,2008,4,34042
THRO,Theodore Roosevelt NP,primary,ND,2008,5,41858
THRO,Theodore Roosevelt NP,primary,ND,2008,6,70534
THRO,Theodore Roosevelt NP,primary,ND,2008,7,108212
THRO,Theodore Roosevelt NP,primary,ND,2008,8,97342
THRO,Theodore Roosevelt NP,primary,ND,2008,9,49392
THRO,Theodore Roosevelt NP,primary,ND,2008,10,92899
THRO,Theodore Roosevelt NP,primary,ND,2008,11,14415
THRO,Theodore Roosevelt NP,primary,ND,2008,12,2757
THRO,Theodore Roosevelt NP,primary,ND,2009,1,351
THRO,Theodore Roosevelt NP,primary,ND,2009,2,1123
THRO,Theodore Roosevelt NP,primary,ND,2009,3,3108
THRO,Theodore Roosevelt NP,primary,ND,2009,4,26401
THRO,Theodore Roosevelt NP,primary,ND,2009,5,59694
THRO,Theodore Roosevelt NP,primary,ND,2009,6,79023
THRO,Theodore Roosevelt NP,primary,ND,2009,7,119531
THRO,Theodore Roosevelt NP,primary,ND,2009,8,110833
THRO,Theodore Roosevelt NP,primary,ND,2009,9,69061
THRO,Theodore Roosevelt NP,primary,ND,2009,10,82152
THRO,Theodore Roosevelt NP,primary,ND,2009,11,32400
THRO,Theodore Roosevelt NP,primary,ND,2009,12,3251
THRO,Theodore Roosevelt NP,primary,ND,2010,1,649
THRO,Theodore Roosevelt NP,primary,ND,2010,2,2273
THRO,Theodore Roosevelt NP,primary,ND,2010,3,5738
THRO,Theodore Roosevelt NP,primary,ND,2010,4,37379
THRO,Theodore Roosevelt NP,primary,ND,2010,5,61723
THRO,Theodore Roosevelt NP,primary,ND,2010,6,101545
THRO,Theodore Roosevelt NP,primary,ND,2010,7,114893
THRO,Theodore Roosevelt NP,primary,ND,2010,8,104439
THRO,Theodore Roosevelt NP,primary,ND,2010,9,66014
THRO,Theodore Roosevelt NP,primary,ND,2010,10,90047
THRO,Theodore Roosevelt NP,primary,ND,2010,11,35157
THRO,Theodore Roosevelt NP,primary,ND,2010,12,3891
THRO,Theodore Roosevelt NP,primary,ND,2011,1,991
THRO,Theodore Roosevelt NP,primary,ND,2011,2,2182
THRO,Theodore Roosevelt NP,primary,ND,2011,3,5759
THRO,Theodore Roosevelt NP,primary,ND,2011,4,21210
THRO,Theodore Roosevelt NP,primary,ND,2011,5,53300
THRO,Theodore Roosevelt NP,primary,ND,2011,6,77086
THRO,Theodore Roosevelt NP,primary,ND,2011,7,119479
THRO,Theodore Roosevelt NP,primary,ND,2011,8,113928
THRO,Theodore Roosevelt NP,primary,ND,2011,9,67619
THRO,Theodore Roosevelt NP,primary,ND,2011,10,63658
THRO,Theodore Roosevelt NP,primary,ND,2011,11,33807
THRO,Theodore Roosevelt NP,primary,ND,2011,12,4388
THRO,Theodore Roosevelt NP,primary,ND,2012,1,1231
THRO,Theodore Roosevelt NP,primary,ND,2012,2,2708
THRO,Theodore Roosevelt NP,primary,ND,2012,3,7654
THRO,Theodore Roosevelt NP,primary,ND,2012,4,33088
THRO,Theodore Roosevelt NP,primary,ND,2012,5,60320
THRO,Theodore Roosevelt NP,primary,ND,2012,6,96223
THRO,Theodore Roosevelt NP,primary,ND,2012,7,120737
THRO,Theodore Roosevelt NP,primary,ND,2012,8,116494
THRO,Theodore Roosevelt NP,primary,ND,2012,9,79436
THRO,Theodore Roosevelt NP,primary,ND,2012,10,77779
THRO,Theodore Roosevelt NP,primary,ND,2012,11,36596
THRO,Theodore Roosevelt NP,primary,ND,2012,12,8289
THRO,Theodore Roosevelt NP,primary,ND,2013,1,1863
THRO,Theodore Roosevelt NP,primary,ND,2013,2,2649
THRO,Theodore Roosevelt NP,primary,ND,2013,3,5729
THRO,Theodore Roosevelt NP,primary,ND,2013,4,7459
THRO,Theodore Roosevelt NP,primary,ND,2013,5,32794
THRO,Theodore Roosevelt NP,primary,ND,2013,6,107066
THRO,Theodore Roosevelt NP,primary,ND,2013,7,131384
THRO,Theodore Roosevelt NP,primary,ND,2013,8,118507
THRO,Theodore Roosevelt NP,primary,ND,2013,9,67226
THRO,Theodore Roosevelt NP,primary,ND,2013,10,31036
THRO,Theodore Roosevelt NP,primary,ND,2013,11,30961
THRO,Theodore Roosevelt NP,primary,ND,2013,12,8416
THRO,Theodore Roosevelt NP,primary,ND,2014,1,2014
THRO,Theodore Roosevelt NP,primary,ND,2014,2,3189
THRO,Theodore Roosevelt NP,primary,ND,2014,3,6561
THRO,Theodore Roosevelt NP,primary,ND,2014,4,9771
THRO,Theodore Roosevelt NP,primary,ND,2014,5,58639
THRO,Theodore Roosevelt NP,primary,ND,2014,6,120562
THRO,Theodore Roosevelt NP,primary,ND,2014,7,135149
THRO,Theodore Roosevelt NP,primary,ND,2014,8,106684
THRO,Theodore Roosevelt NP,primary,ND,2014,9,77436
THRO,Theodore Roosevelt NP,primary,ND,2014,10,30721
THRO,Theodore Roosevelt NP,primary,ND,2014,11,5762
THRO,Theodore Roosevelt NP,primary,ND,2014,12,3092
THRO,Theodore Roosevelt NP,primary,ND,2015,1,2007
THRO,Theodore Roosevelt NP,primary,ND,2015,2,2206
THRO,Theodore Roosevelt NP,primary,ND,2015,3,9291
THRO,Theodore Roosevelt NP,primary,ND,2015,4,16932
THRO,Theodore Roosevelt NP,primary,ND,2015,5,37725
THRO,Theodore Roosevelt NP,primary,ND,2015,6,99939
THRO,Theodore Roosevelt NP,primary,ND,2015,7,123938
THRO,Theodore Roosevelt NP,primary,ND,2015,8,112087
THRO,Theodore Roosevelt NP,primary,ND,2015,9,75035
THRO,Theodore Roosevelt NP,primary,ND,2015,10,71329
THRO,Theodore Roosevelt NP,primary,ND,2015,11,23944
THRO,Theodore Roosevelt NP,primary,ND,2015,12,5600
THRO,Theodore Roosevelt NP,primary,ND,2016,1,3699
THRO,Theodore Roosevelt NP,primary,ND,2016,2,3769
THRO,Theodore Roosevelt NP,primary,ND,2016,3,11237
THRO,Theodore Roosevelt NP,primary,ND,2016,4,12701
THRO,Theodore Roosevelt NP,primary,ND,2016,5,71977
THRO,Theodore Roosevelt NP,primary,ND,2016,6,122044
THRO,Theodore Roosevelt NP,primary,ND,2016,7,162933
THRO,Theodore Roosevelt NP,primary,ND,2016,8,160125
THRO,Theodore Roosevelt NP,primary,ND,2016,9,101499
THRO,Theodore Roosevelt NP,primary,ND,2016,10,78667
THRO,Theodore Roosevelt NP,primary,ND,2016,11,23088
THRO,Theodore Roosevelt NP,primary,ND,2016,12,2141
THRO,Theodore Roosevelt NP,primary,ND,2017,1,1905
THRO,Theodore Roosevelt NP,primary,ND,2017,2,3459
THRO,Theodore Roosevelt NP,primary,ND,2017,3,7957
THRO,Theodore Roosevelt NP,primary,ND,2017,4,22137
THRO,Theodore Roosevelt NP,primary,ND,2017,5,79745
THRO,Theodore Roosevelt NP,primary,ND,2017,6,109297
THRO,Theodore Roosevelt NP,primary,ND,2017,7,156123
THRO,Theodore Roosevelt NP,primary,ND,2017,8,160360
THRO,Theodore Roosevelt NP,primary,ND,2017,9,92235
THRO,Theodore Roosevelt NP,primary,ND,2017,10,54859
THRO,Theodore Roosevelt NP,primary,ND,2017,11,18214
THRO,Theodore Roosevelt NP,primary,ND,2017,12,1712
THRO,Theodore Roosevelt NP,primary,ND,2018,1,2950
THRO,Theodore Roosevelt NP,primary,ND,2018,2,2149
THRO,Theodore Roosevelt NP,primary,ND,2018,3,9140
THRO,Theodore Roosevelt NP,primary,ND,2018,4,16926
THRO,Theodore Roosevelt NP,primary,ND,2018,5,83865
THRO,Theodore Roosevelt NP,primary,ND,2018,6,132489
THRO,Theodore Roosevelt NP,primary,ND,2018,7,176271
THRO,Theodore Roosevelt NP,primary,ND,2018,8,138851
THRO,Theodore Roosevelt NP,primary,ND,2018,9,103766
THRO,Theodore Roosevelt NP,primary,ND,2018,10,62543
THRO,Theodore Roosevelt NP,primary,ND,2018,11,16265
THRO,Theodore Roosevelt NP,primary,ND,2018,12,4174
THRO,Theodore Roosevelt NP,primary,ND,2019,1,2515
THRO,Theodore Roosevelt NP,primary,ND,2019,2,1187
THRO,Theodore Roosevelt NP,primary,ND,2019,3,5935
THRO,Theodore Roosevelt NP,primary,ND,2019,4,10516
THRO,Theodore Roosevelt NP,primary,ND,2019,5,75682
THRO,Theodore Roosevelt NP,primary,ND,2019,6,134590
THRO,Theodore Roosevelt NP,primary,ND,2019,7,149425
THRO,Theodore Roosevelt NP,primary,ND,2019,8,135584
THRO,Theodore Roosevelt NP,primary,ND,2019,9,110576
THRO,Theodore Roosevelt NP,primary,ND,2019,10,46043
THRO,Theodore Roosevelt NP,primary,ND,2019,11,17086
THRO,Theodore Roosevelt NP,primary,ND,2019,12,2519
THRO,Theodore Roosevelt NP,primary,ND,2020,1,2103
THRO,Theodore Roosevelt NP,primary,ND,2020,2,4190
THRO,Theodore Roosevelt NP,primary,ND,2020,3,12204
THRO,Theodore Roosevelt NP,primary,ND,2020,4,3278
THRO,Theodore Roosevelt NP,primary,ND,2020,5,19618
THRO,Theodore Roosevelt NP,primary,ND,2020,6,106279
THRO,Theodore Roosevelt NP,primary,ND,2020,7,124698
THRO,Theodore Roosevelt NP,primary,ND,2020,8,118836
THRO,Theodore Roosevelt NP,primary,ND,2020,9,87640
THRO,Theodore Roosevelt NP,primary,ND,2020,10,50212
THRO,Theodore Roosevelt NP,primary,ND,2020,11,15371
THRO,Theodore Roosevelt NP,primary,ND,2020,12,6874
THRO,Theodore Roosevelt NP,primary,ND,2021,1,6866
THRO,Theodore Roosevelt NP,primary,ND,2021,2,5162
THRO,Theodore Roosevelt NP,primary,ND,2021,3,15125
THRO,Theodore Roosevelt NP,primary,ND,2021,4,11993
THRO,Theodore Roosevelt NP,primary,ND,2021,5,76738
THRO,Theodore Roosevelt NP,primary,ND,2021,6,150232
THRO,Theodore Roosevelt NP,primary,ND,2021,7,176113
THRO,Theodore Roosevelt NP,primary,ND,2021,8,157639
THRO,Theodore Roosevelt NP,primary,ND,2021,9,130018
THRO,Theodore Roosevelt NP,primary,ND,2021,10,55777
THRO,Theodore Roosevelt NP,primary,ND,2021,11,8235
THRO,Theodore Roosevelt NP,primary,ND,2021,12,2187
THRO,Theodore Roosevelt NP,primary,ND,2022,1,2449
THRO,Theodore Roosevelt NP,primary,ND,2022,2,2568
THRO,Theodore Roosevelt NP,primary,ND,2022,3,6645
THRO,Theodore Roosevelt NP,primary,ND,2022,4,7366
THRO,Theodore Roosevelt NP,primary,ND,2022,5,66678
THRO,Theodore Roosevelt NP,primary,ND,2022,6,124089
THRO,Theodore Roosevelt NP,primary,ND,2022,7,150994
THRO,Theodore Roosevelt NP,primary,ND,2022,8,137454
THRO,Theodore Roosevelt NP,primary,ND,2022,9,114280
THRO,Theodore Roosevelt NP,primary,ND,2022,10,50215
THRO,Theodore Roosevelt NP,primary,ND,2022,11,4614
THRO,Theodore Roosevelt NP,primary,ND,2022,12,1327
THRO,Theodore Roosevelt NP,primary,ND,2023,1,3295
THRO,Theodore Roosevelt NP,primary,ND,2023,2,1890
THRO,Theodore Roosevelt NP,primary,ND,2023,3,5727
THRO,Theodore Roosevelt NP,primary,ND,2023,4,11162
THRO,Theodore Roosevelt NP,primary,ND,2023,5,75073
THRO,Theodore Roosevelt NP,primary,ND,2023,6,139189
THRO,Theodore Roosevelt NP,primary,ND,2023,7,166853
THRO,Theodore Roosevelt NP,primary,ND,2023,8,148446
THRO,Theodore Roosevelt NP,primary,ND,2023,9,117092
THRO,Theodore Roosevelt NP,primary,ND,2023,10,58701
THRO,Theodore Roosevelt NP,primary,ND,2023,11,17412
THRO,Theodore Roosevelt NP,primary,ND,2023,12,2022
THRO,Theodore Roosevelt NP,primary,ND,2024,1,956
THRO,Theodore Roosevelt NP,primary,ND,2024,2,2670
THRO,Theodore Roosevelt NP,primary,ND,2024,3,9604
THRO,Theodore Roosevelt NP,primary,ND,2024,4,12155
THRO,Theodore Roosevelt NP,primary,ND,2024,5,69601
THRO,Theodore Roosevelt NP,primary,ND,2024,6,140436
THRO,Theodore Roosevelt NP,primary,ND,2024,7,154280
THRO,Theodore Roosevelt NP,primary,ND,2024,8,153886
THRO,Theodore Roosevelt NP,primary,ND,2024,9,113473
THRO,Theodore Roosevelt NP,primary,ND,2024,10,56160
THRO,Theodore Roosevelt NP,primary,ND,2024,11,18204
THRO,Theodore Roosevelt NP,primary,ND,2024,12,1526
THRO,Theodore Roosevelt NP,primary,ND,2025,1,850
THRO,Theodore Roosevelt NP,primary,ND,2025,2,2037
THRO,Theodore Roosevelt NP,primary,ND,2025,3,9557
THRO,Theodore Roosevelt NP,primary,ND,2025,4,11491
THRO,Theodore Roosevelt NP,primary,ND,2025,5,77061
THRO,Theodore Roosevelt NP,primary,ND,2025,6,132952
THRO,Theodore Roosevelt NP,primary,ND,2025,7,155747
THRO,Theodore Roosevelt NP,primary,ND,2025,8,151582
THRO,Theodore Roosevelt NP,primary,ND,2025,9,127296
THRO,Theodore Roosevelt NP,primary,ND,2025,10,50520
THRO,Theodore Roosevelt NP,primary,ND,2025,11,7946
THRO,Theodore Roosevelt NP,primary,ND,2025,12,2854
THRO,Theodore Roosevelt NP,primary,ND,2026,1,2781
THRO,Theodore Roosevelt NP,primary,ND,2026,2,4315
THRO,Theodore Roosevelt NP,primary,ND,2026,3,9175
THRO,Theodore Roosevelt NP,primary,ND,2026,4,14763
THRO,Theodore Roosevelt NP,primary,ND,2026,5,71792
THRO,Theodore Roosevelt NP,primary,ND,2026,6,135564
THRO,Theodore Roosevelt NP,primary,ND,2026,7,162601
THRO,Theodore Roosevelt NP,primary,ND,2026,8,173021
WICA,Wind Cave NP,control,SD,1979,1,7588
WICA,Wind Cave NP,control,SD,1979,2,8434
WICA,Wind Cave NP,control,SD,1979,3,11871
WICA,Wind Cave NP,control,SD,1979,4,14195
WICA,Wind Cave NP,control,SD,1979,5,40960
WICA,Wind Cave NP,control,SD,1979,6,76989
WICA,Wind Cave NP,control,SD,1979,7,100724
WICA,Wind Cave NP,control,SD,1979,8,107832
WICA,Wind Cave NP,control,SD,1979,9,51525
WICA,Wind Cave NP,control,SD,1979,10,16137
WICA,Wind Cave NP,control,SD,1979,11,10987
WICA,Wind Cave NP,control,SD,1979,12,10201
WICA,Wind Cave NP,control,SD,1980,1,8637
WICA,Wind Cave NP,control,SD,1980,2,9114
WICA,Wind Cave NP,control,SD,1980,3,10947
WICA,Wind Cave NP,control,SD,1980,4,12915
WICA,Wind Cave NP,control,SD,1980,5,39998
WICA,Wind Cave NP,control,SD,1980,6,77298
WICA,Wind Cave NP,control,SD,1980,7,110027
WICA,Wind Cave NP,control,SD,1980,8,117840
WICA,Wind Cave NP,control,SD,1980,9,50610
WICA,Wind Cave NP,control,SD,1980,10,14985
WICA,Wind Cave NP,control,SD,1980,11,11655
WICA,Wind Cave NP,control,SD,1980,12,9035
WICA,Wind Cave NP,control,SD,1981,1,9096
WICA,Wind Cave NP,control,SD,1981,2,8143
WICA,Wind Cave NP,control,SD,1981,3,11786
WICA,Wind Cave NP,control,SD,1981,4,14127
WICA,Wind Cave NP,control,SD,1981,5,41909
WICA,Wind Cave NP,control,SD,1981,6,84958
WICA,Wind Cave NP,control,SD,1981,7,123442
WICA,Wind Cave NP,control,SD,1981,8,123749
WICA,Wind Cave NP,control,SD,1981,9,49838
WICA,Wind Cave NP,control,SD,1981,10,16032
WICA,Wind Cave NP,control,SD,1981,11,11443
WICA,Wind Cave NP,control,SD,1981,12,8901
WICA,Wind Cave NP,control,SD,1982,1,6889
WICA,Wind Cave NP,control,SD,1982,2,7955
WICA,Wind Cave NP,control,SD,1982,3,10772
WICA,Wind Cave NP,control,SD,1982,4,12484
WICA,Wind Cave NP,control,SD,1982,5,38343
WICA,Wind Cave NP,control,SD,1982,6,81277
WICA,Wind Cave NP,control,SD,1982,7,117736
WICA,Wind Cave NP,control,SD,1982,8,113488
WICA,Wind Cave NP,control,SD,1982,9,45098
WICA,Wind Cave NP,control,SD,1982,10,13895
WICA,Wind Cave NP,control,SD,1982,11,10837
WICA,Wind Cave NP,control,SD,1982,12,8618
WICA,Wind Cave NP,control,SD,1983,1,9003
WICA,Wind Cave NP,control,SD,1983,2,9333
WICA,Wind Cave NP,control,SD,1983,3,9903
WICA,Wind Cave NP,control,SD,1983,4,11921
WICA,Wind Cave NP,control,SD,1983,5,40973
WICA,Wind Cave NP,control,SD,1983,6,87936
WICA,Wind Cave NP,control,SD,1983,7,130197
WICA,Wind Cave NP,control,SD,1983,8,113313
WICA,Wind Cave NP,control,SD,1983,9,56638
WICA,Wind Cave NP,control,SD,1983,10,15540
WICA,Wind Cave NP,control,SD,1983,11,11987
WICA,Wind Cave NP,control,SD,1983,12,6995
WICA,Wind Cave NP,control,SD,1984,1,8837
WICA,Wind Cave NP,control,SD,1984,2,29426
WICA,Wind Cave NP,control,SD,1984,3,10579
WICA,Wind Cave NP,control,SD,1984,4,11090
WICA,Wind Cave NP,control,SD,1984,5,40449
WICA,Wind Cave NP,control,SD,1984,6,85629
WICA,Wind Cave NP,control,SD,1984,7,132072
WICA,Wind Cave NP,control,SD,1984,8,132661
WICA,Wind Cave NP,control,SD,1984,9,47767
WICA,Wind Cave NP,control,SD,1984,10,16718
WICA,Wind Cave NP,control,SD,1984,11,12457
WICA,Wind Cave NP,control,SD,1984,12,8337
WICA,Wind Cave NP,control,SD,1985,1,8921
WICA,Wind Cave NP,control,SD,1985,2,8684
WICA,Wind Cave NP,control,SD,1985,3,9182
WICA,Wind Cave NP,control,SD,1985,4,14222
WICA,Wind Cave NP,control,SD,1985,5,38527
WICA,Wind Cave NP,control,SD,1985,6,78298
WICA,Wind Cave NP,control,SD,1985,7,129046
WICA,Wind Cave NP,control,SD,1985,8,118278
WICA,Wind Cave NP,control,SD,1985,9,38993
WICA,Wind Cave NP,control,SD,1985,10,16178
WICA,Wind Cave NP,control,SD,1985,11,8792
WICA,Wind Cave NP,control,SD,1985,12,8464
WICA,Wind Cave NP,control,SD,1986,1,8493
WICA,Wind Cave NP,control,SD,1986,2,8517
WICA,Wind Cave NP,control,SD,1986,3,13207
WICA,Wind Cave NP,control,SD,1986,4,10768
WICA,Wind Cave NP,control,SD,1986,5,39962
WICA,Wind Cave NP,control,SD,1986,6,87748
WICA,Wind Cave NP,control,SD,1986,7,109346
WICA,Wind Cave NP,control,SD,1986,8,125342
WICA,Wind Cave NP,control,SD,1986,9,43950
WICA,Wind Cave NP,control,SD,1986,10,17181
WICA,Wind Cave NP,control,SD,1986,11,7372
WICA,Wind Cave NP,control,SD,1986,12,11448
WICA,Wind Cave NP,control,SD,1987,1,10709
WICA,Wind Cave NP,control,SD,1987,2,9654
WICA,Wind Cave NP,control,SD,1987,3,10682
WICA,Wind Cave NP,control,SD,1987,4,14338
WICA,Wind Cave NP,control,SD,1987,5,48523
WICA,Wind Cave NP,control,SD,1987,6,97612
WICA,Wind Cave NP,control,SD,1987,7,136272
WICA,Wind Cave NP,control,SD,1987,8,130029
WICA,Wind Cave NP,control,SD,1987,9,62346
WICA,Wind Cave NP,control,SD,1987,10,18499
WICA,Wind Cave NP,control,SD,1987,11,14180
WICA,Wind Cave NP,control,SD,1987,12,10876
WICA,Wind Cave NP,control,SD,1988,1,10989
WICA,Wind Cave NP,control,SD,1988,2,11198
WICA,Wind Cave NP,control,SD,1988,3,13580
WICA,Wind Cave NP,control,SD,1988,4,16043
WICA,Wind Cave NP,control,SD,1988,5,51778
WICA,Wind Cave NP,control,SD,1988,6,104162
WICA,Wind Cave NP,control,SD,1988,7,142919
WICA,Wind Cave NP,control,SD,1988,8,124301
WICA,Wind Cave NP,control,SD,1988,9,60030
WICA,Wind Cave NP,control,SD,1988,10,19553
WICA,Wind Cave NP,control,SD,1988,11,13082
WICA,Wind Cave NP,control,SD,1988,12,10381
WICA,Wind Cave NP,control,SD,1989,1,10888
WICA,Wind Cave NP,control,SD,1989,2,8843
WICA,Wind Cave NP,control,SD,1989,3,12288
WICA,Wind Cave NP,control,SD,1989,4,13039
WICA,Wind Cave NP,control,SD,1989,5,46657
WICA,Wind Cave NP,control,SD,1989,6,94905
WICA,Wind Cave NP,control,SD,1989,7,140205
WICA,Wind Cave NP,control,SD,1989,8,134629
WICA,Wind Cave NP,control,SD,1989,9,64366
WICA,Wind Cave NP,control,SD,1989,10,16044
WICA,Wind Cave NP,control,SD,1989,11,11556
WICA,Wind Cave NP,control,SD,1989,12,8338
WICA,Wind Cave NP,control,SD,1990,1,9595
WICA,Wind Cave NP,control,SD,1990,2,9361
WICA,Wind Cave NP,control,SD,1990,3,11482
WICA,Wind Cave NP,control,SD,1990,4,14706
WICA,Wind Cave NP,control,SD,1990,5,51024
WICA,Wind Cave NP,control,SD,1990,6,106682
WICA,Wind Cave NP,control,SD,1990,7,143563
WICA,Wind Cave NP,control,SD,1990,8,140800
WICA,Wind Cave NP,control,SD,1990,9,62627
WICA,Wind Cave NP,control,SD,1990,10,17564
WICA,Wind Cave NP,control,SD,1990,11,11348
WICA,Wind Cave NP,control,SD,1990,12,7712
WICA,Wind Cave NP,control,SD,1991,1,9712
WICA,Wind Cave NP,control,SD,1991,2,9343
WICA,Wind Cave NP,control,SD,1991,3,13143
WICA,Wind Cave NP,control,SD,1991,4,13833
WICA,Wind Cave NP,control,SD,1991,5,52177
WICA,Wind Cave NP,control,SD,1991,6,95024
WICA,Wind Cave NP,control,SD,1991,7,159309
WICA,Wind Cave NP,control,SD,1991,8,154281
WICA,Wind Cave NP,control,SD,1991,9,54503
WICA,Wind Cave NP,control,SD,1991,10,15955
WICA,Wind Cave NP,control,SD,1991,11,9761
WICA,Wind Cave NP,control,SD,1991,12,10016
WICA,Wind Cave NP,control,SD,1992,1,10438
WICA,Wind Cave NP,control,SD,1992,2,11313
WICA,Wind Cave NP,control,SD,1992,3,13350
WICA,Wind Cave NP,control,SD,1992,4,16647
WICA,Wind Cave NP,control,SD,1992,5,57957
WICA,Wind Cave NP,control,SD,1992,6,116597
WICA,Wind Cave NP,control,SD,1992,7,160670
WICA,Wind Cave NP,control,SD,1992,8,175435
WICA,Wind Cave NP,control,SD,1992,9,60440
WICA,Wind Cave NP,control,SD,1992,10,17672
WICA,Wind Cave NP,control,SD,1992,11,9761
WICA,Wind Cave NP,control,SD,1992,12,10016
WICA,Wind Cave NP,control,SD,1993,1,15231
WICA,Wind Cave NP,control,SD,1993,2,11366
WICA,Wind Cave NP,control,SD,1993,3,19965
WICA,Wind Cave NP,control,SD,1993,4,32238
WICA,Wind Cave NP,control,SD,1993,5,34303
WICA,Wind Cave NP,control,SD,1993,6,65449
WICA,Wind Cave NP,control,SD,1993,7,116245
WICA,Wind Cave NP,control,SD,1993,8,127550
WICA,Wind Cave NP,control,SD,1993,9,57120
WICA,Wind Cave NP,control,SD,1993,10,25692
WICA,Wind Cave NP,control,SD,1993,11,15411
WICA,Wind Cave NP,control,SD,1993,12,16505
WICA,Wind Cave NP,control,SD,1994,1,11154
WICA,Wind Cave NP,control,SD,1994,2,17659
WICA,Wind Cave NP,control,SD,1994,3,24619
WICA,Wind Cave NP,control,SD,1994,4,33540
WICA,Wind Cave NP,control,SD,1994,5,76180
WICA,Wind Cave NP,control,SD,1994,6,121572
WICA,Wind Cave NP,control,SD,1994,7,238482
WICA,Wind Cave NP,control,SD,1994,8,183637
WICA,Wind Cave NP,control,SD,1994,9,81024
WICA,Wind Cave NP,control,SD,1994,10,47845
WICA,Wind Cave NP,control,SD,1994,11,18163
WICA,Wind Cave NP,control,SD,1994,12,17186
WICA,Wind Cave NP,control,SD,1995,1,15078
WICA,Wind Cave NP,control,SD,1995,2,14089
WICA,Wind Cave NP,control,SD,1995,3,32745
WICA,Wind Cave NP,control,SD,1995,4,31234
WICA,Wind Cave NP,control,SD,1995,5,65750
WICA,Wind Cave NP,control,SD,1995,6,122713
WICA,Wind Cave NP,control,SD,1995,7,194634
WICA,Wind Cave NP,control,SD,1995,8,183154
WICA,Wind Cave NP,control,SD,1995,9,81842
WICA,Wind Cave NP,control,SD,1995,10,28740
WICA,Wind Cave NP,control,SD,1995,11,18488
WICA,Wind Cave NP,control,SD,1995,12,17221
WICA,Wind Cave NP,control,SD,1996,1,13402
WICA,Wind Cave NP,control,SD,1996,2,17235
WICA,Wind Cave NP,control,SD,1996,3,21540
WICA,Wind Cave NP,control,SD,1996,4,33644
WICA,Wind Cave NP,control,SD,1996,5,66853
WICA,Wind Cave NP,control,SD,1996,6,124326
WICA,Wind Cave NP,control,SD,1996,7,165892
WICA,Wind Cave NP,control,SD,1996,8,200423
WICA,Wind Cave NP,control,SD,1996,9,72281
WICA,Wind Cave NP,control,SD,1996,10,35979
WICA,Wind Cave NP,control,SD,1996,11,15832
WICA,Wind Cave NP,control,SD,1996,12,13764
WICA,Wind Cave NP,control,SD,1997,1,13576
WICA,Wind Cave NP,control,SD,1997,2,15959
WICA,Wind Cave NP,control,SD,1997,3,24877
WICA,Wind Cave NP,control,SD,1997,4,29807
WICA,Wind Cave NP,control,SD,1997,5,96592
WICA,Wind Cave NP,control,SD,1997,6,126762
WICA,Wind Cave NP,control,SD,1997,7,199107
WICA,Wind Cave NP,control,SD,1997,8,177145
WICA,Wind Cave NP,control,SD,1997,9,74494
WICA,Wind Cave NP,control,SD,1997,10,37298
WICA,Wind Cave NP,control,SD,1997,11,19416
WICA,Wind Cave NP,control,SD,1997,12,17000
WICA,Wind Cave NP,control,SD,1998,1,14994
WICA,Wind Cave NP,control,SD,1998,2,16629
WICA,Wind Cave NP,control,SD,1998,3,26145
WICA,Wind Cave NP,control,SD,1998,4,31284
WICA,Wind Cave NP,control,SD,1998,5,103949
WICA,Wind Cave NP,control,SD,1998,6,123336
WICA,Wind Cave NP,control,SD,1998,7,195530
WICA,Wind Cave NP,control,SD,1998,8,186315
WICA,Wind Cave NP,control,SD,1998,9,78266
WICA,Wind Cave NP,control,SD,1998,10,37298
WICA,Wind Cave NP,control,SD,1998,11,20289
WICA,Wind Cave NP,control,SD,1998,12,15939
WICA,Wind Cave NP,control,SD,1999,1,14564
WICA,Wind Cave NP,control,SD,1999,2,16206
WICA,Wind Cave NP,control,SD,1999,3,24599
WICA,Wind Cave NP,control,SD,1999,4,32461
WICA,Wind Cave NP,control,SD,1999,5,75827
WICA,Wind Cave NP,control,SD,1999,6,122779
WICA,Wind Cave NP,control,SD,1999,7,194687
WICA,Wind Cave NP,control,SD,1999,8,197522
WICA,Wind Cave NP,control,SD,1999,9,47550
WICA,Wind Cave NP,control,SD,1999,10,20293
WICA,Wind Cave NP,control,SD,1999,11,8625
WICA,Wind Cave NP,control,SD,1999,12,6604
WICA,Wind Cave NP,control,SD,2000,1,5548
WICA,Wind Cave NP,control,SD,2000,2,5458
WICA,Wind Cave NP,control,SD,2000,3,9650
WICA,Wind Cave NP,control,SD,2000,4,14603
WICA,Wind Cave NP,control,SD,2000,5,48037
WICA,Wind Cave NP,control,SD,2000,6,124319
WICA,Wind Cave NP,control,SD,2000,7,194687
WICA,Wind Cave NP,control,SD,2000,8,179595
WICA,Wind Cave NP,control,SD,2000,9,39870
WICA,Wind Cave NP,control,SD,2000,10,23277
WICA,Wind Cave NP,control,SD,2000,11,10038
WICA,Wind Cave NP,control,SD,2000,12,13425
WICA,Wind Cave NP,control,SD,2001,1,11090
WICA,Wind Cave NP,control,SD,2001,2,11195
WICA,Wind Cave NP,control,SD,2001,3,15977
WICA,Wind Cave NP,control,SD,2001,4,21264
WICA,Wind Cave NP,control,SD,2001,5,44684
WICA,Wind Cave NP,control,SD,2001,6,110638
WICA,Wind Cave NP,control,SD,2001,7,167404
WICA,Wind Cave NP,control,SD,2001,8,171601
WICA,Wind Cave NP,control,SD,2001,9,42878
WICA,Wind Cave NP,control,SD,2001,10,23990
WICA,Wind Cave NP,control,SD,2001,11,14724
WICA,Wind Cave NP,control,SD,2001,12,14912
WICA,Wind Cave NP,control,SD,2002,1,19934
WICA,Wind Cave NP,control,SD,2002,2,17613
WICA,Wind Cave NP,control,SD,2002,3,23153
WICA,Wind Cave NP,control,SD,2002,4,52832
WICA,Wind Cave NP,control,SD,2002,5,60342
WICA,Wind Cave NP,control,SD,2002,6,145138
WICA,Wind Cave NP,control,SD,2002,7,236901
WICA,Wind Cave NP,control,SD,2002,8,151237
WICA,Wind Cave NP,control,SD,2002,9,41332
WICA,Wind Cave NP,control,SD,2002,10,17887
WICA,Wind Cave NP,control,SD,2002,11,23302
WICA,Wind Cave NP,control,SD,2002,12,20627
WICA,Wind Cave NP,control,SD,2003,1,19696
WICA,Wind Cave NP,control,SD,2003,2,17158
WICA,Wind Cave NP,control,SD,2003,3,31009
WICA,Wind Cave NP,control,SD,2003,4,33398
WICA,Wind Cave NP,control,SD,2003,5,82461
WICA,Wind Cave NP,control,SD,2003,6,135148
WICA,Wind Cave NP,control,SD,2003,7,195724
WICA,Wind Cave NP,control,SD,2003,8,187019
WICA,Wind Cave NP,control,SD,2003,9,79372
WICA,Wind Cave NP,control,SD,2003,10,47023
WICA,Wind Cave NP,control,SD,2003,11,23247
WICA,Wind Cave NP,control,SD,2003,12,22912
WICA,Wind Cave NP,control,SD,2004,1,12426
WICA,Wind Cave NP,control,SD,2004,2,11321
WICA,Wind Cave NP,control,SD,2004,3,17831
WICA,Wind Cave NP,control,SD,2004,4,26964
WICA,Wind Cave NP,control,SD,2004,5,44525
WICA,Wind Cave NP,control,SD,2004,6,92423
WICA,Wind Cave NP,control,SD,2004,7,134552
WICA,Wind Cave NP,control,SD,2004,8,127127
WICA,Wind Cave NP,control,SD,2004,9,70473
WICA,Wind Cave NP,control,SD,2004,10,27354
WICA,Wind Cave NP,control,SD,2004,11,15654
WICA,Wind Cave NP,control,SD,2004,12,13227
WICA,Wind Cave NP,control,SD,2005,1,12430
WICA,Wind Cave NP,control,SD,2005,2,12910
WICA,Wind Cave NP,control,SD,2005,3,20656
WICA,Wind Cave NP,control,SD,2005,4,38703
WICA,Wind Cave NP,control,SD,2005,5,58520
WICA,Wind Cave NP,control,SD,2005,6,90114
WICA,Wind Cave NP,control,SD,2005,7,135615
WICA,Wind Cave NP,control,SD,2005,8,121524
WICA,Wind Cave NP,control,SD,2005,9,69053
WICA,Wind Cave NP,control,SD,2005,10,25951
WICA,Wind Cave NP,control,SD,2005,11,14275
WICA,Wind Cave NP,control,SD,2005,12,12727
WICA,Wind Cave NP,control,SD,2006,1,15475
WICA,Wind Cave NP,control,SD,2006,2,12343
WICA,Wind Cave NP,control,SD,2006,3,15774
WICA,Wind Cave NP,control,SD,2006,4,38286
WICA,Wind Cave NP,control,SD,2006,5,61575
WICA,Wind Cave NP,control,SD,2006,6,83310
WICA,Wind Cave NP,control,SD,2006,7,129028
WICA,Wind Cave NP,control,SD,2006,8,112730
WICA,Wind Cave NP,control,SD,2006,9,67634
WICA,Wind Cave NP,control,SD,2006,10,27425
WICA,Wind Cave NP,control,SD,2006,11,17483
WICA,Wind Cave NP,control,SD,2006,12,9986
WICA,Wind Cave NP,control,SD,2007,1,12702
WICA,Wind Cave NP,control,SD,2007,2,12201
WICA,Wind Cave NP,control,SD,2007,3,18659
WICA,Wind Cave NP,control,SD,2007,4,42150
WICA,Wind Cave NP,control,SD,2007,5,62634
WICA,Wind Cave NP,control,SD,2007,6,79950
WICA,Wind Cave NP,control,SD,2007,7,136038
WICA,Wind Cave NP,control,SD,2007,8,120220
WICA,Wind Cave NP,control,SD,2007,9,63152
WICA,Wind Cave NP,control,SD,2007,10,30479
WICA,Wind Cave NP,control,SD,2007,11,13976
WICA,Wind Cave NP,control,SD,2007,12,10997
WICA,Wind Cave NP,control,SD,2008,1,13350
WICA,Wind Cave NP,control,SD,2008,2,11963
WICA,Wind Cave NP,control,SD,2008,3,21344
WICA,Wind Cave NP,control,SD,2008,4,30138
WICA,Wind Cave NP,control,SD,2008,5,68310
WICA,Wind Cave NP,control,SD,2008,6,68523
WICA,Wind Cave NP,control,SD,2008,7,104547
WICA,Wind Cave NP,control,SD,2008,8,138943
WICA,Wind Cave NP,control,SD,2008,9,67418
WICA,Wind Cave NP,control,SD,2008,10,24698
WICA,Wind Cave NP,control,SD,2008,11,12114
WICA,Wind Cave NP,control,SD,2008,12,12085
WICA,Wind Cave NP,control,SD,2009,1,12433
WICA,Wind Cave NP,control,SD,2009,2,12032
WICA,Wind Cave NP,control,SD,2009,3,17916
WICA,Wind Cave NP,control,SD,2009,4,35864
WICA,Wind Cave NP,control,SD,2009,5,57317
WICA,Wind Cave NP,control,SD,2009,6,86541
WICA,Wind Cave NP,control,SD,2009,7,123552
WICA,Wind Cave NP,control,SD,2009,8,116841
WICA,Wind Cave NP,control,SD,2009,9,78794
WICA,Wind Cave NP,control,SD,2009,10,20414
WICA,Wind Cave NP,control,SD,2009,11,14040
WICA,Wind Cave NP,control,SD,2009,12,12124
WICA,Wind Cave NP,control,SD,2010,1,11939
WICA,Wind Cave NP,control,SD,2010,2,10993
WICA,Wind Cave NP,control,SD,2010,3,19736
WICA,Wind Cave NP,control,SD,2010,4,36717
WICA,Wind Cave NP,control,SD,2010,5,56147
WICA,Wind Cave NP,control,SD,2010,6,77640
WICA,Wind Cave NP,control,SD,2010,7,123652
WICA,Wind Cave NP,control,SD,2010,8,120313
WICA,Wind Cave NP,control,SD,2010,9,68802
WICA,Wind Cave NP,control,SD,2010,10,26270
WICA,Wind Cave NP,control,SD,2010,11,13067
WICA,Wind Cave NP,control,SD,2010,12,11865
WICA,Wind Cave NP,control,SD,2011,1,11313
WICA,Wind Cave NP,control,SD,2011,2,7660
WICA,Wind Cave NP,control,SD,2011,3,23554
WICA,Wind Cave NP,control,SD,2011,4,35609
WICA,Wind Cave NP,control,SD,2011,5,45218
WICA,Wind Cave NP,control,SD,2011,6,77861
WICA,Wind Cave NP,control,SD,2011,7,113202
WICA,Wind Cave NP,control,SD,2011,8,99878
WICA,Wind Cave NP,control,SD,2011,9,68973
WICA,Wind Cave NP,control,SD,2011,10,23741
WICA,Wind Cave NP,control,SD,2011,11,14516
WICA,Wind Cave NP,control,SD,2011,12,16869
WICA,Wind Cave NP,control,SD,2012,1,12579
WICA,Wind Cave NP,control,SD,2012,2,11028
WICA,Wind Cave NP,control,SD,2012,3,17293
WICA,Wind Cave NP,control,SD,2012,4,35086
WICA,Wind Cave NP,control,SD,2012,5,55624
WICA,Wind Cave NP,control,SD,2012,6,85032
WICA,Wind Cave NP,control,SD,2012,7,96381
WICA,Wind Cave NP,control,SD,2012,8,87384
WICA,Wind Cave NP,control,SD,2012,9,69892
WICA,Wind Cave NP,control,SD,2012,10,23992
WICA,Wind Cave NP,control,SD,2012,11,16981
WICA,Wind Cave NP,control,SD,2012,12,17811
WICA,Wind Cave NP,control,SD,2013,1,10376
WICA,Wind Cave NP,control,SD,2013,2,11119
WICA,Wind Cave NP,control,SD,2013,3,16015
WICA,Wind Cave NP,control,SD,2013,4,35354
WICA,Wind Cave NP,control,SD,2013,5,47907
WICA,Wind Cave NP,control,SD,2013,6,112122
WICA,Wind Cave NP,control,SD,2013,7,70989
WICA,Wind Cave NP,control,SD,2013,8,95240
WICA,Wind Cave NP,control,SD,2013,9,71250
WICA,Wind Cave NP,control,SD,2013,10,14110
WICA,Wind Cave NP,control,SD,2013,11,18902
WICA,Wind Cave NP,control,SD,2013,12,12758
WICA,Wind Cave NP,control,SD,2014,1,11553
WICA,Wind Cave NP,control,SD,2014,2,5864
WICA,Wind Cave NP,control,SD,2014,3,16581
WICA,Wind Cave NP,control,SD,2014,4,34389
WICA,Wind Cave NP,control,SD,2014,5,49005
WICA,Wind Cave NP,control,SD,2014,6,99915
WICA,Wind Cave NP,control,SD,2014,7,119654
WICA,Wind Cave NP,control,SD,2014,8,89252
WICA,Wind Cave NP,control,SD,2014,9,73754
WICA,Wind Cave NP,control,SD,2014,10,23049
WICA,Wind Cave NP,control,SD,2014,11,9553
WICA,Wind Cave NP,control,SD,2014,12,14453
WICA,Wind Cave NP,control,SD,2015,1,16116
WICA,Wind Cave NP,control,SD,2015,2,10885
WICA,Wind Cave NP,control,SD,2015,3,18788
WICA,Wind Cave NP,control,SD,2015,4,36808
WICA,Wind Cave NP,control,SD,2015,5,69312
WICA,Wind Cave NP,control,SD,2015,6,117438
WICA,Wind Cave NP,control,SD,2015,7,119875
WICA,Wind Cave NP,control,SD,2015,8,97900
WICA,Wind Cave NP,control,SD,2015,9,73754
WICA,Wind Cave NP,control,SD,2015,10,24704
WICA,Wind Cave NP,control,SD,2015,11,15014
WICA,Wind Cave NP,control,SD,2015,12,11604
WICA,Wind Cave NP,control,SD,2016,1,10734
WICA,Wind Cave NP,control,SD,2016,2,13785
WICA,Wind Cave NP,control,SD,2016,3,24239
WICA,Wind Cave NP,control,SD,2016,4,38373
WICA,Wind Cave NP,control,SD,2016,5,51752
WICA,Wind Cave NP,control,SD,2016,6,114636
WICA,Wind Cave NP,control,SD,2016,7,124710
WICA,Wind Cave NP,control,SD,2016,8,104543
WICA,Wind Cave NP,control,SD,2016,9,78141
WICA,Wind Cave NP,control,SD,2016,10,28696
WICA,Wind Cave NP,control,SD,2016,11,15994
WICA,Wind Cave NP,control,SD,2016,12,11774
WICA,Wind Cave NP,control,SD,2017,1,11916
WICA,Wind Cave NP,control,SD,2017,2,15543
WICA,Wind Cave NP,control,SD,2017,3,24896
WICA,Wind Cave NP,control,SD,2017,4,38002
WICA,Wind Cave NP,control,SD,2017,5,46204
WICA,Wind Cave NP,control,SD,2017,6,116823
WICA,Wind Cave NP,control,SD,2017,7,128984
WICA,Wind Cave NP,control,SD,2017,8,103518
WICA,Wind Cave NP,control,SD,2017,9,77574
WICA,Wind Cave NP,control,SD,2017,10,28696
WICA,Wind Cave NP,control,SD,2017,11,15994
WICA,Wind Cave NP,control,SD,2017,12,11774
WICA,Wind Cave NP,control,SD,2018,1,11916
WICA,Wind Cave NP,control,SD,2018,2,15543
WICA,Wind Cave NP,control,SD,2018,3,24896
WICA,Wind Cave NP,control,SD,2018,4,38002
WICA,Wind Cave NP,control,SD,2018,5,46204
WICA,Wind Cave NP,control,SD,2018,6,116823
WICA,Wind Cave NP,control,SD,2018,7,136829
WICA,Wind Cave NP,control,SD,2018,8,128984
WICA,Wind Cave NP,control,SD,2018,9,79155
WICA,Wind Cave NP,control,SD,2018,10,31128
WICA,Wind Cave NP,control,SD,2018,11,15670
WICA,Wind Cave NP,control,SD,2018,12,11247
WICA,Wind Cave NP,control,SD,2019,1,11431
WICA,Wind Cave NP,control,SD,2019,2,14127
WICA,Wind Cave NP,control,SD,2019,3,21375
WICA,Wind Cave NP,control,SD,2019,4,54922
WICA,Wind Cave NP,control,SD,2019,5,48780
WICA,Wind Cave NP,control,SD,2019,6,125106
WICA,Wind Cave NP,control,SD,2019,7,146531
WICA,Wind Cave NP,control,SD,2019,8,92237
WICA,Wind Cave NP,control,SD,2019,9,55196
WICA,Wind Cave NP,control,SD,2019,10,23537
WICA,Wind Cave NP,control,SD,2019,11,10950
WICA,Wind Cave NP,control,SD,2019,12,11158
WICA,Wind Cave NP,control,SD,2020,1,13641
WICA,Wind Cave NP,control,SD,2020,2,11687
WICA,Wind Cave NP,control,SD,2020,3,13942
WICA,Wind Cave NP,control,SD,2020,4,29214
WICA,Wind Cave NP,control,SD,2020,5,36878
WICA,Wind Cave NP,control,SD,2020,6,55498
WICA,Wind Cave NP,control,SD,2020,7,89098
WICA,Wind Cave NP,control,SD,2020,8,80890
WICA,Wind Cave NP,control,SD,2020,9,67635
WICA,Wind Cave NP,control,SD,2020,10,23939
WICA,Wind Cave NP,control,SD,2020,11,11652
WICA,Wind Cave NP,control,SD,2020,12,14331
WICA,Wind Cave NP,control,SD,2021,1,14840
WICA,Wind Cave NP,control,SD,2021,2,10836
WICA,Wind Cave NP,control,SD,2021,3,16430
WICA,Wind Cave NP,control,SD,2021,4,43240
WICA,Wind Cave NP,control,SD,2021,5,77241
WICA,Wind Cave NP,control,SD,2021,6,121608
WICA,Wind Cave NP,control,SD,2021,7,154509
WICA,Wind Cave NP,control,SD,2021,8,119271
WICA,Wind Cave NP,control,SD,2021,9,89468
WICA,Wind Cave NP,control,SD,2021,10,31657
WICA,Wind Cave NP,control,SD,2021,11,16374
WICA,Wind Cave NP,control,SD,2021,12,13527
WICA,Wind Cave NP,control,SD,2022,1,12433
WICA,Wind Cave NP,control,SD,2022,2,11958
WICA,Wind Cave NP,control,SD,2022,3,20156
WICA,Wind Cave NP,control,SD,2022,4,35600
WICA,Wind Cave NP,control,SD,2022,5,69382
WICA,Wind Cave NP,control,SD,2022,6,95359
WICA,Wind Cave NP,control,SD,2022,7,120638
WICA,Wind Cave NP,control,SD,2022,8,101890
WICA,Wind Cave NP,control,SD,2022,9,83314
WICA,Wind Cave NP,control,SD,2022,10,31722
WICA,Wind Cave NP,control,SD,2022,11,13956
WICA,Wind Cave NP,control,SD,2022,12,11010
WICA,Wind Cave NP,control,SD,2023,1,10784
WICA,Wind Cave NP,control,SD,2023,2,10922
WICA,Wind Cave NP,control,SD,2023,3,17280
WICA,Wind Cave NP,control,SD,2023,4,37540
WICA,Wind Cave NP,control,SD,2023,5,69615
WICA,Wind Cave NP,control,SD,2023,6,99549
WICA,Wind Cave NP,control,SD,2023,7,123482
WICA,Wind Cave NP,control,SD,2023,8,93076
WICA,Wind Cave NP,control,SD,2023,9,74444
WICA,Wind Cave NP,control,SD,2023,10,28543
WICA,Wind Cave NP,control,SD,2023,11,14342
WICA,Wind Cave NP,control,SD,2023,12,12882
WICA,Wind Cave NP,control,SD,2024,1,10989
WICA,Wind Cave NP,control,SD,2024,2,12147
WICA,Wind Cave NP,control,SD,2024,3,18343
WICA,Wind Cave NP,control,SD,2024,4,35913
WICA,Wind Cave NP,control,SD,2024,5,53698
WICA,Wind Cave NP,control,SD,2024,6,70988
WICA,Wind Cave NP,control,SD,2024,7,89192
WICA,Wind Cave NP,control,SD,2024,8,79172
WICA,Wind Cave NP,control,SD,2024,9,65301
WICA,Wind Cave NP,control,SD,2024,10,27566
WICA,Wind Cave NP,control,SD,2024,11,13599
WICA,Wind Cave NP,control,SD,2024,12,12491
WICA,Wind Cave NP,control,SD,2025,1,10938
WICA,Wind Cave NP,control,SD,2025,2,10191
WICA,Wind Cave NP,control,SD,2025,3,19355
WICA,Wind Cave NP,control,SD,2025,4,40796
WICA,Wind Cave NP,control,SD,2025,5,67886
WICA,Wind Cave NP,control,SD,2025,6,98988
WICA,Wind Cave NP,control,SD,2025,7,111639
WICA,Wind Cave NP,control,SD,2025,8,108995
WICA,Wind Cave NP,control,SD,2025,9,82554
WICA,Wind Cave NP,control,SD,2025,10,27978
WICA,Wind Cave NP,control,SD,2025,11,14130
WICA,Wind Cave NP,control,SD,2025,12,12808
WICA,Wind Cave NP,control,SD,2026,1,11949
WICA,Wind Cave NP,control,SD,2026,2,13095
WICA,Wind Cave NP,control,SD,2026,3,21434
WICA,Wind Cave NP,control,SD,2026,4,41565
WICA,Wind Cave NP,control,SD,2026,5,71406
WICA,Wind Cave NP,control,SD,2026,6,96684
WICA,Wind Cave NP,control,SD,2026,7,125365
WICA,Wind Cave NP,control,SD,2026,8,103364
YELL,Yellowstone NP,control,WY,1979,1,23605
YELL,Yellowstone NP,control,WY,1979,2,31992
YELL,Yellowstone NP,control,WY,1979,3,17813
YELL,Yellowstone NP,control,WY,1979,4,34095
YELL,Yellowstone NP,control,WY,1979,5,108952
YELL,Yellowstone NP,control,WY,1979,6,313924
YELL,Yellowstone NP,control,WY,1979,7,493902
YELL,Yellowstone NP,control,WY,1979,8,493915
YELL,Yellowstone NP,control,WY,1979,9,262786
YELL,Yellowstone NP,control,WY,1979,10,76542
YELL,Yellowstone NP,control,WY,1979,11,12698
YELL,Yellowstone NP,control,WY,1979,12,22684
YELL,Yellowstone NP,control,WY,1980,1,24757
YELL,Yellowstone NP,control,WY,1980,2,36373
YELL,Yellowstone NP,control,WY,1980,3,28112
YELL,Yellowstone NP,control,WY,1980,4,32466
YELL,Yellowstone NP,control,WY,1980,5,101988
YELL,Yellowstone NP,control,WY,1980,6,325211
YELL,Yellowstone NP,control,WY,1980,7,557810
YELL,Yellowstone NP,control,WY,1980,8,523549
YELL,Yellowstone NP,control,WY,1980,9,229396
YELL,Yellowstone NP,control,WY,1980,10,93240
YELL,Yellowstone NP,control,WY,1980,11,25773
YELL,Yellowstone NP,control,WY,1980,12,21594
YELL,Yellowstone NP,control,WY,1981,1,24924
YELL,Yellowstone NP,control,WY,1981,2,28590
YELL,Yellowstone NP,control,WY,1981,3,19305
YELL,Yellowstone NP,control,WY,1981,4,21342
YELL,Yellowstone NP,control,WY,1981,5,158762
YELL,Yellowstone NP,control,WY,1981,6,421817
YELL,Yellowstone NP,control,WY,1981,7,701758
YELL,Yellowstone NP,control,WY,1981,8,651977
YELL,Yellowstone NP,control,WY,1981,9,346906
YELL,Yellowstone NP,control,WY,1981,10,91385
YELL,Yellowstone NP,control,WY,1981,11,30202
YELL,Yellowstone NP,control,WY,1981,12,24863
YELL,Yellowstone NP,control,WY,1982,1,22523
YELL,Yellowstone NP,control,WY,1982,2,32204
YELL,Yellowstone NP,control,WY,1982,3,25325
YELL,Yellowstone NP,control,WY,1982,4,28584
YELL,Yellowstone NP,control,WY,1982,5,148257
YELL,Yellowstone NP,control,WY,1982,6,413052
YELL,Yellowstone NP,control,WY,1982,7,688061
YELL,Yellowstone NP,control,WY,1982,8,626834
YELL,Yellowstone NP,control,WY,1982,9,281287
YELL,Yellowstone NP,control,WY,1982,10,74181
YELL,Yellowstone NP,control,WY,1982,11,16673
YELL,Yellowstone NP,control,WY,1982,12,11916
YELL,Yellowstone NP,control,WY,1983,1,18329
YELL,Yellowstone NP,control,WY,1983,2,25647
YELL,Yellowstone NP,control,WY,1983,3,15671
YELL,Yellowstone NP,control,WY,1983,4,17935
YELL,Yellowstone NP,control,WY,1983,5,123437
YELL,Yellowstone NP,control,WY,1983,6,396890
YELL,Yellowstone NP,control,WY,1983,7,704745
YELL,Yellowstone NP,control,WY,1983,8,604247
YELL,Yellowstone NP,control,WY,1983,9,314919
YELL,Yellowstone NP,control,WY,1983,10,103385
YELL,Yellowstone NP,control,WY,1983,11,11955
YELL,Yellowstone NP,control,WY,1983,12,10082
YELL,Yellowstone NP,control,WY,1984,1,18864
YELL,Yellowstone NP,control,WY,1984,2,30067
YELL,Yellowstone NP,control,WY,1984,3,11372
YELL,Yellowstone NP,control,WY,1984,4,18303
YELL,Yellowstone NP,control,WY,1984,5,127555
YELL,Yellowstone NP,control,WY,1984,6,379837
YELL,Yellowstone NP,control,WY,1984,7,667307
YELL,Yellowstone NP,control,WY,1984,8,586631
YELL,Yellowstone NP,control,WY,1984,9,287141
YELL,Yellowstone NP,control,WY,1984,10,76118
YELL,Yellowstone NP,control,WY,1984,11,2273
YELL,Yellowstone NP,control,WY,1984,12,16559
YELL,Yellowstone NP,control,WY,1985,1,20919
YELL,Yellowstone NP,control,WY,1985,2,30590
YELL,Yellowstone NP,control,WY,1985,3,9611
YELL,Yellowstone NP,control,WY,1985,4,21994
YELL,Yellowstone NP,control,WY,1985,5,159597
YELL,Yellowstone NP,control,WY,1985,6,401168
YELL,Yellowstone NP,control,WY,1985,7,648994
YELL,Yellowstone NP,control,WY,1985,8,572352
YELL,Yellowstone NP,control,WY,1985,9,261850
YELL,Yellowstone NP,control,WY,1985,10,72944
YELL,Yellowstone NP,control,WY,1985,11,6726
YELL,Yellowstone NP,control,WY,1985,12,19414
YELL,Yellowstone NP,control,WY,1986,1,24708
YELL,Yellowstone NP,control,WY,1986,2,29684
YELL,Yellowstone NP,control,WY,1986,3,20165
YELL,Yellowstone NP,control,WY,1986,4,21681
YELL,Yellowstone NP,control,WY,1986,5,147767
YELL,Yellowstone NP,control,WY,1986,6,427968
YELL,Yellowstone NP,control,WY,1986,7,663205
YELL,Yellowstone NP,control,WY,1986,8,614295
YELL,Yellowstone NP,control,WY,1986,9,295089
YELL,Yellowstone NP,control,WY,1986,10,94106
YELL,Yellowstone NP,control,WY,1986,11,6414
YELL,Yellowstone NP,control,WY,1986,12,18674
YELL,Yellowstone NP,control,WY,1987,1,27238
YELL,Yellowstone NP,control,WY,1987,2,32559
YELL,Yellowstone NP,control,WY,1987,3,12310
YELL,Yellowstone NP,control,WY,1987,4,31938
YELL,Yellowstone NP,control,WY,1987,5,185705
YELL,Yellowstone NP,control,WY,1987,6,447465
YELL,Yellowstone NP,control,WY,1987,7,685128
YELL,Yellowstone NP,control,WY,1987,8,626537
YELL,Yellowstone NP,control,WY,1987,9,361842
YELL,Yellowstone NP,control,WY,1987,10,122637
YELL,Yellowstone NP,control,WY,1987,11,19842
YELL,Yellowstone NP,control,WY,1987,12,19993
YELL,Yellowstone NP,control,WY,1988,1,25706
YELL,Yellowstone NP,control,WY,1988,2,35936
YELL,Yellowstone NP,control,WY,1988,3,18470
YELL,Yellowstone NP,control,WY,1988,4,22999
YELL,Yellowstone NP,control,WY,1988,5,175285
YELL,Yellowstone NP,control,WY,1988,6,442400
YELL,Yellowstone NP,control,WY,1988,7,636295
YELL,Yellowstone NP,control,WY,1988,8,440130
YELL,Yellowstone NP,control,WY,1988,9,176833
YELL,Yellowstone NP,control,WY,1988,10,170504
YELL,Yellowstone NP,control,WY,1988,11,18510
YELL,Yellowstone NP,control,WY,1988,12,19045
YELL,Yellowstone NP,control,WY,1989,1,24328
YELL,Yellowstone NP,control,WY,1989,2,30768
YELL,Yellowstone NP,control,WY,1989,3,22163
YELL,Yellowstone NP,control,WY,1989,4,25292
YELL,Yellowstone NP,control,WY,1989,5,216163
YELL,Yellowstone NP,control,WY,1989,6,467193
YELL,Yellowstone NP,control,WY,1989,7,696587
YELL,Yellowstone NP,control,WY,1989,8,608248
YELL,Yellowstone NP,control,WY,1989,9,403579
YELL,Yellowstone NP,control,WY,1989,10,123454
YELL,Yellowstone NP,control,WY,1989,11,6791
YELL,Yellowstone NP,control,WY,1989,12,19876
YELL,Yellowstone NP,control,WY,1990,1,25884
YELL,Yellowstone NP,control,WY,1990,2,33285
YELL,Yellowstone NP,control,WY,1990,3,19372
YELL,Yellowstone NP,control,WY,1990,4,29242
YELL,Yellowstone NP,control,WY,1990,5,203712
YELL,Yellowstone NP,control,WY,1990,6,526586
YELL,Yellowstone NP,control,WY,1990,7,760520
YELL,Yellowstone NP,control,WY,1990,8,674454
YELL,Yellowstone NP,control,WY,1990,9,414563
YELL,Yellowstone NP,control,WY,1990,10,111145
YELL,Yellowstone NP,control,WY,1990,11,8117
YELL,Yellowstone NP,control,WY,1990,12,16692
YELL,Yellowstone NP,control,WY,1991,1,28851
YELL,Yellowstone NP,control,WY,1991,2,38050
YELL,Yellowstone NP,control,WY,1991,3,19946
YELL,Yellowstone NP,control,WY,1991,4,19875
YELL,Yellowstone NP,control,WY,1991,5,188798
YELL,Yellowstone NP,control,WY,1991,6,499107
YELL,Yellowstone NP,control,WY,1991,7,796656
YELL,Yellowstone NP,control,WY,1991,8,721103
YELL,Yellowstone NP,control,WY,1991,9,432948
YELL,Yellowstone NP,control,WY,1991,10,144944
YELL,Yellowstone NP,control,WY,1991,11,6261
YELL,Yellowstone NP,control,WY,1991,12,23998
YELL,Yellowstone NP,control,WY,1992,1,33552
YELL,Yellowstone NP,control,WY,1992,2,40245
YELL,Yellowstone NP,control,WY,1992,3,19615
YELL,Yellowstone NP,control,WY,1992,4,51933
YELL,Yellowstone NP,control,WY,1992,5,257951
YELL,Yellowstone NP,control,WY,1992,6,539959
YELL,Yellowstone NP,control,WY,1992,7,799411
YELL,Yellowstone NP,control,WY,1992,8,742879
YELL,Yellowstone NP,control,WY,1992,9,462788
YELL,Yellowstone NP,control,WY,1992,10,159842
YELL,Yellowstone NP,control,WY,1992,11,8646
YELL,Yellowstone NP,control,WY,1992,12,27584
YELL,Yellowstone NP,control,WY,1993,1,38100
YELL,Yellowstone NP,control,WY,1993,2,44049
YELL,Yellowstone NP,control,WY,1993,3,31768
YELL,Yellowstone NP,control,WY,1993,4,24013
YELL,Yellowstone NP,control,WY,1993,5,191222
YELL,Yellowstone NP,control,WY,1993,6,525378
YELL,Yellowstone NP,control,WY,1993,7,768164
YELL,Yellowstone NP,control,WY,1993,8,714408
YELL,Yellowstone NP,control,WY,1993,9,401124
YELL,Yellowstone NP,control,WY,1993,10,125107
YELL,Yellowstone NP,control,WY,1993,11,18899
YELL,Yellowstone NP,control,WY,1993,12,29961
YELL,Yellowstone NP,control,WY,1994,1,40757
YELL,Yellowstone NP,control,WY,1994,2,44946
YELL,Yellowstone NP,control,WY,1994,3,27859
YELL,Yellowstone NP,control,WY,1994,4,36280
YELL,Yellowstone NP,control,WY,1994,5,233737
YELL,Yellowstone NP,control,WY,1994,6,541704
YELL,Yellowstone NP,control,WY,1994,7,831152
YELL,Yellowstone NP,control,WY,1994,8,731012
YELL,Yellowstone NP,control,WY,1994,9,414848
YELL,Yellowstone NP,control,WY,1994,10,106646
YELL,Yellowstone NP,control,WY,1994,11,7953
YELL,Yellowstone NP,control,WY,1994,12,29251
YELL,Yellowstone NP,control,WY,1995,1,40868
YELL,Yellowstone NP,control,WY,1995,2,48034
YELL,Yellowstone NP,control,WY,1995,3,21157
YELL,Yellowstone NP,control,WY,1995,4,26147
YELL,Yellowstone NP,control,WY,1995,5,201797
YELL,Yellowstone NP,control,WY,1995,6,550978
YELL,Yellowstone NP,control,WY,1995,7,847003
YELL,Yellowstone NP,control,WY,1995,8,773307
YELL,Yellowstone NP,control,WY,1995,9,468062
YELL,Yellowstone NP,control,WY,1995,10,128483
YELL,Yellowstone NP,control,WY,1995,11,11635
YELL,Yellowstone NP,control,WY,1995,12,7814
YELL,Yellowstone NP,control,WY,1996,1,32871
YELL,Yellowstone NP,control,WY,1996,2,51692
YELL,Yellowstone NP,control,WY,1996,3,27162
YELL,Yellowstone NP,control,WY,1996,4,24321
YELL,Yellowstone NP,control,WY,1996,5,187045
YELL,Yellowstone NP,control,WY,1996,6,539368
YELL,Yellowstone NP,control,WY,1996,7,818964
YELL,Yellowstone NP,control,WY,1996,8,753934
YELL,Yellowstone NP,control,WY,1996,9,426806
YELL,Yellowstone NP,control,WY,1996,10,118902
YELL,Yellowstone NP,control,WY,1996,11,10473
YELL,Yellowstone NP,control,WY,1996,12,20633
YELL,Yellowstone NP,control,WY,1997,1,31155
YELL,Yellowstone NP,control,WY,1997,2,42392
YELL,Yellowstone NP,control,WY,1997,3,19324
YELL,Yellowstone NP,control,WY,1997,4,21526
YELL,Yellowstone NP,control,WY,1997,5,191985
YELL,Yellowstone NP,control,WY,1997,6,512895
YELL,Yellowstone NP,control,WY,1997,7,774327
YELL,Yellowstone NP,control,WY,1997,8,737973
YELL,Yellowstone NP,control,WY,1997,9,403184
YELL,Yellowstone NP,control,WY,1997,10,120266
YELL,Yellowstone NP,control,WY,1997,11,9983
YELL,Yellowstone NP,control,WY,1997,12,24503
YELL,Yellowstone NP,control,WY,1998,1,33845
YELL,Yellowstone NP,control,WY,1998,2,43032
YELL,Yellowstone NP,control,WY,1998,3,17894
YELL,Yellowstone NP,control,WY,1998,4,29689
YELL,Yellowstone NP,control,WY,1998,5,222385
YELL,Yellowstone NP,control,WY,1998,6,549396
YELL,Yellowstone NP,control,WY,1998,7,829683
YELL,Yellowstone NP,control,WY,1998,8,764238
YELL,Yellowstone NP,control,WY,1998,9,445741
YELL,Yellowstone NP,control,WY,1998,10,150079
YELL,Yellowstone NP,control,WY,1998,11,9106
YELL,Yellowstone NP,control,WY,1998,12,25742
YELL,Yellowstone NP,control,WY,1999,1,34346
YELL,Yellowstone NP,control,WY,1999,2,41120
YELL,Yellowstone NP,control,WY,1999,3,23067
YELL,Yellowstone NP,control,WY,1999,4,27128
YELL,Yellowstone NP,control,WY,1999,5,203727
YELL,Yellowstone NP,control,WY,1999,6,580624
YELL,Yellowstone NP,control,WY,1999,7,832685
YELL,Yellowstone NP,control,WY,1999,8,760062
YELL,Yellowstone NP,control,WY,1999,9,445057
YELL,Yellowstone NP,control,WY,1999,10,142049
YELL,Yellowstone NP,control,WY,1999,11,16230
YELL,Yellowstone NP,control,WY,1999,12,25286
YELL,Yellowstone NP,control,WY,2000,1,37301
YELL,Yellowstone NP,control,WY,2000,2,47573
YELL,Yellowstone NP,control,WY,2000,3,20404
YELL,Yellowstone NP,control,WY,2000,4,27869
YELL,Yellowstone NP,control,WY,2000,5,214814
YELL,Yellowstone NP,control,WY,2000,6,553892
YELL,Yellowstone NP,control,WY,2000,7,768040
YELL,Yellowstone NP,control,WY,2000,8,634104
YELL,Yellowstone NP,control,WY,2000,9,353728
YELL,Yellowstone NP,control,WY,2000,10,139784
YELL,Yellowstone NP,control,WY,2000,11,13422
YELL,Yellowstone NP,control,WY,2000,12,27302
YELL,Yellowstone NP,control,WY,2001,1,44356
YELL,Yellowstone NP,control,WY,2001,2,48980
YELL,Yellowstone NP,control,WY,2001,3,18485
YELL,Yellowstone NP,control,WY,2001,4,28341
YELL,Yellowstone NP,control,WY,2001,5,229085
YELL,Yellowstone NP,control,WY,2001,6,507737
YELL,Yellowstone NP,control,WY,2001,7,724735
YELL,Yellowstone NP,control,WY,2001,8,613965
YELL,Yellowstone NP,control,WY,2001,9,373583
YELL,Yellowstone NP,control,WY,2001,10,121958
YELL,Yellowstone NP,control,WY,2001,11,19585
YELL,Yellowstone NP,control,WY,2001,12,27716
YELL,Yellowstone NP,control,WY,2002,1,40465
YELL,Yellowstone NP,control,WY,2002,2,52002
YELL,Yellowstone NP,control,WY,2002,3,23305
YELL,Yellowstone NP,control,WY,2002,4,15904
YELL,Yellowstone NP,control,WY,2002,5,228642
YELL,Yellowstone NP,control,WY,2002,6,568144
YELL,Yellowstone NP,control,WY,2002,7,794929
YELL,Yellowstone NP,control,WY,2002,8,663266
YELL,Yellowstone NP,control,WY,2002,9,413960
YELL,Yellowstone NP,control,WY,2002,10,142702
YELL,Yellowstone NP,control,WY,2002,11,11235
YELL,Yellowstone NP,control,WY,2002,12,19123
YELL,Yellowstone NP,control,WY,2003,1,36387
YELL,Yellowstone NP,control,WY,2003,2,39494
YELL,Yellowstone NP,control,WY,2003,3,17718
YELL,Yellowstone NP,control,WY,2003,4,28877
YELL,Yellowstone NP,control,WY,2003,5,206245
YELL,Yellowstone NP,control,WY,2003,6,580919
YELL,Yellowstone NP,control,WY,2003,7,809689
YELL,Yellowstone NP,control,WY,2003,8,698753
YELL,Yellowstone NP,control,WY,2003,9,404498
YELL,Yellowstone NP,control,WY,2003,10,175877
YELL,Yellowstone NP,control,WY,2003,11,7967
YELL,Yellowstone NP,control,WY,2003,12,12951
YELL,Yellowstone NP,control,WY,2004,1,22817
YELL,Yellowstone NP,control,WY,2004,2,30030
YELL,Yellowstone NP,control,WY,2004,3,20187
YELL,Yellowstone NP,control,WY,2004,4,32434
YELL,Yellowstone NP,control,WY,2004,5,216905
YELL,Yellowstone NP,control,WY,2004,6,584925
YELL,Yellowstone NP,control,WY,2004,7,732682
YELL,Yellowstone NP,control,WY,2004,8,657869
YELL,Yellowstone NP,control,WY,2004,9,406327
YELL,Yellowstone NP,control,WY,2004,10,135605
YELL,Yellowstone NP,control,WY,2004,11,13939
YELL,Yellowstone NP,control,WY,2004,12,14597
YELL,Yellowstone NP,control,WY,2005,1,22297
YELL,Yellowstone NP,control,WY,2005,2,29018
YELL,Yellowstone NP,control,WY,2005,3,17324
YELL,Yellowstone NP,control,WY,2005,4,26116
YELL,Yellowstone NP,control,WY,2005,5,225811
YELL,Yellowstone NP,control,WY,2005,6,560014
YELL,Yellowstone NP,control,WY,2005,7,743165
YELL,Yellowstone NP,control,WY,2005,8,647288
YELL,Yellowstone NP,control,WY,2005,9,393362
YELL,Yellowstone NP,control,WY,2005,10,142912
YELL,Yellowstone NP,control,WY,2005,11,11505
YELL,Yellowstone NP,control,WY,2005,12,16839
YELL,Yellowstone NP,control,WY,2006,1,23989
YELL,Yellowstone NP,control,WY,2006,2,29011
YELL,Yellowstone NP,control,WY,2006,3,18879
YELL,Yellowstone NP,control,WY,2006,4,29381
YELL,Yellowstone NP,control,WY,2006,5,230762
YELL,Yellowstone NP,control,WY,2006,6,557213
YELL,Yellowstone NP,control,WY,2006,7,738807
YELL,Yellowstone NP,control,WY,2006,8,635666
YELL,Yellowstone NP,control,WY,2006,9,428369
YELL,Yellowstone NP,control,WY,2006,10,146790
YELL,Yellowstone NP,control,WY,2006,11,12382
YELL,Yellowstone NP,control,WY,2006,12,19046
YELL,Yellowstone NP,control,WY,2007,1,25476
YELL,Yellowstone NP,control,WY,2007,2,30928
YELL,Yellowstone NP,control,WY,2007,3,20225
YELL,Yellowstone NP,control,WY,2007,4,27798
YELL,Yellowstone NP,control,WY,2007,5,264203
YELL,Yellowstone NP,control,WY,2007,6,609606
YELL,Yellowstone NP,control,WY,2007,7,822773
YELL,Yellowstone NP,control,WY,2007,8,710781
YELL,Yellowstone NP,control,WY,2007,9,463994
YELL,Yellowstone NP,control,WY,2007,10,139789
YELL,Yellowstone NP,control,WY,2007,11,15362
YELL,Yellowstone NP,control,WY,2007,12,20408
YELL,Yellowstone NP,control,WY,2008,1,26864
YELL,Yellowstone NP,control,WY,2008,2,33557
YELL,Yellowstone NP,control,WY,2008,3,19147
YELL,Yellowstone NP,control,WY,2008,4,24433
YELL,Yellowstone NP,control,WY,2008,5,217938
YELL,Yellowstone NP,control,WY,2008,6,593405
YELL,Yellowstone NP,control,WY,2008,7,808110
YELL,Yellowstone NP,control,WY,2008,8,731063
YELL,Yellowstone NP,control,WY,2008,9,437552
YELL,Yellowstone NP,control,WY,2008,10,145488
YELL,Yellowstone NP,control,WY,2008,11,12671
YELL,Yellowstone NP,control,WY,2008,12,16352
YELL,Yellowstone NP,control,WY,2009,1,24770
YELL,Yellowstone NP,control,WY,2009,2,28355
YELL,Yellowstone NP,control,WY,2009,3,17317
YELL,Yellowstone NP,control,WY,2009,4,24831
YELL,Yellowstone NP,control,WY,2009,5,261763
YELL,Yellowstone NP,control,WY,2009,6,643844
YELL,Yellowstone NP,control,WY,2009,7,900515
YELL,Yellowstone NP,control,WY,2009,8,752983
YELL,Yellowstone NP,control,WY,2009,9,489438
YELL,Yellowstone NP,control,WY,2009,10,123867
YELL,Yellowstone NP,control,WY,2009,11,9397
YELL,Yellowstone NP,control,WY,2009,12,18107
YELL,Yellowstone NP,control,WY,2010,1,25595
YELL,Yellowstone NP,control,WY,2010,2,29108
YELL,Yellowstone NP,control,WY,2010,3,21028
YELL,Yellowstone NP,control,WY,2010,4,32763
YELL,Yellowstone NP,control,WY,2010,5,250445
YELL,Yellowstone NP,control,WY,2010,6,694841
YELL,Yellowstone NP,control,WY,2010,7,957785
YELL,Yellowstone NP,control,WY,2010,8,854837
YELL,Yellowstone NP,control,WY,2010,9,550504
YELL,Yellowstone NP,control,WY,2010,10,189072
YELL,Yellowstone NP,control,WY,2010,11,16819
YELL,Yellowstone NP,control,WY,2010,12,17388
YELL,Yellowstone NP,control,WY,2011,1,24517
YELL,Yellowstone NP,control,WY,2011,2,28174
YELL,Yellowstone NP,control,WY,2011,3,18728
YELL,Yellowstone NP,control,WY,2011,4,28147
YELL,Yellowstone NP,control,WY,2011,5,207842
YELL,Yellowstone NP,control,WY,2011,6,634316
YELL,Yellowstone NP,control,WY,2011,7,906935
YELL,Yellowstone NP,control,WY,2011,8,805173
YELL,Yellowstone NP,control,WY,2011,9,536349
YELL,Yellowstone NP,control,WY,2011,10,175433
YELL,Yellowstone NP,control,WY,2011,11,12198
YELL,Yellowstone NP,control,WY,2011,12,16514
YELL,Yellowstone NP,control,WY,2012,1,24766
YELL,Yellowstone NP,control,WY,2012,2,27752
YELL,Yellowstone NP,control,WY,2012,3,20248
YELL,Yellowstone NP,control,WY,2012,4,29056
YELL,Yellowstone NP,control,WY,2012,5,268251
YELL,Yellowstone NP,control,WY,2012,6,671825
YELL,Yellowstone NP,control,WY,2012,7,888335
YELL,Yellowstone NP,control,WY,2012,8,780286
YELL,Yellowstone NP,control,WY,2012,9,527610
YELL,Yellowstone NP,control,WY,2012,10,177069
YELL,Yellowstone NP,control,WY,2012,11,14059
YELL,Yellowstone NP,control,WY,2012,12,18472
YELL,Yellowstone NP,control,WY,2013,1,24699
YELL,Yellowstone NP,control,WY,2013,2,31053
YELL,Yellowstone NP,control,WY,2013,3,18613
YELL,Yellowstone NP,control,WY,2013,4,24606
YELL,Yellowstone NP,control,WY,2013,5,293250
YELL,Yellowstone NP,control,WY,2013,6,624429
YELL,Yellowstone NP,control,WY,2013,7,812212
YELL,Yellowstone NP,control,WY,2013,8,725136
YELL,Yellowstone NP,control,WY,2013,9,557925
YELL,Yellowstone NP,control,WY,2013,10,47560
YELL,Yellowstone NP,control,WY,2013,11,11169
YELL,Yellowstone NP,control,WY,2013,12,17378
YELL,Yellowstone NP,control,WY,2014,1,26778
YELL,Yellowstone NP,control,WY,2014,2,28233
YELL,Yellowstone NP,control,WY,2014,3,18778
YELL,Yellowstone NP,control,WY,2014,4,31356
YELL,Yellowstone NP,control,WY,2014,5,310039
YELL,Yellowstone NP,control,WY,2014,6,669642
YELL,Yellowstone NP,control,WY,2014,7,858856
YELL,Yellowstone NP,control,WY,2014,8,773357
YELL,Yellowstone NP,control,WY,2014,9,571764
YELL,Yellowstone NP,control,WY,2014,10,194804
YELL,Yellowstone NP,control,WY,2014,11,11537
YELL,Yellowstone NP,control,WY,2014,12,18340
YELL,Yellowstone NP,control,WY,2015,1,28091
YELL,Yellowstone NP,control,WY,2015,2,34343
YELL,Yellowstone NP,control,WY,2015,3,22989
YELL,Yellowstone NP,control,WY,2015,4,46600
YELL,Yellowstone NP,control,WY,2015,5,386064
YELL,Yellowstone NP,control,WY,2015,6,780768
YELL,Yellowstone NP,control,WY,2015,7,980702
YELL,Yellowstone NP,control,WY,2015,8,854408
YELL,Yellowstone NP,control,WY,2015,9,680213
YELL,Yellowstone NP,control,WY,2015,10,252013
YELL,Yellowstone NP,control,WY,2015,11,11049
YELL,Yellowstone NP,control,WY,2015,12,20470
YELL,Yellowstone NP,control,WY,2016,1,30621
YELL,Yellowstone NP,control,WY,2016,2,36327
YELL,Yellowstone NP,control,WY,2016,3,22924
YELL,Yellowstone NP,control,WY,2016,4,59253
YELL,Yellowstone NP,control,WY,2016,5,444630
YELL,Yellowstone NP,control,WY,2016,6,838316
YELL,Yellowstone NP,control,WY,2016,7,995917
YELL,Yellowstone NP,control,WY,2016,8,841036
YELL,Yellowstone NP,control,WY,2016,9,701754
YELL,Yellowstone NP,control,WY,2016,10,242004
YELL,Yellowstone NP,control,WY,2016,11,24710
YELL,Yellowstone NP,control,WY,2016,12,19685
YELL,Yellowstone NP,control,WY,2017,1,29518
YELL,Yellowstone NP,control,WY,2017,2,32275
YELL,Yellowstone NP,control,WY,2017,3,23897
YELL,Yellowstone NP,control,WY,2017,4,45160
YELL,Yellowstone NP,control,WY,2017,5,419635
YELL,Yellowstone NP,control,WY,2017,6,803652
YELL,Yellowstone NP,control,WY,2017,7,962404
YELL,Yellowstone NP,control,WY,2017,8,916166
YELL,Yellowstone NP,control,WY,2017,9,640068
YELL,Yellowstone NP,control,WY,2017,10,211987
YELL,Yellowstone NP,control,WY,2017,11,10468
YELL,Yellowstone NP,control,WY,2017,12,21294
YELL,Yellowstone NP,control,WY,2018,1,29179
YELL,Yellowstone NP,control,WY,2018,2,34263
YELL,Yellowstone NP,control,WY,2018,3,22741
YELL,Yellowstone NP,control,WY,2018,4,37766
YELL,Yellowstone NP,control,WY,2018,5,446875
YELL,Yellowstone NP,control,WY,2018,6,810884
YELL,Yellowstone NP,control,WY,2018,7,940563
YELL,Yellowstone NP,control,WY,2018,8,813970
YELL,Yellowstone NP,control,WY,2018,9,724454
YELL,Yellowstone NP,control,WY,2018,10,218076
YELL,Yellowstone NP,control,WY,2018,11,13849
YELL,Yellowstone NP,control,WY,2018,12,22380
YELL,Yellowstone NP,control,WY,2019,1,33896
YELL,Yellowstone NP,control,WY,2019,2,31650
YELL,Yellowstone NP,control,WY,2019,3,28695
YELL,Yellowstone NP,control,WY,2019,4,48150
YELL,Yellowstone NP,control,WY,2019,5,434385
YELL,Yellowstone NP,control,WY,2019,6,781853
YELL,Yellowstone NP,control,WY,2019,7,936062
YELL,Yellowstone NP,control,WY,2019,8,820006
YELL,Yellowstone NP,control,WY,2019,9,693118
YELL,Yellowstone NP,control,WY,2019,10,171339
YELL,Yellowstone NP,control,WY,2019,11,15628
YELL,Yellowstone NP,control,WY,2019,12,25506
YELL,Yellowstone NP,control,WY,2020,1,25234
YELL,Yellowstone NP,control,WY,2020,2,41880
YELL,Yellowstone NP,control,WY,2020,3,32516
YELL,Yellowstone NP,control,WY,2020,4,0
YELL,Yellowstone NP,control,WY,2020,5,46219
YELL,Yellowstone NP,control,WY,2020,6,573205
YELL,Yellowstone NP,control,WY,2020,7,955645
YELL,Yellowstone NP,control,WY,2020,8,881829
YELL,Yellowstone NP,control,WY,2020,9,837114
YELL,Yellowstone NP,control,WY,2020,10,359889
YELL,Yellowstone NP,control,WY,2020,11,24132
YELL,Yellowstone NP,control,WY,2020,12,28643
YELL,Yellowstone NP,control,WY,2021,1,35338
YELL,Yellowstone NP,control,WY,2021,2,36897
YELL,Yellowstone NP,control,WY,2021,3,35611
YELL,Yellowstone NP,control,WY,2021,4,67508
YELL,Yellowstone NP,control,WY,2021,5,473799
YELL,Yellowstone NP,control,WY,2021,6,938845
YELL,Yellowstone NP,control,WY,2021,7,1080767
YELL,Yellowstone NP,control,WY,2021,8,921844
YELL,Yellowstone NP,control,WY,2021,9,882078
YELL,Yellowstone NP,control,WY,2021,10,316662
YELL,Yellowstone NP,control,WY,2021,11,33144
YELL,Yellowstone NP,control,WY,2021,12,37749
YELL,Yellowstone NP,control,WY,2022,1,46615
YELL,Yellowstone NP,control,WY,2022,2,47300
YELL,Yellowstone NP,control,WY,2022,3,35593
YELL,Yellowstone NP,control,WY,2022,4,80283
YELL,Yellowstone NP,control,WY,2022,5,523680
YELL,Yellowstone NP,control,WY,2022,6,525363
YELL,Yellowstone NP,control,WY,2022,7,596562
YELL,Yellowstone NP,control,WY,2022,8,582211
YELL,Yellowstone NP,control,WY,2022,9,567587
YELL,Yellowstone NP,control,WY,2022,10,236567
YELL,Yellowstone NP,control,WY,2022,11,17687
YELL,Yellowstone NP,control,WY,2022,12,30794
YELL,Yellowstone NP,control,WY,2023,1,45709
YELL,Yellowstone NP,control,WY,2023,2,45717
YELL,Yellowstone NP,control,WY,2023,3,30044
YELL,Yellowstone NP,control,WY,2023,4,69247
YELL,Yellowstone NP,control,WY,2023,5,454262
YELL,Yellowstone NP,control,WY,2023,6,847864
YELL,Yellowstone NP,control,WY,2023,7,969692
YELL,Yellowstone NP,control,WY,2023,8,846389
YELL,Yellowstone NP,control,WY,2023,9,838458
YELL,Yellowstone NP,control,WY,2023,10,299127
YELL,Yellowstone NP,control,WY,2023,11,20109
YELL,Yellowstone NP,control,WY,2023,12,34764
YELL,Yellowstone NP,control,WY,2024,1,42740
YELL,Yellowstone NP,control,WY,2024,2,49291
YELL,Yellowstone NP,control,WY,2024,3,32862
YELL,Yellowstone NP,control,WY,2024,4,71784
YELL,Yellowstone NP,control,WY,2024,5,522450
YELL,Yellowstone NP,control,WY,2024,6,914612
YELL,Yellowstone NP,control,WY,2024,7,992352
YELL,Yellowstone NP,control,WY,2024,8,868259
YELL,Yellowstone NP,control,WY,2024,9,852435
YELL,Yellowstone NP,control,WY,2024,10,346025
YELL,Yellowstone NP,control,WY,2024,11,21133
YELL,Yellowstone NP,control,WY,2024,12,30410
YELL,Yellowstone NP,control,WY,2025,1,40363
YELL,Yellowstone NP,control,WY,2025,2,44133
YELL,Yellowstone NP,control,WY,2025,3,33284
YELL,Yellowstone NP,control,WY,2025,4,78529
YELL,Yellowstone NP,control,WY,2025,5,566363
YELL,Yellowstone NP,control,WY,2025,6,928250
YELL,Yellowstone NP,control,WY,2025,7,975109
YELL,Yellowstone NP,control,WY,2025,8,881936
YELL,Yellowstone NP,control,WY,2025,9,839579
YELL,Yellowstone NP,control,WY,2025,10,313959
YELL,Yellowstone NP,control,WY,2025,11,26961
YELL,Yellowstone NP,control,WY,2025,12,34522
YELL,Yellowstone NP,control,WY,2026,1,47734
YELL,Yellowstone NP,control,WY,2026,2,48826
YELL,Yellowstone NP,control,WY,2026,3,34328
YELL,Yellowstone NP,control,WY,2026,4,72493
YELL,Yellowstone NP,control,WY,2026,5,570272
YELL,Yellowstone NP,control,WY,2026,6,903025
YELL,Yellowstone NP,control,WY,2026,7,958705
YELL,Yellowstone NP,control,WY,2026,8,0
