county,fips,industry_code,industry,year,quarter,establishments,emp_month1,emp_month2,emp_month3,avg_employment,total_wages,suppressed
Billings,38007,10,"Total, all industries",2015,1,50,220.0,209.0,221.0,216.7,2926097.0,False
Billings,38007,10,"Total, all industries",2015,2,51,262.0,340.0,587.0,396.3,3178057.0,False
Billings,38007,10,"Total, all industries",2015,3,51,685.0,690.0,602.0,659.0,5569123.0,False
Billings,38007,10,"Total, all industries",2015,4,49,270.0,206.0,193.0,223.0,3062918.0,False
Billings,38007,10,"Total, all industries",2016,1,49,149.0,142.0,143.0,144.7,1590747.0,False
Billings,38007,10,"Total, all industries",2016,2,46,172.0,257.0,536.0,321.7,2302711.0,False
Billings,38007,10,"Total, all industries",2016,3,45,636.0,641.0,529.0,602.0,4599673.0,False
Billings,38007,10,"Total, all industries",2016,4,44,232.0,169.0,160.0,187.0,2062712.0,False
Billings,38007,10,"Total, all industries",2017,1,44,139.0,134.0,129.0,134.0,1190231.0,False
Billings,38007,10,"Total, all industries",2017,2,44,165.0,250.0,552.0,322.3,2856890.0,False
Billings,38007,10,"Total, all industries",2017,3,38,610.0,615.0,479.0,568.0,4309937.0,False
Billings,38007,10,"Total, all industries",2017,4,39,272.0,187.0,174.0,211.0,2377795.0,False
Billings,38007,10,"Total, all industries",2018,1,34,138.0,147.0,145.0,143.3,1673667.0,False
Billings,38007,10,"Total, all industries",2018,2,40,168.0,271.0,616.0,351.7,3503468.0,False
Billings,38007,10,"Total, all industries",2018,3,42,652.0,640.0,502.0,598.0,5564343.0,False
Billings,38007,10,"Total, all industries",2018,4,44,274.0,196.0,189.0,219.7,2986839.0,False
Billings,38007,10,"Total, all industries",2019,1,44,180.0,192.0,184.0,185.3,2301380.0,False
Billings,38007,10,"Total, all industries",2019,2,46,243.0,324.0,658.0,408.3,3845901.0,False
Billings,38007,10,"Total, all industries",2019,3,47,709.0,683.0,548.0,646.7,5737239.0,False
Billings,38007,10,"Total, all industries",2019,4,43,297.0,232.0,229.0,252.7,3200291.0,False
Billings,38007,10,"Total, all industries",2020,1,41,194.0,207.0,187.0,196.0,2161697.0,False
Billings,38007,10,"Total, all industries",2020,2,41,197.0,361.0,503.0,353.7,2984790.0,False
Billings,38007,10,"Total, all industries",2020,3,40,565.0,560.0,469.0,531.3,4552616.0,False
Billings,38007,10,"Total, all industries",2020,4,40,237.0,198.0,195.0,210.0,2847092.0,False
Billings,38007,10,"Total, all industries",2021,1,40,176.0,187.0,180.0,181.0,2012007.0,False
Billings,38007,10,"Total, all industries",2021,2,41,222.0,346.0,595.0,387.7,3550381.0,False
Billings,38007,10,"Total, all industries",2021,3,43,667.0,670.0,541.0,626.0,5929455.0,False
Billings,38007,10,"Total, all industries",2021,4,43,516.0,231.0,226.0,324.3,3802851.0,False
Billings,38007,10,"Total, all industries",2022,1,41,184.0,192.0,197.0,191.0,2200858.0,False
Billings,38007,10,"Total, all industries",2022,2,42,230.0,383.0,651.0,421.3,4269161.0,False
Billings,38007,10,"Total, all industries",2022,3,41,717.0,698.0,490.0,635.0,7293025.0,False
Billings,38007,10,"Total, all industries",2022,4,41,288.0,236.0,237.0,253.7,3380425.0,False
Billings,38007,10,"Total, all industries",2023,1,42,202.0,203.0,198.0,201.0,2871565.0,False
Billings,38007,10,"Total, all industries",2023,2,41,247.0,382.0,655.0,428.0,4436641.0,False
Billings,38007,10,"Total, all industries",2023,3,49,745.0,778.0,600.0,707.7,8539681.0,False
Billings,38007,10,"Total, all industries",2023,4,48,506.0,320.0,313.0,379.7,4582448.0,False
Billings,38007,10,"Total, all industries",2024,1,47,250.0,259.0,258.0,255.7,3908375.0,False
Billings,38007,10,"Total, all industries",2024,2,50,281.0,430.0,633.0,448.0,5052143.0,False
Billings,38007,10,"Total, all industries",2024,3,54,751.0,791.0,613.0,718.3,9557413.0,False
Billings,38007,10,"Total, all industries",2024,4,55,432.0,362.0,329.0,374.3,7520643.0,False
Billings,38007,10,"Total, all industries",2025,1,52,264.0,261.0,278.0,267.7,4051752.0,False
Billings,38007,10,"Total, all industries",2025,2,65,384.0,563.0,780.0,575.7,6417961.0,False
Billings,38007,10,"Total, all industries",2025,3,68,826.0,832.0,684.0,780.7,10809066.0,False
Billings,38007,10,"Total, all industries",2025,4,69,524.0,406.0,436.0,455.3,7556017.0,False
Billings,38007,10,"Total, all industries",2026,1,69,354.0,330.0,348.0,344.0,5357410.0,False
Billings,38007,1026,Leisure and hospitality,2015,1,13,94.0,88.0,99.0,93.7,874877.0,False
Billings,38007,1026,Leisure and hospitality,2015,2,14,135.0,209.0,432.0,258.7,1375071.0,False
Billings,38007,1026,Leisure and hospitality,2015,3,13,511.0,512.0,451.0,491.3,3173860.0,False
Billings,38007,1026,Leisure and hospitality,2015,4,13,146.0,87.0,80.0,104.3,1024684.0,False
Billings,38007,1026,Leisure and hospitality,2016,1,12,74.0,75.0,75.0,74.7,728753.0,False
Billings,38007,1026,Leisure and hospitality,2016,2,12,96.0,159.0,417.0,224.0,1314210.0,False
Billings,38007,1026,Leisure and hospitality,2016,3,12,500.0,506.0,428.0,478.0,3348926.0,False
Billings,38007,1026,Leisure and hospitality,2016,4,11,135.0,82.0,80.0,99.0,1006421.0,False
Billings,38007,1026,Leisure and hospitality,2017,1,11,63.0,63.0,65.0,63.7,262899.0,False
Billings,38007,1026,Leisure and hospitality,2017,2,12,92.0,150.0,433.0,225.0,1795791.0,False
Billings,38007,1026,Leisure and hospitality,2017,3,10,490.0,496.0,382.0,456.0,3167575.0,False
Billings,38007,1026,Leisure and hospitality,2017,4,10,183.0,107.0,92.0,127.3,1184574.0,False
Billings,38007,1026,Leisure and hospitality,2018,1,8,71.0,75.0,77.0,74.3,781574.0,False
Billings,38007,1026,Leisure and hospitality,2018,2,9,93.0,155.0,485.0,244.3,2023434.0,False
Billings,38007,1026,Leisure and hospitality,2018,3,9,499.0,482.0,356.0,445.7,3478351.0,False
Billings,38007,1026,Leisure and hospitality,2018,4,11,140.0,92.0,80.0,104.0,1193761.0,False
Billings,38007,1026,Leisure and hospitality,2019,1,13,82.0,84.0,88.0,84.7,852703.0,False
Billings,38007,1026,Leisure and hospitality,2019,2,13,125.0,198.0,500.0,274.3,2219573.0,False
Billings,38007,1026,Leisure and hospitality,2019,3,14,531.0,518.0,411.0,486.7,3746806.0,False
Billings,38007,1026,Leisure and hospitality,2019,4,14,165.0,108.0,103.0,125.3,1403988.0,False
Billings,38007,1026,Leisure and hospitality,2020,1,14,89.0,90.0,88.0,89.0,814596.0,False
Billings,38007,1026,Leisure and hospitality,2020,2,14,98.0,252.0,391.0,247.0,1719190.0,False
Billings,38007,1026,Leisure and hospitality,2020,3,14,451.0,455.0,365.0,423.7,3270577.0,False
Billings,38007,1026,Leisure and hospitality,2020,4,14,145.0,115.0,101.0,120.3,1399499.0,False
Billings,38007,1026,Leisure and hospitality,2021,1,15,93.0,103.0,103.0,99.7,966964.0,False
Billings,38007,1026,Leisure and hospitality,2021,2,15,138.0,248.0,466.0,284.0,2178123.0,False
Billings,38007,1026,Leisure and hospitality,2021,3,16,534.0,546.0,436.0,505.3,4302942.0,False
Billings,38007,1026,Leisure and hospitality,2021,4,16,416.0,143.0,129.0,229.3,2108699.0,False
Billings,38007,1026,Leisure and hospitality,2022,1,16,106.0,115.0,129.0,116.7,1207365.0,False
Billings,38007,1026,Leisure and hospitality,2022,2,16,157.0,294.0,505.0,318.7,2866561.0,False
Billings,38007,1026,Leisure and hospitality,2022,3,16,569.0,562.0,380.0,503.7,5644984.0,False
Billings,38007,1026,Leisure and hospitality,2022,4,16,195.0,148.0,153.0,165.3,1814223.0,False
Billings,38007,1026,Leisure and hospitality,2023,1,16,115.0,123.0,127.0,121.7,1635560.0,False
Billings,38007,1026,Leisure and hospitality,2023,2,15,161.0,287.0,531.0,326.3,2950469.0,False
Billings,38007,1026,Leisure and hospitality,2023,3,15,575.0,569.0,404.0,516.0,6326907.0,False
Billings,38007,1026,Leisure and hospitality,2023,4,14,332.0,155.0,138.0,208.3,2016208.0,False
Billings,38007,1026,Leisure and hospitality,2024,1,13,129.0,133.0,139.0,133.7,2013527.0,False
Billings,38007,1026,Leisure and hospitality,2024,2,13,157.0,280.0,461.0,299.3,2818683.0,False
Billings,38007,1026,Leisure and hospitality,2024,3,13,533.0,525.0,376.0,478.0,6209479.0,False
Billings,38007,1026,Leisure and hospitality,2024,4,13,204.0,153.0,146.0,167.7,2853185.0,False
Billings,38007,1026,Leisure and hospitality,2025,1,12,136.0,131.0,140.0,135.7,2018675.0,False
Billings,38007,1026,Leisure and hospitality,2025,2,12,174.0,316.0,515.0,335.0,3166787.0,False
Billings,38007,1026,Leisure and hospitality,2025,3,11,561.0,534.0,400.0,498.3,6680262.0,False
Billings,38007,1026,Leisure and hospitality,2025,4,11,242.0,164.0,159.0,188.3,2552698.0,False
Billings,38007,1026,Leisure and hospitality,2026,1,11,139.0,138.0,147.0,141.3,2194020.0,False
Billings,38007,72,Accommodation and food services,2015,1,10,,,,,,True
Billings,38007,72,Accommodation and food services,2015,2,11,,,,,,True
Billings,38007,72,Accommodation and food services,2015,3,10,,,,,,True
Billings,38007,72,Accommodation and food services,2015,4,10,,,,,,True
Billings,38007,72,Accommodation and food services,2016,1,9,,,,,,True
Billings,38007,72,Accommodation and food services,2016,2,9,,,,,,True
Billings,38007,72,Accommodation and food services,2016,3,9,,,,,,True
Billings,38007,72,Accommodation and food services,2016,4,8,,,,,,True
Billings,38007,72,Accommodation and food services,2017,1,8,,,,,,True
Billings,38007,72,Accommodation and food services,2017,2,9,,,,,,True
Billings,38007,72,Accommodation and food services,2017,3,7,,,,,,True
Billings,38007,72,Accommodation and food services,2017,4,7,,,,,,True
Billings,38007,72,Accommodation and food services,2018,1,6,,,,,,True
Billings,38007,72,Accommodation and food services,2018,2,7,,,,,,True
Billings,38007,72,Accommodation and food services,2018,3,7,,,,,,True
Billings,38007,72,Accommodation and food services,2018,4,9,,,,,,True
Billings,38007,72,Accommodation and food services,2019,1,10,,,,,,True
Billings,38007,72,Accommodation and food services,2019,2,10,,,,,,True
Billings,38007,72,Accommodation and food services,2019,3,10,,,,,,True
Billings,38007,72,Accommodation and food services,2019,4,10,,,,,,True
Billings,38007,72,Accommodation and food services,2020,1,10,,,,,,True
Billings,38007,72,Accommodation and food services,2020,2,10,,,,,,True
Billings,38007,72,Accommodation and food services,2020,3,10,,,,,,True
Billings,38007,72,Accommodation and food services,2020,4,10,,,,,,True
Billings,38007,72,Accommodation and food services,2021,1,11,,,,,,True
Billings,38007,72,Accommodation and food services,2021,2,11,,,,,,True
Billings,38007,72,Accommodation and food services,2021,3,12,,,,,,True
Billings,38007,72,Accommodation and food services,2021,4,12,,,,,,True
Billings,38007,72,Accommodation and food services,2022,1,12,,,,,,True
Billings,38007,72,Accommodation and food services,2022,2,12,,,,,,True
Billings,38007,72,Accommodation and food services,2022,3,12,,,,,,True
Billings,38007,72,Accommodation and food services,2022,4,12,,,,,,True
Billings,38007,72,Accommodation and food services,2023,1,12,,,,,,True
Billings,38007,72,Accommodation and food services,2023,2,11,,,,,,True
Billings,38007,72,Accommodation and food services,2023,3,11,,,,,,True
Billings,38007,72,Accommodation and food services,2023,4,10,,,,,,True
Billings,38007,72,Accommodation and food services,2024,1,10,,,,,,True
Billings,38007,72,Accommodation and food services,2024,2,10,,,,,,True
Billings,38007,72,Accommodation and food services,2024,3,10,,,,,,True
Billings,38007,72,Accommodation and food services,2024,4,10,,,,,,True
Billings,38007,72,Accommodation and food services,2025,1,9,,,,,,True
Billings,38007,72,Accommodation and food services,2025,2,9,,,,,,True
Billings,38007,72,Accommodation and food services,2025,3,9,,,,,,True
Billings,38007,72,Accommodation and food services,2025,4,9,,,,,,True
Billings,38007,72,Accommodation and food services,2026,1,9,,,,,,True
Billings,38007,721,Accommodation,2015,1,2,,,,,,True
Billings,38007,721,Accommodation,2015,2,2,,,,,,True
Billings,38007,721,Accommodation,2015,3,2,,,,,,True
Billings,38007,721,Accommodation,2015,4,2,,,,,,True
Billings,38007,721,Accommodation,2016,1,2,,,,,,True
Billings,38007,721,Accommodation,2016,2,2,,,,,,True
Billings,38007,721,Accommodation,2016,3,2,,,,,,True
Billings,38007,721,Accommodation,2016,4,2,,,,,,True
Billings,38007,721,Accommodation,2017,1,2,,,,,,True
Billings,38007,721,Accommodation,2017,2,2,,,,,,True
Billings,38007,721,Accommodation,2017,3,1,,,,,,True
Billings,38007,721,Accommodation,2017,4,1,,,,,,True
Billings,38007,721,Accommodation,2018,1,1,,,,,,True
Billings,38007,721,Accommodation,2018,2,1,,,,,,True
Billings,38007,721,Accommodation,2018,3,1,,,,,,True
Billings,38007,721,Accommodation,2018,4,2,,,,,,True
Billings,38007,721,Accommodation,2019,1,2,,,,,,True
Billings,38007,721,Accommodation,2019,2,2,,,,,,True
Billings,38007,721,Accommodation,2019,3,2,,,,,,True
Billings,38007,721,Accommodation,2019,4,2,,,,,,True
Billings,38007,721,Accommodation,2020,1,2,,,,,,True
Billings,38007,721,Accommodation,2020,2,2,,,,,,True
Billings,38007,721,Accommodation,2020,3,2,,,,,,True
Billings,38007,721,Accommodation,2020,4,2,,,,,,True
Billings,38007,721,Accommodation,2021,1,2,,,,,,True
Billings,38007,721,Accommodation,2021,2,2,,,,,,True
Billings,38007,721,Accommodation,2021,3,2,,,,,,True
Billings,38007,721,Accommodation,2021,4,2,,,,,,True
Billings,38007,721,Accommodation,2022,1,2,,,,,,True
Billings,38007,721,Accommodation,2022,2,2,,,,,,True
Billings,38007,721,Accommodation,2022,3,2,,,,,,True
Billings,38007,721,Accommodation,2022,4,2,,,,,,True
Billings,38007,721,Accommodation,2023,1,2,,,,,,True
Billings,38007,721,Accommodation,2023,2,2,,,,,,True
Billings,38007,721,Accommodation,2023,3,2,,,,,,True
Billings,38007,721,Accommodation,2023,4,2,,,,,,True
Billings,38007,721,Accommodation,2024,1,2,,,,,,True
Billings,38007,721,Accommodation,2024,2,2,,,,,,True
Billings,38007,721,Accommodation,2024,3,2,,,,,,True
Billings,38007,721,Accommodation,2024,4,2,,,,,,True
Billings,38007,721,Accommodation,2025,1,2,,,,,,True
Billings,38007,721,Accommodation,2025,2,2,,,,,,True
Billings,38007,721,Accommodation,2025,3,2,,,,,,True
Billings,38007,721,Accommodation,2025,4,2,,,,,,True
Billings,38007,721,Accommodation,2026,1,2,,,,,,True
Billings,38007,722,Food services and drinking places,2015,1,8,15.0,11.0,16.0,14.0,45967.0,False
Billings,38007,722,Food services and drinking places,2015,2,9,37.0,26.0,60.0,41.0,151761.0,False
Billings,38007,722,Food services and drinking places,2015,3,8,83.0,85.0,60.0,76.0,370557.0,False
Billings,38007,722,Food services and drinking places,2015,4,8,25.0,19.0,14.0,19.3,120134.0,False
Billings,38007,722,Food services and drinking places,2016,1,7,11.0,11.0,11.0,11.0,56988.0,False
Billings,38007,722,Food services and drinking places,2016,2,7,15.0,23.0,57.0,31.7,160297.0,False
Billings,38007,722,Food services and drinking places,2016,3,7,90.0,89.0,65.0,81.3,471594.0,False
Billings,38007,722,Food services and drinking places,2016,4,6,22.0,16.0,16.0,18.0,139802.0,False
Billings,38007,722,Food services and drinking places,2017,1,6,,,,,,True
Billings,38007,722,Food services and drinking places,2017,2,7,14.0,25.0,57.0,32.0,182224.0,False
Billings,38007,722,Food services and drinking places,2017,3,6,89.0,90.0,76.0,85.0,468277.0,False
Billings,38007,722,Food services and drinking places,2017,4,6,,,,,,True
Billings,38007,722,Food services and drinking places,2018,1,5,,,,,,True
Billings,38007,722,Food services and drinking places,2018,2,6,8.0,22.0,88.0,39.3,205532.0,False
Billings,38007,722,Food services and drinking places,2018,3,6,90.0,88.0,56.0,78.0,494675.0,False
Billings,38007,722,Food services and drinking places,2018,4,7,,,,,,True
Billings,38007,722,Food services and drinking places,2019,1,8,8.0,7.0,8.0,7.7,30643.0,False
Billings,38007,722,Food services and drinking places,2019,2,8,15.0,27.0,72.0,38.0,208895.0,False
Billings,38007,722,Food services and drinking places,2019,3,8,84.0,78.0,60.0,74.0,503366.0,False
Billings,38007,722,Food services and drinking places,2019,4,8,21.0,18.0,19.0,19.3,145504.0,False
Billings,38007,722,Food services and drinking places,2020,1,8,,,,,,True
Billings,38007,722,Food services and drinking places,2020,2,8,5.0,22.0,45.0,24.0,162912.0,False
Billings,38007,722,Food services and drinking places,2020,3,8,92.0,75.0,56.0,74.3,562065.0,False
Billings,38007,722,Food services and drinking places,2020,4,8,,,,,,True
Billings,38007,722,Food services and drinking places,2021,1,9,14.0,20.0,20.0,18.0,102810.0,False
Billings,38007,722,Food services and drinking places,2021,2,9,24.0,33.0,86.0,47.7,362469.0,False
Billings,38007,722,Food services and drinking places,2021,3,10,105.0,108.0,60.0,91.0,885789.0,False
Billings,38007,722,Food services and drinking places,2021,4,10,39.0,24.0,23.0,28.7,310297.0,False
Billings,38007,722,Food services and drinking places,2022,1,10,12.0,12.0,23.0,15.7,92616.0,False
Billings,38007,722,Food services and drinking places,2022,2,10,19.0,44.0,84.0,49.0,334500.0,False
Billings,38007,722,Food services and drinking places,2022,3,10,104.0,108.0,79.0,97.0,959508.0,False
Billings,38007,722,Food services and drinking places,2022,4,10,39.0,27.0,28.0,31.3,258121.0,False
Billings,38007,722,Food services and drinking places,2023,1,10,,,,,,True
Billings,38007,722,Food services and drinking places,2023,2,9,20.0,45.0,88.0,51.0,410126.0,False
Billings,38007,722,Food services and drinking places,2023,3,9,107.0,101.0,81.0,96.3,1142399.0,False
Billings,38007,722,Food services and drinking places,2023,4,8,,,,,,True
Billings,38007,722,Food services and drinking places,2024,1,8,14.0,14.0,18.0,15.3,127739.0,False
Billings,38007,722,Food services and drinking places,2024,2,8,20.0,41.0,75.0,45.3,391842.0,False
Billings,38007,722,Food services and drinking places,2024,3,8,101.0,100.0,69.0,90.0,1223054.0,False
Billings,38007,722,Food services and drinking places,2024,4,8,33.0,24.0,22.0,26.3,317525.0,False
Billings,38007,722,Food services and drinking places,2025,1,7,,,,,,True
Billings,38007,722,Food services and drinking places,2025,2,7,,,,,,True
Billings,38007,722,Food services and drinking places,2025,3,7,,,,,,True
Billings,38007,722,Food services and drinking places,2025,4,7,,,,,,True
Billings,38007,722,Food services and drinking places,2026,1,7,,,,,,True
Bowman,38011,10,"Total, all industries",2015,1,180,1451.0,1443.0,1420.0,1438.0,16651725.0,False
Bowman,38011,10,"Total, all industries",2015,2,180,1441.0,1479.0,1514.0,1478.0,16078502.0,False
Bowman,38011,10,"Total, all industries",2015,3,179,1539.0,1570.0,1475.0,1528.0,17538963.0,False
Bowman,38011,10,"Total, all industries",2015,4,178,1430.0,1420.0,1432.0,1427.3,17876272.0,False
Bowman,38011,10,"Total, all industries",2016,1,172,1352.0,1342.0,1352.0,1348.7,13983633.0,False
Bowman,38011,10,"Total, all industries",2016,2,172,1363.0,1386.0,1382.0,1377.0,13673590.0,False
Bowman,38011,10,"Total, all industries",2016,3,173,1407.0,1402.0,1364.0,1391.0,15048995.0,False
Bowman,38011,10,"Total, all industries",2016,4,170,1376.0,1380.0,1329.0,1361.7,16485277.0,False
Bowman,38011,10,"Total, all industries",2017,1,167,1288.0,1291.0,1321.0,1300.0,13227410.0,False
Bowman,38011,10,"Total, all industries",2017,2,167,1336.0,1342.0,1330.0,1336.0,13409692.0,False
Bowman,38011,10,"Total, all industries",2017,3,166,1315.0,1310.0,1260.0,1295.0,13045406.0,False
Bowman,38011,10,"Total, all industries",2017,4,168,1242.0,1227.0,1211.0,1226.7,14108643.0,False
Bowman,38011,10,"Total, all industries",2018,1,168,1158.0,1183.0,1173.0,1171.3,11998657.0,False
Bowman,38011,10,"Total, all industries",2018,2,167,1196.0,1214.0,1272.0,1227.3,12411855.0,False
Bowman,38011,10,"Total, all industries",2018,3,164,1235.0,1249.0,1239.0,1241.0,13063887.0,False
Bowman,38011,10,"Total, all industries",2018,4,163,1227.0,1244.0,1263.0,1244.7,15978829.0,False
Bowman,38011,10,"Total, all industries",2019,1,165,1276.0,1320.0,1351.0,1315.7,15625646.0,False
Bowman,38011,10,"Total, all industries",2019,2,168,1344.0,1346.0,1411.0,1367.0,17040120.0,False
Bowman,38011,10,"Total, all industries",2019,3,165,1335.0,1347.0,1309.0,1330.3,17182003.0,False
Bowman,38011,10,"Total, all industries",2019,4,166,1253.0,1192.0,1208.0,1217.7,16575734.0,False
Bowman,38011,10,"Total, all industries",2020,1,165,1147.0,1162.0,1163.0,1157.3,12809274.0,False
Bowman,38011,10,"Total, all industries",2020,2,164,1091.0,1185.0,1207.0,1161.0,13615067.0,False
Bowman,38011,10,"Total, all industries",2020,3,166,1201.0,1189.0,1162.0,1184.0,13339954.0,False
Bowman,38011,10,"Total, all industries",2020,4,165,1085.0,1098.0,1102.0,1095.0,13577678.0,False
Bowman,38011,10,"Total, all industries",2021,1,163,1060.0,1059.0,1090.0,1069.7,11242926.0,False
Bowman,38011,10,"Total, all industries",2021,2,166,1092.0,1105.0,1120.0,1105.7,12308813.0,False
Bowman,38011,10,"Total, all industries",2021,3,169,1144.0,1136.0,1118.0,1132.7,12398103.0,False
Bowman,38011,10,"Total, all industries",2021,4,170,1116.0,1103.0,1108.0,1109.0,14519044.0,False
Bowman,38011,10,"Total, all industries",2022,1,164,1051.0,1059.0,1064.0,1058.0,11757665.0,False
Bowman,38011,10,"Total, all industries",2022,2,167,1034.0,1047.0,1084.0,1055.0,12506725.0,False
Bowman,38011,10,"Total, all industries",2022,3,164,1089.0,1095.0,1056.0,1080.0,13934210.0,False
Bowman,38011,10,"Total, all industries",2022,4,164,1044.0,1057.0,1062.0,1054.3,15113992.0,False
Bowman,38011,10,"Total, all industries",2023,1,164,1053.0,1043.0,1050.0,1048.7,13765810.0,False
Bowman,38011,10,"Total, all industries",2023,2,167,1046.0,1066.0,1119.0,1077.0,13362940.0,False
Bowman,38011,10,"Total, all industries",2023,3,166,1105.0,1098.0,1064.0,1089.0,14512562.0,False
Bowman,38011,10,"Total, all industries",2023,4,166,1067.0,1082.0,1092.0,1080.3,16691458.0,False
Bowman,38011,10,"Total, all industries",2024,1,166,1066.0,1067.0,1090.0,1074.3,15149604.0,False
Bowman,38011,10,"Total, all industries",2024,2,169,1077.0,1095.0,1110.0,1094.0,14677599.0,False
Bowman,38011,10,"Total, all industries",2024,3,173,1107.0,1123.0,1088.0,1106.0,15804015.0,False
Bowman,38011,10,"Total, all industries",2024,4,174,1080.0,1082.0,1083.0,1081.7,17311020.0,False
Bowman,38011,10,"Total, all industries",2025,1,167,1058.0,1062.0,1070.0,1063.3,14951452.0,False
Bowman,38011,10,"Total, all industries",2025,2,181,1123.0,1238.0,1386.0,1249.0,18439903.0,False
Bowman,38011,10,"Total, all industries",2025,3,181,1393.0,1360.0,1332.0,1361.7,24853119.0,False
Bowman,38011,10,"Total, all industries",2025,4,180,1278.0,1183.0,1137.0,1199.3,21517297.0,False
Bowman,38011,10,"Total, all industries",2026,1,180,1068.0,1100.0,1090.0,1086.0,15027202.0,False
Bowman,38011,1026,Leisure and hospitality,2015,1,21,132.0,140.0,137.0,136.3,322217.0,False
Bowman,38011,1026,Leisure and hospitality,2015,2,22,153.0,165.0,167.0,161.7,423969.0,False
Bowman,38011,1026,Leisure and hospitality,2015,3,23,174.0,177.0,164.0,171.7,443856.0,False
Bowman,38011,1026,Leisure and hospitality,2015,4,21,153.0,151.0,156.0,153.3,515374.0,False
Bowman,38011,1026,Leisure and hospitality,2016,1,21,131.0,128.0,138.0,132.3,359456.0,False
Bowman,38011,1026,Leisure and hospitality,2016,2,20,154.0,152.0,148.0,151.3,456522.0,False
Bowman,38011,1026,Leisure and hospitality,2016,3,20,144.0,142.0,136.0,140.7,470967.0,False
Bowman,38011,1026,Leisure and hospitality,2016,4,21,131.0,140.0,128.0,133.0,470348.0,False
Bowman,38011,1026,Leisure and hospitality,2017,1,21,123.0,130.0,141.0,131.3,369637.0,False
Bowman,38011,1026,Leisure and hospitality,2017,2,21,144.0,146.0,151.0,147.0,421223.0,False
Bowman,38011,1026,Leisure and hospitality,2017,3,20,148.0,153.0,140.0,147.0,465336.0,False
Bowman,38011,1026,Leisure and hospitality,2017,4,20,134.0,134.0,128.0,132.0,425894.0,False
Bowman,38011,1026,Leisure and hospitality,2018,1,21,114.0,132.0,119.0,121.7,372499.0,False
Bowman,38011,1026,Leisure and hospitality,2018,2,20,136.0,138.0,146.0,140.0,408795.0,False
Bowman,38011,1026,Leisure and hospitality,2018,3,20,146.0,142.0,139.0,142.3,480628.0,False
Bowman,38011,1026,Leisure and hospitality,2018,4,20,132.0,129.0,132.0,131.0,444251.0,False
Bowman,38011,1026,Leisure and hospitality,2019,1,20,122.0,127.0,138.0,129.0,385830.0,False
Bowman,38011,1026,Leisure and hospitality,2019,2,21,129.0,139.0,155.0,141.0,471411.0,False
Bowman,38011,1026,Leisure and hospitality,2019,3,21,159.0,154.0,154.0,155.7,536431.0,False
Bowman,38011,1026,Leisure and hospitality,2019,4,20,116.0,114.0,133.0,121.0,405808.0,False
Bowman,38011,1026,Leisure and hospitality,2020,1,19,120.0,133.0,122.0,125.0,408949.0,False
Bowman,38011,1026,Leisure and hospitality,2020,2,17,78.0,99.0,111.0,96.0,380470.0,False
Bowman,38011,1026,Leisure and hospitality,2020,3,17,105.0,119.0,115.0,113.0,457093.0,False
Bowman,38011,1026,Leisure and hospitality,2020,4,17,112.0,119.0,120.0,117.0,395560.0,False
Bowman,38011,1026,Leisure and hospitality,2021,1,17,101.0,95.0,109.0,101.7,335070.0,False
Bowman,38011,1026,Leisure and hospitality,2021,2,18,112.0,118.0,123.0,117.7,402772.0,False
Bowman,38011,1026,Leisure and hospitality,2021,3,19,133.0,138.0,126.0,132.3,519262.0,False
Bowman,38011,1026,Leisure and hospitality,2021,4,19,118.0,127.0,121.0,122.0,442566.0,False
Bowman,38011,1026,Leisure and hospitality,2022,1,19,104.0,109.0,102.0,105.0,338635.0,False
Bowman,38011,1026,Leisure and hospitality,2022,2,18,93.0,84.0,89.0,88.7,345938.0,False
Bowman,38011,1026,Leisure and hospitality,2022,3,17,99.0,102.0,88.0,96.3,452451.0,False
Bowman,38011,1026,Leisure and hospitality,2022,4,18,80.0,90.0,85.0,85.0,392196.0,False
Bowman,38011,1026,Leisure and hospitality,2023,1,18,91.0,91.0,101.0,94.3,332335.0,False
Bowman,38011,1026,Leisure and hospitality,2023,2,18,97.0,98.0,107.0,100.7,423439.0,False
Bowman,38011,1026,Leisure and hospitality,2023,3,18,106.0,117.0,108.0,110.3,437065.0,False
Bowman,38011,1026,Leisure and hospitality,2023,4,18,104.0,108.0,100.0,104.0,488431.0,False
Bowman,38011,1026,Leisure and hospitality,2024,1,18,92.0,89.0,98.0,93.0,314884.0,False
Bowman,38011,1026,Leisure and hospitality,2024,2,19,98.0,109.0,120.0,109.0,451390.0,False
Bowman,38011,1026,Leisure and hospitality,2024,3,19,110.0,114.0,100.0,108.0,485793.0,False
Bowman,38011,1026,Leisure and hospitality,2024,4,19,114.0,110.0,101.0,108.3,464626.0,False
Bowman,38011,1026,Leisure and hospitality,2025,1,18,83.0,85.0,86.0,84.7,315210.0,False
Bowman,38011,1026,Leisure and hospitality,2025,2,18,100.0,101.0,108.0,103.0,483678.0,False
Bowman,38011,1026,Leisure and hospitality,2025,3,18,100.0,102.0,88.0,96.7,510051.0,False
Bowman,38011,1026,Leisure and hospitality,2025,4,18,91.0,91.0,87.0,89.7,517638.0,False
Bowman,38011,1026,Leisure and hospitality,2026,1,18,94.0,95.0,91.0,93.3,394480.0,False
Bowman,38011,72,Accommodation and food services,2015,1,17,122.0,130.0,127.0,126.3,300000.0,False
Bowman,38011,72,Accommodation and food services,2015,2,18,138.0,148.0,148.0,144.7,380347.0,False
Bowman,38011,72,Accommodation and food services,2015,3,19,156.0,159.0,146.0,153.7,389817.0,False
Bowman,38011,72,Accommodation and food services,2015,4,17,140.0,138.0,143.0,140.3,487669.0,False
Bowman,38011,72,Accommodation and food services,2016,1,17,122.0,119.0,129.0,123.3,345996.0,False
Bowman,38011,72,Accommodation and food services,2016,2,17,135.0,133.0,129.0,132.3,402966.0,False
Bowman,38011,72,Accommodation and food services,2016,3,17,127.0,125.0,118.0,123.3,418668.0,False
Bowman,38011,72,Accommodation and food services,2016,4,17,116.0,124.0,113.0,117.7,407482.0,False
Bowman,38011,72,Accommodation and food services,2017,1,17,113.0,119.0,131.0,121.0,345501.0,False
Bowman,38011,72,Accommodation and food services,2017,2,17,130.0,128.0,132.0,130.0,372242.0,False
Bowman,38011,72,Accommodation and food services,2017,3,16,129.0,131.0,119.0,126.3,416103.0,False
Bowman,38011,72,Accommodation and food services,2017,4,16,117.0,117.0,111.0,115.0,389806.0,False
Bowman,38011,72,Accommodation and food services,2018,1,17,107.0,125.0,112.0,114.7,353282.0,False
Bowman,38011,72,Accommodation and food services,2018,2,16,120.0,120.0,128.0,122.7,361233.0,False
Bowman,38011,72,Accommodation and food services,2018,3,16,128.0,124.0,120.0,124.0,426640.0,False
Bowman,38011,72,Accommodation and food services,2018,4,16,115.0,112.0,115.0,114.0,406659.0,False
Bowman,38011,72,Accommodation and food services,2019,1,16,112.0,117.0,128.0,119.0,365063.0,False
Bowman,38011,72,Accommodation and food services,2019,2,17,112.0,118.0,133.0,121.0,423074.0,False
Bowman,38011,72,Accommodation and food services,2019,3,17,144.0,139.0,137.0,140.0,486348.0,False
Bowman,38011,72,Accommodation and food services,2019,4,16,99.0,96.0,114.0,103.0,372512.0,False
Bowman,38011,72,Accommodation and food services,2020,1,15,111.0,123.0,112.0,115.3,396768.0,False
Bowman,38011,72,Accommodation and food services,2020,2,14,,,,,,True
Bowman,38011,72,Accommodation and food services,2020,3,14,,,,,,True
Bowman,38011,72,Accommodation and food services,2020,4,14,103.0,110.0,111.0,108.0,369911.0,False
Bowman,38011,72,Accommodation and food services,2021,1,14,,,,,,True
Bowman,38011,72,Accommodation and food services,2021,2,15,101.0,105.0,109.0,105.0,362980.0,False
Bowman,38011,72,Accommodation and food services,2021,3,16,119.0,122.0,110.0,117.0,469136.0,False
Bowman,38011,72,Accommodation and food services,2021,4,16,,,,,,True
Bowman,38011,72,Accommodation and food services,2022,1,16,,,,,,True
Bowman,38011,72,Accommodation and food services,2022,2,15,,,,,,True
Bowman,38011,72,Accommodation and food services,2022,3,14,86.0,89.0,79.0,84.7,389604.0,False
Bowman,38011,72,Accommodation and food services,2022,4,14,74.0,81.0,76.0,77.0,358062.0,False
Bowman,38011,72,Accommodation and food services,2023,1,14,81.0,81.0,91.0,84.3,304278.0,False
Bowman,38011,72,Accommodation and food services,2023,2,14,87.0,87.0,93.0,89.0,375521.0,False
Bowman,38011,72,Accommodation and food services,2023,3,14,,,,,,True
Bowman,38011,72,Accommodation and food services,2023,4,14,,,,,,True
Bowman,38011,72,Accommodation and food services,2024,1,14,81.0,78.0,86.0,81.7,286532.0,False
Bowman,38011,72,Accommodation and food services,2024,2,15,88.0,96.0,104.0,96.0,402513.0,False
Bowman,38011,72,Accommodation and food services,2024,3,15,,,,,,True
Bowman,38011,72,Accommodation and food services,2024,4,15,,,,,,True
Bowman,38011,72,Accommodation and food services,2025,1,14,,,,,,True
Bowman,38011,72,Accommodation and food services,2025,2,14,,,,,,True
Bowman,38011,72,Accommodation and food services,2025,3,14,86.0,90.0,76.0,84.0,428869.0,False
Bowman,38011,72,Accommodation and food services,2025,4,14,74.0,76.0,79.0,76.3,442479.0,False
Bowman,38011,72,Accommodation and food services,2026,1,14,80.0,79.0,82.0,80.3,349949.0,False
Bowman,38011,721,Accommodation,2015,1,5,28.0,26.0,23.0,25.7,74436.0,False
Bowman,38011,721,Accommodation,2015,2,5,25.0,28.0,29.0,27.3,81233.0,False
Bowman,38011,721,Accommodation,2015,3,6,59.0,62.0,58.0,59.7,156106.0,False
Bowman,38011,721,Accommodation,2015,4,6,57.0,60.0,64.0,60.3,270528.0,False
Bowman,38011,721,Accommodation,2016,1,6,53.0,49.0,50.0,50.7,157972.0,False
Bowman,38011,721,Accommodation,2016,2,6,53.0,51.0,49.0,51.0,191947.0,False
Bowman,38011,721,Accommodation,2016,3,6,50.0,49.0,48.0,49.0,222664.0,False
Bowman,38011,721,Accommodation,2016,4,6,53.0,57.0,50.0,53.3,227936.0,False
Bowman,38011,721,Accommodation,2017,1,6,53.0,57.0,55.0,55.0,180181.0,False
Bowman,38011,721,Accommodation,2017,2,6,54.0,50.0,52.0,52.0,183996.0,False
Bowman,38011,721,Accommodation,2017,3,6,54.0,55.0,52.0,53.7,223985.0,False
Bowman,38011,721,Accommodation,2017,4,6,53.0,53.0,49.0,51.7,200480.0,False
Bowman,38011,721,Accommodation,2018,1,6,47.0,50.0,47.0,48.0,184433.0,False
Bowman,38011,721,Accommodation,2018,2,6,44.0,40.0,46.0,43.3,158750.0,False
Bowman,38011,721,Accommodation,2018,3,6,47.0,44.0,46.0,45.7,228517.0,False
Bowman,38011,721,Accommodation,2018,4,6,50.0,43.0,44.0,45.7,210517.0,False
Bowman,38011,721,Accommodation,2019,1,6,43.0,44.0,45.0,44.0,209295.0,False
Bowman,38011,721,Accommodation,2019,2,6,40.0,44.0,52.0,45.3,212940.0,False
Bowman,38011,721,Accommodation,2019,3,6,61.0,55.0,53.0,56.3,276804.0,False
Bowman,38011,721,Accommodation,2019,4,5,48.0,47.0,45.0,46.7,212479.0,False
Bowman,38011,721,Accommodation,2020,1,5,44.0,44.0,41.0,43.0,207965.0,False
Bowman,38011,721,Accommodation,2020,2,5,,,,,,True
Bowman,38011,721,Accommodation,2020,3,5,,,,,,True
Bowman,38011,721,Accommodation,2020,4,5,37.0,40.0,38.0,38.3,206691.0,False
Bowman,38011,721,Accommodation,2021,1,5,,,,,,True
Bowman,38011,721,Accommodation,2021,2,5,36.0,36.0,36.0,36.0,169611.0,False
Bowman,38011,721,Accommodation,2021,3,5,38.0,39.0,41.0,39.3,245648.0,False
Bowman,38011,721,Accommodation,2021,4,5,,,,,,True
Bowman,38011,721,Accommodation,2022,1,5,,,,,,True
Bowman,38011,721,Accommodation,2022,2,5,,,,,,True
Bowman,38011,721,Accommodation,2022,3,5,41.0,39.0,37.0,39.0,251000.0,False
Bowman,38011,721,Accommodation,2022,4,5,35.0,37.0,37.0,36.3,242045.0,False
Bowman,38011,721,Accommodation,2023,1,5,37.0,35.0,38.0,36.7,193503.0,False
Bowman,38011,721,Accommodation,2023,2,5,33.0,34.0,43.0,36.7,232910.0,False
Bowman,38011,721,Accommodation,2023,3,5,,,,,,True
Bowman,38011,721,Accommodation,2023,4,5,,,,,,True
Bowman,38011,721,Accommodation,2024,1,5,37.0,37.0,37.0,37.0,181834.0,False
Bowman,38011,721,Accommodation,2024,2,5,36.0,41.0,46.0,41.0,245174.0,False
Bowman,38011,721,Accommodation,2024,3,5,,,,,,True
Bowman,38011,721,Accommodation,2024,4,5,,,,,,True
Bowman,38011,721,Accommodation,2025,1,5,,,,,,True
Bowman,38011,721,Accommodation,2025,2,5,,,,,,True
Bowman,38011,721,Accommodation,2025,3,5,44.0,46.0,42.0,44.0,285627.0,False
Bowman,38011,721,Accommodation,2025,4,5,40.0,41.0,39.0,40.0,294491.0,False
Bowman,38011,721,Accommodation,2026,1,5,36.0,33.0,34.0,34.3,183745.0,False
Bowman,38011,722,Food services and drinking places,2015,1,12,94.0,104.0,104.0,100.7,225564.0,False
Bowman,38011,722,Food services and drinking places,2015,2,13,113.0,120.0,119.0,117.3,299114.0,False
Bowman,38011,722,Food services and drinking places,2015,3,13,97.0,97.0,88.0,94.0,233711.0,False
Bowman,38011,722,Food services and drinking places,2015,4,11,83.0,78.0,79.0,80.0,217141.0,False
Bowman,38011,722,Food services and drinking places,2016,1,11,69.0,70.0,79.0,72.7,188024.0,False
Bowman,38011,722,Food services and drinking places,2016,2,11,82.0,82.0,80.0,81.3,211019.0,False
Bowman,38011,722,Food services and drinking places,2016,3,11,77.0,76.0,70.0,74.3,196004.0,False
Bowman,38011,722,Food services and drinking places,2016,4,11,63.0,67.0,63.0,64.3,179546.0,False
Bowman,38011,722,Food services and drinking places,2017,1,11,60.0,62.0,76.0,66.0,165320.0,False
Bowman,38011,722,Food services and drinking places,2017,2,11,76.0,78.0,80.0,78.0,188246.0,False
Bowman,38011,722,Food services and drinking places,2017,3,10,75.0,76.0,67.0,72.7,192118.0,False
Bowman,38011,722,Food services and drinking places,2017,4,10,64.0,64.0,62.0,63.3,189326.0,False
Bowman,38011,722,Food services and drinking places,2018,1,11,60.0,75.0,65.0,66.7,168849.0,False
Bowman,38011,722,Food services and drinking places,2018,2,10,76.0,80.0,82.0,79.3,202483.0,False
Bowman,38011,722,Food services and drinking places,2018,3,10,81.0,80.0,74.0,78.3,198123.0,False
Bowman,38011,722,Food services and drinking places,2018,4,10,65.0,69.0,71.0,68.3,196142.0,False
Bowman,38011,722,Food services and drinking places,2019,1,10,69.0,73.0,83.0,75.0,155768.0,False
Bowman,38011,722,Food services and drinking places,2019,2,11,72.0,74.0,81.0,75.7,210134.0,False
Bowman,38011,722,Food services and drinking places,2019,3,11,83.0,84.0,84.0,83.7,209544.0,False
Bowman,38011,722,Food services and drinking places,2019,4,11,51.0,49.0,69.0,56.3,160033.0,False
Bowman,38011,722,Food services and drinking places,2020,1,10,67.0,79.0,71.0,72.3,188803.0,False
Bowman,38011,722,Food services and drinking places,2020,2,9,52.0,53.0,58.0,54.3,192896.0,False
Bowman,38011,722,Food services and drinking places,2020,3,9,55.0,69.0,63.0,62.3,210654.0,False
Bowman,38011,722,Food services and drinking places,2020,4,9,66.0,70.0,73.0,69.7,163220.0,False
Bowman,38011,722,Food services and drinking places,2021,1,9,63.0,58.0,67.0,62.7,177730.0,False
Bowman,38011,722,Food services and drinking places,2021,2,10,65.0,69.0,73.0,69.0,193369.0,False
Bowman,38011,722,Food services and drinking places,2021,3,11,81.0,83.0,69.0,77.7,223488.0,False
Bowman,38011,722,Food services and drinking places,2021,4,11,66.0,72.0,70.0,69.3,173799.0,False
Bowman,38011,722,Food services and drinking places,2022,1,11,59.0,63.0,59.0,60.3,148196.0,False
Bowman,38011,722,Food services and drinking places,2022,2,10,50.0,47.0,49.0,48.7,138510.0,False
Bowman,38011,722,Food services and drinking places,2022,3,9,45.0,50.0,42.0,45.7,138604.0,False
Bowman,38011,722,Food services and drinking places,2022,4,9,39.0,44.0,39.0,40.7,116017.0,False
Bowman,38011,722,Food services and drinking places,2023,1,9,44.0,46.0,53.0,47.7,110775.0,False
Bowman,38011,722,Food services and drinking places,2023,2,9,54.0,53.0,50.0,52.3,142611.0,False
Bowman,38011,722,Food services and drinking places,2023,3,9,47.0,59.0,54.0,53.3,136588.0,False
Bowman,38011,722,Food services and drinking places,2023,4,9,50.0,51.0,53.0,51.3,132351.0,False
Bowman,38011,722,Food services and drinking places,2024,1,9,44.0,41.0,49.0,44.7,104698.0,False
Bowman,38011,722,Food services and drinking places,2024,2,10,52.0,55.0,58.0,55.0,157339.0,False
Bowman,38011,722,Food services and drinking places,2024,3,10,57.0,57.0,47.0,53.7,156360.0,False
Bowman,38011,722,Food services and drinking places,2024,4,10,53.0,53.0,53.0,53.0,139495.0,False
Bowman,38011,722,Food services and drinking places,2025,1,9,43.0,47.0,49.0,46.3,122347.0,False
Bowman,38011,722,Food services and drinking places,2025,2,9,47.0,49.0,50.0,48.7,156199.0,False
Bowman,38011,722,Food services and drinking places,2025,3,9,42.0,44.0,34.0,40.0,143242.0,False
Bowman,38011,722,Food services and drinking places,2025,4,9,34.0,35.0,40.0,36.3,147988.0,False
Bowman,38011,722,Food services and drinking places,2026,1,9,44.0,46.0,48.0,46.0,166204.0,False
Dunn,38025,10,"Total, all industries",2015,1,245,2860.0,2865.0,2790.0,2838.3,53768329.0,False
Dunn,38025,10,"Total, all industries",2015,2,236,2656.0,2648.0,2587.0,2630.3,46718944.0,False
Dunn,38025,10,"Total, all industries",2015,3,246,2529.0,2471.0,2358.0,2452.7,42090099.0,False
Dunn,38025,10,"Total, all industries",2015,4,242,2169.0,2110.0,2034.0,2104.3,41486987.0,False
Dunn,38025,10,"Total, all industries",2016,1,239,1809.0,1763.0,1687.0,1753.0,29715616.0,False
Dunn,38025,10,"Total, all industries",2016,2,224,1708.0,1762.0,1774.0,1748.0,28606537.0,False
Dunn,38025,10,"Total, all industries",2016,3,221,1761.0,1732.0,1674.0,1722.3,30601504.0,False
Dunn,38025,10,"Total, all industries",2016,4,206,1558.0,1550.0,1466.0,1524.7,27867385.0,False
Dunn,38025,10,"Total, all industries",2017,1,202,1500.0,1497.0,1579.0,1525.3,28691604.0,False
Dunn,38025,10,"Total, all industries",2017,2,192,1632.0,1712.0,1733.0,1692.3,29064160.0,False
Dunn,38025,10,"Total, all industries",2017,3,192,1767.0,1830.0,1792.0,1796.3,31778494.0,False
Dunn,38025,10,"Total, all industries",2017,4,190,1738.0,1677.0,1606.0,1673.7,32424710.0,False
Dunn,38025,10,"Total, all industries",2018,1,179,1550.0,1595.0,1554.0,1566.3,33474755.0,False
Dunn,38025,10,"Total, all industries",2018,2,174,1575.0,1613.0,1638.0,1608.7,30620584.0,False
Dunn,38025,10,"Total, all industries",2018,3,175,1703.0,1694.0,1656.0,1684.3,30954195.0,False
Dunn,38025,10,"Total, all industries",2018,4,180,1670.0,1684.0,1690.0,1681.3,34554876.0,False
Dunn,38025,10,"Total, all industries",2019,1,177,1664.0,1705.0,1735.0,1701.3,36766628.0,False
Dunn,38025,10,"Total, all industries",2019,2,183,1737.0,1824.0,1921.0,1827.3,33230492.0,False
Dunn,38025,10,"Total, all industries",2019,3,196,1794.0,1803.0,1828.0,1808.3,32674144.0,False
Dunn,38025,10,"Total, all industries",2019,4,200,1855.0,1914.0,1890.0,1886.3,41082097.0,False
Dunn,38025,10,"Total, all industries",2020,1,196,1859.0,1866.0,1822.0,1849.0,39401301.0,False
Dunn,38025,10,"Total, all industries",2020,2,194,1630.0,1562.0,1498.0,1563.3,27435437.0,False
Dunn,38025,10,"Total, all industries",2020,3,195,1459.0,1441.0,1451.0,1450.3,24632168.0,False
Dunn,38025,10,"Total, all industries",2020,4,195,1465.0,1492.0,1463.0,1473.3,28110896.0,False
Dunn,38025,10,"Total, all industries",2021,1,188,1435.0,1388.0,1423.0,1415.3,27039373.0,False
Dunn,38025,10,"Total, all industries",2021,2,187,1517.0,1603.0,1667.0,1595.7,27835418.0,False
Dunn,38025,10,"Total, all industries",2021,3,187,1716.0,1676.0,1679.0,1690.3,31114210.0,False
Dunn,38025,10,"Total, all industries",2021,4,188,1615.0,1565.0,1543.0,1574.3,31706821.0,False
Dunn,38025,10,"Total, all industries",2022,1,195,1553.0,1536.0,1566.0,1551.7,34418559.0,False
Dunn,38025,10,"Total, all industries",2022,2,200,1638.0,1721.0,1793.0,1717.3,32949109.0,False
Dunn,38025,10,"Total, all industries",2022,3,198,1783.0,1802.0,1781.0,1788.7,37691213.0,False
Dunn,38025,10,"Total, all industries",2022,4,199,1759.0,1749.0,1689.0,1732.3,37939012.0,False
Dunn,38025,10,"Total, all industries",2023,1,199,1625.0,1623.0,1647.0,1631.7,39953560.0,False
Dunn,38025,10,"Total, all industries",2023,2,202,1655.0,1674.0,1701.0,1676.7,34534884.0,False
Dunn,38025,10,"Total, all industries",2023,3,202,1715.0,1706.0,1652.0,1691.0,35208948.0,False
Dunn,38025,10,"Total, all industries",2023,4,197,1640.0,1682.0,1655.0,1659.0,40949737.0,False
Dunn,38025,10,"Total, all industries",2024,1,194,1635.0,1657.0,1664.0,1652.0,41598334.0,False
Dunn,38025,10,"Total, all industries",2024,2,196,1667.0,1708.0,1743.0,1706.0,36723089.0,False
Dunn,38025,10,"Total, all industries",2024,3,194,1759.0,1704.0,1657.0,1706.7,36805863.0,False
Dunn,38025,10,"Total, all industries",2024,4,196,1766.0,1798.0,1732.0,1765.3,42104904.0,False
Dunn,38025,10,"Total, all industries",2025,1,190,1592.0,1600.0,1565.0,1585.7,41069737.0,False
Dunn,38025,10,"Total, all industries",2025,2,199,1571.0,1599.0,1659.0,1609.7,34940994.0,False
Dunn,38025,10,"Total, all industries",2025,3,199,1677.0,1687.0,1676.0,1680.0,36134144.0,False
Dunn,38025,10,"Total, all industries",2025,4,201,1620.0,1621.0,1592.0,1611.0,38792019.0,False
Dunn,38025,10,"Total, all industries",2026,1,195,1582.0,1583.0,1592.0,1585.7,45803389.0,False
Dunn,38025,1026,Leisure and hospitality,2015,1,20,192.0,187.0,186.0,188.3,1288355.0,False
Dunn,38025,1026,Leisure and hospitality,2015,2,20,173.0,175.0,182.0,176.7,1174130.0,False
Dunn,38025,1026,Leisure and hospitality,2015,3,20,184.0,171.0,168.0,174.3,1118052.0,False
Dunn,38025,1026,Leisure and hospitality,2015,4,20,150.0,143.0,133.0,142.0,1043865.0,False
Dunn,38025,1026,Leisure and hospitality,2016,1,18,104.0,105.0,99.0,102.7,561847.0,False
Dunn,38025,1026,Leisure and hospitality,2016,2,16,102.0,110.0,115.0,109.0,596968.0,False
Dunn,38025,1026,Leisure and hospitality,2016,3,16,118.0,124.0,120.0,120.7,641310.0,False
Dunn,38025,1026,Leisure and hospitality,2016,4,16,105.0,101.0,97.0,101.0,493069.0,False
Dunn,38025,1026,Leisure and hospitality,2017,1,16,91.0,90.0,90.0,90.3,475400.0,False
Dunn,38025,1026,Leisure and hospitality,2017,2,16,105.0,113.0,118.0,112.0,596519.0,False
Dunn,38025,1026,Leisure and hospitality,2017,3,16,124.0,117.0,114.0,118.3,607579.0,False
Dunn,38025,1026,Leisure and hospitality,2017,4,16,107.0,98.0,96.0,100.3,567964.0,False
Dunn,38025,1026,Leisure and hospitality,2018,1,18,115.0,110.0,110.0,111.7,594562.0,False
Dunn,38025,1026,Leisure and hospitality,2018,2,16,120.0,127.0,131.0,126.0,664606.0,False
Dunn,38025,1026,Leisure and hospitality,2018,3,17,133.0,135.0,123.0,130.3,703969.0,False
Dunn,38025,1026,Leisure and hospitality,2018,4,18,131.0,132.0,136.0,133.0,687096.0,False
Dunn,38025,1026,Leisure and hospitality,2019,1,18,131.0,129.0,127.0,129.0,690051.0,False
Dunn,38025,1026,Leisure and hospitality,2019,2,17,126.0,135.0,155.0,138.7,741620.0,False
Dunn,38025,1026,Leisure and hospitality,2019,3,18,160.0,151.0,149.0,153.3,761763.0,False
Dunn,38025,1026,Leisure and hospitality,2019,4,19,165.0,160.0,148.0,157.7,745807.0,False
Dunn,38025,1026,Leisure and hospitality,2020,1,18,149.0,146.0,148.0,147.7,668570.0,False
Dunn,38025,1026,Leisure and hospitality,2020,2,18,111.0,131.0,119.0,120.3,580704.0,False
Dunn,38025,1026,Leisure and hospitality,2020,3,18,123.0,134.0,130.0,129.0,491100.0,False
Dunn,38025,1026,Leisure and hospitality,2020,4,18,120.0,129.0,125.0,124.7,489301.0,False
Dunn,38025,1026,Leisure and hospitality,2021,1,19,126.0,128.0,145.0,133.0,464071.0,False
Dunn,38025,1026,Leisure and hospitality,2021,2,19,148.0,162.0,172.0,160.7,705010.0,False
Dunn,38025,1026,Leisure and hospitality,2021,3,19,175.0,165.0,173.0,171.0,731734.0,False
Dunn,38025,1026,Leisure and hospitality,2021,4,19,167.0,151.0,157.0,158.3,722178.0,False
Dunn,38025,1026,Leisure and hospitality,2022,1,19,145.0,140.0,141.0,142.0,626623.0,False
Dunn,38025,1026,Leisure and hospitality,2022,2,20,155.0,169.0,180.0,168.0,712923.0,False
Dunn,38025,1026,Leisure and hospitality,2022,3,19,194.0,179.0,175.0,182.7,845604.0,False
Dunn,38025,1026,Leisure and hospitality,2022,4,19,148.0,144.0,129.0,140.3,672837.0,False
Dunn,38025,1026,Leisure and hospitality,2023,1,19,165.0,164.0,160.0,163.0,755456.0,False
Dunn,38025,1026,Leisure and hospitality,2023,2,20,180.0,166.0,166.0,170.7,851570.0,False
Dunn,38025,1026,Leisure and hospitality,2023,3,20,163.0,151.0,146.0,153.3,886965.0,False
Dunn,38025,1026,Leisure and hospitality,2023,4,18,150.0,143.0,131.0,141.3,778531.0,False
Dunn,38025,1026,Leisure and hospitality,2024,1,18,125.0,125.0,130.0,126.7,762703.0,False
Dunn,38025,1026,Leisure and hospitality,2024,2,18,140.0,150.0,139.0,143.0,784907.0,False
Dunn,38025,1026,Leisure and hospitality,2024,3,18,149.0,151.0,140.0,146.7,874081.0,False
Dunn,38025,1026,Leisure and hospitality,2024,4,19,139.0,143.0,134.0,138.7,788960.0,False
Dunn,38025,1026,Leisure and hospitality,2025,1,18,119.0,121.0,115.0,118.3,587127.0,False
Dunn,38025,1026,Leisure and hospitality,2025,2,20,120.0,127.0,147.0,131.3,588918.0,False
Dunn,38025,1026,Leisure and hospitality,2025,3,20,157.0,150.0,143.0,150.0,679942.0,False
Dunn,38025,1026,Leisure and hospitality,2025,4,20,141.0,137.0,134.0,137.3,625663.0,False
Dunn,38025,1026,Leisure and hospitality,2026,1,21,127.0,131.0,131.0,129.7,554134.0,False
Dunn,38025,72,Accommodation and food services,2015,1,16,183.0,177.0,174.0,178.0,1257358.0,False
Dunn,38025,72,Accommodation and food services,2015,2,15,161.0,155.0,152.0,156.0,1104631.0,False
Dunn,38025,72,Accommodation and food services,2015,3,15,155.0,146.0,149.0,150.0,1037814.0,False
Dunn,38025,72,Accommodation and food services,2015,4,15,134.0,133.0,121.0,129.3,996574.0,False
Dunn,38025,72,Accommodation and food services,2016,1,13,93.0,91.0,85.0,89.7,491194.0,False
Dunn,38025,72,Accommodation and food services,2016,2,11,84.0,85.0,89.0,86.0,490558.0,False
Dunn,38025,72,Accommodation and food services,2016,3,11,93.0,99.0,94.0,95.3,518096.0,False
Dunn,38025,72,Accommodation and food services,2016,4,11,83.0,88.0,79.0,83.3,409912.0,False
Dunn,38025,72,Accommodation and food services,2017,1,11,74.0,73.0,73.0,73.3,392422.0,False
Dunn,38025,72,Accommodation and food services,2017,2,11,84.0,89.0,93.0,88.7,486902.0,False
Dunn,38025,72,Accommodation and food services,2017,3,11,94.0,91.0,89.0,91.3,484070.0,False
Dunn,38025,72,Accommodation and food services,2017,4,11,84.0,80.0,79.0,81.0,484032.0,False
Dunn,38025,72,Accommodation and food services,2018,1,13,98.0,95.0,94.0,95.7,508025.0,False
Dunn,38025,72,Accommodation and food services,2018,2,12,99.0,102.0,105.0,102.0,563607.0,False
Dunn,38025,72,Accommodation and food services,2018,3,13,106.0,109.0,102.0,105.7,582251.0,False
Dunn,38025,72,Accommodation and food services,2018,4,14,109.0,114.0,114.0,112.3,596739.0,False
Dunn,38025,72,Accommodation and food services,2019,1,14,110.0,108.0,111.0,109.7,578547.0,False
Dunn,38025,72,Accommodation and food services,2019,2,13,104.0,111.0,123.0,112.7,632762.0,False
Dunn,38025,72,Accommodation and food services,2019,3,13,127.0,119.0,122.0,122.7,633148.0,False
Dunn,38025,72,Accommodation and food services,2019,4,14,139.0,138.0,130.0,135.7,648044.0,False
Dunn,38025,72,Accommodation and food services,2020,1,13,128.0,125.0,127.0,126.7,580058.0,False
Dunn,38025,72,Accommodation and food services,2020,2,13,94.0,107.0,92.0,97.7,466589.0,False
Dunn,38025,72,Accommodation and food services,2020,3,13,97.0,98.0,97.0,97.3,347224.0,False
Dunn,38025,72,Accommodation and food services,2020,4,13,91.0,104.0,100.0,98.3,371065.0,False
Dunn,38025,72,Accommodation and food services,2021,1,14,99.0,100.0,114.0,104.3,357377.0,False
Dunn,38025,72,Accommodation and food services,2021,2,14,119.0,128.0,132.0,126.3,579651.0,False
Dunn,38025,72,Accommodation and food services,2021,3,14,127.0,121.0,127.0,125.0,565039.0,False
Dunn,38025,72,Accommodation and food services,2021,4,14,128.0,114.0,121.0,121.0,594666.0,False
Dunn,38025,72,Accommodation and food services,2022,1,14,118.0,111.0,112.0,113.7,530775.0,False
Dunn,38025,72,Accommodation and food services,2022,2,15,114.0,127.0,136.0,125.7,574301.0,False
Dunn,38025,72,Accommodation and food services,2022,3,14,146.0,137.0,136.0,139.7,680949.0,False
Dunn,38025,72,Accommodation and food services,2022,4,14,107.0,106.0,96.0,103.0,526190.0,False
Dunn,38025,72,Accommodation and food services,2023,1,14,135.0,135.0,134.0,134.7,665189.0,False
Dunn,38025,72,Accommodation and food services,2023,2,15,143.0,131.0,130.0,134.7,671390.0,False
Dunn,38025,72,Accommodation and food services,2023,3,15,123.0,113.0,108.0,114.7,714266.0,False
Dunn,38025,72,Accommodation and food services,2023,4,13,111.0,106.0,98.0,105.0,619588.0,False
Dunn,38025,72,Accommodation and food services,2024,1,13,93.0,93.0,99.0,95.0,626650.0,False
Dunn,38025,72,Accommodation and food services,2024,2,13,96.0,104.0,99.0,99.7,581949.0,False
Dunn,38025,72,Accommodation and food services,2024,3,13,101.0,101.0,95.0,99.0,661670.0,False
Dunn,38025,72,Accommodation and food services,2024,4,14,92.0,94.0,91.0,92.3,593630.0,False
Dunn,38025,72,Accommodation and food services,2025,1,13,81.0,83.0,76.0,80.0,441768.0,False
Dunn,38025,72,Accommodation and food services,2025,2,15,82.0,89.0,97.0,89.3,366673.0,False
Dunn,38025,72,Accommodation and food services,2025,3,15,108.0,102.0,93.0,101.0,467559.0,False
Dunn,38025,72,Accommodation and food services,2025,4,15,96.0,95.0,93.0,94.7,402410.0,False
Dunn,38025,72,Accommodation and food services,2026,1,15,88.0,95.0,86.0,89.7,360604.0,False
Dunn,38025,721,Accommodation,2015,1,7,99.0,91.0,92.0,94.0,902362.0,False
Dunn,38025,721,Accommodation,2015,2,6,73.0,71.0,68.0,70.7,719777.0,False
Dunn,38025,721,Accommodation,2015,3,6,74.0,67.0,66.0,69.0,690332.0,False
Dunn,38025,721,Accommodation,2015,4,6,57.0,56.0,51.0,54.7,667369.0,False
Dunn,38025,721,Accommodation,2016,1,5,41.0,29.0,30.0,33.3,257283.0,False
Dunn,38025,721,Accommodation,2016,2,4,30.0,28.0,31.0,29.7,238801.0,False
Dunn,38025,721,Accommodation,2016,3,4,31.0,34.0,29.0,31.3,230455.0,False
Dunn,38025,721,Accommodation,2016,4,4,24.0,26.0,23.0,24.3,173693.0,False
Dunn,38025,721,Accommodation,2017,1,4,25.0,22.0,23.0,23.3,168266.0,False
Dunn,38025,721,Accommodation,2017,2,4,27.0,29.0,30.0,28.7,234741.0,False
Dunn,38025,721,Accommodation,2017,3,4,32.0,32.0,31.0,31.7,225422.0,False
Dunn,38025,721,Accommodation,2017,4,4,,,,,,True
Dunn,38025,721,Accommodation,2018,1,5,38.0,39.0,40.0,39.0,275240.0,False
Dunn,38025,721,Accommodation,2018,2,5,39.0,41.0,40.0,40.0,310595.0,False
Dunn,38025,721,Accommodation,2018,3,5,43.0,43.0,42.0,42.7,299240.0,False
Dunn,38025,721,Accommodation,2018,4,5,42.0,43.0,44.0,43.0,327621.0,False
Dunn,38025,721,Accommodation,2019,1,5,38.0,39.0,43.0,40.0,318056.0,False
Dunn,38025,721,Accommodation,2019,2,5,35.0,43.0,42.0,40.0,370500.0,False
Dunn,38025,721,Accommodation,2019,3,5,37.0,39.0,39.0,38.3,346055.0,False
Dunn,38025,721,Accommodation,2019,4,6,50.0,50.0,45.0,48.3,353119.0,False
Dunn,38025,721,Accommodation,2020,1,5,43.0,41.0,41.0,41.7,298168.0,False
Dunn,38025,721,Accommodation,2020,2,5,38.0,31.0,24.0,31.0,206392.0,False
Dunn,38025,721,Accommodation,2020,3,5,30.0,28.0,35.0,31.0,184436.0,False
Dunn,38025,721,Accommodation,2020,4,5,30.0,34.0,33.0,32.3,204816.0,False
Dunn,38025,721,Accommodation,2021,1,5,33.0,28.0,34.0,31.7,180600.0,False
Dunn,38025,721,Accommodation,2021,2,5,33.0,43.0,44.0,40.0,270566.0,False
Dunn,38025,721,Accommodation,2021,3,5,50.0,48.0,50.0,49.3,323632.0,False
Dunn,38025,721,Accommodation,2021,4,5,47.0,39.0,43.0,43.0,332709.0,False
Dunn,38025,721,Accommodation,2022,1,5,44.0,40.0,39.0,41.0,305563.0,False
Dunn,38025,721,Accommodation,2022,2,5,40.0,38.0,45.0,41.0,318641.0,False
Dunn,38025,721,Accommodation,2022,3,5,51.0,46.0,47.0,48.0,382288.0,False
Dunn,38025,721,Accommodation,2022,4,5,,,,,,True
Dunn,38025,721,Accommodation,2023,1,5,48.0,44.0,48.0,46.7,401491.0,False
Dunn,38025,721,Accommodation,2023,2,5,49.0,39.0,45.0,44.3,401194.0,False
Dunn,38025,721,Accommodation,2023,3,5,47.0,43.0,39.0,43.0,450401.0,False
Dunn,38025,721,Accommodation,2023,4,5,40.0,43.0,41.0,41.3,394138.0,False
Dunn,38025,721,Accommodation,2024,1,5,38.0,34.0,33.0,35.0,393098.0,False
Dunn,38025,721,Accommodation,2024,2,5,36.0,36.0,36.0,36.0,359614.0,False
Dunn,38025,721,Accommodation,2024,3,5,38.0,38.0,36.0,37.3,403358.0,False
Dunn,38025,721,Accommodation,2024,4,6,33.0,35.0,33.0,33.7,368685.0,False
Dunn,38025,721,Accommodation,2025,1,4,24.0,23.0,22.0,23.0,219504.0,False
Dunn,38025,721,Accommodation,2025,2,4,21.0,25.0,26.0,24.0,149995.0,False
Dunn,38025,721,Accommodation,2025,3,4,24.0,23.0,26.0,24.3,153294.0,False
Dunn,38025,721,Accommodation,2025,4,4,23.0,24.0,23.0,23.3,153883.0,False
Dunn,38025,721,Accommodation,2026,1,4,22.0,23.0,15.0,20.0,126245.0,False
Dunn,38025,722,Food services and drinking places,2015,1,9,84.0,86.0,82.0,84.0,354996.0,False
Dunn,38025,722,Food services and drinking places,2015,2,9,88.0,84.0,84.0,85.3,384854.0,False
Dunn,38025,722,Food services and drinking places,2015,3,9,81.0,79.0,83.0,81.0,347482.0,False
Dunn,38025,722,Food services and drinking places,2015,4,9,77.0,77.0,70.0,74.7,329205.0,False
Dunn,38025,722,Food services and drinking places,2016,1,8,52.0,62.0,55.0,56.3,233911.0,False
Dunn,38025,722,Food services and drinking places,2016,2,7,54.0,57.0,58.0,56.3,251757.0,False
Dunn,38025,722,Food services and drinking places,2016,3,7,62.0,65.0,65.0,64.0,287641.0,False
Dunn,38025,722,Food services and drinking places,2016,4,7,59.0,62.0,56.0,59.0,236219.0,False
Dunn,38025,722,Food services and drinking places,2017,1,7,49.0,51.0,50.0,50.0,224156.0,False
Dunn,38025,722,Food services and drinking places,2017,2,7,57.0,60.0,63.0,60.0,252161.0,False
Dunn,38025,722,Food services and drinking places,2017,3,7,62.0,59.0,58.0,59.7,258648.0,False
Dunn,38025,722,Food services and drinking places,2017,4,7,,,,,,True
Dunn,38025,722,Food services and drinking places,2018,1,8,60.0,56.0,54.0,56.7,232785.0,False
Dunn,38025,722,Food services and drinking places,2018,2,7,60.0,61.0,65.0,62.0,253012.0,False
Dunn,38025,722,Food services and drinking places,2018,3,8,63.0,66.0,60.0,63.0,283011.0,False
Dunn,38025,722,Food services and drinking places,2018,4,9,67.0,71.0,70.0,69.3,269118.0,False
Dunn,38025,722,Food services and drinking places,2019,1,9,72.0,69.0,68.0,69.7,260491.0,False
Dunn,38025,722,Food services and drinking places,2019,2,8,69.0,68.0,81.0,72.7,262262.0,False
Dunn,38025,722,Food services and drinking places,2019,3,8,90.0,80.0,83.0,84.3,287093.0,False
Dunn,38025,722,Food services and drinking places,2019,4,8,89.0,88.0,85.0,87.3,294925.0,False
Dunn,38025,722,Food services and drinking places,2020,1,8,85.0,84.0,86.0,85.0,281890.0,False
Dunn,38025,722,Food services and drinking places,2020,2,8,56.0,76.0,68.0,66.7,260197.0,False
Dunn,38025,722,Food services and drinking places,2020,3,8,67.0,70.0,62.0,66.3,162788.0,False
Dunn,38025,722,Food services and drinking places,2020,4,8,61.0,70.0,67.0,66.0,166249.0,False
Dunn,38025,722,Food services and drinking places,2021,1,9,66.0,72.0,80.0,72.7,176777.0,False
Dunn,38025,722,Food services and drinking places,2021,2,9,86.0,85.0,88.0,86.3,309085.0,False
Dunn,38025,722,Food services and drinking places,2021,3,9,77.0,73.0,77.0,75.7,241407.0,False
Dunn,38025,722,Food services and drinking places,2021,4,9,81.0,75.0,78.0,78.0,261957.0,False
Dunn,38025,722,Food services and drinking places,2022,1,9,74.0,71.0,73.0,72.7,225212.0,False
Dunn,38025,722,Food services and drinking places,2022,2,10,74.0,89.0,91.0,84.7,255660.0,False
Dunn,38025,722,Food services and drinking places,2022,3,9,95.0,91.0,89.0,91.7,298661.0,False
Dunn,38025,722,Food services and drinking places,2022,4,9,,,,,,True
Dunn,38025,722,Food services and drinking places,2023,1,9,87.0,91.0,86.0,88.0,263698.0,False
Dunn,38025,722,Food services and drinking places,2023,2,10,94.0,92.0,85.0,90.3,270196.0,False
Dunn,38025,722,Food services and drinking places,2023,3,10,76.0,70.0,69.0,71.7,263865.0,False
Dunn,38025,722,Food services and drinking places,2023,4,8,71.0,63.0,57.0,63.7,225450.0,False
Dunn,38025,722,Food services and drinking places,2024,1,8,55.0,59.0,66.0,60.0,233552.0,False
Dunn,38025,722,Food services and drinking places,2024,2,8,60.0,68.0,63.0,63.7,222335.0,False
Dunn,38025,722,Food services and drinking places,2024,3,8,63.0,63.0,59.0,61.7,258312.0,False
Dunn,38025,722,Food services and drinking places,2024,4,8,59.0,59.0,58.0,58.7,224945.0,False
Dunn,38025,722,Food services and drinking places,2025,1,9,57.0,60.0,54.0,57.0,222264.0,False
Dunn,38025,722,Food services and drinking places,2025,2,11,61.0,64.0,71.0,65.3,216678.0,False
Dunn,38025,722,Food services and drinking places,2025,3,11,84.0,79.0,67.0,76.7,314265.0,False
Dunn,38025,722,Food services and drinking places,2025,4,11,73.0,71.0,70.0,71.3,248527.0,False
Dunn,38025,722,Food services and drinking places,2026,1,11,66.0,72.0,71.0,69.7,234359.0,False
Golden Valley,38033,10,"Total, all industries",2015,1,76,527.0,519.0,523.0,523.0,5091277.0,False
Golden Valley,38033,10,"Total, all industries",2015,2,78,523.0,513.0,528.0,521.3,5224162.0,False
Golden Valley,38033,10,"Total, all industries",2015,3,80,545.0,552.0,508.0,535.0,5046698.0,False
Golden Valley,38033,10,"Total, all industries",2015,4,79,508.0,508.0,526.0,514.0,5609089.0,False
Golden Valley,38033,10,"Total, all industries",2016,1,81,492.0,504.0,503.0,499.7,4416953.0,False
Golden Valley,38033,10,"Total, all industries",2016,2,82,462.0,478.0,471.0,470.3,4418838.0,False
Golden Valley,38033,10,"Total, all industries",2016,3,85,504.0,513.0,488.0,501.7,4685823.0,False
Golden Valley,38033,10,"Total, all industries",2016,4,83,495.0,480.0,468.0,481.0,5060733.0,False
Golden Valley,38033,10,"Total, all industries",2017,1,82,481.0,477.0,467.0,475.0,4345066.0,False
Golden Valley,38033,10,"Total, all industries",2017,2,79,477.0,482.0,488.0,482.3,4415081.0,False
Golden Valley,38033,10,"Total, all industries",2017,3,78,513.0,515.0,483.0,503.7,4591303.0,False
Golden Valley,38033,10,"Total, all industries",2017,4,75,485.0,485.0,488.0,486.0,5236654.0,False
Golden Valley,38033,10,"Total, all industries",2018,1,76,462.0,467.0,469.0,466.0,4151929.0,False
Golden Valley,38033,10,"Total, all industries",2018,2,78,464.0,489.0,492.0,481.7,4500597.0,False
Golden Valley,38033,10,"Total, all industries",2018,3,79,516.0,507.0,484.0,502.3,4642875.0,False
Golden Valley,38033,10,"Total, all industries",2018,4,74,455.0,447.0,446.0,449.3,4589735.0,False
Golden Valley,38033,10,"Total, all industries",2019,1,76,442.0,443.0,443.0,442.7,3995183.0,False
Golden Valley,38033,10,"Total, all industries",2019,2,73,454.0,461.0,467.0,460.7,4251991.0,False
Golden Valley,38033,10,"Total, all industries",2019,3,75,473.0,471.0,460.0,468.0,4381625.0,False
Golden Valley,38033,10,"Total, all industries",2019,4,78,466.0,456.0,460.0,460.7,4908032.0,False
Golden Valley,38033,10,"Total, all industries",2020,1,75,461.0,461.0,462.0,461.3,4402340.0,False
Golden Valley,38033,10,"Total, all industries",2020,2,77,429.0,455.0,458.0,447.3,4398392.0,False
Golden Valley,38033,10,"Total, all industries",2020,3,79,484.0,483.0,452.0,473.0,4844432.0,False
Golden Valley,38033,10,"Total, all industries",2020,4,80,458.0,468.0,451.0,459.0,4847898.0,False
Golden Valley,38033,10,"Total, all industries",2021,1,79,456.0,454.0,456.0,455.3,4231655.0,False
Golden Valley,38033,10,"Total, all industries",2021,2,81,440.0,450.0,457.0,449.0,4224267.0,False
Golden Valley,38033,10,"Total, all industries",2021,3,80,461.0,454.0,437.0,450.7,4647019.0,False
Golden Valley,38033,10,"Total, all industries",2021,4,79,469.0,468.0,474.0,470.3,5195975.0,False
Golden Valley,38033,10,"Total, all industries",2022,1,81,451.0,444.0,450.0,448.3,4675194.0,False
Golden Valley,38033,10,"Total, all industries",2022,2,82,451.0,454.0,479.0,461.3,4685842.0,False
Golden Valley,38033,10,"Total, all industries",2022,3,81,476.0,481.0,454.0,470.3,5539090.0,False
Golden Valley,38033,10,"Total, all industries",2022,4,78,468.0,466.0,444.0,459.3,5697441.0,False
Golden Valley,38033,10,"Total, all industries",2023,1,80,454.0,465.0,446.0,455.0,5136961.0,False
Golden Valley,38033,10,"Total, all industries",2023,2,82,453.0,459.0,503.0,471.7,5657968.0,False
Golden Valley,38033,10,"Total, all industries",2023,3,81,476.0,482.0,470.0,476.0,5799477.0,False
Golden Valley,38033,10,"Total, all industries",2023,4,79,479.0,478.0,490.0,482.3,6555770.0,False
Golden Valley,38033,10,"Total, all industries",2024,1,74,478.0,484.0,463.0,475.0,5567522.0,False
Golden Valley,38033,10,"Total, all industries",2024,2,72,493.0,493.0,470.0,485.3,6008004.0,False
Golden Valley,38033,10,"Total, all industries",2024,3,75,499.0,509.0,488.0,498.7,6470072.0,False
Golden Valley,38033,10,"Total, all industries",2024,4,75,488.0,487.0,465.0,480.0,7254323.0,False
Golden Valley,38033,10,"Total, all industries",2025,1,74,460.0,459.0,463.0,460.7,6060602.0,False
Golden Valley,38033,10,"Total, all industries",2025,2,74,468.0,465.0,484.0,472.3,6213887.0,False
Golden Valley,38033,10,"Total, all industries",2025,3,75,478.0,501.0,486.0,488.3,6409550.0,False
Golden Valley,38033,10,"Total, all industries",2025,4,77,481.0,476.0,483.0,480.0,7530146.0,False
Golden Valley,38033,10,"Total, all industries",2026,1,74,465.0,466.0,466.0,465.7,5997284.0,False
Golden Valley,38033,1026,Leisure and hospitality,2015,1,5,24.0,24.0,27.0,25.0,64685.0,False
Golden Valley,38033,1026,Leisure and hospitality,2015,2,6,22.0,23.0,26.0,23.7,88828.0,False
Golden Valley,38033,1026,Leisure and hospitality,2015,3,6,39.0,41.0,31.0,37.0,117746.0,False
Golden Valley,38033,1026,Leisure and hospitality,2015,4,6,27.0,29.0,26.0,27.3,73182.0,False
Golden Valley,38033,1026,Leisure and hospitality,2016,1,7,22.0,22.0,28.0,24.0,53968.0,False
Golden Valley,38033,1026,Leisure and hospitality,2016,2,8,19.0,20.0,25.0,21.3,63177.0,False
Golden Valley,38033,1026,Leisure and hospitality,2016,3,7,38.0,36.0,30.0,34.7,126384.0,False
Golden Valley,38033,1026,Leisure and hospitality,2016,4,6,33.0,26.0,25.0,28.0,93452.0,False
Golden Valley,38033,1026,Leisure and hospitality,2017,1,6,23.0,23.0,24.0,23.3,84625.0,False
Golden Valley,38033,1026,Leisure and hospitality,2017,2,5,22.0,23.0,27.0,24.0,84034.0,False
Golden Valley,38033,1026,Leisure and hospitality,2017,3,5,37.0,41.0,31.0,36.3,118189.0,False
Golden Valley,38033,1026,Leisure and hospitality,2017,4,4,24.0,24.0,20.0,22.7,82161.0,False
Golden Valley,38033,1026,Leisure and hospitality,2018,1,4,18.0,18.0,17.0,17.7,65488.0,False
Golden Valley,38033,1026,Leisure and hospitality,2018,2,5,20.0,19.0,26.0,21.7,71608.0,False
Golden Valley,38033,1026,Leisure and hospitality,2018,3,5,32.0,32.0,34.0,32.7,105744.0,False
Golden Valley,38033,1026,Leisure and hospitality,2018,4,5,22.0,22.0,20.0,21.3,77373.0,False
Golden Valley,38033,1026,Leisure and hospitality,2019,1,5,21.0,21.0,16.0,19.3,53810.0,False
Golden Valley,38033,1026,Leisure and hospitality,2019,2,5,17.0,18.0,20.0,18.3,57057.0,False
Golden Valley,38033,1026,Leisure and hospitality,2019,3,5,23.0,27.0,19.0,23.0,84626.0,False
Golden Valley,38033,1026,Leisure and hospitality,2019,4,6,19.0,20.0,19.0,19.3,65261.0,False
Golden Valley,38033,1026,Leisure and hospitality,2020,1,6,19.0,16.0,18.0,17.7,49556.0,False
Golden Valley,38033,1026,Leisure and hospitality,2020,2,8,4.0,19.0,26.0,16.3,38618.0,False
Golden Valley,38033,1026,Leisure and hospitality,2020,3,8,25.0,26.0,29.0,26.7,82299.0,False
Golden Valley,38033,1026,Leisure and hospitality,2020,4,8,24.0,25.0,21.0,23.3,60249.0,False
Golden Valley,38033,1026,Leisure and hospitality,2021,1,8,19.0,18.0,17.0,18.0,45647.0,False
Golden Valley,38033,1026,Leisure and hospitality,2021,2,8,16.0,17.0,24.0,19.0,50238.0,False
Golden Valley,38033,1026,Leisure and hospitality,2021,3,8,31.0,30.0,19.0,26.7,89649.0,False
Golden Valley,38033,1026,Leisure and hospitality,2021,4,7,26.0,22.0,25.0,24.3,83116.0,False
Golden Valley,38033,1026,Leisure and hospitality,2022,1,8,23.0,20.0,20.0,21.0,74875.0,False
Golden Valley,38033,1026,Leisure and hospitality,2022,2,8,21.0,22.0,24.0,22.3,74723.0,False
Golden Valley,38033,1026,Leisure and hospitality,2022,3,8,25.0,28.0,22.0,25.0,97334.0,False
Golden Valley,38033,1026,Leisure and hospitality,2022,4,6,23.0,24.0,21.0,22.7,80710.0,False
Golden Valley,38033,1026,Leisure and hospitality,2023,1,6,20.0,18.0,19.0,19.0,68958.0,False
Golden Valley,38033,1026,Leisure and hospitality,2023,2,7,17.0,21.0,29.0,22.3,81225.0,False
Golden Valley,38033,1026,Leisure and hospitality,2023,3,6,31.0,31.0,29.0,30.3,106865.0,False
Golden Valley,38033,1026,Leisure and hospitality,2023,4,6,29.0,25.0,24.0,26.0,102964.0,False
Golden Valley,38033,1026,Leisure and hospitality,2024,1,6,22.0,20.0,22.0,21.3,71492.0,False
Golden Valley,38033,1026,Leisure and hospitality,2024,2,6,23.0,24.0,22.0,23.0,84819.0,False
Golden Valley,38033,1026,Leisure and hospitality,2024,3,6,28.0,33.0,24.0,28.3,109981.0,False
Golden Valley,38033,1026,Leisure and hospitality,2024,4,7,24.0,25.0,24.0,24.3,94503.0,False
Golden Valley,38033,1026,Leisure and hospitality,2025,1,6,22.0,22.0,21.0,21.7,70959.0,False
Golden Valley,38033,1026,Leisure and hospitality,2025,2,6,22.0,24.0,28.0,24.7,86114.0,False
Golden Valley,38033,1026,Leisure and hospitality,2025,3,6,29.0,36.0,36.0,33.7,124432.0,False
Golden Valley,38033,1026,Leisure and hospitality,2025,4,6,32.0,29.0,25.0,28.7,100491.0,False
Golden Valley,38033,1026,Leisure and hospitality,2026,1,6,22.0,20.0,20.0,20.7,64163.0,False
Golden Valley,38033,72,Accommodation and food services,2015,1,4,,,,,,True
Golden Valley,38033,72,Accommodation and food services,2015,2,5,,,,,,True
Golden Valley,38033,72,Accommodation and food services,2015,3,5,,,,,,True
Golden Valley,38033,72,Accommodation and food services,2015,4,5,,,,,,True
Golden Valley,38033,72,Accommodation and food services,2016,1,6,,,,,,True
Golden Valley,38033,72,Accommodation and food services,2016,2,7,,,,,,True
Golden Valley,38033,72,Accommodation and food services,2016,3,6,,,,,,True
Golden Valley,38033,72,Accommodation and food services,2016,4,6,33.0,26.0,25.0,28.0,93452.0,False
Golden Valley,38033,72,Accommodation and food services,2017,1,6,23.0,23.0,24.0,23.3,84625.0,False
Golden Valley,38033,72,Accommodation and food services,2017,2,5,22.0,23.0,27.0,24.0,84034.0,False
Golden Valley,38033,72,Accommodation and food services,2017,3,5,37.0,41.0,31.0,36.3,118189.0,False
Golden Valley,38033,72,Accommodation and food services,2017,4,4,24.0,24.0,20.0,22.7,82161.0,False
Golden Valley,38033,72,Accommodation and food services,2018,1,4,18.0,18.0,17.0,17.7,65488.0,False
Golden Valley,38033,72,Accommodation and food services,2018,2,5,20.0,19.0,26.0,21.7,71608.0,False
Golden Valley,38033,72,Accommodation and food services,2018,3,5,32.0,32.0,34.0,32.7,105744.0,False
Golden Valley,38033,72,Accommodation and food services,2018,4,5,22.0,22.0,20.0,21.3,77373.0,False
Golden Valley,38033,72,Accommodation and food services,2019,1,5,21.0,21.0,16.0,19.3,53810.0,False
Golden Valley,38033,72,Accommodation and food services,2019,2,5,17.0,18.0,20.0,18.3,57057.0,False
Golden Valley,38033,72,Accommodation and food services,2019,3,5,23.0,27.0,19.0,23.0,84626.0,False
Golden Valley,38033,72,Accommodation and food services,2019,4,6,19.0,20.0,19.0,19.3,65261.0,False
Golden Valley,38033,72,Accommodation and food services,2020,1,6,19.0,16.0,18.0,17.7,49556.0,False
Golden Valley,38033,72,Accommodation and food services,2020,2,7,,,,,,True
Golden Valley,38033,72,Accommodation and food services,2020,3,7,,,,,,True
Golden Valley,38033,72,Accommodation and food services,2020,4,7,,,,,,True
Golden Valley,38033,72,Accommodation and food services,2021,1,7,,,,,,True
Golden Valley,38033,72,Accommodation and food services,2021,2,7,,,,,,True
Golden Valley,38033,72,Accommodation and food services,2021,3,7,,,,,,True
Golden Valley,38033,72,Accommodation and food services,2021,4,6,,,,,,True
Golden Valley,38033,72,Accommodation and food services,2022,1,7,,,,,,True
Golden Valley,38033,72,Accommodation and food services,2022,2,7,,,,,,True
Golden Valley,38033,72,Accommodation and food services,2022,3,7,,,,,,True
Golden Valley,38033,72,Accommodation and food services,2022,4,6,23.0,24.0,21.0,22.7,80710.0,False
Golden Valley,38033,72,Accommodation and food services,2023,1,6,20.0,18.0,19.0,19.0,68958.0,False
Golden Valley,38033,72,Accommodation and food services,2023,2,7,17.0,21.0,29.0,22.3,81225.0,False
Golden Valley,38033,72,Accommodation and food services,2023,3,6,31.0,31.0,29.0,30.3,106865.0,False
Golden Valley,38033,72,Accommodation and food services,2023,4,6,29.0,25.0,24.0,26.0,102964.0,False
Golden Valley,38033,72,Accommodation and food services,2024,1,6,22.0,20.0,22.0,21.3,71492.0,False
Golden Valley,38033,72,Accommodation and food services,2024,2,6,23.0,24.0,22.0,23.0,84819.0,False
Golden Valley,38033,72,Accommodation and food services,2024,3,6,28.0,33.0,24.0,28.3,109981.0,False
Golden Valley,38033,72,Accommodation and food services,2024,4,7,24.0,25.0,24.0,24.3,94503.0,False
Golden Valley,38033,72,Accommodation and food services,2025,1,6,22.0,22.0,21.0,21.7,70959.0,False
Golden Valley,38033,72,Accommodation and food services,2025,2,6,22.0,24.0,28.0,24.7,86114.0,False
Golden Valley,38033,72,Accommodation and food services,2025,3,6,29.0,36.0,36.0,33.7,124432.0,False
Golden Valley,38033,72,Accommodation and food services,2025,4,6,32.0,29.0,25.0,28.7,100491.0,False
Golden Valley,38033,72,Accommodation and food services,2026,1,6,22.0,20.0,20.0,20.7,64163.0,False
Golden Valley,38033,721,Accommodation,2015,1,2,,,,,,True
Golden Valley,38033,721,Accommodation,2015,2,3,14.0,14.0,13.0,13.7,47966.0,False
Golden Valley,38033,721,Accommodation,2015,3,3,22.0,24.0,15.0,20.3,75944.0,False
Golden Valley,38033,721,Accommodation,2015,4,3,,,,,,True
Golden Valley,38033,721,Accommodation,2016,1,3,,,,,,True
Golden Valley,38033,721,Accommodation,2016,2,3,,,,,,True
Golden Valley,38033,721,Accommodation,2016,3,3,,,,,,True
Golden Valley,38033,721,Accommodation,2016,4,3,,,,,,True
Golden Valley,38033,721,Accommodation,2017,1,3,,,,,,True
Golden Valley,38033,721,Accommodation,2017,2,2,,,,,,True
Golden Valley,38033,721,Accommodation,2017,3,2,,,,,,True
Golden Valley,38033,721,Accommodation,2017,4,2,,,,,,True
Golden Valley,38033,721,Accommodation,2018,1,2,,,,,,True
Golden Valley,38033,721,Accommodation,2018,2,2,,,,,,True
Golden Valley,38033,721,Accommodation,2018,3,2,,,,,,True
Golden Valley,38033,721,Accommodation,2018,4,2,,,,,,True
Golden Valley,38033,721,Accommodation,2019,1,2,,,,,,True
Golden Valley,38033,721,Accommodation,2019,2,2,,,,,,True
Golden Valley,38033,721,Accommodation,2019,3,2,,,,,,True
Golden Valley,38033,721,Accommodation,2019,4,2,,,,,,True
Golden Valley,38033,721,Accommodation,2020,1,2,,,,,,True
Golden Valley,38033,721,Accommodation,2020,2,2,,,,,,True
Golden Valley,38033,721,Accommodation,2020,3,2,,,,,,True
Golden Valley,38033,721,Accommodation,2020,4,2,,,,,,True
Golden Valley,38033,721,Accommodation,2021,1,2,,,,,,True
Golden Valley,38033,721,Accommodation,2021,2,2,,,,,,True
Golden Valley,38033,721,Accommodation,2021,3,2,,,,,,True
Golden Valley,38033,721,Accommodation,2021,4,1,,,,,,True
Golden Valley,38033,721,Accommodation,2022,1,2,,,,,,True
Golden Valley,38033,721,Accommodation,2022,2,2,,,,,,True
Golden Valley,38033,721,Accommodation,2022,3,2,,,,,,True
Golden Valley,38033,721,Accommodation,2022,4,2,,,,,,True
Golden Valley,38033,721,Accommodation,2023,1,2,,,,,,True
Golden Valley,38033,721,Accommodation,2023,2,2,,,,,,True
Golden Valley,38033,721,Accommodation,2023,3,2,,,,,,True
Golden Valley,38033,721,Accommodation,2023,4,2,,,,,,True
Golden Valley,38033,721,Accommodation,2024,1,2,,,,,,True
Golden Valley,38033,721,Accommodation,2024,2,2,,,,,,True
Golden Valley,38033,721,Accommodation,2024,3,2,,,,,,True
Golden Valley,38033,721,Accommodation,2024,4,3,,,,,,True
Golden Valley,38033,721,Accommodation,2025,1,2,,,,,,True
Golden Valley,38033,721,Accommodation,2025,2,2,,,,,,True
Golden Valley,38033,721,Accommodation,2025,3,2,,,,,,True
Golden Valley,38033,721,Accommodation,2025,4,2,,,,,,True
Golden Valley,38033,721,Accommodation,2026,1,2,,,,,,True
Golden Valley,38033,722,Food services and drinking places,2015,1,2,,,,,,True
Golden Valley,38033,722,Food services and drinking places,2015,2,2,,,,,,True
Golden Valley,38033,722,Food services and drinking places,2015,3,2,,,,,,True
Golden Valley,38033,722,Food services and drinking places,2015,4,2,,,,,,True
Golden Valley,38033,722,Food services and drinking places,2016,1,3,15.0,16.0,22.0,17.7,38631.0,False
Golden Valley,38033,722,Food services and drinking places,2016,2,4,,,,,,True
Golden Valley,38033,722,Food services and drinking places,2016,3,3,21.0,18.0,19.0,19.3,70251.0,False
Golden Valley,38033,722,Food services and drinking places,2016,4,3,,,,,,True
Golden Valley,38033,722,Food services and drinking places,2017,1,3,,,,,,True
Golden Valley,38033,722,Food services and drinking places,2017,2,3,,,,,,True
Golden Valley,38033,722,Food services and drinking places,2017,3,3,,,,,,True
Golden Valley,38033,722,Food services and drinking places,2017,4,2,,,,,,True
Golden Valley,38033,722,Food services and drinking places,2018,1,2,,,,,,True
Golden Valley,38033,722,Food services and drinking places,2018,2,3,,,,,,True
Golden Valley,38033,722,Food services and drinking places,2018,3,3,,,,,,True
Golden Valley,38033,722,Food services and drinking places,2018,4,3,,,,,,True
Golden Valley,38033,722,Food services and drinking places,2019,1,3,,,,,,True
Golden Valley,38033,722,Food services and drinking places,2019,2,3,,,,,,True
Golden Valley,38033,722,Food services and drinking places,2019,3,3,,,,,,True
Golden Valley,38033,722,Food services and drinking places,2019,4,4,,,,,,True
Golden Valley,38033,722,Food services and drinking places,2020,1,4,,,,,,True
Golden Valley,38033,722,Food services and drinking places,2020,2,5,1.0,12.0,15.0,9.3,18217.0,False
Golden Valley,38033,722,Food services and drinking places,2020,3,5,15.0,15.0,18.0,16.0,47040.0,False
Golden Valley,38033,722,Food services and drinking places,2020,4,5,,,,,,True
Golden Valley,38033,722,Food services and drinking places,2021,1,5,15.0,12.0,10.0,12.3,25055.0,False
Golden Valley,38033,722,Food services and drinking places,2021,2,5,11.0,10.0,16.0,12.3,25088.0,False
Golden Valley,38033,722,Food services and drinking places,2021,3,5,20.0,20.0,12.0,17.3,55502.0,False
Golden Valley,38033,722,Food services and drinking places,2021,4,5,19.0,17.0,20.0,18.7,67023.0,False
Golden Valley,38033,722,Food services and drinking places,2022,1,5,19.0,18.0,18.0,18.3,59911.0,False
Golden Valley,38033,722,Food services and drinking places,2022,2,5,19.0,18.0,17.0,18.0,56201.0,False
Golden Valley,38033,722,Food services and drinking places,2022,3,5,17.0,18.0,16.0,17.0,60275.0,False
Golden Valley,38033,722,Food services and drinking places,2022,4,4,,,,,,True
Golden Valley,38033,722,Food services and drinking places,2023,1,4,,,,,,True
Golden Valley,38033,722,Food services and drinking places,2023,2,5,,,,,,True
Golden Valley,38033,722,Food services and drinking places,2023,3,4,,,,,,True
Golden Valley,38033,722,Food services and drinking places,2023,4,4,,,,,,True
Golden Valley,38033,722,Food services and drinking places,2024,1,4,,,,,,True
Golden Valley,38033,722,Food services and drinking places,2024,2,4,,,,,,True
Golden Valley,38033,722,Food services and drinking places,2024,3,4,,,,,,True
Golden Valley,38033,722,Food services and drinking places,2024,4,4,,,,,,True
Golden Valley,38033,722,Food services and drinking places,2025,1,4,,,,,,True
Golden Valley,38033,722,Food services and drinking places,2025,2,4,,,,,,True
Golden Valley,38033,722,Food services and drinking places,2025,3,4,,,,,,True
Golden Valley,38033,722,Food services and drinking places,2025,4,4,,,,,,True
Golden Valley,38033,722,Food services and drinking places,2026,1,4,,,,,,True
McKenzie,38053,10,"Total, all industries",2015,1,799,11160.0,10311.0,9936.0,10469.0,209400486.0,False
McKenzie,38053,10,"Total, all industries",2015,2,811,9710.0,9377.0,9203.0,9430.0,186348877.0,False
McKenzie,38053,10,"Total, all industries",2015,3,815,8941.0,8971.0,8765.0,8892.3,175851061.0,False
McKenzie,38053,10,"Total, all industries",2015,4,789,8525.0,8094.0,7883.0,8167.3,175210573.0,False
McKenzie,38053,10,"Total, all industries",2016,1,761,7014.0,6698.0,6593.0,6768.3,119667942.0,False
McKenzie,38053,10,"Total, all industries",2016,2,755,6991.0,6916.0,7006.0,6971.0,123121270.0,False
McKenzie,38053,10,"Total, all industries",2016,3,732,7038.0,7007.0,6778.0,6941.0,128218710.0,False
McKenzie,38053,10,"Total, all industries",2016,4,740,6699.0,6647.0,6503.0,6616.3,132390813.0,False
McKenzie,38053,10,"Total, all industries",2017,1,741,6510.0,6718.0,6627.0,6618.3,130944049.0,False
McKenzie,38053,10,"Total, all industries",2017,2,741,6741.0,6869.0,7047.0,6885.7,126796380.0,False
McKenzie,38053,10,"Total, all industries",2017,3,735,7212.0,7342.0,7444.0,7332.7,136314635.0,False
McKenzie,38053,10,"Total, all industries",2017,4,752,7487.0,7557.0,7435.0,7493.0,148677195.0,False
McKenzie,38053,10,"Total, all industries",2018,1,731,7624.0,7667.0,7751.0,7680.7,157167822.0,False
McKenzie,38053,10,"Total, all industries",2018,2,746,7978.0,8342.0,8745.0,8355.0,158429207.0,False
McKenzie,38053,10,"Total, all industries",2018,3,765,8676.0,8937.0,9066.0,8893.0,181233044.0,False
McKenzie,38053,10,"Total, all industries",2018,4,759,9243.0,9372.0,9418.0,9344.3,201008453.0,False
McKenzie,38053,10,"Total, all industries",2019,1,758,9440.0,9602.0,9706.0,9582.7,211689122.0,False
McKenzie,38053,10,"Total, all industries",2019,2,778,10229.0,10546.0,10758.0,10511.0,219210062.0,False
McKenzie,38053,10,"Total, all industries",2019,3,804,10804.0,10796.0,10420.0,10673.3,230853278.0,False
McKenzie,38053,10,"Total, all industries",2019,4,807,10197.0,10003.0,9761.0,9987.0,237212341.0,False
McKenzie,38053,10,"Total, all industries",2020,1,825,9393.0,9404.0,9351.0,9382.7,210755668.0,False
McKenzie,38053,10,"Total, all industries",2020,2,817,7750.0,7475.0,7052.0,7425.7,148756421.0,False
McKenzie,38053,10,"Total, all industries",2020,3,815,6964.0,6963.0,7012.0,6979.7,140558798.0,False
McKenzie,38053,10,"Total, all industries",2020,4,800,7070.0,6877.0,6758.0,6901.7,151183178.0,False
McKenzie,38053,10,"Total, all industries",2021,1,780,6266.0,6301.0,6425.0,6330.7,128578921.0,False
McKenzie,38053,10,"Total, all industries",2021,2,766,6569.0,6772.0,6886.0,6742.3,131798260.0,False
McKenzie,38053,10,"Total, all industries",2021,3,763,7008.0,7040.0,7047.0,7031.7,149507800.0,False
McKenzie,38053,10,"Total, all industries",2021,4,771,7262.0,7167.0,7048.0,7159.0,165450990.0,False
McKenzie,38053,10,"Total, all industries",2022,1,747,6831.0,6899.0,6904.0,6878.0,158948392.0,False
McKenzie,38053,10,"Total, all industries",2022,2,738,7010.0,7217.0,7568.0,7265.0,157447505.0,False
McKenzie,38053,10,"Total, all industries",2022,3,755,7830.0,8084.0,8297.0,8070.3,195491663.0,False
McKenzie,38053,10,"Total, all industries",2022,4,747,8169.0,8064.0,7979.0,8070.7,199758837.0,False
McKenzie,38053,10,"Total, all industries",2023,1,750,8026.0,8096.0,8139.0,8087.0,216844603.0,False
McKenzie,38053,10,"Total, all industries",2023,2,785,8133.0,8330.0,8679.0,8380.7,200676683.0,False
McKenzie,38053,10,"Total, all industries",2023,3,797,8641.0,8662.0,8750.0,8684.3,207587030.0,False
McKenzie,38053,10,"Total, all industries",2023,4,795,8686.0,8455.0,8432.0,8524.3,215368679.0,False
McKenzie,38053,10,"Total, all industries",2024,1,761,8201.0,8406.0,8393.0,8333.3,215520162.0,False
McKenzie,38053,10,"Total, all industries",2024,2,779,8589.0,8748.0,8842.0,8726.3,212581366.0,False
McKenzie,38053,10,"Total, all industries",2024,3,784,8773.0,8975.0,8861.0,8869.7,219202957.0,False
McKenzie,38053,10,"Total, all industries",2024,4,797,8888.0,8765.0,8765.0,8806.0,229266317.0,False
McKenzie,38053,10,"Total, all industries",2025,1,783,8708.0,8751.0,8818.0,8759.0,232186578.0,False
McKenzie,38053,10,"Total, all industries",2025,2,796,8722.0,8748.0,8848.0,8772.7,216637966.0,False
McKenzie,38053,10,"Total, all industries",2025,3,805,8822.0,9040.0,9013.0,8958.3,218924008.0,False
McKenzie,38053,10,"Total, all industries",2025,4,807,9147.0,9066.0,8744.0,8985.7,237593447.0,False
McKenzie,38053,10,"Total, all industries",2026,1,804,8538.0,8404.0,8238.0,8393.3,224500300.0,False
McKenzie,38053,1026,Leisure and hospitality,2015,1,54,679.0,657.0,639.0,658.3,4716963.0,False
McKenzie,38053,1026,Leisure and hospitality,2015,2,56,646.0,639.0,637.0,640.7,4499375.0,False
McKenzie,38053,1026,Leisure and hospitality,2015,3,56,632.0,604.0,585.0,607.0,4317172.0,False
McKenzie,38053,1026,Leisure and hospitality,2015,4,57,586.0,605.0,577.0,589.3,4460498.0,False
McKenzie,38053,1026,Leisure and hospitality,2016,1,58,549.0,547.0,523.0,539.7,3382144.0,False
McKenzie,38053,1026,Leisure and hospitality,2016,2,60,525.0,543.0,565.0,544.3,3484866.0,False
McKenzie,38053,1026,Leisure and hospitality,2016,3,58,573.0,566.0,545.0,561.3,3809113.0,False
McKenzie,38053,1026,Leisure and hospitality,2016,4,59,528.0,517.0,492.0,512.3,3593050.0,False
McKenzie,38053,1026,Leisure and hospitality,2017,1,58,475.0,498.0,508.0,493.7,3096225.0,False
McKenzie,38053,1026,Leisure and hospitality,2017,2,62,506.0,528.0,576.0,536.7,3282750.0,False
McKenzie,38053,1026,Leisure and hospitality,2017,3,58,588.0,582.0,644.0,604.7,3651918.0,False
McKenzie,38053,1026,Leisure and hospitality,2017,4,60,643.0,614.0,619.0,625.3,3903684.0,False
McKenzie,38053,1026,Leisure and hospitality,2018,1,56,589.0,613.0,613.0,605.0,3806816.0,False
McKenzie,38053,1026,Leisure and hospitality,2018,2,56,634.0,686.0,738.0,686.0,4418613.0,False
McKenzie,38053,1026,Leisure and hospitality,2018,3,58,758.0,818.0,802.0,792.7,5502334.0,False
McKenzie,38053,1026,Leisure and hospitality,2018,4,57,805.0,802.0,796.0,801.0,5653992.0,False
McKenzie,38053,1026,Leisure and hospitality,2019,1,54,691.0,692.0,736.0,706.3,4616434.0,False
McKenzie,38053,1026,Leisure and hospitality,2019,2,54,733.0,739.0,759.0,743.7,4964405.0,False
McKenzie,38053,1026,Leisure and hospitality,2019,3,54,785.0,781.0,762.0,776.0,5568566.0,False
McKenzie,38053,1026,Leisure and hospitality,2019,4,54,729.0,708.0,700.0,712.3,5023143.0,False
McKenzie,38053,1026,Leisure and hospitality,2020,1,56,664.0,651.0,637.0,650.7,4052441.0,False
McKenzie,38053,1026,Leisure and hospitality,2020,2,56,283.0,527.0,551.0,453.7,2938182.0,False
McKenzie,38053,1026,Leisure and hospitality,2020,3,56,526.0,533.0,532.0,530.3,3331123.0,False
McKenzie,38053,1026,Leisure and hospitality,2020,4,53,532.0,530.0,488.0,516.7,3117088.0,False
McKenzie,38053,1026,Leisure and hospitality,2021,1,50,457.0,467.0,501.0,475.0,2685331.0,False
McKenzie,38053,1026,Leisure and hospitality,2021,2,51,517.0,524.0,532.0,524.3,3071839.0,False
McKenzie,38053,1026,Leisure and hospitality,2021,3,51,515.0,522.0,504.0,513.7,3503305.0,False
McKenzie,38053,1026,Leisure and hospitality,2021,4,52,514.0,504.0,489.0,502.3,3550922.0,False
McKenzie,38053,1026,Leisure and hospitality,2022,1,49,481.0,496.0,479.0,485.3,3120749.0,False
McKenzie,38053,1026,Leisure and hospitality,2022,2,46,499.0,508.0,502.0,503.0,3351692.0,False
McKenzie,38053,1026,Leisure and hospitality,2022,3,45,537.0,557.0,521.0,538.3,3939230.0,False
McKenzie,38053,1026,Leisure and hospitality,2022,4,47,508.0,514.0,508.0,510.0,3776590.0,False
McKenzie,38053,1026,Leisure and hospitality,2023,1,44,512.0,493.0,513.0,506.0,3680156.0,False
McKenzie,38053,1026,Leisure and hospitality,2023,2,43,503.0,514.0,541.0,519.3,4068269.0,False
McKenzie,38053,1026,Leisure and hospitality,2023,3,41,525.0,520.0,517.0,520.7,3509714.0,False
McKenzie,38053,1026,Leisure and hospitality,2023,4,40,475.0,467.0,466.0,469.3,3605987.0,False
McKenzie,38053,1026,Leisure and hospitality,2024,1,42,459.0,466.0,465.0,463.3,3275788.0,False
McKenzie,38053,1026,Leisure and hospitality,2024,2,43,476.0,486.0,509.0,490.3,3656078.0,False
McKenzie,38053,1026,Leisure and hospitality,2024,3,41,488.0,491.0,473.0,484.0,3454749.0,False
McKenzie,38053,1026,Leisure and hospitality,2024,4,45,464.0,452.0,447.0,454.3,3561307.0,False
McKenzie,38053,1026,Leisure and hospitality,2025,1,44,479.0,468.0,458.0,468.3,3374498.0,False
McKenzie,38053,1026,Leisure and hospitality,2025,2,44,475.0,485.0,529.0,496.3,3682731.0,False
McKenzie,38053,1026,Leisure and hospitality,2025,3,45,491.0,515.0,503.0,503.0,3613781.0,False
McKenzie,38053,1026,Leisure and hospitality,2025,4,46,498.0,540.0,528.0,522.0,3913685.0,False
McKenzie,38053,1026,Leisure and hospitality,2026,1,46,541.0,516.0,495.0,517.3,3429849.0,False
McKenzie,38053,72,Accommodation and food services,2015,1,50,620.0,598.0,574.0,597.3,4284594.0,False
McKenzie,38053,72,Accommodation and food services,2015,2,51,576.0,566.0,560.0,567.3,3929012.0,False
McKenzie,38053,72,Accommodation and food services,2015,3,50,557.0,539.0,530.0,542.0,3753806.0,False
McKenzie,38053,72,Accommodation and food services,2015,4,51,531.0,556.0,527.0,538.0,3959133.0,False
McKenzie,38053,72,Accommodation and food services,2016,1,52,509.0,510.0,486.0,501.7,3024518.0,False
McKenzie,38053,72,Accommodation and food services,2016,2,54,468.0,486.0,508.0,487.3,3064897.0,False
McKenzie,38053,72,Accommodation and food services,2016,3,52,513.0,508.0,489.0,503.3,3294742.0,False
McKenzie,38053,72,Accommodation and food services,2016,4,53,477.0,461.0,436.0,458.0,3034648.0,False
McKenzie,38053,72,Accommodation and food services,2017,1,52,446.0,459.0,468.0,457.7,2684913.0,False
McKenzie,38053,72,Accommodation and food services,2017,2,56,473.0,492.0,537.0,500.7,2918695.0,False
McKenzie,38053,72,Accommodation and food services,2017,3,53,544.0,543.0,603.0,563.3,3238080.0,False
McKenzie,38053,72,Accommodation and food services,2017,4,55,604.0,573.0,571.0,582.7,3445191.0,False
McKenzie,38053,72,Accommodation and food services,2018,1,50,543.0,567.0,559.0,556.3,3414172.0,False
McKenzie,38053,72,Accommodation and food services,2018,2,50,576.0,618.0,659.0,617.7,3885905.0,False
McKenzie,38053,72,Accommodation and food services,2018,3,52,682.0,739.0,736.0,719.0,4725463.0,False
McKenzie,38053,72,Accommodation and food services,2018,4,51,741.0,742.0,732.0,738.3,4907305.0,False
McKenzie,38053,72,Accommodation and food services,2019,1,48,637.0,638.0,679.0,651.3,4018143.0,False
McKenzie,38053,72,Accommodation and food services,2019,2,48,668.0,668.0,681.0,672.3,4328129.0,False
McKenzie,38053,72,Accommodation and food services,2019,3,48,709.0,708.0,690.0,702.3,4807315.0,False
McKenzie,38053,72,Accommodation and food services,2019,4,48,667.0,667.0,655.0,663.0,4396665.0,False
McKenzie,38053,72,Accommodation and food services,2020,1,50,638.0,629.0,612.0,626.3,3978539.0,False
McKenzie,38053,72,Accommodation and food services,2020,2,50,268.0,500.0,517.0,428.3,2833725.0,False
McKenzie,38053,72,Accommodation and food services,2020,3,50,487.0,493.0,501.0,493.7,3135878.0,False
McKenzie,38053,72,Accommodation and food services,2020,4,47,502.0,503.0,456.0,487.0,2991688.0,False
McKenzie,38053,72,Accommodation and food services,2021,1,46,433.0,443.0,478.0,451.3,2599619.0,False
McKenzie,38053,72,Accommodation and food services,2021,2,47,497.0,503.0,506.0,502.0,2980324.0,False
McKenzie,38053,72,Accommodation and food services,2021,3,47,489.0,494.0,479.0,487.3,3372967.0,False
McKenzie,38053,72,Accommodation and food services,2021,4,48,492.0,483.0,461.0,478.7,3441457.0,False
McKenzie,38053,72,Accommodation and food services,2022,1,45,,,,,,True
McKenzie,38053,72,Accommodation and food services,2022,2,41,481.0,489.0,476.0,482.0,3246034.0,False
McKenzie,38053,72,Accommodation and food services,2022,3,40,513.0,530.0,497.0,513.3,3798552.0,False
McKenzie,38053,72,Accommodation and food services,2022,4,42,,,,,,True
McKenzie,38053,72,Accommodation and food services,2023,1,40,488.0,470.0,489.0,482.3,3584534.0,False
McKenzie,38053,72,Accommodation and food services,2023,2,39,484.0,493.0,518.0,498.3,3958491.0,False
McKenzie,38053,72,Accommodation and food services,2023,3,37,499.0,492.0,491.0,494.0,3399998.0,False
McKenzie,38053,72,Accommodation and food services,2023,4,36,454.0,444.0,442.0,446.7,3499441.0,False
McKenzie,38053,72,Accommodation and food services,2024,1,38,,,,,,True
McKenzie,38053,72,Accommodation and food services,2024,2,38,454.0,457.0,478.0,463.0,3503043.0,False
McKenzie,38053,72,Accommodation and food services,2024,3,36,464.0,462.0,443.0,456.3,3318215.0,False
McKenzie,38053,72,Accommodation and food services,2024,4,39,,,,,,True
McKenzie,38053,72,Accommodation and food services,2025,1,39,442.0,434.0,427.0,434.3,3204926.0,False
McKenzie,38053,72,Accommodation and food services,2025,2,39,442.0,442.0,482.0,455.3,3439581.0,False
McKenzie,38053,72,Accommodation and food services,2025,3,40,446.0,476.0,462.0,461.3,3371355.0,False
McKenzie,38053,72,Accommodation and food services,2025,4,41,462.0,505.0,492.0,486.3,3672613.0,False
McKenzie,38053,72,Accommodation and food services,2026,1,41,501.0,483.0,466.0,483.3,3252540.0,False
McKenzie,38053,721,Accommodation,2015,1,30,279.0,259.0,234.0,257.3,2474165.0,False
McKenzie,38053,721,Accommodation,2015,2,31,227.0,223.0,235.0,228.3,1974888.0,False
McKenzie,38053,721,Accommodation,2015,3,29,227.0,234.0,216.0,225.7,1921500.0,False
McKenzie,38053,721,Accommodation,2015,4,29,227.0,227.0,223.0,225.7,2112007.0,False
McKenzie,38053,721,Accommodation,2016,1,28,212.0,209.0,180.0,200.3,1589982.0,False
McKenzie,38053,721,Accommodation,2016,2,28,180.0,192.0,206.0,192.7,1610157.0,False
McKenzie,38053,721,Accommodation,2016,3,28,208.0,215.0,218.0,213.7,1757634.0,False
McKenzie,38053,721,Accommodation,2016,4,31,212.0,201.0,183.0,198.7,1700986.0,False
McKenzie,38053,721,Accommodation,2017,1,27,163.0,168.0,170.0,167.0,1255912.0,False
McKenzie,38053,721,Accommodation,2017,2,28,175.0,182.0,214.0,190.3,1437480.0,False
McKenzie,38053,721,Accommodation,2017,3,24,212.0,212.0,213.0,212.3,1536873.0,False
McKenzie,38053,721,Accommodation,2017,4,24,204.0,197.0,191.0,197.3,1550004.0,False
McKenzie,38053,721,Accommodation,2018,1,24,180.0,182.0,185.0,182.3,1373633.0,False
McKenzie,38053,721,Accommodation,2018,2,22,200.0,219.0,230.0,216.3,1623268.0,False
McKenzie,38053,721,Accommodation,2018,3,22,245.0,252.0,221.0,239.3,1746548.0,False
McKenzie,38053,721,Accommodation,2018,4,22,222.0,216.0,213.0,217.0,1841990.0,False
McKenzie,38053,721,Accommodation,2019,1,19,168.0,165.0,167.0,166.7,1279142.0,False
McKenzie,38053,721,Accommodation,2019,2,19,170.0,187.0,199.0,185.3,1429716.0,False
McKenzie,38053,721,Accommodation,2019,3,19,209.0,210.0,189.0,202.7,1502196.0,False
McKenzie,38053,721,Accommodation,2019,4,20,186.0,183.0,184.0,184.3,1451251.0,False
McKenzie,38053,721,Accommodation,2020,1,21,183.0,177.0,172.0,177.3,1314612.0,False
McKenzie,38053,721,Accommodation,2020,2,21,111.0,122.0,125.0,119.3,923539.0,False
McKenzie,38053,721,Accommodation,2020,3,21,143.0,141.0,139.0,141.0,950162.0,False
McKenzie,38053,721,Accommodation,2020,4,20,128.0,126.0,105.0,119.7,892021.0,False
McKenzie,38053,721,Accommodation,2021,1,20,111.0,115.0,128.0,118.0,780557.0,False
McKenzie,38053,721,Accommodation,2021,2,20,129.0,123.0,145.0,132.3,849968.0,False
McKenzie,38053,721,Accommodation,2021,3,20,147.0,151.0,137.0,145.0,1026694.0,False
McKenzie,38053,721,Accommodation,2021,4,21,141.0,128.0,120.0,129.7,993403.0,False
McKenzie,38053,721,Accommodation,2022,1,20,,,,,,True
McKenzie,38053,721,Accommodation,2022,2,16,143.0,145.0,155.0,147.7,1126923.0,False
McKenzie,38053,721,Accommodation,2022,3,16,182.0,184.0,174.0,180.0,1463697.0,False
McKenzie,38053,721,Accommodation,2022,4,16,,,,,,True
McKenzie,38053,721,Accommodation,2023,1,16,167.0,172.0,172.0,170.3,1548085.0,False
McKenzie,38053,721,Accommodation,2023,2,16,165.0,177.0,202.0,181.3,1574913.0,False
McKenzie,38053,721,Accommodation,2023,3,15,171.0,171.0,168.0,170.0,1360878.0,False
McKenzie,38053,721,Accommodation,2023,4,15,144.0,138.0,135.0,139.0,1258260.0,False
McKenzie,38053,721,Accommodation,2024,1,15,,,,,,True
McKenzie,38053,721,Accommodation,2024,2,17,131.0,140.0,148.0,139.7,1225519.0,False
McKenzie,38053,721,Accommodation,2024,3,15,159.0,154.0,151.0,154.7,1258830.0,False
McKenzie,38053,721,Accommodation,2024,4,15,,,,,,True
McKenzie,38053,721,Accommodation,2025,1,16,139.0,143.0,142.0,141.3,1254825.0,False
McKenzie,38053,721,Accommodation,2025,2,16,133.0,134.0,151.0,139.3,1240007.0,False
McKenzie,38053,721,Accommodation,2025,3,16,151.0,149.0,135.0,145.0,1284496.0,False
McKenzie,38053,721,Accommodation,2025,4,16,136.0,121.0,119.0,125.3,1266353.0,False
McKenzie,38053,721,Accommodation,2026,1,16,124.0,125.0,123.0,124.0,1087718.0,False
McKenzie,38053,722,Food services and drinking places,2015,1,20,341.0,339.0,340.0,340.0,1810429.0,False
McKenzie,38053,722,Food services and drinking places,2015,2,20,349.0,343.0,325.0,339.0,1954124.0,False
McKenzie,38053,722,Food services and drinking places,2015,3,21,330.0,305.0,314.0,316.3,1832306.0,False
McKenzie,38053,722,Food services and drinking places,2015,4,22,304.0,329.0,304.0,312.3,1847126.0,False
McKenzie,38053,722,Food services and drinking places,2016,1,24,297.0,301.0,306.0,301.3,1434536.0,False
McKenzie,38053,722,Food services and drinking places,2016,2,26,288.0,294.0,302.0,294.7,1454740.0,False
McKenzie,38053,722,Food services and drinking places,2016,3,24,305.0,293.0,271.0,289.7,1537108.0,False
McKenzie,38053,722,Food services and drinking places,2016,4,22,265.0,260.0,253.0,259.3,1333662.0,False
McKenzie,38053,722,Food services and drinking places,2017,1,25,283.0,291.0,298.0,290.7,1429001.0,False
McKenzie,38053,722,Food services and drinking places,2017,2,28,298.0,310.0,323.0,310.3,1481215.0,False
McKenzie,38053,722,Food services and drinking places,2017,3,29,332.0,331.0,390.0,351.0,1701207.0,False
McKenzie,38053,722,Food services and drinking places,2017,4,31,400.0,376.0,380.0,385.3,1895187.0,False
McKenzie,38053,722,Food services and drinking places,2018,1,26,363.0,385.0,374.0,374.0,2040539.0,False
McKenzie,38053,722,Food services and drinking places,2018,2,28,376.0,399.0,429.0,401.3,2262637.0,False
McKenzie,38053,722,Food services and drinking places,2018,3,30,437.0,487.0,515.0,479.7,2978915.0,False
McKenzie,38053,722,Food services and drinking places,2018,4,29,519.0,526.0,519.0,521.3,3065315.0,False
McKenzie,38053,722,Food services and drinking places,2019,1,29,469.0,473.0,512.0,484.7,2739001.0,False
McKenzie,38053,722,Food services and drinking places,2019,2,29,498.0,481.0,482.0,487.0,2898413.0,False
McKenzie,38053,722,Food services and drinking places,2019,3,29,500.0,498.0,501.0,499.7,3305119.0,False
McKenzie,38053,722,Food services and drinking places,2019,4,28,481.0,484.0,471.0,478.7,2945414.0,False
McKenzie,38053,722,Food services and drinking places,2020,1,29,455.0,452.0,440.0,449.0,2663927.0,False
McKenzie,38053,722,Food services and drinking places,2020,2,29,157.0,378.0,392.0,309.0,1910186.0,False
McKenzie,38053,722,Food services and drinking places,2020,3,29,344.0,352.0,362.0,352.7,2185716.0,False
McKenzie,38053,722,Food services and drinking places,2020,4,27,374.0,377.0,351.0,367.3,2099667.0,False
McKenzie,38053,722,Food services and drinking places,2021,1,26,322.0,328.0,350.0,333.3,1819062.0,False
McKenzie,38053,722,Food services and drinking places,2021,2,27,368.0,380.0,361.0,369.7,2130356.0,False
McKenzie,38053,722,Food services and drinking places,2021,3,27,342.0,343.0,342.0,342.3,2346273.0,False
McKenzie,38053,722,Food services and drinking places,2021,4,27,351.0,355.0,341.0,349.0,2448054.0,False
McKenzie,38053,722,Food services and drinking places,2022,1,25,332.0,351.0,336.0,339.7,2080256.0,False
McKenzie,38053,722,Food services and drinking places,2022,2,25,338.0,344.0,321.0,334.3,2119111.0,False
McKenzie,38053,722,Food services and drinking places,2022,3,24,331.0,346.0,323.0,333.3,2334855.0,False
McKenzie,38053,722,Food services and drinking places,2022,4,26,306.0,309.0,313.0,309.3,2211907.0,False
McKenzie,38053,722,Food services and drinking places,2023,1,24,321.0,298.0,317.0,312.0,2036449.0,False
McKenzie,38053,722,Food services and drinking places,2023,2,23,319.0,316.0,316.0,317.0,2383578.0,False
McKenzie,38053,722,Food services and drinking places,2023,3,22,328.0,321.0,323.0,324.0,2039120.0,False
McKenzie,38053,722,Food services and drinking places,2023,4,21,310.0,306.0,307.0,307.7,2241181.0,False
McKenzie,38053,722,Food services and drinking places,2024,1,23,307.0,310.0,314.0,310.3,2033425.0,False
McKenzie,38053,722,Food services and drinking places,2024,2,21,323.0,317.0,330.0,323.3,2277524.0,False
McKenzie,38053,722,Food services and drinking places,2024,3,21,305.0,308.0,292.0,301.7,2059385.0,False
McKenzie,38053,722,Food services and drinking places,2024,4,24,295.0,289.0,290.0,291.3,2124809.0,False
McKenzie,38053,722,Food services and drinking places,2025,1,23,303.0,291.0,285.0,293.0,1950101.0,False
McKenzie,38053,722,Food services and drinking places,2025,2,23,309.0,308.0,331.0,316.0,2199574.0,False
McKenzie,38053,722,Food services and drinking places,2025,3,24,295.0,327.0,327.0,316.3,2086859.0,False
McKenzie,38053,722,Food services and drinking places,2025,4,25,326.0,384.0,373.0,361.0,2406260.0,False
McKenzie,38053,722,Food services and drinking places,2026,1,25,377.0,358.0,343.0,359.3,2164822.0,False
Slope,38087,10,"Total, all industries",2015,1,22,,,,,,True
Slope,38087,10,"Total, all industries",2015,2,23,,,,,,True
Slope,38087,10,"Total, all industries",2015,3,22,,,,,,True
Slope,38087,10,"Total, all industries",2015,4,23,,,,,,True
Slope,38087,10,"Total, all industries",2016,1,25,,,,,,True
Slope,38087,10,"Total, all industries",2016,2,24,,,,,,True
Slope,38087,10,"Total, all industries",2016,3,24,,,,,,True
Slope,38087,10,"Total, all industries",2016,4,24,,,,,,True
Slope,38087,10,"Total, all industries",2017,1,22,,,,,,True
Slope,38087,10,"Total, all industries",2017,2,18,,,,,,True
Slope,38087,10,"Total, all industries",2017,3,18,,,,,,True
Slope,38087,10,"Total, all industries",2017,4,18,,,,,,True
Slope,38087,10,"Total, all industries",2018,1,19,,,,,,True
Slope,38087,10,"Total, all industries",2018,2,19,,,,,,True
Slope,38087,10,"Total, all industries",2018,3,20,,,,,,True
Slope,38087,10,"Total, all industries",2018,4,19,,,,,,True
Slope,38087,10,"Total, all industries",2019,1,18,,,,,,True
Slope,38087,10,"Total, all industries",2019,2,18,,,,,,True
Slope,38087,10,"Total, all industries",2019,3,17,,,,,,True
Slope,38087,10,"Total, all industries",2019,4,18,,,,,,True
Slope,38087,10,"Total, all industries",2020,1,18,,,,,,True
Slope,38087,10,"Total, all industries",2020,2,15,,,,,,True
Slope,38087,10,"Total, all industries",2020,3,14,,,,,,True
Slope,38087,10,"Total, all industries",2020,4,14,,,,,,True
Slope,38087,10,"Total, all industries",2021,1,12,,,,,,True
Slope,38087,10,"Total, all industries",2021,2,12,,,,,,True
Slope,38087,10,"Total, all industries",2021,3,12,,,,,,True
Slope,38087,10,"Total, all industries",2021,4,12,,,,,,True
Slope,38087,10,"Total, all industries",2022,1,11,40.0,39.0,39.0,39.3,587797.0,False
Slope,38087,10,"Total, all industries",2022,2,11,40.0,39.0,39.0,39.3,555298.0,False
Slope,38087,10,"Total, all industries",2022,3,9,39.0,43.0,35.0,39.0,642298.0,False
Slope,38087,10,"Total, all industries",2022,4,9,28.0,27.0,27.0,27.3,432047.0,False
Slope,38087,10,"Total, all industries",2023,1,8,32.0,31.0,29.0,30.7,430229.0,False
Slope,38087,10,"Total, all industries",2023,2,8,30.0,30.0,31.0,30.3,450703.0,False
Slope,38087,10,"Total, all industries",2023,3,8,28.0,29.0,29.0,28.7,465567.0,False
Slope,38087,10,"Total, all industries",2023,4,7,47.0,48.0,47.0,47.3,988314.0,False
Slope,38087,10,"Total, all industries",2024,1,7,41.0,42.0,42.0,41.7,633422.0,False
Slope,38087,10,"Total, all industries",2024,2,8,55.0,55.0,55.0,55.0,1167841.0,False
Slope,38087,10,"Total, all industries",2024,3,8,58.0,60.0,56.0,58.0,1179279.0,False
Slope,38087,10,"Total, all industries",2024,4,8,66.0,64.0,64.0,64.7,1538407.0,False
Slope,38087,10,"Total, all industries",2025,1,10,56.0,53.0,53.0,54.0,1027632.0,False
Slope,38087,10,"Total, all industries",2025,2,10,55.0,57.0,58.0,56.7,1380845.0,False
Slope,38087,10,"Total, all industries",2025,3,10,67.0,67.0,69.0,67.7,1462290.0,False
Slope,38087,10,"Total, all industries",2025,4,10,59.0,53.0,46.0,52.7,1189002.0,False
Slope,38087,10,"Total, all industries",2026,1,9,50.0,49.0,47.0,48.7,893637.0,False
Slope,38087,1026,Leisure and hospitality,2015,1,2,,,,,,True
Slope,38087,1026,Leisure and hospitality,2015,2,2,,,,,,True
Slope,38087,1026,Leisure and hospitality,2015,3,2,,,,,,True
Slope,38087,1026,Leisure and hospitality,2015,4,3,,,,,,True
Slope,38087,1026,Leisure and hospitality,2016,1,3,,,,,,True
Slope,38087,1026,Leisure and hospitality,2016,2,2,,,,,,True
Slope,38087,1026,Leisure and hospitality,2016,3,2,,,,,,True
Slope,38087,1026,Leisure and hospitality,2016,4,2,,,,,,True
Slope,38087,1026,Leisure and hospitality,2017,1,2,,,,,,True
Slope,38087,1026,Leisure and hospitality,2017,2,1,,,,,,True
Slope,38087,1026,Leisure and hospitality,2017,3,1,,,,,,True
Slope,38087,1026,Leisure and hospitality,2017,4,1,,,,,,True
Slope,38087,1026,Leisure and hospitality,2018,1,1,,,,,,True
Slope,38087,1026,Leisure and hospitality,2018,2,1,,,,,,True
Slope,38087,1026,Leisure and hospitality,2018,3,1,,,,,,True
Slope,38087,1026,Leisure and hospitality,2018,4,1,,,,,,True
Slope,38087,1026,Leisure and hospitality,2019,1,1,,,,,,True
Slope,38087,1026,Leisure and hospitality,2019,2,1,,,,,,True
Slope,38087,1026,Leisure and hospitality,2019,3,1,,,,,,True
Slope,38087,1026,Leisure and hospitality,2019,4,1,,,,,,True
Slope,38087,1026,Leisure and hospitality,2020,1,1,,,,,,True
Slope,38087,1026,Leisure and hospitality,2020,2,1,,,,,,True
Slope,38087,1026,Leisure and hospitality,2020,3,1,,,,,,True
Slope,38087,1026,Leisure and hospitality,2020,4,1,,,,,,True
Slope,38087,1026,Leisure and hospitality,2021,1,1,,,,,,True
Slope,38087,1026,Leisure and hospitality,2021,2,1,,,,,,True
Slope,38087,1026,Leisure and hospitality,2021,3,1,,,,,,True
Slope,38087,1026,Leisure and hospitality,2021,4,1,,,,,,True
Slope,38087,1026,Leisure and hospitality,2022,1,1,,,,,,True
Slope,38087,1026,Leisure and hospitality,2022,2,1,,,,,,True
Slope,38087,1026,Leisure and hospitality,2022,3,1,,,,,,True
Slope,38087,1026,Leisure and hospitality,2022,4,1,,,,,,True
Slope,38087,1026,Leisure and hospitality,2023,1,1,,,,,,True
Slope,38087,1026,Leisure and hospitality,2023,2,1,,,,,,True
Slope,38087,1026,Leisure and hospitality,2023,3,1,,,,,,True
Slope,38087,1026,Leisure and hospitality,2023,4,1,,,,,,True
Slope,38087,1026,Leisure and hospitality,2024,1,1,,,,,,True
Slope,38087,1026,Leisure and hospitality,2024,2,1,,,,,,True
Slope,38087,1026,Leisure and hospitality,2024,3,1,,,,,,True
Slope,38087,1026,Leisure and hospitality,2024,4,1,,,,,,True
Slope,38087,1026,Leisure and hospitality,2025,1,2,,,,,,True
Slope,38087,1026,Leisure and hospitality,2025,2,2,,,,,,True
Slope,38087,1026,Leisure and hospitality,2025,3,2,,,,,,True
Slope,38087,1026,Leisure and hospitality,2025,4,2,,,,,,True
Slope,38087,1026,Leisure and hospitality,2026,1,2,,,,,,True
Slope,38087,72,Accommodation and food services,2015,1,2,,,,,,True
Slope,38087,72,Accommodation and food services,2015,2,2,,,,,,True
Slope,38087,72,Accommodation and food services,2015,3,2,,,,,,True
Slope,38087,72,Accommodation and food services,2015,4,2,,,,,,True
Slope,38087,72,Accommodation and food services,2016,1,2,,,,,,True
Slope,38087,72,Accommodation and food services,2016,2,1,,,,,,True
Slope,38087,72,Accommodation and food services,2016,3,1,,,,,,True
Slope,38087,72,Accommodation and food services,2016,4,1,,,,,,True
Slope,38087,72,Accommodation and food services,2017,1,1,,,,,,True
Slope,38087,72,Accommodation and food services,2017,2,1,,,,,,True
Slope,38087,72,Accommodation and food services,2017,3,1,,,,,,True
Slope,38087,72,Accommodation and food services,2017,4,1,,,,,,True
Slope,38087,72,Accommodation and food services,2018,1,1,,,,,,True
Slope,38087,72,Accommodation and food services,2018,2,1,,,,,,True
Slope,38087,72,Accommodation and food services,2018,3,1,,,,,,True
Slope,38087,72,Accommodation and food services,2018,4,1,,,,,,True
Slope,38087,72,Accommodation and food services,2019,1,1,,,,,,True
Slope,38087,72,Accommodation and food services,2019,2,1,,,,,,True
Slope,38087,72,Accommodation and food services,2019,3,1,,,,,,True
Slope,38087,72,Accommodation and food services,2019,4,1,,,,,,True
Slope,38087,72,Accommodation and food services,2020,1,1,,,,,,True
Slope,38087,72,Accommodation and food services,2020,2,1,,,,,,True
Slope,38087,72,Accommodation and food services,2020,3,1,,,,,,True
Slope,38087,72,Accommodation and food services,2020,4,1,,,,,,True
Slope,38087,72,Accommodation and food services,2021,1,1,,,,,,True
Slope,38087,72,Accommodation and food services,2021,2,1,,,,,,True
Slope,38087,72,Accommodation and food services,2021,3,1,,,,,,True
Slope,38087,72,Accommodation and food services,2021,4,1,,,,,,True
Slope,38087,72,Accommodation and food services,2022,1,1,,,,,,True
Slope,38087,72,Accommodation and food services,2022,2,1,,,,,,True
Slope,38087,72,Accommodation and food services,2022,3,1,,,,,,True
Slope,38087,72,Accommodation and food services,2022,4,1,,,,,,True
Slope,38087,72,Accommodation and food services,2023,1,1,,,,,,True
Slope,38087,72,Accommodation and food services,2023,2,1,,,,,,True
Slope,38087,72,Accommodation and food services,2023,3,1,,,,,,True
Slope,38087,72,Accommodation and food services,2023,4,1,,,,,,True
Slope,38087,72,Accommodation and food services,2024,1,1,,,,,,True
Slope,38087,72,Accommodation and food services,2024,2,1,,,,,,True
Slope,38087,72,Accommodation and food services,2024,3,1,,,,,,True
Slope,38087,72,Accommodation and food services,2024,4,1,,,,,,True
Slope,38087,72,Accommodation and food services,2025,1,2,,,,,,True
Slope,38087,72,Accommodation and food services,2025,2,2,,,,,,True
Slope,38087,72,Accommodation and food services,2025,3,2,,,,,,True
Slope,38087,72,Accommodation and food services,2025,4,2,,,,,,True
Slope,38087,72,Accommodation and food services,2026,1,2,,,,,,True
Slope,38087,722,Food services and drinking places,2015,1,2,,,,,,True
Slope,38087,722,Food services and drinking places,2015,2,2,,,,,,True
Slope,38087,722,Food services and drinking places,2015,3,2,,,,,,True
Slope,38087,722,Food services and drinking places,2015,4,2,,,,,,True
Slope,38087,722,Food services and drinking places,2016,1,2,,,,,,True
Slope,38087,722,Food services and drinking places,2016,2,1,,,,,,True
Slope,38087,722,Food services and drinking places,2016,3,1,,,,,,True
Slope,38087,722,Food services and drinking places,2016,4,1,,,,,,True
Slope,38087,722,Food services and drinking places,2017,1,1,,,,,,True
Slope,38087,722,Food services and drinking places,2017,2,1,,,,,,True
Slope,38087,722,Food services and drinking places,2017,3,1,,,,,,True
Slope,38087,722,Food services and drinking places,2017,4,1,,,,,,True
Slope,38087,722,Food services and drinking places,2018,1,1,,,,,,True
Slope,38087,722,Food services and drinking places,2018,2,1,,,,,,True
Slope,38087,722,Food services and drinking places,2018,3,1,,,,,,True
Slope,38087,722,Food services and drinking places,2018,4,1,,,,,,True
Slope,38087,722,Food services and drinking places,2019,1,1,,,,,,True
Slope,38087,722,Food services and drinking places,2019,2,1,,,,,,True
Slope,38087,722,Food services and drinking places,2019,3,1,,,,,,True
Slope,38087,722,Food services and drinking places,2019,4,1,,,,,,True
Slope,38087,722,Food services and drinking places,2020,1,1,,,,,,True
Slope,38087,722,Food services and drinking places,2020,2,1,,,,,,True
Slope,38087,722,Food services and drinking places,2020,3,1,,,,,,True
Slope,38087,722,Food services and drinking places,2020,4,1,,,,,,True
Slope,38087,722,Food services and drinking places,2021,1,1,,,,,,True
Slope,38087,722,Food services and drinking places,2021,2,1,,,,,,True
Slope,38087,722,Food services and drinking places,2021,3,1,,,,,,True
Slope,38087,722,Food services and drinking places,2021,4,1,,,,,,True
Slope,38087,722,Food services and drinking places,2022,1,1,,,,,,True
Slope,38087,722,Food services and drinking places,2022,2,1,,,,,,True
Slope,38087,722,Food services and drinking places,2022,3,1,,,,,,True
Slope,38087,722,Food services and drinking places,2022,4,1,,,,,,True
Slope,38087,722,Food services and drinking places,2023,1,1,,,,,,True
Slope,38087,722,Food services and drinking places,2023,2,1,,,,,,True
Slope,38087,722,Food services and drinking places,2023,3,1,,,,,,True
Slope,38087,722,Food services and drinking places,2023,4,1,,,,,,True
Slope,38087,722,Food services and drinking places,2024,1,1,,,,,,True
Slope,38087,722,Food services and drinking places,2024,2,1,,,,,,True
Slope,38087,722,Food services and drinking places,2024,3,1,,,,,,True
Slope,38087,722,Food services and drinking places,2024,4,1,,,,,,True
Slope,38087,722,Food services and drinking places,2025,1,2,,,,,,True
Slope,38087,722,Food services and drinking places,2025,2,2,,,,,,True
Slope,38087,722,Food services and drinking places,2025,3,2,,,,,,True
Slope,38087,722,Food services and drinking places,2025,4,2,,,,,,True
Slope,38087,722,Food services and drinking places,2026,1,2,,,,,,True
Stark,38089,10,"Total, all industries",2015,1,1490,22242.0,21528.0,20953.0,21574.3,367652930.0,False
Stark,38089,10,"Total, all industries",2015,2,1496,20242.0,20189.0,20245.0,20225.3,320367464.0,False
Stark,38089,10,"Total, all industries",2015,3,1503,20095.0,19873.0,19330.0,19766.0,297487801.0,False
Stark,38089,10,"Total, all industries",2015,4,1491,18824.0,18228.0,17666.0,18239.3,306440181.0,False
Stark,38089,10,"Total, all industries",2016,1,1441,16769.0,16534.0,16127.0,16476.7,237673324.0,False
Stark,38089,10,"Total, all industries",2016,2,1444,16018.0,16079.0,16155.0,16084.0,220506171.0,False
Stark,38089,10,"Total, all industries",2016,3,1439,16358.0,16407.0,16387.0,16384.0,237774513.0,False
Stark,38089,10,"Total, all industries",2016,4,1429,16423.0,16327.0,15958.0,16236.0,240980857.0,False
Stark,38089,10,"Total, all industries",2017,1,1434,15522.0,15667.0,15787.0,15658.7,234117934.0,False
Stark,38089,10,"Total, all industries",2017,2,1431,16161.0,16655.0,17033.0,16616.3,251997918.0,False
Stark,38089,10,"Total, all industries",2017,3,1421,17198.0,16822.0,16689.0,16903.0,251641915.0,False
Stark,38089,10,"Total, all industries",2017,4,1413,16659.0,16589.0,16560.0,16602.7,261226076.0,False
Stark,38089,10,"Total, all industries",2018,1,1370,16302.0,16250.0,16410.0,16320.7,259332455.0,False
Stark,38089,10,"Total, all industries",2018,2,1376,16542.0,16993.0,17504.0,17013.0,263618586.0,False
Stark,38089,10,"Total, all industries",2018,3,1385,17638.0,17524.0,17395.0,17519.0,276615067.0,False
Stark,38089,10,"Total, all industries",2018,4,1380,17431.0,17452.0,17339.0,17407.3,293159412.0,False
Stark,38089,10,"Total, all industries",2019,1,1361,17103.0,17049.0,17233.0,17128.3,281171656.0,False
Stark,38089,10,"Total, all industries",2019,2,1370,17577.0,17828.0,18061.0,17822.0,293208527.0,False
Stark,38089,10,"Total, all industries",2019,3,1369,18172.0,18244.0,17888.0,18101.3,292040982.0,False
Stark,38089,10,"Total, all industries",2019,4,1375,17931.0,17815.0,17656.0,17800.7,305403785.0,False
Stark,38089,10,"Total, all industries",2020,1,1388,17067.0,17048.0,17027.0,17047.3,278159266.0,False
Stark,38089,10,"Total, all industries",2020,2,1390,15242.0,15157.0,14980.0,15126.3,238647057.0,False
Stark,38089,10,"Total, all industries",2020,3,1398,15183.0,15023.0,14964.0,15056.7,221564407.0,False
Stark,38089,10,"Total, all industries",2020,4,1394,14831.0,14686.0,14483.0,14666.7,241616102.0,False
Stark,38089,10,"Total, all industries",2021,1,1383,14234.0,14089.0,14261.0,14194.7,208040619.0,False
Stark,38089,10,"Total, all industries",2021,2,1398,14599.0,14843.0,15042.0,14828.0,221929039.0,False
Stark,38089,10,"Total, all industries",2021,3,1422,15648.0,15466.0,15118.0,15410.7,244336242.0,False
Stark,38089,10,"Total, all industries",2021,4,1430,15395.0,15311.0,15228.0,15311.3,269461942.0,False
Stark,38089,10,"Total, all industries",2022,1,1421,14947.0,15027.0,15190.0,15054.7,238926218.0,False
Stark,38089,10,"Total, all industries",2022,2,1443,15227.0,15641.0,15987.0,15618.3,257330527.0,False
Stark,38089,10,"Total, all industries",2022,3,1461,16222.0,16273.0,16190.0,16228.3,290364924.0,False
Stark,38089,10,"Total, all industries",2022,4,1475,16253.0,16206.0,16054.0,16171.0,291062393.0,False
Stark,38089,10,"Total, all industries",2023,1,1465,15992.0,16076.0,16134.0,16067.3,293780207.0,False
Stark,38089,10,"Total, all industries",2023,2,1470,16206.0,16680.0,17144.0,16676.7,298439015.0,False
Stark,38089,10,"Total, all industries",2023,3,1496,17102.0,17167.0,17030.0,17099.7,306234519.0,False
Stark,38089,10,"Total, all industries",2023,4,1500,16967.0,16890.0,16907.0,16921.3,323366796.0,False
Stark,38089,10,"Total, all industries",2024,1,1485,16236.0,16331.0,16408.0,16325.0,301116340.0,False
Stark,38089,10,"Total, all industries",2024,2,1501,16612.0,17197.0,17506.0,17105.0,312109968.0,False
Stark,38089,10,"Total, all industries",2024,3,1505,17664.0,17644.0,17440.0,17582.7,326164956.0,False
Stark,38089,10,"Total, all industries",2024,4,1513,17462.0,17321.0,17101.0,17294.7,339371020.0,False
Stark,38089,10,"Total, all industries",2025,1,1467,16475.0,16359.0,16487.0,16440.3,311939607.0,False
Stark,38089,10,"Total, all industries",2025,2,1504,16742.0,17136.0,17323.0,17067.0,319077700.0,False
Stark,38089,10,"Total, all industries",2025,3,1531,17472.0,17550.0,17334.0,17452.0,328900973.0,False
Stark,38089,10,"Total, all industries",2025,4,1537,17475.0,17339.0,16867.0,17227.0,344581610.0,False
Stark,38089,10,"Total, all industries",2026,1,1523,15983.0,16003.0,16068.0,16018.0,289815688.0,False
Stark,38089,1026,Leisure and hospitality,2015,1,110,2033.0,1970.0,1971.0,1991.3,9903755.0,False
Stark,38089,1026,Leisure and hospitality,2015,2,114,1928.0,2008.0,2022.0,1986.0,10063304.0,False
Stark,38089,1026,Leisure and hospitality,2015,3,117,1989.0,1988.0,1955.0,1977.3,10006144.0,False
Stark,38089,1026,Leisure and hospitality,2015,4,116,1968.0,1865.0,1840.0,1891.0,9741777.0,False
Stark,38089,1026,Leisure and hospitality,2016,1,113,1823.0,1844.0,1823.0,1830.0,8312063.0,False
Stark,38089,1026,Leisure and hospitality,2016,2,116,1788.0,1836.0,1865.0,1829.7,8725220.0,False
Stark,38089,1026,Leisure and hospitality,2016,3,117,1860.0,1937.0,1935.0,1910.7,9403543.0,False
Stark,38089,1026,Leisure and hospitality,2016,4,116,1944.0,1915.0,1878.0,1912.3,8852051.0,False
Stark,38089,1026,Leisure and hospitality,2017,1,115,1825.0,1817.0,1837.0,1826.3,8131270.0,False
Stark,38089,1026,Leisure and hospitality,2017,2,113,1803.0,1792.0,1874.0,1823.0,8390692.0,False
Stark,38089,1026,Leisure and hospitality,2017,3,116,1878.0,1913.0,1882.0,1891.0,9004110.0,False
Stark,38089,1026,Leisure and hospitality,2017,4,116,1839.0,1869.0,1896.0,1868.0,8723116.0,False
Stark,38089,1026,Leisure and hospitality,2018,1,117,1899.0,1846.0,1849.0,1864.7,8364856.0,False
Stark,38089,1026,Leisure and hospitality,2018,2,116,1829.0,1910.0,1970.0,1903.0,8526119.0,False
Stark,38089,1026,Leisure and hospitality,2018,3,118,1946.0,1915.0,1923.0,1928.0,9432256.0,False
Stark,38089,1026,Leisure and hospitality,2018,4,114,1925.0,1923.0,1940.0,1929.3,9217414.0,False
Stark,38089,1026,Leisure and hospitality,2019,1,112,1901.0,1860.0,1872.0,1877.7,8606335.0,False
Stark,38089,1026,Leisure and hospitality,2019,2,113,1864.0,1933.0,2047.0,1948.0,8899565.0,False
Stark,38089,1026,Leisure and hospitality,2019,3,112,2076.0,2091.0,2001.0,2056.0,10006957.0,False
Stark,38089,1026,Leisure and hospitality,2019,4,111,1956.0,1975.0,1950.0,1960.3,9780590.0,False
Stark,38089,1026,Leisure and hospitality,2020,1,112,1808.0,1765.0,1731.0,1768.0,8144270.0,False
Stark,38089,1026,Leisure and hospitality,2020,2,108,1166.0,1436.0,1568.0,1390.0,6835107.0,False
Stark,38089,1026,Leisure and hospitality,2020,3,110,1720.0,1704.0,1696.0,1706.7,8531277.0,False
Stark,38089,1026,Leisure and hospitality,2020,4,110,1734.0,1666.0,1582.0,1660.7,8756190.0,False
Stark,38089,1026,Leisure and hospitality,2021,1,111,1623.0,1645.0,1662.0,1643.3,7443602.0,False
Stark,38089,1026,Leisure and hospitality,2021,2,110,1661.0,1697.0,1780.0,1712.7,8871580.0,False
Stark,38089,1026,Leisure and hospitality,2021,3,111,1831.0,1781.0,1754.0,1788.7,9628946.0,False
Stark,38089,1026,Leisure and hospitality,2021,4,111,1761.0,1743.0,1711.0,1738.3,10010243.0,False
Stark,38089,1026,Leisure and hospitality,2022,1,111,1660.0,1670.0,1702.0,1677.3,8380377.0,False
Stark,38089,1026,Leisure and hospitality,2022,2,116,1583.0,1681.0,1785.0,1683.0,9208214.0,False
Stark,38089,1026,Leisure and hospitality,2022,3,116,1799.0,1793.0,1728.0,1773.3,10397997.0,False
Stark,38089,1026,Leisure and hospitality,2022,4,116,1758.0,1754.0,1724.0,1745.3,10229735.0,False
Stark,38089,1026,Leisure and hospitality,2023,1,117,1724.0,1734.0,1741.0,1733.0,9225052.0,False
Stark,38089,1026,Leisure and hospitality,2023,2,117,1667.0,1716.0,1770.0,1717.7,10013125.0,False
Stark,38089,1026,Leisure and hospitality,2023,3,114,1800.0,1756.0,1702.0,1752.7,10293783.0,False
Stark,38089,1026,Leisure and hospitality,2023,4,116,1750.0,1738.0,1732.0,1740.0,10384102.0,False
Stark,38089,1026,Leisure and hospitality,2024,1,114,1696.0,1708.0,1714.0,1706.0,9327508.0,False
Stark,38089,1026,Leisure and hospitality,2024,2,113,1726.0,1778.0,1789.0,1764.3,10217087.0,False
Stark,38089,1026,Leisure and hospitality,2024,3,114,1832.0,1797.0,1724.0,1784.3,10421788.0,False
Stark,38089,1026,Leisure and hospitality,2024,4,118,1787.0,1773.0,1776.0,1778.7,10434864.0,False
Stark,38089,1026,Leisure and hospitality,2025,1,113,1691.0,1681.0,1708.0,1693.3,9419119.0,False
Stark,38089,1026,Leisure and hospitality,2025,2,117,1722.0,1802.0,1873.0,1799.0,10645682.0,False
Stark,38089,1026,Leisure and hospitality,2025,3,117,1945.0,1973.0,1825.0,1914.3,11415059.0,False
Stark,38089,1026,Leisure and hospitality,2025,4,117,1854.0,1853.0,1818.0,1841.7,11325204.0,False
Stark,38089,1026,Leisure and hospitality,2026,1,118,1777.0,1840.0,1814.0,1810.3,10286760.0,False
Stark,38089,72,Accommodation and food services,2015,1,99,1828.0,1766.0,1766.0,1786.7,9209762.0,False
Stark,38089,72,Accommodation and food services,2015,2,102,1771.0,1849.0,1867.0,1829.0,9472715.0,False
Stark,38089,72,Accommodation and food services,2015,3,105,1823.0,1831.0,1798.0,1817.3,9462725.0,False
Stark,38089,72,Accommodation and food services,2015,4,104,1786.0,1679.0,1649.0,1704.7,9089016.0,False
Stark,38089,72,Accommodation and food services,2016,1,102,1634.0,1654.0,1635.0,1641.0,7707289.0,False
Stark,38089,72,Accommodation and food services,2016,2,105,1633.0,1677.0,1710.0,1673.3,8206393.0,False
Stark,38089,72,Accommodation and food services,2016,3,106,1709.0,1798.0,1797.0,1768.0,8876519.0,False
Stark,38089,72,Accommodation and food services,2016,4,106,1767.0,1741.0,1696.0,1734.7,8301432.0,False
Stark,38089,72,Accommodation and food services,2017,1,105,1653.0,1643.0,1665.0,1653.7,7552643.0,False
Stark,38089,72,Accommodation and food services,2017,2,103,1657.0,1654.0,1727.0,1679.3,7894853.0,False
Stark,38089,72,Accommodation and food services,2017,3,105,1735.0,1763.0,1734.0,1744.0,8495571.0,False
Stark,38089,72,Accommodation and food services,2017,4,105,1701.0,1698.0,1727.0,1708.7,8198271.0,False
Stark,38089,72,Accommodation and food services,2018,1,105,1717.0,1671.0,1674.0,1687.3,7785269.0,False
Stark,38089,72,Accommodation and food services,2018,2,104,1693.0,1773.0,1794.0,1753.3,8031131.0,False
Stark,38089,72,Accommodation and food services,2018,3,106,1776.0,1762.0,1786.0,1774.7,8928986.0,False
Stark,38089,72,Accommodation and food services,2018,4,102,1788.0,1733.0,1748.0,1756.3,8640390.0,False
Stark,38089,72,Accommodation and food services,2019,1,101,1709.0,1676.0,1681.0,1688.7,8009742.0,False
Stark,38089,72,Accommodation and food services,2019,2,103,1723.0,1783.0,1866.0,1790.7,8356247.0,False
Stark,38089,72,Accommodation and food services,2019,3,102,1876.0,1902.0,1851.0,1876.3,9433148.0,False
Stark,38089,72,Accommodation and food services,2019,4,101,1815.0,1784.0,1763.0,1787.3,9154386.0,False
Stark,38089,72,Accommodation and food services,2020,1,102,1618.0,1575.0,1543.0,1578.7,7523535.0,False
Stark,38089,72,Accommodation and food services,2020,2,98,1048.0,1309.0,1437.0,1264.7,6386374.0,False
Stark,38089,72,Accommodation and food services,2020,3,100,1533.0,1518.0,1545.0,1532.0,7979500.0,False
Stark,38089,72,Accommodation and food services,2020,4,100,1554.0,1486.0,1405.0,1481.7,8149286.0,False
Stark,38089,72,Accommodation and food services,2021,1,99,1432.0,1453.0,1460.0,1448.3,6798008.0,False
Stark,38089,72,Accommodation and food services,2021,2,97,1510.0,1543.0,1575.0,1542.7,8239448.0,False
Stark,38089,72,Accommodation and food services,2021,3,97,1612.0,1579.0,1598.0,1596.3,8975105.0,False
Stark,38089,72,Accommodation and food services,2021,4,97,1552.0,1543.0,1510.0,1535.0,9308702.0,False
Stark,38089,72,Accommodation and food services,2022,1,97,1468.0,1477.0,1510.0,1485.0,7679235.0,False
Stark,38089,72,Accommodation and food services,2022,2,100,1450.0,1538.0,1586.0,1524.7,8579002.0,False
Stark,38089,72,Accommodation and food services,2022,3,100,1591.0,1584.0,1574.0,1583.0,9673869.0,False
Stark,38089,72,Accommodation and food services,2022,4,100,1551.0,1527.0,1515.0,1531.0,9428308.0,False
Stark,38089,72,Accommodation and food services,2023,1,101,1513.0,1527.0,1526.0,1522.0,8400204.0,False
Stark,38089,72,Accommodation and food services,2023,2,100,1506.0,1492.0,1530.0,1509.3,9200683.0,False
Stark,38089,72,Accommodation and food services,2023,3,98,1547.0,1564.0,1526.0,1545.7,9475840.0,False
Stark,38089,72,Accommodation and food services,2023,4,100,1559.0,1550.0,1544.0,1551.0,9563743.0,False
Stark,38089,72,Accommodation and food services,2024,1,98,1507.0,1518.0,1528.0,1517.7,8506840.0,False
Stark,38089,72,Accommodation and food services,2024,2,97,1555.0,1588.0,1593.0,1578.7,9333158.0,False
Stark,38089,72,Accommodation and food services,2024,3,98,1591.0,1615.0,1561.0,1589.0,9550332.0,False
Stark,38089,72,Accommodation and food services,2024,4,102,1575.0,1565.0,1566.0,1568.7,9596192.0,False
Stark,38089,72,Accommodation and food services,2025,1,99,1474.0,1467.0,1501.0,1480.7,8460681.0,False
Stark,38089,72,Accommodation and food services,2025,2,103,1547.0,1623.0,1637.0,1602.3,9790768.0,False
Stark,38089,72,Accommodation and food services,2025,3,102,1695.0,1732.0,1652.0,1693.0,10441249.0,False
Stark,38089,72,Accommodation and food services,2025,4,101,1616.0,1622.0,1588.0,1608.7,10326890.0,False
Stark,38089,72,Accommodation and food services,2026,1,102,1550.0,1608.0,1592.0,1583.3,9182057.0,False
Stark,38089,721,Accommodation,2015,1,29,414.0,398.0,412.0,408.0,2673849.0,False
Stark,38089,721,Accommodation,2015,2,29,386.0,387.0,380.0,384.3,2475829.0,False
Stark,38089,721,Accommodation,2015,3,30,385.0,397.0,392.0,391.3,2425408.0,False
Stark,38089,721,Accommodation,2015,4,30,386.0,355.0,347.0,362.7,2243818.0,False
Stark,38089,721,Accommodation,2016,1,28,329.0,312.0,316.0,319.0,1742314.0,False
Stark,38089,721,Accommodation,2016,2,29,326.0,327.0,333.0,328.7,1975615.0,False
Stark,38089,721,Accommodation,2016,3,28,361.0,394.0,371.0,375.3,2210443.0,False
Stark,38089,721,Accommodation,2016,4,29,355.0,346.0,331.0,344.0,1789554.0,False
Stark,38089,721,Accommodation,2017,1,28,316.0,305.0,318.0,313.0,1694349.0,False
Stark,38089,721,Accommodation,2017,2,28,299.0,315.0,328.0,314.0,1661358.0,False
Stark,38089,721,Accommodation,2017,3,28,341.0,359.0,350.0,350.0,1915552.0,False
Stark,38089,721,Accommodation,2017,4,28,340.0,322.0,316.0,326.0,1691519.0,False
Stark,38089,721,Accommodation,2018,1,28,317.0,299.0,308.0,308.0,1701363.0,False
Stark,38089,721,Accommodation,2018,2,26,314.0,331.0,354.0,333.0,1689461.0,False
Stark,38089,721,Accommodation,2018,3,26,321.0,321.0,318.0,320.0,1835252.0,False
Stark,38089,721,Accommodation,2018,4,24,319.0,310.0,301.0,310.0,1502025.0,False
Stark,38089,721,Accommodation,2019,1,23,290.0,284.0,279.0,284.3,1516072.0,False
Stark,38089,721,Accommodation,2019,2,26,286.0,330.0,344.0,320.0,1619138.0,False
Stark,38089,721,Accommodation,2019,3,24,350.0,372.0,339.0,353.7,1893161.0,False
Stark,38089,721,Accommodation,2019,4,23,314.0,303.0,296.0,304.3,1534461.0,False
Stark,38089,721,Accommodation,2020,1,23,293.0,297.0,294.0,294.7,1479034.0,False
Stark,38089,721,Accommodation,2020,2,22,194.0,184.0,233.0,203.7,1025113.0,False
Stark,38089,721,Accommodation,2020,3,21,286.0,269.0,282.0,279.0,1477754.0,False
Stark,38089,721,Accommodation,2020,4,21,269.0,252.0,227.0,249.3,1366317.0,False
Stark,38089,721,Accommodation,2021,1,24,215.0,241.0,256.0,237.3,1164265.0,False
Stark,38089,721,Accommodation,2021,2,21,261.0,279.0,310.0,283.3,1413327.0,False
Stark,38089,721,Accommodation,2021,3,22,340.0,332.0,313.0,328.3,1894763.0,False
Stark,38089,721,Accommodation,2021,4,22,290.0,286.0,268.0,281.3,1699776.0,False
Stark,38089,721,Accommodation,2022,1,22,257.0,255.0,271.0,261.0,1435422.0,False
Stark,38089,721,Accommodation,2022,2,22,270.0,292.0,306.0,289.3,1637709.0,False
Stark,38089,721,Accommodation,2022,3,22,330.0,330.0,318.0,326.0,2069236.0,False
Stark,38089,721,Accommodation,2022,4,22,301.0,297.0,277.0,291.7,1855035.0,False
Stark,38089,721,Accommodation,2023,1,22,274.0,271.0,278.0,274.3,1670271.0,False
Stark,38089,721,Accommodation,2023,2,22,277.0,287.0,310.0,291.3,1851835.0,False
Stark,38089,721,Accommodation,2023,3,22,305.0,305.0,292.0,300.7,2021879.0,False
Stark,38089,721,Accommodation,2023,4,21,293.0,295.0,277.0,288.3,1871871.0,False
Stark,38089,721,Accommodation,2024,1,21,231.0,223.0,226.0,226.7,1419839.0,False
Stark,38089,721,Accommodation,2024,2,21,233.0,251.0,268.0,250.7,1603383.0,False
Stark,38089,721,Accommodation,2024,3,21,269.0,282.0,259.0,270.0,1648474.0,False
Stark,38089,721,Accommodation,2024,4,23,251.0,227.0,221.0,233.0,1524680.0,False
Stark,38089,721,Accommodation,2025,1,22,210.0,209.0,214.0,211.0,1331519.0,False
Stark,38089,721,Accommodation,2025,2,22,214.0,242.0,252.0,236.0,1540363.0,False
Stark,38089,721,Accommodation,2025,3,22,276.0,283.0,258.0,272.3,1802050.0,False
Stark,38089,721,Accommodation,2025,4,22,244.0,236.0,218.0,232.7,1570062.0,False
Stark,38089,721,Accommodation,2026,1,22,207.0,211.0,211.0,209.7,1348400.0,False
Stark,38089,722,Food services and drinking places,2015,1,70,1414.0,1368.0,1354.0,1378.7,6535913.0,False
Stark,38089,722,Food services and drinking places,2015,2,73,1385.0,1462.0,1487.0,1444.7,6996886.0,False
Stark,38089,722,Food services and drinking places,2015,3,75,1438.0,1434.0,1406.0,1426.0,7037317.0,False
Stark,38089,722,Food services and drinking places,2015,4,74,1400.0,1324.0,1302.0,1342.0,6845198.0,False
Stark,38089,722,Food services and drinking places,2016,1,74,1305.0,1342.0,1319.0,1322.0,5964975.0,False
Stark,38089,722,Food services and drinking places,2016,2,76,1307.0,1350.0,1377.0,1344.7,6230778.0,False
Stark,38089,722,Food services and drinking places,2016,3,78,1348.0,1404.0,1426.0,1392.7,6666076.0,False
Stark,38089,722,Food services and drinking places,2016,4,77,1412.0,1395.0,1365.0,1390.7,6511878.0,False
Stark,38089,722,Food services and drinking places,2017,1,77,1337.0,1338.0,1347.0,1340.7,5858294.0,False
Stark,38089,722,Food services and drinking places,2017,2,75,1358.0,1339.0,1399.0,1365.3,6233495.0,False
Stark,38089,722,Food services and drinking places,2017,3,77,1394.0,1404.0,1384.0,1394.0,6580019.0,False
Stark,38089,722,Food services and drinking places,2017,4,77,1361.0,1376.0,1411.0,1382.7,6506752.0,False
Stark,38089,722,Food services and drinking places,2018,1,77,1400.0,1372.0,1366.0,1379.3,6083906.0,False
Stark,38089,722,Food services and drinking places,2018,2,78,1379.0,1442.0,1440.0,1420.3,6341670.0,False
Stark,38089,722,Food services and drinking places,2018,3,80,1455.0,1441.0,1468.0,1454.7,7093734.0,False
Stark,38089,722,Food services and drinking places,2018,4,78,1469.0,1423.0,1447.0,1446.3,7138365.0,False
Stark,38089,722,Food services and drinking places,2019,1,78,1419.0,1392.0,1402.0,1404.3,6493670.0,False
Stark,38089,722,Food services and drinking places,2019,2,77,1437.0,1453.0,1522.0,1470.7,6737109.0,False
Stark,38089,722,Food services and drinking places,2019,3,78,1526.0,1530.0,1512.0,1522.7,7539987.0,False
Stark,38089,722,Food services and drinking places,2019,4,78,1501.0,1481.0,1467.0,1483.0,7619925.0,False
Stark,38089,722,Food services and drinking places,2020,1,79,1325.0,1278.0,1249.0,1284.0,6044501.0,False
Stark,38089,722,Food services and drinking places,2020,2,76,854.0,1125.0,1204.0,1061.0,5361261.0,False
Stark,38089,722,Food services and drinking places,2020,3,79,1247.0,1249.0,1263.0,1253.0,6501746.0,False
Stark,38089,722,Food services and drinking places,2020,4,79,1285.0,1234.0,1178.0,1232.3,6782969.0,False
Stark,38089,722,Food services and drinking places,2021,1,75,1217.0,1212.0,1204.0,1211.0,5633743.0,False
Stark,38089,722,Food services and drinking places,2021,2,76,1249.0,1264.0,1265.0,1259.3,6826121.0,False
Stark,38089,722,Food services and drinking places,2021,3,75,1272.0,1247.0,1285.0,1268.0,7080342.0,False
Stark,38089,722,Food services and drinking places,2021,4,75,1262.0,1257.0,1242.0,1253.7,7608926.0,False
Stark,38089,722,Food services and drinking places,2022,1,75,1211.0,1222.0,1239.0,1224.0,6243813.0,False
Stark,38089,722,Food services and drinking places,2022,2,78,1180.0,1246.0,1280.0,1235.3,6941293.0,False
Stark,38089,722,Food services and drinking places,2022,3,78,1261.0,1254.0,1256.0,1257.0,7604633.0,False
Stark,38089,722,Food services and drinking places,2022,4,78,1250.0,1230.0,1238.0,1239.3,7573273.0,False
Stark,38089,722,Food services and drinking places,2023,1,79,1239.0,1256.0,1248.0,1247.7,6729933.0,False
Stark,38089,722,Food services and drinking places,2023,2,78,1229.0,1205.0,1220.0,1218.0,7348848.0,False
Stark,38089,722,Food services and drinking places,2023,3,76,1242.0,1259.0,1234.0,1245.0,7453961.0,False
Stark,38089,722,Food services and drinking places,2023,4,79,1266.0,1255.0,1267.0,1262.7,7691872.0,False
Stark,38089,722,Food services and drinking places,2024,1,77,1276.0,1295.0,1302.0,1291.0,7087001.0,False
Stark,38089,722,Food services and drinking places,2024,2,76,1322.0,1337.0,1325.0,1328.0,7729775.0,False
Stark,38089,722,Food services and drinking places,2024,3,77,1322.0,1333.0,1302.0,1319.0,7901858.0,False
Stark,38089,722,Food services and drinking places,2024,4,79,1324.0,1338.0,1345.0,1335.7,8071512.0,False
Stark,38089,722,Food services and drinking places,2025,1,77,1264.0,1258.0,1287.0,1269.7,7129162.0,False
Stark,38089,722,Food services and drinking places,2025,2,81,1333.0,1381.0,1385.0,1366.3,8250405.0,False
Stark,38089,722,Food services and drinking places,2025,3,80,1419.0,1449.0,1394.0,1420.7,8639199.0,False
Stark,38089,722,Food services and drinking places,2025,4,79,1372.0,1386.0,1370.0,1376.0,8756828.0,False
Stark,38089,722,Food services and drinking places,2026,1,80,1343.0,1397.0,1381.0,1373.7,7833657.0,False
